PlayerKey,Season,PlayerName,SalaryTeam,StatsTeam,Position,PositionGroup,Age,Salary,SalaryMillions,GuaranteedSalary,GuaranteedMillions,G,GS,TotalMinutes,MPG,TotalPoints,PPG,TotalRebounds,RPG,TotalAssists,APG,TotalSteals,SPG,TotalBlocks,BPG,TotalTurnovers,TPG,FG,FGA,FG%,3P,3PA,3P%,2P,2PA,2P%,eFG%,FT,FTA,FT%,PER,TS_Pct,USG_Pct,WS,WS/48,BPM,VORP,ProductionScore,CostPerPoint,CostPerWinShare,PointsPerMillion,WinSharesPerMillion,ValueScore,SalaryRank,ProductionRank,ValueRank,ValueGap,QualifiedForValueRank,IsMatchedToStats,Awards,SourceSeasonNote
P0001,2025-26,A.J. Green,MIL,MIL,SG,Guard,26.0,2301587.0,2.301587,47301587.0,47.301587,78.0,68.0,2270.0,29.1,809.0,10.4,213.0,2.7,152.0,1.9,39.0,0.5,8.0,0.1,75.0,1.0,262.0,618.0,0.424,232.0,554.0,0.419,30.0,64.0,0.469,0.612,53.0,62.0,0.855,9.4,0.627,14.0,2.4,0.05,-3.3,-0.8,1358.6,2844.9777503090236,958994.5833333334,351.4965977823128,1.0427587573270096,590.288353210198,253.0,174.0,40.0,79.0,True,True,,Basketball Reference 2025-26 stats and 2025-26 listed salary
P0002,2025-26,AJ Johnson,DAL,2TM,SG,Guard,21.0,3090480.0,3.09048,6327600.0,6.3276,48.0,0.0,454.0,9.5,160.0,3.3,55.0,1.1,47.0,1.0,11.0,0.2,3.0,0.1,30.0,0.6,57.0,176.0,0.324,12.0,57.0,0.211,45.0,119.0,0.378,0.358,34.0,40.0,0.85,5.6,0.413,20.6,-0.9,-0.09,-8.9,-0.8,308.5,19315.5,,51.77189303926898,-0.29121689834588804,99.82268126634051,,,,,False,True,,Basketball Reference 2025-26 stats and 2025-26 listed salary
P0003,2025-26,Aaron Gordon,DEN,DEN,PF,Forward,30.0,22841455.0,22.841455,92850172.0,92.850172,36.0,33.0,1005.0,27.9,582.0,16.2,209.0,5.8,96.0,2.7,21.0,0.6,10.0,0.3,38.0,1.1,198.0,398.0,0.497,61.0,157.0,0.389,137.0,241.0,0.568,0.574,125.0,163.0,0.767,18.5,0.62,21.9,3.2,0.153,1.7,0.9,1031.8,39246.48625429553,7137954.6875,25.479988030534834,0.14009615411977916,45.17225369399629,54.0,243.0,337.0,-189.0,True,True,,Basketball Reference 2025-26 stats and 2025-26 listed salary
P0004,2025-26,Aaron Holiday,HOU,HOU,PG,Guard,29.0,2296274.0,2.296274,2296274.0,2.296274,57.0,1.0,781.0,13.7,312.0,5.5,58.0,1.0,60.0,1.1,27.0,0.5,5.0,0.1,38.0,0.7,105.0,252.0,0.417,67.0,170.0,0.394,38.0,82.0,0.463,0.55,35.0,41.0,0.854,10.1,0.578,16.6,1.4,0.088,-2.4,-0.1,529.6,7359.852564102564,1640195.7142857143,135.87228701801266,0.6096833391833901,230.63449745108818,254.0,334.0,136.0,-80.0,True,True,,Basketball Reference 2025-26 stats and 2025-26 listed salary
P0005,2025-26,Aaron Nesmith,IND,IND,SF,Wing,26.0,11000000.0,11.0,62389440.0,62.38944,45.0,42.0,1335.0,29.7,621.0,13.8,187.0,4.2,86.0,1.9,26.0,0.6,23.0,0.5,63.0,1.4,212.0,512.0,0.414,105.0,277.0,0.379,107.0,235.0,0.455,0.517,92.0,111.0,0.829,10.8,0.554,19.8,0.7,0.026,-3.4,-0.5,1058.4,17713.365539452498,15714285.714285715,56.45454545454545,0.06363636363636363,96.21818181818183,117.0,236.0,242.0,-119.0,True,True,,Basketball Reference 2025-26 stats and 2025-26 listed salary
P0006,2025-26,Aaron Wiggins,OKC,OKC,SG,Guard,27.0,10102803.0,10.102803,27672900.0,27.6729,65.0,21.0,1414.0,21.8,611.0,9.4,199.0,3.1,109.0,1.7,60.0,0.9,28.0,0.4,81.0,1.2,231.0,536.0,0.431,96.0,270.0,0.356,135.0,266.0,0.508,0.521,53.0,72.0,0.736,11.7,0.538,19.9,2.1,0.072,-0.9,0.4,1196.3,16534.865793780686,4810858.571428571,60.47826528934594,0.2078631049224656,118.41268210416456,125.0,206.0,212.0,-81.0,True,True,,Basketball Reference 2025-26 stats and 2025-26 listed salary
P0007,2025-26,Ace Bailey,UTA,UTA,SF,Wing,19.0,9069840.0,9.06984,18592920.0,18.59292,72.0,61.0,1988.0,27.6,993.0,13.8,302.0,4.2,131.0,1.8,60.0,0.8,49.0,0.7,107.0,1.5,395.0,892.0,0.443,137.0,398.0,0.344,258.0,494.0,0.522,0.52,66.0,88.0,0.75,11.6,0.533,21.4,-0.1,-0.001,-4.4,-1.2,1771.9,9133.776435045318,,109.48373951469928,-0.011025552821218457,195.36177043916985,134.0,101.0,157.0,33.0,True,True,,Basketball Reference 2025-26 stats and 2025-26 listed salary
P0008,2025-26,Adama-Alpha Bal,MEM,MEM,SG,Guard,22.0,117045.0,0.117045,117045.0,0.117045,8.0,1.0,241.0,30.1,83.0,10.4,25.0,3.1,19.0,2.4,9.0,1.1,1.0,0.1,6.0,0.8,28.0,68.0,0.412,18.0,44.0,0.409,10.0,24.0,0.417,0.544,9.0,10.0,0.9,9.6,0.573,13.5,0.3,0.065,-5.4,-0.2,165.5,1410.1807228915663,390150.0,709.1289674911359,2.563116749967961,1413.9860737323252,,,,,False,True,,Basketball Reference 2025-26 stats and 2025-26 listed salary
P0009,2025-26,Adama-Alpha Bal,MEM,MEM,SG,Guard,22.0,117045.0,0.117045,117045.0,0.117045,8.0,1.0,241.0,30.1,83.0,10.4,25.0,3.1,19.0,2.4,9.0,1.1,1.0,0.1,6.0,0.8,28.0,68.0,0.412,18.0,44.0,0.409,10.0,24.0,0.417,0.544,9.0,10.0,0.9,9.6,0.573,13.5,0.3,0.065,-5.4,-0.2,165.5,1410.1807228915663,390150.0,709.1289674911359,2.563116749967961,1413.9860737323252,,,,,False,True,,Basketball Reference 2025-26 stats and 2025-26 listed salary
P0010,2025-26,Adem Bona,PHI,PHI,C,Center,22.0,1955377.0,1.955377,,,71.0,18.0,1234.0,17.4,344.0,4.8,307.0,4.3,32.0,0.5,30.0,0.4,82.0,1.2,56.0,0.8,131.0,220.0,0.595,2.0,6.0,0.333,129.0,214.0,0.603,0.6,80.0,113.0,0.708,12.8,0.638,11.1,2.9,0.112,-2.9,-0.3,1040.4,5684.235465116279,674267.9310344828,175.92515407514767,1.483089961680024,532.071309010999,260.0,242.0,47.0,18.0,True,True,,Basketball Reference 2025-26 stats and 2025-26 listed salary
P0011,2025-26,Adou Thiero,LAL,LAL,SF,Wing,21.0,1272870.0,1.27287,3423787.0,3.423787,25.0,0.0,149.0,6.0,47.0,1.9,28.0,1.1,10.0,0.4,7.0,0.3,2.0,0.1,9.0,0.4,16.0,31.0,0.516,1.0,3.0,0.333,15.0,28.0,0.536,0.532,14.0,22.0,0.636,10.7,0.578,14.6,0.2,0.071,-4.4,-0.1,113.6,27082.340425531915,6364350.0,36.92443061742362,0.15712523666988776,89.24713442849624,,,,,False,True,,Basketball Reference 2025-26 stats and 2025-26 listed salary
P0012,2025-26,Ajay Mitchell,OKC,OKC,SG,Guard,23.0,3000000.0,3.0,3000000.0,3.0,57.0,16.0,1473.0,25.8,774.0,13.6,190.0,3.3,206.0,3.6,71.0,1.2,18.0,0.3,81.0,1.4,286.0,590.0,0.485,61.0,176.0,0.347,225.0,414.0,0.543,0.536,141.0,162.0,0.87,16.8,0.585,21.8,4.8,0.156,1.9,1.4,1497.0,3875.968992248062,625000.0,258.0,1.5999999999999999,499.0,234.0,149.0,51.0,85.0,True,True,6MOY-5,Basketball Reference 2025-26 stats and 2025-26 listed salary
P0013,2025-26,Al Horford,GSW,GSW,C,Center,39.0,5685000.0,5.685,5685000.0,5.685,45.0,13.0,969.0,21.5,372.0,8.3,219.0,4.9,116.0,2.6,30.0,0.7,51.0,1.1,42.0,0.9,138.0,324.0,0.426,74.0,205.0,0.361,64.0,119.0,0.538,0.54,22.0,26.0,0.846,14.7,0.554,16.5,2.1,0.105,1.6,0.9,1009.8,15282.258064516129,2707142.857142857,65.4353562005277,0.3693931398416887,177.62532981530345,183.0,249.0,166.0,-66.0,True,True,,Basketball Reference 2025-26 stats and 2025-26 listed salary
P0014,2025-26,Alex Caruso,OKC,OKC,SG,Guard,31.0,18102000.0,18.102,81096960.0,81.09696,56.0,0.0,1020.0,18.2,348.0,6.2,155.0,2.8,110.0,2.0,72.0,1.3,17.0,0.3,48.0,0.9,127.0,300.0,0.423,53.0,181.0,0.293,74.0,119.0,0.622,0.512,41.0,51.0,0.804,12.8,0.54,15.7,2.5,0.12,1.9,1.0,918.0,52017.24137931035,7240800.0,19.2243950944647,0.13810628659816596,50.71262843884654,74.0,264.0,330.0,-190.0,True,True,,Basketball Reference 2025-26 stats and 2025-26 listed salary
P0015,2025-26,Alex Sarr,WAS,WAS,C,Center,20.0,11808240.0,11.80824,24178920.0,24.17892,48.0,48.0,1305.0,27.2,783.0,16.3,355.0,7.4,130.0,2.7,39.0,0.8,95.0,2.0,82.0,1.7,316.0,656.0,0.482,50.0,150.0,0.333,266.0,506.0,0.526,0.52,101.0,146.0,0.692,19.4,0.544,25.7,1.6,0.059,0.7,0.9,1724.0,15080.766283524905,7380150.0,66.30962785309242,0.13549860097694494,145.99974255265815,109.0,106.0,187.0,3.0,True,True,,Basketball Reference 2025-26 stats and 2025-26 listed salary
P0016,2025-26,Alondes Williams,WAS,WAS,SG,Guard,26.0,131970.0,0.13197,131970.0,0.13197,4.0,0.0,101.0,25.3,44.0,11.0,25.0,6.3,12.0,3.0,3.0,0.8,3.0,0.8,5.0,1.3,16.0,26.0,0.615,5.0,14.0,0.357,11.0,12.0,0.917,0.712,7.0,8.0,0.875,19.1,0.745,14.3,0.3,0.155,1.1,0.1,105.0,2999.318181818182,439900.0,333.40910813063573,2.273243919072516,795.6353716753807,,,,,False,True,,Basketball Reference 2025-26 stats and 2025-26 listed salary
P0017,2025-26,Alperen Şengün,HOU,HOU,C,Center,23.0,33944954.0,33.944954,145963303.0,145.963303,72.0,72.0,2398.0,33.3,1466.0,20.4,640.0,8.9,445.0,6.2,85.0,1.2,77.0,1.1,227.0,3.2,583.0,1123.0,0.519,40.0,131.0,0.305,543.0,992.0,0.547,0.537,260.0,376.0,0.691,21.4,0.569,26.6,8.0,0.161,4.2,3.7,3160.5,23154.81173260573,4243119.25,43.187567730979985,0.23567567656742147,93.10662197391694,24.0,11.0,246.0,13.0,True,True,AS,Basketball Reference 2025-26 stats and 2025-26 listed salary
P0018,2025-26,Amari Williams,BOS,BOS,PF,Forward,24.0,490128.0,0.490128,2641045.0,2.641045,22.0,2.0,146.0,6.6,30.0,1.4,40.0,1.8,10.0,0.5,3.0,0.1,10.0,0.5,11.0,0.5,10.0,20.0,0.5,0.0,0.0,,10.0,20.0,0.5,0.5,10.0,14.0,0.714,9.7,0.573,11.1,0.2,0.077,-2.1,0.0,121.0,16337.6,2450640.0,61.2085006365684,0.40805667091045605,246.8742859008259,,,,,False,True,,Basketball Reference 2025-26 stats and 2025-26 listed salary
P0019,2025-26,Amen Thompson,HOU,HOU,PG,Guard,23.0,9690600.0,9.6906,21949209.0,21.949209,79.0,79.0,2953.0,37.4,1443.0,18.3,614.0,7.8,420.0,5.3,119.0,1.5,48.0,0.6,190.0,2.4,557.0,1044.0,0.534,25.0,116.0,0.216,532.0,928.0,0.573,0.545,304.0,390.0,0.779,18.9,0.594,20.0,10.3,0.167,2.6,3.4,3120.8,6715.592515592515,940834.9514563106,148.9071884093864,1.0628856830330424,322.0440426805358,129.0,12.0,100.0,117.0,True,True,DPOY-8,Basketball Reference 2025-26 stats and 2025-26 listed salary
P0020,2025-26,Amir Coffey,PHO,2TM,SG,Guard,28.0,2296274.0,2.296274,2296274.0,2.296274,46.0,3.0,490.0,10.7,149.0,3.2,57.0,1.2,27.0,0.6,9.0,0.2,5.0,0.1,9.0,0.2,55.0,113.0,0.487,17.0,49.0,0.347,38.0,64.0,0.594,0.562,22.0,28.0,0.786,10.2,0.594,11.9,0.8,0.083,-3.1,-0.1,290.9,15411.23489932886,2870342.5,64.88772681308939,0.3483904795333658,126.68348812032013,,,,,False,True,,Basketball Reference 2025-26 stats and 2025-26 listed salary
P0021,2025-26,Andre Drummond,PHI,PHI,C,Center,32.0,5000000.0,5.0,5000000.0,5.0,63.0,25.0,1231.0,19.5,403.0,6.4,532.0,8.4,80.0,1.3,38.0,0.6,49.0,0.8,61.0,1.0,159.0,337.0,0.472,32.0,90.0,0.356,127.0,247.0,0.514,0.519,53.0,84.0,0.631,16.4,0.539,14.9,3.4,0.133,-0.6,0.4,1361.4,12406.94789081886,1470588.2352941176,80.6,0.6799999999999999,272.28000000000003,194.0,173.0,116.0,21.0,True,True,,Basketball Reference 2025-26 stats and 2025-26 listed salary
P0022,2025-26,Andre Jackson Jr.,MIL,MIL,SG,Guard,24.0,2221677.0,2.221677,,,48.0,1.0,408.0,8.5,113.0,2.4,72.0,1.5,43.0,0.9,19.0,0.4,4.0,0.1,31.0,0.6,39.0,119.0,0.328,15.0,60.0,0.25,24.0,59.0,0.407,0.391,20.0,32.0,0.625,6.8,0.425,17.8,-0.4,-0.047,-7.1,-0.5,301.9,19660.858407079646,,50.86247910924945,-0.18004417383805116,135.8883402042691,,,,,False,True,,Basketball Reference 2025-26 stats and 2025-26 listed salary
P0023,2025-26,Andrew Nembhard,IND,IND,PG,Guard,26.0,18102000.0,18.102,58650480.0,58.65048,57.0,57.0,1786.0,31.3,966.0,16.9,160.0,2.8,437.0,7.7,51.0,0.9,8.0,0.1,137.0,2.4,333.0,753.0,0.442,107.0,296.0,0.361,226.0,457.0,0.495,0.513,193.0,234.0,0.825,15.7,0.564,23.6,2.8,0.077,-0.8,0.6,1853.5,18739.130434782608,6465000.0,53.364269141531324,0.15467904098994584,102.39200088388023,74.0,91.0,228.0,-17.0,True,True,,Basketball Reference 2025-26 stats and 2025-26 listed salary
P0024,2025-26,Andrew Wiggins,MIA,MIA,SF,Wing,30.0,28223215.0,28.223215,28223215.0,28.223215,68.0,68.0,2063.0,30.3,1045.0,15.4,329.0,4.8,182.0,2.7,76.0,1.1,69.0,1.0,103.0,1.5,390.0,821.0,0.475,138.0,333.0,0.414,252.0,488.0,0.516,0.559,127.0,162.0,0.784,15.1,0.586,19.7,4.6,0.106,1.2,1.7,2044.8000000000002,27007.86124401914,6135481.521739131,37.02625657636807,0.1629863925849695,72.45099468646644,38.0,78.0,281.0,-40.0,True,True,,Basketball Reference 2025-26 stats and 2025-26 listed salary
P0025,2025-26,Anfernee Simons,CHI,2TM,SG,Guard,26.0,27678571.0,27.678571,27678571.0,27.678571,55.0,5.0,1372.0,24.9,785.0,14.3,135.0,2.5,134.0,2.4,27.0,0.5,8.0,0.1,68.0,1.2,285.0,648.0,0.44,146.0,379.0,0.385,139.0,269.0,0.517,0.552,69.0,77.0,0.896,14.4,0.576,23.6,2.9,0.101,-0.1,0.7,1185.0,35259.32611464968,9544334.827586208,28.36129076172321,0.1047741951706972,42.81290388871593,41.0,208.0,339.0,-167.0,True,True,,Basketball Reference 2025-26 stats and 2025-26 listed salary
P0026,2025-26,Anthony Black,ORL,ORL,PG,Guard,22.0,7970280.0,7.97028,18076596.0,18.076596,64.0,40.0,1910.0,29.8,959.0,15.0,244.0,3.8,236.0,3.7,91.0,1.4,45.0,0.7,132.0,2.1,345.0,772.0,0.447,100.0,300.0,0.333,245.0,472.0,0.519,0.512,169.0,231.0,0.732,13.7,0.549,22.2,2.6,0.067,-0.6,0.7,1881.8,8311.032325338894,3065492.3076923075,120.32199621594224,0.32621187712351385,236.10211937347245,149.0,85.0,134.0,64.0,True,True,,Basketball Reference 2025-26 stats and 2025-26 listed salary
P0027,2025-26,Anthony Davis,WAS,DAL,PF,Forward,32.0,54126450.0,54.12645,112583016.0,112.583016,20.0,20.0,626.0,31.3,407.0,20.4,221.0,11.1,56.0,2.8,22.0,1.1,33.0,1.7,41.0,2.1,169.0,334.0,0.506,10.0,37.0,0.27,159.0,297.0,0.535,0.521,59.0,81.0,0.728,21.5,0.551,27.5,1.3,0.103,2.4,0.7,880.2,132988.82063882065,41635730.76923077,7.519429040700064,0.024017832316732393,16.261920003990657,4.0,272.0,362.0,-268.0,True,True,,Basketball Reference 2025-26 stats and 2025-26 listed salary
P0028,2025-26,Anthony Edwards,MIN,MIN,SG,Guard,24.0,45550512.0,45.550512,202446720.0,202.44672,61.0,60.0,2137.0,35.0,1757.0,28.8,302.0,5.0,226.0,3.7,83.0,1.4,49.0,0.8,174.0,2.9,602.0,1231.0,0.489,205.0,514.0,0.399,397.0,717.0,0.554,0.572,348.0,437.0,0.796,21.8,0.617,31.5,6.5,0.147,4.5,3.5,2680.4,25925.163346613546,7007771.076923077,38.5725631360631,0.1426987253183894,58.844563591294,12.0,28.0,320.0,-16.0,True,True,"CPOY-3,AS",Basketball Reference 2025-26 stats and 2025-26 listed salary
P0029,2025-26,Anthony Gill,WAS,WAS,PF,Forward,33.0,2296274.0,2.296274,2296274.0,2.296274,55.0,8.0,951.0,17.3,321.0,5.8,158.0,2.9,69.0,1.3,31.0,0.6,21.0,0.4,36.0,0.7,135.0,215.0,0.628,17.0,48.0,0.354,118.0,167.0,0.707,0.667,34.0,46.0,0.739,13.4,0.682,11.9,1.7,0.087,-2.6,-0.2,734.1,7153.5015576323985,1350749.411764706,139.79167991276302,0.7403297690084023,319.6918137818048,254.0,301.0,101.0,-47.0,True,True,,Basketball Reference 2025-26 stats and 2025-26 listed salary
P0030,2025-26,Ariel Hukporti,NYK,NYK,C,Center,23.0,1955377.0,1.955377,1955377.0,1.955377,54.0,5.0,498.0,9.2,117.0,2.2,159.0,2.9,29.0,0.5,9.0,0.2,26.0,0.5,32.0,0.6,45.0,80.0,0.563,1.0,4.0,0.25,44.0,76.0,0.579,0.569,26.0,33.0,0.788,11.9,0.619,10.9,1.2,0.115,-2.3,0.0,424.29999999999995,16712.62393162393,1629480.8333333335,59.835008798814755,0.6136923979365616,216.9914037037359,,,,,False,True,,Basketball Reference 2025-26 stats and 2025-26 listed salary
P0031,2025-26,Asa Newell,ATL,ATL,PF,Forward,20.0,3237480.0,3.23748,6636960.0,6.63696,44.0,2.0,500.0,11.4,227.0,5.2,96.0,2.2,26.0,0.6,16.0,0.4,15.0,0.3,23.0,0.5,91.0,169.0,0.538,29.0,75.0,0.387,62.0,94.0,0.66,0.624,16.0,29.0,0.552,14.2,0.624,17.1,1.2,0.113,-1.5,0.1,451.2,14262.02643171806,2697900.0,70.11626326649122,0.37065866043960116,139.36765632529003,230.0,348.0,195.0,-118.0,True,True,,Basketball Reference 2025-26 stats and 2025-26 listed salary
P0032,2025-26,Ausar Thompson,DET,DET,SF,Wing,23.0,8775000.0,8.775,19892925.0,19.892925,73.0,72.0,1896.0,26.0,721.0,9.9,418.0,5.7,228.0,3.1,146.0,2.0,69.0,0.9,110.0,1.5,303.0,577.0,0.525,6.0,24.0,0.25,297.0,553.0,0.537,0.53,109.0,191.0,0.571,16.2,0.545,16.9,5.7,0.144,3.1,2.4,2099.6,12170.596393897365,1539473.6842105263,82.16524216524216,0.6495726495726496,239.27065527065525,136.0,70.0,132.0,66.0,True,True,"DPOY-3,DEF1",Basketball Reference 2025-26 stats and 2025-26 listed salary
P0033,2025-26,Austin Reaves,LAL,LAL,SG,Guard,27.0,13937574.0,13.937574,13937574.0,13.937574,51.0,45.0,1762.0,34.5,1187.0,23.3,240.0,4.7,280.0,5.5,56.0,1.1,20.0,0.4,151.0,3.0,373.0,762.0,0.49,118.0,328.0,0.36,255.0,434.0,0.588,0.567,323.0,371.0,0.871,20.2,0.641,26.7,5.6,0.153,2.8,2.1,1972.0,11741.848357203033,2488852.5,85.16546710352893,0.40179158869398646,141.4880380186681,91.0,82.0,192.0,9.0,True,True,,Basketball Reference 2025-26 stats and 2025-26 listed salary
P0034,2025-26,Ayo Dosunmu,MIN,2TM,SG,Guard,26.0,7518518.0,7.518518,7518518.0,7.518518,69.0,19.0,1881.0,27.3,1022.0,14.8,237.0,3.4,249.0,3.6,58.0,0.8,18.0,0.3,96.0,1.4,386.0,747.0,0.517,123.0,280.0,0.439,263.0,467.0,0.563,0.599,127.0,145.0,0.876,16.5,0.63,20.2,4.9,0.124,1.0,1.4,1811.9,7356.671232876713,1534391.4285714284,135.93104385731337,0.6517241828775299,240.9916422358768,156.0,98.0,131.0,58.0,True,True,6MOY-9,Basketball Reference 2025-26 stats and 2025-26 listed salary
P0035,2025-26,Bam Adebayo,MIA,MIA,C,Center,28.0,37096620.0,37.09662,140680620.0,140.68062,73.0,73.0,2365.0,32.4,1468.0,20.1,732.0,10.0,232.0,3.2,86.0,1.2,49.0,0.7,120.0,1.6,506.0,1145.0,0.442,127.0,400.0,0.318,379.0,745.0,0.509,0.497,329.0,423.0,0.778,18.7,0.551,25.0,6.4,0.129,2.0,2.4,2979.4,25270.17711171662,5796346.875,39.57233839632829,0.17252245622377457,80.31459469892405,20.0,18.0,268.0,2.0,True,True,"DPOY-11,DEF2",Basketball Reference 2025-26 stats and 2025-26 listed salary
P0036,2025-26,Baylor Scheierman,BOS,BOS,SG,Guard,25.0,2619000.0,2.619,5363040.0,5.36304,77.0,20.0,1429.0,18.6,427.0,5.5,269.0,3.5,116.0,1.5,42.0,0.5,6.0,0.1,46.0,0.6,151.0,333.0,0.453,97.0,243.0,0.399,54.0,90.0,0.6,0.599,28.0,31.0,0.903,11.6,0.616,11.9,3.8,0.129,0.6,0.9,1021.8,6133.489461358314,689210.5263157896,163.03932798778158,1.4509354715540281,390.1489117983963,247.0,246.0,76.0,1.0,True,True,,Basketball Reference 2025-26 stats and 2025-26 listed salary
P0037,2025-26,Ben Saraf,BRK,BRK,SG,Guard,19.0,2884560.0,2.88456,5913120.0,5.91312,44.0,11.0,916.0,20.8,332.0,7.5,92.0,2.1,145.0,3.3,38.0,0.9,8.0,0.2,99.0,2.3,120.0,303.0,0.396,19.0,90.0,0.211,101.0,213.0,0.474,0.427,73.0,88.0,0.83,7.8,0.486,21.0,-1.1,-0.057,-7.3,-1.2,698.9,8688.43373493976,,115.09554316776216,-0.3813406550739108,242.2899853010511,237.0,307.0,130.0,-70.0,True,True,,Basketball Reference 2025-26 stats and 2025-26 listed salary
P0038,2025-26,Ben Sheppard,IND,IND,SG,Guard,24.0,2790720.0,2.79072,7822389.0,7.822389,65.0,20.0,1390.0,21.4,459.0,7.1,195.0,3.0,114.0,1.8,39.0,0.6,6.0,0.1,41.0,0.6,168.0,387.0,0.434,84.0,232.0,0.362,84.0,155.0,0.542,0.543,39.0,51.0,0.765,9.7,0.561,13.8,1.4,0.05,-3.0,-0.4,958.0,6080.0,1993371.4285714286,164.47368421052633,0.5016626533654397,343.28058708863665,239.0,258.0,90.0,-19.0,True,True,,Basketball Reference 2025-26 stats and 2025-26 listed salary
P0039,2025-26,Bennedict Mathurin,LAC,2TM,SF,Wing,23.0,9187573.0,9.187573,9187573.0,9.187573,54.0,25.0,1620.0,30.0,949.0,17.6,293.0,5.4,129.0,2.4,43.0,0.8,13.0,0.2,118.0,2.2,291.0,677.0,0.43,75.0,238.0,0.315,216.0,439.0,0.492,0.485,292.0,336.0,0.869,14.7,0.575,25.2,2.1,0.062,-2.5,-0.2,1544.1,9681.32033719705,4375034.761904762,103.29169629454917,0.22856961245369153,168.06397075702145,133.0,139.0,172.0,-6.0,True,True,,Basketball Reference 2025-26 stats and 2025-26 listed salary
P0040,2025-26,Bilal Coulibaly,WAS,WAS,SG,Guard,21.0,7275600.0,7.2756,16515612.0,16.515612,56.0,56.0,1468.0,26.2,657.0,11.7,243.0,4.3,145.0,2.6,75.0,1.3,54.0,1.0,81.0,1.4,230.0,541.0,0.425,65.0,204.0,0.319,165.0,337.0,0.49,0.485,132.0,177.0,0.746,13.5,0.531,19.9,1.0,0.031,-2.1,-0.1,1472.1,11073.972602739726,7275600.0,90.30183077684315,0.13744570894496674,202.33382813788552,157.0,153.0,151.0,4.0,True,True,,Basketball Reference 2025-26 stats and 2025-26 listed salary
P0041,2025-26,Bismack Biyombo,SAS,SAS,C,Center,33.0,2296274.0,2.296274,2296274.0,2.296274,25.0,1.0,141.0,5.6,23.0,0.9,26.0,1.0,5.0,0.2,4.0,0.2,2.0,0.1,8.0,0.3,9.0,15.0,0.6,0.0,0.0,,9.0,15.0,0.6,0.6,5.0,7.0,0.714,4.5,0.636,7.8,0.2,0.057,-5.8,-0.1,71.7,99838.0,11481370.0,10.016226286584267,0.08709761988334146,31.22449672817791,,,,,False,True,,Basketball Reference 2025-26 stats and 2025-26 listed salary
P0042,2025-26,Blake Wesley,POR,POR,SG,Guard,22.0,5643732.0,5.643732,2296274.0,2.296274,31.0,0.0,361.0,11.6,148.0,4.8,39.0,1.3,62.0,2.0,16.0,0.5,5.0,0.2,31.0,1.0,56.0,124.0,0.452,10.0,36.0,0.278,46.0,88.0,0.523,0.492,26.0,47.0,0.553,10.8,0.511,19.8,0.3,0.038,-3.6,-0.1,319.8,38133.32432432433,18812440.0,26.223782419151014,0.0531563157144953,56.66463255165199,,,,,False,True,,Basketball Reference 2025-26 stats and 2025-26 listed salary
P0043,2025-26,Blake Wesley,WAS,POR,SG,Guard,22.0,5643732.0,5.643732,3347458.0,3.347458,31.0,0.0,361.0,11.6,148.0,4.8,39.0,1.3,62.0,2.0,16.0,0.5,5.0,0.2,31.0,1.0,56.0,124.0,0.452,10.0,36.0,0.278,46.0,88.0,0.523,0.492,26.0,47.0,0.553,10.8,0.511,19.8,0.3,0.038,-3.6,-0.1,319.8,38133.32432432433,18812440.0,26.223782419151014,0.0531563157144953,56.66463255165199,,,,,False,True,,Basketball Reference 2025-26 stats and 2025-26 listed salary
P0044,2025-26,Bobby Portis,MIL,MIL,PF,Forward,30.0,13445754.0,13.445754,27967168.0,27.967168,67.0,9.0,1619.0,24.2,915.0,13.7,428.0,6.4,105.0,1.6,41.0,0.6,12.0,0.2,66.0,1.0,366.0,750.0,0.488,135.0,296.0,0.456,231.0,454.0,0.509,0.578,48.0,68.0,0.706,17.1,0.587,23.1,2.8,0.083,0.0,0.8,1679.1,14694.813114754099,4802055.0,68.05122271313307,0.208244178794287,124.87957164767404,96.0,118.0,209.0,-22.0,True,True,,Basketball Reference 2025-26 stats and 2025-26 listed salary
P0045,2025-26,Bobi Klintman,DET,DET,SF,Wing,22.0,1955377.0,1.955377,1955377.0,1.955377,12.0,0.0,71.0,5.9,22.0,1.8,19.0,1.6,6.0,0.5,3.0,0.3,0.0,0.0,6.0,0.5,9.0,27.0,0.333,4.0,13.0,0.308,5.0,14.0,0.357,0.407,0.0,3.0,0.0,4.5,0.388,20.1,-0.1,-0.043,-8.7,-0.1,56.8,88880.77272727272,,11.25102729550363,-0.05114103316138014,29.048106835663916,,,,,False,True,,Basketball Reference 2025-26 stats and 2025-26 listed salary
P0046,2025-26,Bogdan Bogdanović,LAC,LAC,SG,Guard,33.0,16020000.0,16.02,16020000.0,16.02,23.0,3.0,452.0,19.7,171.0,7.4,59.0,2.6,51.0,2.2,10.0,0.4,3.0,0.1,27.0,1.2,59.0,152.0,0.388,33.0,95.0,0.347,26.0,57.0,0.456,0.497,20.0,25.0,0.8,8.9,0.525,18.6,0.2,0.02,-3.1,-0.1,330.3,93684.21052631579,80100000.0,10.674157303370787,0.012484394506866418,20.617977528089888,,,,,False,True,,Basketball Reference 2025-26 stats and 2025-26 listed salary
P0047,2025-26,Bones Hyland,MIN,MIN,PG,Guard,25.0,2296274.0,2.296274,2296274.0,2.296274,71.0,3.0,1177.0,16.6,604.0,8.5,127.0,1.8,188.0,2.6,44.0,0.6,17.0,0.2,70.0,1.0,212.0,468.0,0.453,116.0,299.0,0.388,96.0,169.0,0.568,0.577,64.0,82.0,0.78,15.1,0.599,20.6,3.1,0.126,1.7,1.1,1151.4,3801.7781456953644,740733.5483870967,263.03481204769116,1.3500131081917925,501.42099766839675,254.0,215.0,50.0,39.0,True,True,,Basketball Reference 2025-26 stats and 2025-26 listed salary
P0048,2025-26,Bradley Beal,LAC,LAC,SG,Guard,32.0,24737010.0,24.73701,5354000.0,5.354,6.0,6.0,121.0,20.2,49.0,8.2,5.0,0.8,10.0,1.7,3.0,0.5,0.0,0.0,9.0,1.5,18.0,48.0,0.375,7.0,19.0,0.368,11.0,29.0,0.379,0.448,6.0,8.0,0.75,5.1,0.476,22.2,-0.2,-0.07,-10.6,-0.3,70.0,504836.9387755102,,1.9808376194212638,-0.008085051507841893,2.8297680277446626,,,,,False,True,,Basketball Reference 2025-26 stats and 2025-26 listed salary
P0049,2025-26,Bradley Beal,PHO,LAC,SG,Guard,32.0,24737010.0,24.73701,96915050.0,96.91505,6.0,6.0,121.0,20.2,49.0,8.2,5.0,0.8,10.0,1.7,3.0,0.5,0.0,0.0,9.0,1.5,18.0,48.0,0.375,7.0,19.0,0.368,11.0,29.0,0.379,0.448,6.0,8.0,0.75,5.1,0.476,22.2,-0.2,-0.07,-10.6,-0.3,70.0,504836.9387755102,,1.9808376194212638,-0.008085051507841893,2.8297680277446626,,,,,False,True,,Basketball Reference 2025-26 stats and 2025-26 listed salary
P0050,2025-26,Brandin Podziemski,GSW,GSW,SG,Guard,22.0,3687960.0,3.68796,9367419.0,9.367419,82.0,43.0,2333.0,28.5,1133.0,13.8,419.0,5.1,304.0,3.7,88.0,1.1,15.0,0.2,131.0,1.6,394.0,866.0,0.455,153.0,412.0,0.371,241.0,454.0,0.531,0.543,192.0,241.0,0.797,15.0,0.583,20.1,5.1,0.105,0.2,1.3,2269.8,3255.0397175639896,723129.4117647059,307.2159134047007,1.3828783392444604,615.4622067484463,217.0,55.0,34.0,162.0,True,True,,Basketball Reference 2025-26 stats and 2025-26 listed salary
P0051,2025-26,Brandon Clarke,MEM,MEM,PF,Forward,29.0,12500000.0,12.5,25000000.0,25.0,2.0,2.0,20.0,10.0,8.0,4.0,6.0,3.0,1.0,0.5,2.0,1.0,0.0,0.0,0.0,0.0,3.0,9.0,0.333,0.0,0.0,,3.0,9.0,0.333,0.333,2.0,4.0,0.5,12.3,0.372,22.4,0.0,0.038,-4.9,0.0,22.7,1562500.0,,0.64,0.0,1.8159999999999998,,,,,False,True,,Basketball Reference 2025-26 stats and 2025-26 listed salary
P0052,2025-26,Brandon Ingram,TOR,TOR,SF,Wing,28.0,38095238.0,38.095238,78095238.0,78.095238,77.0,77.0,2604.0,33.8,1655.0,21.5,430.0,5.6,284.0,3.7,58.0,0.8,55.0,0.7,187.0,2.4,614.0,1288.0,0.477,135.0,353.0,0.382,479.0,935.0,0.512,0.529,292.0,356.0,0.82,16.3,0.573,26.9,4.6,0.084,0.5,1.7,2749.0,23018.270694864048,8281573.47826087,43.44375010860937,0.12075000030187498,72.16125018040312,18.0,25.0,283.0,-7.0,True,True,AS,Basketball Reference 2025-26 stats and 2025-26 listed salary
P0053,2025-26,Brandon Miller,CHO,CHO,SF,Wing,23.0,11968800.0,11.9688,27073426.0,27.073426,65.0,65.0,1968.0,30.3,1311.0,20.2,319.0,4.9,217.0,3.3,66.0,1.0,44.0,0.7,163.0,2.5,454.0,1044.0,0.435,204.0,533.0,0.383,250.0,511.0,0.489,0.533,199.0,223.0,0.892,16.8,0.574,28.1,4.5,0.109,1.6,1.8,2186.3,9129.519450800915,2659733.3333333335,109.53479045518348,0.37597754160818125,182.66659982621485,108.0,60.0,163.0,48.0,True,True,,Basketball Reference 2025-26 stats and 2025-26 listed salary
P0054,2025-26,Brandon Williams,DAL,DAL,PG,Guard,26.0,2270735.0,2.270735,,,66.0,15.0,1463.0,22.2,859.0,13.0,191.0,2.9,256.0,3.9,62.0,0.9,20.0,0.3,125.0,1.9,291.0,617.0,0.472,36.0,155.0,0.232,255.0,462.0,0.552,0.501,241.0,304.0,0.793,16.8,0.572,25.1,2.5,0.083,0.4,0.9,1593.2,2643.463329452852,908294.0,378.29161042569916,1.1009651060119299,701.6230427592827,255.0,135.0,24.0,120.0,True,True,,Basketball Reference 2025-26 stats and 2025-26 listed salary
P0055,2025-26,Brice Sensabaugh,UTA,UTA,SF,Wing,22.0,2693760.0,2.69376,7555997.0,7.555997,75.0,22.0,1762.0,23.5,1116.0,14.9,231.0,3.1,143.0,1.9,54.0,0.7,12.0,0.2,124.0,1.7,394.0,857.0,0.46,162.0,442.0,0.367,232.0,415.0,0.559,0.554,166.0,201.0,0.826,14.4,0.59,24.9,1.1,0.029,-2.6,-0.3,1681.7,2413.7634408602153,2448872.727272727,414.2908054169636,0.40835115229270613,624.2946661914943,241.0,117.0,33.0,124.0,True,True,,Basketball Reference 2025-26 stats and 2025-26 listed salary
P0056,2025-26,Bronny James,LAL,LAL,SG,Guard,21.0,1955377.0,1.955377,1955377.0,1.955377,42.0,1.0,375.0,8.9,122.0,2.9,23.0,0.5,51.0,1.2,19.0,0.5,4.0,0.1,25.0,0.6,47.0,115.0,0.409,22.0,57.0,0.386,25.0,58.0,0.431,0.504,6.0,7.0,0.857,9.0,0.517,16.7,0.1,0.018,-4.3,-0.2,270.1,16027.680327868853,19553770.0,62.39206045688376,0.05114103316138014,138.13193056888775,,,,,False,True,,Basketball Reference 2025-26 stats and 2025-26 listed salary
P0057,2025-26,Brook Lopez,LAC,LAC,C,Center,37.0,8750000.0,8.75,8750000.0,8.75,75.0,40.0,1635.0,21.8,634.0,8.5,273.0,3.6,97.0,1.3,45.0,0.6,87.0,1.2,61.0,0.8,232.0,542.0,0.428,114.0,317.0,0.36,118.0,225.0,0.524,0.533,56.0,74.0,0.757,12.3,0.552,17.2,2.3,0.068,-0.9,0.5,1442.1,13801.261829652996,3804347.826086957,72.45714285714286,0.26285714285714284,164.81142857142856,137.0,157.0,176.0,-20.0,True,True,,Basketball Reference 2025-26 stats and 2025-26 listed salary
P0058,2025-26,Bruce Brown,DEN,DEN,SG,Guard,29.0,2296274.0,2.296274,2296274.0,2.296274,82.0,4.0,1998.0,24.4,649.0,7.9,318.0,3.9,174.0,2.1,85.0,1.0,20.0,0.2,91.0,1.1,248.0,522.0,0.475,57.0,148.0,0.385,191.0,374.0,0.511,0.53,96.0,126.0,0.762,10.8,0.562,14.5,2.9,0.071,-2.4,-0.2,1515.6,3538.172573189522,791818.6206896552,282.631776521443,1.262915488308451,660.0257634759615,254.0,144.0,28.0,110.0,True,True,,Basketball Reference 2025-26 stats and 2025-26 listed salary
P0059,2025-26,Bryce McGowens,NOP,NOP,SG,Guard,23.0,724598.0,0.724598,3309137.0,3.309137,42.0,13.0,880.0,21.0,340.0,8.1,88.0,2.1,62.0,1.5,27.0,0.6,9.0,0.2,17.0,0.4,114.0,237.0,0.481,38.0,93.0,0.409,76.0,144.0,0.528,0.561,74.0,95.0,0.779,11.7,0.61,14.0,1.7,0.095,-2.8,-0.2,629.6,2131.170588235294,426234.11764705885,469.22569479904723,2.346128473995236,868.8955807220004,265.0,323.0,14.0,-58.0,True,True,,Basketball Reference 2025-26 stats and 2025-26 listed salary
P0060,2025-26,Bub Carrington,WAS,WAS,PG,Guard,20.0,4677600.0,4.6776,9578160.0,9.57816,82.0,48.0,2271.0,27.7,878.0,10.7,276.0,3.4,381.0,4.6,52.0,0.6,17.0,0.2,191.0,2.3,314.0,741.0,0.424,169.0,414.0,0.408,145.0,327.0,0.443,0.538,81.0,111.0,0.73,9.9,0.556,18.0,-0.4,-0.009,-4.7,-1.6,1796.7,5327.56264236902,,187.70309560458355,-0.08551393877201985,384.1072344792201,200.0,100.0,79.0,100.0,True,True,,Basketball Reference 2025-26 stats and 2025-26 listed salary
P0061,2025-26,Buddy Hield,ATL,2TM,SG,Guard,33.0,9219512.0,9.219512,18878048.0,18.878048,51.0,3.0,819.0,16.1,390.0,7.6,116.0,2.3,71.0,1.4,39.0,0.8,9.0,0.2,48.0,0.9,143.0,327.0,0.437,74.0,212.0,0.349,69.0,115.0,0.6,0.55,30.0,37.0,0.811,12.8,0.568,20.3,1.0,0.06,-1.0,0.2,731.7,23639.77435897436,9219512.0,42.30158819685901,0.10846561076117694,79.36428739395318,132.0,302.0,271.0,-170.0,True,True,,Basketball Reference 2025-26 stats and 2025-26 listed salary
P0062,2025-26,CJ McCollum,ATL,2TM,PG,Guard,34.0,30666666.0,30.666666,30666666.0,30.666666,76.0,60.0,2264.0,29.8,1424.0,18.7,252.0,3.3,293.0,3.9,64.0,0.8,35.0,0.5,135.0,1.8,525.0,1154.0,0.455,191.0,510.0,0.375,334.0,644.0,0.519,0.538,183.0,237.0,0.772,15.9,0.566,25.7,3.0,0.063,-0.3,1.0,2327.9,21535.580056179777,10222222.0,46.43478361814747,0.09782608908317585,75.90978425890836,35.0,53.0,273.0,-18.0,True,True,,Basketball Reference 2025-26 stats and 2025-26 listed salary
P0063,2025-26,Cade Cunningham,DET,DET,PG,Guard,24.0,46394100.0,46.3941,269085780.0,269.08578,64.0,64.0,2172.0,33.9,1531.0,23.9,355.0,5.5,634.0,9.9,92.0,1.4,54.0,0.8,236.0,3.7,548.0,1189.0,0.461,125.0,366.0,0.342,423.0,823.0,0.514,0.513,310.0,382.0,0.812,21.6,0.564,30.5,7.9,0.174,6.3,4.6,3110.0,30303.135205747876,5872670.886075949,32.99988576133603,0.17028027270708992,67.03438583785437,10.0,13.0,298.0,-3.0,True,True,"MVP-5,CPOY-4,AS,NBA1",Basketball Reference 2025-26 stats and 2025-26 listed salary
P0064,2025-26,Caleb Houstan,ATL,ATL,SF,Wing,23.0,699440.0,0.69944,699440.0,0.69944,18.0,0.0,75.0,4.2,42.0,2.3,11.0,0.6,4.0,0.2,2.0,0.1,1.0,0.1,4.0,0.2,14.0,26.0,0.538,11.0,21.0,0.524,3.0,5.0,0.6,0.75,3.0,3.0,1.0,16.4,0.769,17.4,0.2,0.16,0.3,0.0,66.2,16653.333333333332,3497200.0,60.0480384307446,0.28594304014640287,94.64714628845935,,,,,False,True,,Basketball Reference 2025-26 stats and 2025-26 listed salary
P0065,2025-26,Caleb Martin,DAL,DAL,SF,Wing,30.0,9594044.0,9.594044,19595537.0,19.595537,58.0,12.0,856.0,14.8,227.0,3.9,143.0,2.5,81.0,1.4,40.0,0.7,15.0,0.3,40.0,0.7,85.0,189.0,0.45,20.0,57.0,0.351,65.0,132.0,0.492,0.503,37.0,61.0,0.607,9.3,0.526,12.5,0.9,0.048,-2.2,0.0,645.1,42264.51101321586,10660048.888888888,23.660512709760347,0.093808200170856,67.23963325579912,130.0,319.0,296.0,-189.0,True,True,,Basketball Reference 2025-26 stats and 2025-26 listed salary
P0066,2025-26,Cam Christie,LAC,LAC,SG,Guard,20.0,1955377.0,1.955377,1955377.0,1.955377,55.0,0.0,480.0,8.7,156.0,2.8,78.0,1.4,31.0,0.6,16.0,0.3,3.0,0.1,22.0,0.4,53.0,139.0,0.381,12.0,49.0,0.245,41.0,90.0,0.456,0.424,38.0,50.0,0.76,9.2,0.484,16.9,0.2,0.016,-4.6,-0.3,331.1,12534.46794871795,9776885.0,79.780011731753,0.10228206632276028,169.32796079732964,,,,,False,True,,Basketball Reference 2025-26 stats and 2025-26 listed salary
P0067,2025-26,Cam Spencer,MEM,MEM,SG,Guard,25.0,2537989.0,2.537989,7565833.0,7.565833,72.0,20.0,1714.0,23.8,798.0,11.1,183.0,2.5,400.0,5.6,52.0,0.7,11.0,0.2,93.0,1.3,263.0,556.0,0.473,146.0,325.0,0.449,117.0,231.0,0.506,0.604,126.0,134.0,0.94,17.2,0.649,17.2,5.3,0.149,2.2,1.8,1713.6,3180.437343358396,478865.8490566038,314.42216652633243,2.0882675220420577,675.1802312775981,248.0,108.0,27.0,140.0,True,True,,Basketball Reference 2025-26 stats and 2025-26 listed salary
P0068,2025-26,Cam Thomas,BRK,2TM,SG,Guard,24.0,6837779.0,6.837779,5993172.0,5.993172,42.0,8.0,881.0,21.0,567.0,13.5,71.0,1.7,108.0,2.6,9.0,0.2,4.0,0.1,74.0,1.8,189.0,461.0,0.41,52.0,168.0,0.31,137.0,293.0,0.468,0.466,137.0,169.0,0.811,12.6,0.53,30.3,-0.4,-0.024,-5.2,-0.7,779.2,12059.574955908289,,82.92166213619949,-0.05849852708021128,113.95513075225158,163.0,292.0,217.0,-129.0,True,True,,Basketball Reference 2025-26 stats and 2025-26 listed salary
P0069,2025-26,Cam Thomas,MIL,2TM,SG,Guard,24.0,6837779.0,6.837779,844607.0,0.844607,42.0,8.0,881.0,21.0,567.0,13.5,71.0,1.7,108.0,2.6,9.0,0.2,4.0,0.1,74.0,1.8,189.0,461.0,0.41,52.0,168.0,0.31,137.0,293.0,0.468,0.466,137.0,169.0,0.811,12.6,0.53,30.3,-0.4,-0.024,-5.2,-0.7,779.2,12059.574955908289,,82.92166213619949,-0.05849852708021128,113.95513075225158,163.0,292.0,217.0,-129.0,True,True,,Basketball Reference 2025-26 stats and 2025-26 listed salary
P0070,2025-26,Cam Whitmore,WAS,WAS,SF,Wing,21.0,3539760.0,3.53976,8998070.0,8.99807,21.0,0.0,354.0,16.9,193.0,9.2,58.0,2.8,15.0,0.7,15.0,0.7,8.0,0.4,18.0,0.9,77.0,169.0,0.456,16.0,56.0,0.286,61.0,113.0,0.54,0.503,23.0,31.0,0.742,13.7,0.528,23.7,0.0,-0.002,-3.3,-0.1,336.1,18340.725388601037,,54.523470517775216,0.0,94.94994010893394,,,,,False,True,,Basketball Reference 2025-26 stats and 2025-26 listed salary
P0071,2025-26,Cameron Johnson,DEN,DEN,SF,Wing,29.0,21057065.0,21.057065,44119565.0,44.119565,54.0,54.0,1647.0,30.5,660.0,12.2,206.0,3.8,132.0,2.4,40.0,0.7,21.0,0.4,47.0,0.9,228.0,475.0,0.48,110.0,256.0,0.43,118.0,219.0,0.539,0.596,94.0,112.0,0.839,12.8,0.629,15.1,3.7,0.108,-0.6,0.6,1241.2,31904.64393939394,5691098.6486486485,31.343399471863716,0.17571299703923599,58.944587006783706,60.0,196.0,319.0,-136.0,True,True,,Basketball Reference 2025-26 stats and 2025-26 listed salary
P0072,2025-26,Cameron Payne,PHI,PHI,PG,Guard,31.0,712637.0,0.712637,712637.0,0.712637,22.0,1.0,374.0,17.0,163.0,7.4,44.0,2.0,58.0,2.6,24.0,1.1,7.0,0.3,11.0,0.5,56.0,149.0,0.376,32.0,97.0,0.33,24.0,52.0,0.462,0.483,19.0,22.0,0.864,14.4,0.514,19.2,0.8,0.106,0.3,0.2,384.8,4372.006134969325,890796.25,228.72794985385266,1.1225911649268843,539.9663503298314,,,,,False,True,,Basketball Reference 2025-26 stats and 2025-26 listed salary
P0073,2025-26,Caris LeVert,DET,DET,SG,Guard,31.0,14104000.0,14.104,28913200.0,28.9132,60.0,0.0,1154.0,19.2,443.0,7.4,117.0,2.0,159.0,2.7,51.0,0.9,41.0,0.7,82.0,1.4,163.0,391.0,0.417,60.0,180.0,0.333,103.0,211.0,0.488,0.494,57.0,84.0,0.679,10.9,0.518,18.4,1.6,0.066,-0.4,0.5,1015.9000000000001,31837.47178329571,8815000.0,31.409529211571186,0.11344299489506524,72.02921157118548,89.0,247.0,284.0,-158.0,True,True,,Basketball Reference 2025-26 stats and 2025-26 listed salary
P0074,2025-26,Carter Bryant,SAS,SAS,PF,Forward,20.0,4900320.0,4.90032,10045680.0,10.04568,71.0,0.0,818.0,11.5,298.0,4.2,178.0,2.5,47.0,0.7,16.0,0.2,23.0,0.3,33.0,0.5,108.0,265.0,0.408,52.0,155.0,0.335,56.0,110.0,0.509,0.506,30.0,42.0,0.714,9.9,0.526,16.3,1.3,0.076,-3.0,-0.2,666.1,16444.026845637585,3769476.923076923,60.812355111502924,0.2652887974662879,135.92989845561107,198.0,314.0,198.0,-116.0,True,True,,Basketball Reference 2025-26 stats and 2025-26 listed salary
P0075,2025-26,Cason Wallace,OKC,OKC,SG,Guard,22.0,5820240.0,5.82024,13241046.0,13.241046,77.0,58.0,2046.0,26.6,660.0,8.6,238.0,3.1,200.0,2.6,150.0,1.9,28.0,0.4,73.0,0.9,252.0,584.0,0.432,101.0,288.0,0.351,151.0,296.0,0.51,0.518,55.0,68.0,0.809,12.1,0.538,14.5,5.2,0.122,1.2,1.7,1706.6,8818.545454545454,1119276.923076923,113.39738567481753,0.8934339477409866,293.218149079763,180.0,111.0,108.0,69.0,True,True,"DPOY-7,DEF2",Basketball Reference 2025-26 stats and 2025-26 listed salary
P0076,2025-26,Cedric Coward,MEM,MEM,SG,Guard,22.0,5715120.0,5.71512,11716200.0,11.7162,62.0,47.0,1598.0,25.8,843.0,13.6,364.0,5.9,171.0,2.8,40.0,0.6,27.0,0.4,105.0,1.7,305.0,648.0,0.471,93.0,275.0,0.338,212.0,373.0,0.568,0.542,140.0,166.0,0.843,15.3,0.585,21.5,2.5,0.076,-0.2,0.7,1632.3,6779.501779359431,2286048.0,147.50346449418385,0.43743613432438866,285.61080082307984,182.0,125.0,112.0,57.0,True,True,ROY-5,Basketball Reference 2025-26 stats and 2025-26 listed salary
P0077,2025-26,Charles Bassey,MEM,4TM,C,Center,25.0,263940.0,0.26394,131970.0,0.13197,13.0,0.0,153.0,11.8,76.0,5.8,57.0,4.4,7.0,0.5,4.0,0.3,11.0,0.8,6.0,0.5,31.0,47.0,0.66,0.0,0.0,,31.0,47.0,0.66,0.66,14.0,20.0,0.7,22.7,0.681,17.2,0.7,0.211,1.9,0.2,193.89999999999998,3472.8947368421054,377057.1428571429,287.9442297491854,2.6521179055846025,734.6366598469348,,,,,False,True,,Basketball Reference 2025-26 stats and 2025-26 listed salary
P0078,2025-26,Charles Bassey,PHI,4TM,C,Center,25.0,263940.0,0.26394,263940.0,0.26394,13.0,0.0,153.0,11.8,76.0,5.8,57.0,4.4,7.0,0.5,4.0,0.3,11.0,0.8,6.0,0.5,31.0,47.0,0.66,0.0,0.0,,31.0,47.0,0.66,0.66,14.0,20.0,0.7,22.7,0.681,17.2,0.7,0.211,1.9,0.2,193.89999999999998,3472.8947368421054,377057.1428571429,287.9442297491854,2.6521179055846025,734.6366598469348,,,,,False,True,,Basketball Reference 2025-26 stats and 2025-26 listed salary
P0079,2025-26,Charles Bassey,PHI,4TM,C,Center,25.0,263940.0,0.26394,263940.0,0.26394,13.0,0.0,153.0,11.8,76.0,5.8,57.0,4.4,7.0,0.5,4.0,0.3,11.0,0.8,6.0,0.5,31.0,47.0,0.66,0.0,0.0,,31.0,47.0,0.66,0.66,14.0,20.0,0.7,22.7,0.681,17.2,0.7,0.211,1.9,0.2,193.89999999999998,3472.8947368421054,377057.1428571429,287.9442297491854,2.6521179055846025,734.6366598469348,,,,,False,True,,Basketball Reference 2025-26 stats and 2025-26 listed salary
P0080,2025-26,Chaz Lanier,DET,DET,SG,Guard,24.0,1372870.0,1.37287,3523787.0,3.523787,34.0,0.0,262.0,7.7,80.0,2.4,23.0,0.7,17.0,0.5,7.0,0.2,0.0,0.0,3.0,0.1,28.0,89.0,0.315,19.0,67.0,0.284,9.0,22.0,0.409,0.421,5.0,6.0,0.833,6.6,0.436,15.0,0.3,0.046,-5.1,-0.2,151.1,17160.875,4576233.333333334,58.27208694195372,0.21852032603232643,110.06140421161507,,,,,False,True,,Basketball Reference 2025-26 stats and 2025-26 listed salary
P0081,2025-26,Chet Holmgren,OKC,OKC,PF,Forward,23.0,13731368.0,13.731368,254431368.0,254.431368,69.0,69.0,1997.0,28.9,1181.0,17.1,615.0,8.9,115.0,1.7,43.0,0.6,131.0,1.9,107.0,1.6,434.0,779.0,0.557,88.0,243.0,0.362,346.0,536.0,0.646,0.614,225.0,284.0,0.792,21.6,0.653,21.9,9.1,0.219,4.2,3.1,2506.5,11626.899237933954,1508941.5384615385,86.00745388223518,0.6627161984151907,182.53825838765664,93.0,37.0,164.0,56.0,True,True,"DPOY-2,AS,NBA3,DEF1",Basketball Reference 2025-26 stats and 2025-26 listed salary
P0082,2025-26,Chris Boucher,UTA,BOS,PF,Forward,33.0,2296274.0,2.296274,2296274.0,2.296274,9.0,0.0,94.0,10.4,21.0,2.3,18.0,2.0,3.0,0.3,5.0,0.6,7.0,0.8,1.0,0.1,8.0,25.0,0.32,2.0,15.0,0.133,6.0,10.0,0.6,0.36,3.0,4.0,0.75,7.7,0.392,12.8,0.1,0.064,-3.1,0.0,82.1,109346.38095238095,22962740.0,9.145250087750853,0.04354880994167073,35.75357296211166,,,,,False,True,,Basketball Reference 2025-26 stats and 2025-26 listed salary
P0083,2025-26,Chris Paul,TOR,LAC,PG,Guard,40.0,2296274.0,2.296274,2296274.0,2.296274,16.0,0.0,228.0,14.3,47.0,2.9,28.0,1.8,53.0,3.3,11.0,0.7,0.0,0.0,16.0,1.0,18.0,56.0,0.321,10.0,30.0,0.333,8.0,26.0,0.308,0.411,1.0,2.0,0.5,8.1,0.413,14.2,0.1,0.017,-4.2,-0.1,177.1,48856.89361702128,22962740.0,20.46794067258524,0.04354880994167073,77.12494240669885,,,,,False,True,,Basketball Reference 2025-26 stats and 2025-26 listed salary
P0084,2025-26,Christian Braun,DEN,DEN,SG,Guard,24.0,4921797.0,4.921797,129921797.0,129.921797,44.0,44.0,1399.0,31.8,526.0,12.0,211.0,4.8,120.0,2.7,30.0,0.7,12.0,0.3,43.0,1.0,202.0,389.0,0.519,43.0,143.0,0.301,159.0,246.0,0.646,0.575,79.0,101.0,0.782,12.6,0.607,14.8,3.0,0.103,-1.2,0.3,1042.2,9357.028517110266,1640599.0,106.87153492921387,0.6095334691780259,211.7519271924462,197.0,240.0,145.0,-43.0,True,True,,Basketball Reference 2025-26 stats and 2025-26 listed salary
P0085,2025-26,Christian Koloko,MEM,3TM,C,Center,25.0,263940.0,0.26394,263940.0,0.26394,27.0,4.0,357.0,13.2,73.0,2.7,81.0,3.0,18.0,0.7,14.0,0.5,23.0,0.9,16.0,0.6,31.0,74.0,0.419,1.0,9.0,0.111,30.0,65.0,0.462,0.426,10.0,15.0,0.667,8.8,0.453,11.3,0.3,0.038,-4.7,-0.2,292.2,3615.6164383561645,879800.0,276.57801015382285,1.136621959536258,1107.0697885883155,,,,,False,True,,Basketball Reference 2025-26 stats and 2025-26 listed salary
P0086,2025-26,Christian Koloko,MEM,3TM,C,Center,25.0,263940.0,0.26394,263940.0,0.26394,27.0,4.0,357.0,13.2,73.0,2.7,81.0,3.0,18.0,0.7,14.0,0.5,23.0,0.9,16.0,0.6,31.0,74.0,0.419,1.0,9.0,0.111,30.0,65.0,0.462,0.426,10.0,15.0,0.667,8.8,0.453,11.3,0.3,0.038,-4.7,-0.2,292.2,3615.6164383561645,879800.0,276.57801015382285,1.136621959536258,1107.0697885883155,,,,,False,True,,Basketball Reference 2025-26 stats and 2025-26 listed salary
P0087,2025-26,Clint Capela,HOU,HOU,C,Center,31.0,6700000.0,6.7,21105000.0,21.105,75.0,3.0,926.0,12.3,282.0,3.8,345.0,4.6,50.0,0.7,36.0,0.5,63.0,0.8,41.0,0.5,118.0,227.0,0.52,1.0,2.0,0.5,117.0,225.0,0.52,0.522,45.0,78.0,0.577,17.9,0.54,13.7,3.0,0.156,0.4,0.6,1027.0,23758.86524822695,2233333.3333333335,42.08955223880597,0.44776119402985076,153.28358208955223,164.0,245.0,183.0,-81.0,True,True,,Basketball Reference 2025-26 stats and 2025-26 listed salary
P0088,2025-26,Coby White,CHO,2TM,SG,Guard,25.0,12888889.0,12.888889,12888889.0,12.888889,50.0,26.0,1249.0,25.0,868.0,17.4,170.0,3.4,200.0,4.0,25.0,0.5,5.0,0.1,128.0,2.6,278.0,623.0,0.446,115.0,318.0,0.362,163.0,305.0,0.534,0.539,197.0,241.0,0.817,16.1,0.595,28.8,2.0,0.076,-1.3,0.2,1334.0,14848.950460829494,6444444.5,67.34482700564804,0.15517241245541022,103.49999910775863,102.0,178.0,225.0,-76.0,True,True,,Basketball Reference 2025-26 stats and 2025-26 listed salary
P0089,2025-26,Cody Williams,UTA,UTA,SG,Guard,21.0,5742480.0,5.74248,11758080.0,11.75808,67.0,41.0,1631.0,24.3,588.0,8.8,198.0,3.0,137.0,2.0,51.0,0.8,26.0,0.4,73.0,1.1,238.0,509.0,0.468,28.0,131.0,0.214,210.0,378.0,0.556,0.495,84.0,119.0,0.706,9.6,0.524,16.0,0.1,0.004,-5.5,-1.5,1189.1,9766.122448979591,57424800.0,102.39478413507753,0.017414078934536996,207.0708126105794,181.0,207.0,149.0,-26.0,True,True,,Basketball Reference 2025-26 stats and 2025-26 listed salary
P0090,2025-26,Cole Anthony,MEM,MIL,PG,Guard,25.0,5996274.0,5.996274,11100000.0,11.1,35.0,0.0,527.0,15.1,234.0,6.7,87.0,2.5,121.0,3.5,20.0,0.6,11.0,0.3,65.0,1.9,98.0,231.0,0.424,22.0,72.0,0.306,76.0,159.0,0.478,0.472,16.0,26.0,0.615,10.7,0.483,25.8,-0.5,-0.042,-4.7,-0.4,547.9,25625.102564102563,,39.02423404934464,-0.08338511549005266,91.3734095539997,179.0,332.0,248.0,-153.0,True,True,,Basketball Reference 2025-26 stats and 2025-26 listed salary
P0091,2025-26,Cole Anthony,PHO,MIL,PG,Guard,25.0,5996274.0,5.996274,2296274.0,2.296274,35.0,0.0,527.0,15.1,234.0,6.7,87.0,2.5,121.0,3.5,20.0,0.6,11.0,0.3,65.0,1.9,98.0,231.0,0.424,22.0,72.0,0.306,76.0,159.0,0.478,0.472,16.0,26.0,0.615,10.7,0.483,25.8,-0.5,-0.042,-4.7,-0.4,547.9,25625.102564102563,,39.02423404934464,-0.08338511549005266,91.3734095539997,179.0,332.0,248.0,-153.0,True,True,,Basketball Reference 2025-26 stats and 2025-26 listed salary
P0092,2025-26,Collin Gillespie,PHO,PHO,PG,Guard,26.0,2296274.0,2.296274,2296274.0,2.296274,80.0,58.0,2282.0,28.5,1012.0,12.7,327.0,4.1,371.0,4.6,99.0,1.2,16.0,0.2,125.0,1.6,352.0,842.0,0.418,232.0,578.0,0.401,120.0,264.0,0.455,0.556,76.0,87.0,0.874,15.3,0.575,18.7,6.2,0.13,2.5,2.6,2180.9,2269.0454545454545,370366.77419354836,440.71395660970774,2.700026216383585,949.7559960178969,254.0,62.0,9.0,192.0,True,True,,Basketball Reference 2025-26 stats and 2025-26 listed salary
P0093,2025-26,Collin Murray-Boyles,TOR,TOR,PF,Forward,20.0,6332520.0,6.33252,12982080.0,12.98208,57.0,22.0,1246.0,21.9,484.0,8.5,285.0,5.0,106.0,1.9,52.0,0.9,53.0,0.9,59.0,1.0,198.0,342.0,0.579,17.0,50.0,0.34,181.0,292.0,0.62,0.604,71.0,108.0,0.657,16.4,0.621,15.5,4.0,0.154,1.0,1.0,1241.0,13083.719008264463,1583130.0,76.43086796409645,0.6316600658189789,195.9725354203382,172.0,197.0,156.0,-25.0,True,True,,Basketball Reference 2025-26 stats and 2025-26 listed salary
P0094,2025-26,Collin Sexton,CHI,2TM,SG,Guard,27.0,18975000.0,18.975,18975000.0,18.975,68.0,22.0,1614.0,23.7,1050.0,15.4,155.0,2.3,223.0,3.3,76.0,1.1,10.0,0.1,141.0,2.1,360.0,742.0,0.485,112.0,279.0,0.401,248.0,463.0,0.536,0.561,218.0,255.0,0.855,17.4,0.615,25.9,3.9,0.117,0.6,1.1,1687.5,18071.428571428572,4865384.615384616,55.33596837944663,0.20553359683794464,88.93280632411067,68.0,115.0,257.0,-47.0,True,True,,Basketball Reference 2025-26 stats and 2025-26 listed salary
P0095,2025-26,Cooper Flagg,DAL,DAL,SF,Wing,19.0,13825920.0,13.82592,28343400.0,28.3434,70.0,70.0,2344.0,33.5,1473.0,21.0,466.0,6.7,316.0,4.5,84.0,1.2,64.0,0.9,161.0,2.3,559.0,1194.0,0.468,72.0,244.0,0.295,487.0,950.0,0.513,0.498,283.0,342.0,0.827,17.9,0.548,26.9,3.8,0.078,1.4,2.0,2789.2,9386.23217922607,3638400.0,106.53902235800584,0.2748460861917326,201.73702726473175,92.0,23.0,152.0,69.0,True,True,ROY-1,Basketball Reference 2025-26 stats and 2025-26 listed salary
P0096,2025-26,Corey Kispert,ATL,2TM,SF,Wing,26.0,13975000.0,13.975,41000000.0,41.0,58.0,10.0,1080.0,18.6,532.0,9.2,132.0,2.3,92.0,1.6,16.0,0.3,9.0,0.2,45.0,0.8,184.0,394.0,0.467,87.0,237.0,0.367,97.0,157.0,0.618,0.577,77.0,97.0,0.794,13.1,0.609,18.6,1.8,0.082,-1.9,0.0,858.4,26268.796992481202,7763888.888888889,38.067978533094816,0.12880143112701253,61.42397137745975,90.0,277.0,310.0,-187.0,True,True,,Basketball Reference 2025-26 stats and 2025-26 listed salary
P0097,2025-26,Craig Porter Jr.,CLE,CLE,PG,Guard,25.0,2221677.0,2.221677,,,64.0,3.0,1148.0,17.9,289.0,4.5,220.0,3.4,205.0,3.2,57.0,0.9,38.0,0.6,59.0,0.9,116.0,258.0,0.45,33.0,93.0,0.355,83.0,165.0,0.503,0.514,24.0,40.0,0.6,13.7,0.524,12.3,2.8,0.116,2.0,1.2,1086.5,7687.4636678200695,793456.0714285715,130.08191559799195,1.260309216866358,489.04498718760647,256.0,231.0,55.0,25.0,True,True,,Basketball Reference 2025-26 stats and 2025-26 listed salary
P0098,2025-26,D'Angelo Russell,WAS,DAL,PG,Guard,29.0,5685000.0,5.685,5685000.0,5.685,26.0,3.0,495.0,19.0,264.0,10.2,61.0,2.3,104.0,4.0,12.0,0.5,2.0,0.1,49.0,1.9,94.0,232.0,0.405,33.0,112.0,0.295,61.0,120.0,0.508,0.476,43.0,60.0,0.717,12.3,0.511,26.0,0.0,-0.004,-2.3,0.0,486.20000000000005,21534.090909090908,,46.437994722955146,0.0,85.52330694810907,,,,,False,True,,Basketball Reference 2025-26 stats and 2025-26 listed salary
P0099,2025-26,DaRon Holmes,DEN,DEN,PF,Forward,23.0,3218760.0,3.21876,6590880.0,6.59088,25.0,6.0,210.0,8.4,93.0,3.7,35.0,1.4,16.0,0.6,1.0,0.0,6.0,0.2,12.0,0.5,31.0,61.0,0.508,20.0,45.0,0.444,11.0,16.0,0.688,0.672,11.0,14.0,0.786,13.4,0.692,16.4,0.4,0.103,-0.5,0.1,168.0,34610.32258064516,8046900.0,28.89311411848041,0.12427145857410929,52.1940126011259,,,,,False,True,,Basketball Reference 2025-26 stats and 2025-26 listed salary
P0100,2025-26,Dalano Banton,BOS,2TM,PG,Guard,26.0,263940.0,0.26394,131970.0,0.13197,6.0,0.0,62.0,10.3,12.0,2.0,5.0,0.8,11.0,1.8,2.0,0.3,5.0,0.8,8.0,1.3,4.0,12.0,0.333,0.0,1.0,0.0,4.0,11.0,0.364,0.333,4.0,4.0,1.0,7.0,0.436,15.3,-0.1,-0.044,-4.0,0.0,47.5,21995.0,,45.464878381450326,-0.3788739865120861,179.9651435932409,,,,,False,True,,Basketball Reference 2025-26 stats and 2025-26 listed salary
P0101,2025-26,Dalano Banton,LAC,2TM,PG,Guard,26.0,263940.0,0.26394,131970.0,0.13197,6.0,0.0,62.0,10.3,12.0,2.0,5.0,0.8,11.0,1.8,2.0,0.3,5.0,0.8,8.0,1.3,4.0,12.0,0.333,0.0,1.0,0.0,4.0,11.0,0.364,0.333,4.0,4.0,1.0,7.0,0.436,15.3,-0.1,-0.044,-4.0,0.0,47.5,21995.0,,45.464878381450326,-0.3788739865120861,179.9651435932409,,,,,False,True,,Basketball Reference 2025-26 stats and 2025-26 listed salary
P0102,2025-26,Dalen Terry,NOP,2TM,SG,Guard,23.0,5399118.0,5.399118,5399118.0,5.399118,48.0,0.0,551.0,11.5,176.0,3.7,86.0,1.8,66.0,1.4,29.0,0.6,15.0,0.3,26.0,0.5,68.0,155.0,0.439,24.0,66.0,0.364,44.0,89.0,0.494,0.516,16.0,30.0,0.533,11.6,0.523,14.8,0.7,0.063,-1.7,0.0,484.2,30676.80681818182,7713025.714285715,32.5979169190227,0.12965080592793118,89.6813146147204,190.0,341.0,253.0,-151.0,True,True,,Basketball Reference 2025-26 stats and 2025-26 listed salary
P0103,2025-26,Dalton Knecht,LAL,LAL,SF,Wing,24.0,4010160.0,4.01016,8211240.0,8.21124,54.0,1.0,553.0,10.2,228.0,4.2,75.0,1.4,21.0,0.4,11.0,0.2,11.0,0.2,23.0,0.4,87.0,191.0,0.455,38.0,111.0,0.342,49.0,80.0,0.613,0.555,16.0,22.0,0.727,10.1,0.568,17.7,0.4,0.038,-3.6,-0.2,392.5,17588.42105263158,10025400.0,56.85558680950386,0.09974664352544538,97.87639395934328,209.0,352.0,234.0,-143.0,True,True,,Basketball Reference 2025-26 stats and 2025-26 listed salary
P0104,2025-26,Damian Lillard,MIL,,Unknown,Unknown,,36620603.0,36.620603,112583015.0,112.583015,,,,,,,,,,,,,,,,,,,,,,,,,,,,,,,,,,,,,0.0,,,,,0.0,,,,,False,False,,Basketball Reference 2025-26 stats and 2025-26 listed salary
P0105,2025-26,Damian Lillard,POR,,Unknown,Unknown,,36620603.0,36.620603,27502800.0,27.5028,,,,,,,,,,,,,,,,,,,,,,,,,,,,,,,,,,,,,0.0,,,,,0.0,,,,,False,False,,Basketball Reference 2025-26 stats and 2025-26 listed salary
P0106,2025-26,Daniel Gafford,DAL,DAL,C,Center,27.0,14386320.0,14.38632,68766609.0,68.766609,55.0,44.0,1195.0,21.7,524.0,9.5,378.0,6.9,58.0,1.1,42.0,0.8,69.0,1.3,63.0,1.1,207.0,316.0,0.655,0.0,0.0,,207.0,316.0,0.655,0.655,110.0,161.0,0.683,18.8,0.677,15.8,4.1,0.167,0.7,0.8,1334.6,27454.809160305344,3508858.5365853664,36.42349120553415,0.2849929655394847,92.76868580707227,85.0,176.0,247.0,-91.0,True,True,,Basketball Reference 2025-26 stats and 2025-26 listed salary
P0107,2025-26,Daniss Jenkins,DET,DET,PG,Guard,24.0,3809524.0,3.809524,3809524.0,3.809524,72.0,19.0,1455.0,20.2,671.0,9.3,166.0,2.3,278.0,3.9,64.0,0.9,15.0,0.2,115.0,1.6,232.0,568.0,0.408,73.0,195.0,0.374,159.0,373.0,0.426,0.473,134.0,161.0,0.832,13.4,0.525,21.5,2.9,0.095,-0.7,0.5,1409.2,5677.3830104321905,1313628.9655172415,176.13749119312544,0.7612499619375018,369.91498150425093,214.0,164.0,86.0,50.0,True,True,,Basketball Reference 2025-26 stats and 2025-26 listed salary
P0108,2025-26,Danny Wolf,BRK,BRK,PF,Forward,21.0,2801280.0,2.80128,5742720.0,5.74272,57.0,15.0,1187.0,20.8,508.0,8.9,281.0,4.9,127.0,2.2,30.0,0.5,32.0,0.6,73.0,1.3,178.0,440.0,0.405,68.0,211.0,0.322,110.0,229.0,0.48,0.482,84.0,109.0,0.771,12.3,0.521,20.6,0.8,0.032,-2.5,-0.2,1148.7,5514.330708661418,3501600.0,181.34567055060543,0.28558373315055974,410.06254283755993,238.0,216.0,71.0,22.0,True,True,,Basketball Reference 2025-26 stats and 2025-26 listed salary
P0109,2025-26,Danté Exum,WAS,,Unknown,Unknown,,2296274.0,2.296274,2296274.0,2.296274,,,,,,,,,,,,,,,,,,,,,,,,,,,,,,,,,,,,,0.0,,,,,0.0,,,,,False,False,,Basketball Reference 2025-26 stats and 2025-26 listed salary
P0110,2025-26,Dario Šarić,DET,SAC,C,Center,31.0,5426400.0,5.4264,5426400.0,5.4264,5.0,0.0,41.0,8.2,5.0,1.0,6.0,1.2,2.0,0.4,0.0,0.0,0.0,0.0,2.0,0.4,1.0,6.0,0.167,1.0,3.0,0.333,0.0,3.0,0.0,0.25,2.0,2.0,1.0,0.6,0.363,9.2,-0.1,-0.081,-9.0,-0.1,13.2,1085280.0,,0.921421200058971,-0.01842842400117942,2.4325519681556833,,,,,False,True,,Basketball Reference 2025-26 stats and 2025-26 listed salary
P0111,2025-26,Dariq Whitehead,BRK,MEM,SF,Wing,21.0,3262560.0,3.26256,3262560.0,3.26256,6.0,2.0,183.0,30.5,98.0,16.3,24.0,4.0,9.0,1.5,4.0,0.7,0.0,0.0,10.0,1.7,37.0,93.0,0.398,19.0,60.0,0.317,18.0,33.0,0.545,0.5,5.0,7.0,0.714,8.7,0.51,24.1,-0.2,-0.047,-8.0,-0.3,142.3,33291.42857142857,,30.037761757638172,-0.06130155460742485,43.61605610318278,,,,,False,True,,Basketball Reference 2025-26 stats and 2025-26 listed salary
P0112,2025-26,Darius Garland,LAC,2TM,PG,Guard,26.0,39446090.0,39.44609,126499530.0,126.49953,45.0,43.0,1344.0,29.9,845.0,18.8,107.0,2.4,301.0,6.7,43.0,1.0,8.0,0.2,130.0,2.9,309.0,672.0,0.46,122.0,308.0,0.396,187.0,364.0,0.514,0.551,105.0,122.0,0.861,17.1,0.582,27.4,2.6,0.092,-0.2,0.6,1447.9,46681.76331360947,15171573.076923076,21.421641536588293,0.06591274318950244,36.70579264003099,14.0,155.0,346.0,-141.0,True,True,,Basketball Reference 2025-26 stats and 2025-26 listed salary
P0113,2025-26,Davion Mitchell,MIA,MIA,PG,Guard,27.0,11600000.0,11.6,24000000.0,24.0,70.0,70.0,2000.0,28.6,654.0,9.3,186.0,2.7,453.0,6.5,68.0,1.0,11.0,0.2,108.0,1.5,261.0,533.0,0.49,90.0,228.0,0.395,171.0,305.0,0.561,0.574,42.0,65.0,0.646,12.1,0.582,13.6,4.3,0.104,-0.9,0.6,1685.7,17737.003058103975,2697674.4186046515,56.37931034482759,0.3706896551724138,145.3189655172414,110.0,116.0,188.0,-6.0,True,True,,Basketball Reference 2025-26 stats and 2025-26 listed salary
P0114,2025-26,Day'Ron Sharpe,BRK,BRK,C,Center,24.0,6250000.0,6.25,6250000.0,6.25,62.0,7.0,1160.0,18.7,540.0,8.7,413.0,6.7,145.0,2.3,67.0,1.1,26.0,0.4,106.0,1.7,214.0,356.0,0.601,9.0,39.0,0.231,205.0,317.0,0.647,0.614,103.0,152.0,0.678,20.5,0.638,19.9,3.5,0.144,1.4,1.0,1426.1,11574.074074074075,1785714.2857142857,86.4,0.56,228.176,174.0,160.0,137.0,14.0,True,True,,Basketball Reference 2025-26 stats and 2025-26 listed salary
P0115,2025-26,De'Aaron Fox,SAS,SAS,PG,Guard,28.0,37096620.0,37.09662,260200620.0,260.20062,72.0,72.0,2231.0,31.0,1336.0,18.6,270.0,3.8,445.0,6.2,89.0,1.2,19.0,0.3,164.0,2.3,509.0,1047.0,0.486,131.0,395.0,0.332,378.0,652.0,0.58,0.549,187.0,246.0,0.76,17.6,0.578,24.9,6.4,0.138,2.2,2.4,2487.5,27766.93113772455,5796346.875,36.01406273671294,0.17252245622377457,67.05462654009987,20.0,41.0,297.0,-21.0,True,True,AS,Basketball Reference 2025-26 stats and 2025-26 listed salary
P0116,2025-26,De'Andre Hunter,SAC,2TM,SF,Wing,28.0,23303571.0,23.303571,48214285.0,48.214285,45.0,25.0,1176.0,26.1,615.0,13.7,185.0,4.1,90.0,2.0,30.0,0.7,6.0,0.1,75.0,1.7,208.0,501.0,0.415,75.0,246.0,0.305,133.0,255.0,0.522,0.49,124.0,143.0,0.867,11.4,0.545,22.9,1.1,0.044,-3.9,-0.6,1005.0,37891.98536585366,21185064.545454543,26.390805083049287,0.047203066002201984,43.12643757473908,53.0,250.0,338.0,-197.0,True,True,,Basketball Reference 2025-26 stats and 2025-26 listed salary
P0117,2025-26,De'Anthony Melton,GSW,GSW,PG,Guard,27.0,3080921.0,3.080921,3080921.0,3.080921,49.0,24.0,1125.0,23.0,602.0,12.3,158.0,3.2,125.0,2.6,77.0,1.6,20.0,0.4,91.0,1.9,215.0,528.0,0.407,72.0,245.0,0.294,143.0,283.0,0.505,0.475,100.0,121.0,0.826,13.4,0.518,25.4,0.7,0.031,-2.5,-0.1,1179.1,5117.808970099668,4401315.714285715,195.39611694035648,0.22720478713994938,382.71023502387754,233.0,212.0,80.0,21.0,True,True,,Basketball Reference 2025-26 stats and 2025-26 listed salary
P0118,2025-26,DeAndre Jordan,NOP,NOP,C,Center,37.0,2269880.0,2.26988,2269880.0,2.26988,12.0,7.0,199.0,16.6,53.0,4.4,76.0,6.3,11.0,0.9,4.0,0.3,10.0,0.8,9.0,0.8,21.0,32.0,0.656,0.0,0.0,,21.0,32.0,0.656,0.656,11.0,17.0,0.647,15.7,0.671,10.1,0.6,0.134,-0.2,0.1,193.7,42827.92452830189,3783133.3333333335,23.34925194283398,0.26433115406981866,85.33490757220645,,,,,False,True,,Basketball Reference 2025-26 stats and 2025-26 listed salary
P0119,2025-26,DeMar DeRozan,SAC,SAC,PF,Forward,36.0,24570000.0,24.57,24570000.0,24.57,77.0,77.0,2406.0,31.2,1419.0,18.4,226.0,2.9,316.0,4.1,80.0,1.0,23.0,0.3,96.0,1.2,499.0,1005.0,0.497,47.0,147.0,0.32,452.0,858.0,0.527,0.52,374.0,431.0,0.868,17.8,0.594,22.8,5.6,0.112,-0.1,1.1,2377.2,17315.010570824525,4387500.0,57.753357753357754,0.2279202279202279,96.75213675213675,50.0,49.0,241.0,1.0,True,True,,Basketball Reference 2025-26 stats and 2025-26 listed salary
P0120,2025-26,Dean Wade,CLE,CLE,PF,Forward,29.0,6623456.0,6.623456,,,59.0,38.0,1318.0,22.3,342.0,5.8,247.0,4.2,88.0,1.5,44.0,0.7,23.0,0.4,16.0,0.3,122.0,278.0,0.439,71.0,196.0,0.362,51.0,82.0,0.622,0.567,27.0,38.0,0.711,10.9,0.58,9.9,3.1,0.114,0.2,0.7,955.4,19366.830409356724,2136598.709677419,51.63467531149901,0.4680336066246987,144.24493799007647,167.0,259.0,190.0,-92.0,True,True,,Basketball Reference 2025-26 stats and 2025-26 listed salary
P0121,2025-26,Deandre Ayton,LAL,LAL,C,Center,27.0,33654814.0,33.654814,8104000.0,8.104,72.0,72.0,1958.0,27.2,897.0,12.5,575.0,8.0,59.0,0.8,41.0,0.6,70.0,1.0,83.0,1.2,403.0,601.0,0.671,0.0,0.0,,403.0,601.0,0.671,0.671,91.0,141.0,0.645,18.2,0.676,16.7,6.2,0.152,-0.9,0.6,1925.5,37519.30211817168,5428195.806451613,26.65294777739672,0.18422327337776997,57.21321175627356,25.0,83.0,321.0,-58.0,True,True,,Basketball Reference 2025-26 stats and 2025-26 listed salary
P0122,2025-26,Deandre Ayton,POR,LAL,C,Center,27.0,33654814.0,33.654814,25550814.0,25.550814,72.0,72.0,1958.0,27.2,897.0,12.5,575.0,8.0,59.0,0.8,41.0,0.6,70.0,1.0,83.0,1.2,403.0,601.0,0.671,0.0,0.0,,403.0,601.0,0.671,0.671,91.0,141.0,0.645,18.2,0.676,16.7,6.2,0.152,-0.9,0.6,1925.5,37519.30211817168,5428195.806451613,26.65294777739672,0.18422327337776997,57.21321175627356,25.0,83.0,321.0,-58.0,True,True,,Basketball Reference 2025-26 stats and 2025-26 listed salary
P0123,2025-26,Dejounte Murray,NOP,NOP,PG,Guard,29.0,30801103.0,30.801103,63586174.0,63.586174,14.0,14.0,389.0,27.8,234.0,16.7,75.0,5.4,89.0,6.4,23.0,1.6,3.0,0.2,47.0,3.4,88.0,182.0,0.484,19.0,62.0,0.306,69.0,120.0,0.575,0.536,39.0,45.0,0.867,18.1,0.58,26.6,0.6,0.072,1.4,0.3,488.5,131628.6452991453,51335171.66666667,7.5971305313319455,0.019479821875210118,15.859821643400238,,,,,False,True,,Basketball Reference 2025-26 stats and 2025-26 listed salary
P0124,2025-26,Deni Avdija,POR,POR,SF,Wing,25.0,14375000.0,14.375,39375000.0,39.375,66.0,66.0,2199.0,33.3,1598.0,24.2,454.0,6.9,442.0,6.7,51.0,0.8,41.0,0.6,253.0,3.8,492.0,1064.0,0.462,125.0,393.0,0.318,367.0,671.0,0.547,0.521,489.0,610.0,0.802,20.3,0.6,29.3,7.0,0.152,4.3,3.5,2828.8,8995.619524405507,2053571.4285714286,111.16521739130435,0.48695652173913045,196.78608695652176,86.0,22.0,155.0,64.0,True,True,AS,Basketball Reference 2025-26 stats and 2025-26 listed salary
P0125,2025-26,Dennis Schröder,CLE,2TM,PG,Guard,32.0,14104000.0,14.104,28913200.0,28.9132,70.0,17.0,1697.0,24.2,756.0,10.8,190.0,2.7,341.0,4.9,55.0,0.8,11.0,0.2,124.0,1.8,255.0,629.0,0.405,75.0,228.0,0.329,180.0,401.0,0.449,0.465,171.0,205.0,0.834,12.9,0.526,21.0,1.5,0.043,-2.2,-0.1,1569.5,18656.084656084655,9402666.666666666,53.601815087918325,0.10635280771412366,111.28048780487805,89.0,137.0,219.0,-48.0,True,True,,Basketball Reference 2025-26 stats and 2025-26 listed salary
P0126,2025-26,Dereck Lively II,DAL,DAL,C,Center,21.0,5253360.0,5.25336,12492491.0,12.492491,7.0,4.0,115.0,16.4,30.0,4.3,37.0,5.3,13.0,1.9,4.0,0.6,11.0,1.6,10.0,1.4,11.0,18.0,0.611,0.0,0.0,,11.0,18.0,0.611,0.611,8.0,10.0,0.8,15.0,0.67,11.8,0.3,0.127,0.6,0.1,128.9,175112.0,17511200.0,5.710630910502992,0.05710630910502992,24.536677478794527,,,,,False,True,,Basketball Reference 2025-26 stats and 2025-26 listed salary
P0127,2025-26,Derik Queen,NOP,NOP,C,Center,21.0,5157960.0,5.15796,10574040.0,10.57404,81.0,48.0,2023.0,25.0,948.0,11.7,572.0,7.1,298.0,3.7,84.0,1.0,74.0,0.9,190.0,2.3,354.0,748.0,0.473,23.0,88.0,0.261,331.0,660.0,0.502,0.489,217.0,273.0,0.795,15.9,0.546,21.8,2.7,0.063,-0.8,0.6,2365.4,5440.886075949367,1910355.5555555555,183.79359281576436,0.523462764348696,458.59215658903906,192.0,50.0,62.0,142.0,True,True,,Basketball Reference 2025-26 stats and 2025-26 listed salary
P0128,2025-26,Derrick Jones Jr.,LAC,LAC,SF,Wing,28.0,10000000.0,10.0,20476190.0,20.47619,50.0,45.0,1350.0,27.0,504.0,10.1,173.0,3.5,69.0,1.4,45.0,0.9,50.0,1.0,40.0,0.8,189.0,379.0,0.499,55.0,153.0,0.359,134.0,226.0,0.593,0.571,71.0,93.0,0.763,13.3,0.6,15.1,2.8,0.1,-0.7,0.5,1060.1,19841.26984126984,3571428.571428572,50.4,0.27999999999999997,106.00999999999999,128.0,235.0,223.0,-107.0,True,True,,Basketball Reference 2025-26 stats and 2025-26 listed salary
P0129,2025-26,Derrick White,BOS,BOS,SG,Guard,31.0,28100000.0,28.1,91044000.0,91.044,77.0,77.0,2625.0,34.1,1267.0,16.5,339.0,4.4,414.0,5.4,88.0,1.1,98.0,1.3,134.0,1.7,437.0,1108.0,0.394,209.0,640.0,0.327,228.0,468.0,0.487,0.489,184.0,204.0,0.902,16.0,0.529,22.0,7.0,0.129,3.2,3.5,2718.8,22178.37411207577,4014285.714285714,45.088967971530245,0.24911032028469748,96.75444839857651,39.0,27.0,240.0,12.0,True,True,"DPOY-6,DEF1",Basketball Reference 2025-26 stats and 2025-26 listed salary
P0130,2025-26,Desmond Bane,ORL,ORL,SG,Guard,27.0,36725670.0,36.72567,163225200.0,163.2252,82.0,82.0,2756.0,33.6,1647.0,20.1,338.0,4.1,338.0,4.1,86.0,1.0,37.0,0.5,164.0,2.0,583.0,1205.0,0.484,167.0,427.0,0.391,416.0,778.0,0.535,0.553,314.0,346.0,0.908,16.9,0.607,23.3,7.4,0.129,1.4,2.3,2764.6,22298.524590163935,4962928.378378378,44.846016423934536,0.201493941431157,75.27704736224008,21.0,24.0,275.0,-3.0,True,True,,Basketball Reference 2025-26 stats and 2025-26 listed salary
P0131,2025-26,Devin Booker,PHO,PHO,SG,Guard,29.0,53142264.0,53.142264,235302136.0,235.302136,64.0,64.0,2146.0,33.5,1668.0,26.1,248.0,3.9,386.0,6.0,51.0,0.8,18.0,0.3,201.0,3.1,546.0,1198.0,0.456,122.0,370.0,0.33,424.0,828.0,0.512,0.507,454.0,520.0,0.873,20.4,0.585,32.2,6.5,0.145,2.2,2.3,2550.6,31859.87050359712,8175732.923076923,31.3874470986031,0.12231319313004806,47.995696984230854,5.0,34.0,334.0,-29.0,True,True,AS,Basketball Reference 2025-26 stats and 2025-26 listed salary
P0132,2025-26,Devin Carter,SAC,SAC,PG,Guard,23.0,4923720.0,4.92372,10081800.0,10.0818,38.0,12.0,700.0,18.4,339.0,8.9,125.0,3.3,101.0,2.7,34.0,0.9,9.0,0.2,54.0,1.4,121.0,292.0,0.414,30.0,114.0,0.263,91.0,178.0,0.511,0.466,67.0,94.0,0.713,13.8,0.508,23.5,0.2,0.012,-2.6,-0.1,715.5,14524.247787610619,24618600.0,68.85038141892714,0.0406196940524644,145.31695547269138,196.0,305.0,189.0,-109.0,True,True,,Basketball Reference 2025-26 stats and 2025-26 listed salary
P0133,2025-26,Devin Vassell,SAS,SAS,SG,Guard,25.0,27000000.0,27.0,105652174.0,105.652174,67.0,65.0,2044.0,30.5,932.0,13.9,269.0,4.0,167.0,2.5,57.0,0.9,25.0,0.4,60.0,0.9,330.0,755.0,0.437,166.0,432.0,0.384,164.0,323.0,0.508,0.547,106.0,130.0,0.815,13.0,0.574,18.0,4.9,0.115,0.5,1.3,1691.3,28969.957081545064,5510204.081632652,34.51851851851852,0.1814814814814815,62.64074074074074,42.0,112.0,306.0,-70.0,True,True,,Basketball Reference 2025-26 stats and 2025-26 listed salary
P0134,2025-26,Didi Louzada,POR,,Unknown,Unknown,,268032.0,0.268032,1072128.0,1.072128,,,,,,,,,,,,,,,,,,,,,,,,,,,,,,,,,,,,,0.0,,,,,0.0,,,,,False,False,,Basketball Reference 2025-26 stats and 2025-26 listed salary
P0135,2025-26,Dillon Brooks,PHO,PHO,SF,Wing,30.0,21124110.0,21.12411,41116837.0,41.116837,56.0,56.0,1702.0,30.4,1131.0,20.2,203.0,3.6,99.0,1.8,57.0,1.0,9.0,0.2,98.0,1.8,417.0,959.0,0.435,127.0,369.0,0.344,290.0,590.0,0.492,0.501,170.0,202.0,0.842,14.1,0.54,28.6,2.1,0.058,-2.3,-0.1,1623.1,18677.37400530504,10059100.0,53.54071721838221,0.09941247228877334,76.8363732247181,59.0,128.0,272.0,-69.0,True,True,,Basketball Reference 2025-26 stats and 2025-26 listed salary
P0136,2025-26,Dillon Jones,WAS,NYK,SF,Wing,24.0,2753280.0,2.75328,2753280.0,2.75328,7.0,0.0,39.0,5.6,9.0,1.3,7.0,1.0,4.0,0.6,3.0,0.4,0.0,0.0,0.0,0.0,2.0,9.0,0.222,1.0,5.0,0.2,1.0,4.0,0.25,0.278,4.0,4.0,1.0,10.3,0.418,11.8,0.1,0.134,-2.6,0.0,32.4,305920.0,27532800.0,3.268828451882845,0.03632031613203161,11.767782426778242,,,,,False,True,,Basketball Reference 2025-26 stats and 2025-26 listed salary
P0137,2025-26,Domantas Sabonis,SAC,SAC,C,Center,29.0,42336000.0,42.336,136416000.0,136.416,19.0,15.0,564.0,29.7,301.0,15.8,216.0,11.4,78.0,4.1,18.0,0.9,4.0,0.2,51.0,2.7,120.0,221.0,0.543,5.0,27.0,0.185,115.0,194.0,0.593,0.554,56.0,77.0,0.727,19.2,0.59,23.0,1.1,0.095,0.6,0.4,692.2,140651.16279069768,38487272.72727273,7.10978835978836,0.025982615268329557,16.350151171579746,,,,,False,True,,Basketball Reference 2025-26 stats and 2025-26 listed salary
P0138,2025-26,Dominick Barlow,PHI,PHI,PF,Forward,22.0,3415000.0,3.415,3415000.0,3.415,71.0,59.0,1689.0,23.8,545.0,7.7,340.0,4.8,87.0,1.2,63.0,0.9,53.0,0.7,56.0,0.8,215.0,399.0,0.539,21.0,82.0,0.256,194.0,317.0,0.612,0.565,94.0,131.0,0.718,13.2,0.597,12.8,3.9,0.112,-1.1,0.4,1375.5,6266.05504587156,875641.0256410256,159.5900439238653,1.1420204978038067,402.7818448023426,225.0,170.0,72.0,55.0,True,True,,Basketball Reference 2025-26 stats and 2025-26 listed salary
P0139,2025-26,Donovan Clingan,POR,POR,C,Center,21.0,7178400.0,7.1784,14698320.0,14.69832,77.0,77.0,2094.0,27.2,934.0,12.1,892.0,11.6,162.0,2.1,44.0,0.6,130.0,1.7,95.0,1.2,356.0,684.0,0.52,84.0,246.0,0.341,272.0,438.0,0.621,0.582,138.0,203.0,0.68,20.9,0.604,16.9,8.6,0.197,3.0,2.6,2674.3999999999996,7685.653104925053,834697.6744186047,130.112559901928,1.198038560124819,372.56213083695525,159.0,30.0,85.0,129.0,True,True,,Basketball Reference 2025-26 stats and 2025-26 listed salary
P0140,2025-26,Donovan Mitchell,CLE,CLE,SG,Guard,29.0,46394100.0,46.3941,96499728.0,96.499728,70.0,70.0,2342.0,33.5,1952.0,27.9,316.0,4.5,398.0,5.7,104.0,1.5,20.0,0.3,198.0,2.8,678.0,1403.0,0.483,224.0,616.0,0.364,454.0,787.0,0.577,0.563,372.0,430.0,0.865,22.9,0.613,32.2,8.2,0.169,5.1,4.2,3102.2,23767.469262295082,5657817.073170732,42.07431548408095,0.17674661217697937,66.86626101163725,10.0,14.0,299.0,-4.0,True,True,"MVP-7,AS,NBA2",Basketball Reference 2025-26 stats and 2025-26 listed salary
P0141,2025-26,Donte DiVincenzo,MIN,MIN,SG,Guard,29.0,11990000.0,11.99,24525000.0,24.525,82.0,82.0,2494.0,30.4,1000.0,12.2,336.0,4.1,313.0,3.8,104.0,1.3,34.0,0.4,118.0,1.4,339.0,835.0,0.406,244.0,644.0,0.379,95.0,191.0,0.497,0.552,78.0,105.0,0.743,12.5,0.567,16.9,5.2,0.1,0.8,1.7,2168.7,11990.0,2305769.2307692305,83.40283569641367,0.43369474562135113,180.87572977481233,107.0,64.0,165.0,43.0,True,True,,Basketball Reference 2025-26 stats and 2025-26 listed salary
P0142,2025-26,Dorian Finney-Smith,HOU,HOU,PF,Forward,32.0,12700000.0,12.7,39370000.0,39.37,37.0,1.0,620.0,16.8,123.0,3.3,93.0,2.5,36.0,1.0,16.0,0.4,6.0,0.2,22.0,0.6,44.0,132.0,0.333,27.0,100.0,0.27,17.0,32.0,0.531,0.436,8.0,9.0,0.889,5.8,0.452,10.7,0.5,0.042,-4.3,-0.4,332.6,103252.0325203252,25400000.0,9.68503937007874,0.03937007874015748,26.18897637795276,103.0,356.0,358.0,-253.0,True,True,,Basketball Reference 2025-26 stats and 2025-26 listed salary
P0143,2025-26,Doug McDermott,SAC,SAC,SF,Wing,34.0,2296274.0,2.296274,2296274.0,2.296274,29.0,0.0,439.0,15.1,164.0,5.7,37.0,1.3,22.0,0.8,6.0,0.2,4.0,0.1,13.0,0.4,54.0,139.0,0.388,48.0,123.0,0.39,6.0,16.0,0.375,0.561,8.0,9.0,0.889,8.6,0.574,15.1,0.2,0.018,-4.4,-0.3,258.4,14001.670731707318,11481370.0,71.42004830433999,0.08709761988334146,112.53012488927715,,,,,False,True,,Basketball Reference 2025-26 stats and 2025-26 listed salary
P0144,2025-26,Drake Powell,BRK,BRK,SG,Guard,20.0,3372240.0,3.37224,6912840.0,6.91284,63.0,24.0,1320.0,21.0,408.0,6.5,111.0,1.8,91.0,1.4,36.0,0.6,14.0,0.2,60.0,1.0,144.0,358.0,0.402,51.0,182.0,0.28,93.0,176.0,0.528,0.473,69.0,77.0,0.896,7.3,0.521,14.9,-0.1,-0.003,-6.0,-1.3,767.7,8265.29411764706,,120.98783004768343,-0.0296538799136479,227.65283609707495,227.0,297.0,139.0,-70.0,True,True,,Basketball Reference 2025-26 stats and 2025-26 listed salary
P0145,2025-26,Draymond Green,GSW,GSW,PF,Forward,35.0,25892857.0,25.892857,25892857.0,25.892857,68.0,68.0,1869.0,27.5,570.0,8.4,375.0,5.5,376.0,5.5,61.0,0.9,42.0,0.6,181.0,2.7,205.0,491.0,0.418,101.0,310.0,0.326,104.0,181.0,0.575,0.52,59.0,84.0,0.702,10.4,0.54,16.1,1.7,0.044,-1.4,0.3,1712.0,45426.0649122807,15231092.352941178,22.013793224903687,0.06565517277602854,66.11862105444757,45.0,109.0,301.0,-64.0,True,True,DPOY-11,Basketball Reference 2025-26 stats and 2025-26 listed salary
P0146,2025-26,Drew Eubanks,SAC,SAC,C,Center,28.0,2296274.0,2.296274,2296274.0,2.296274,42.0,11.0,552.0,13.1,219.0,5.2,127.0,3.0,19.0,0.5,15.0,0.4,26.0,0.6,30.0,0.7,93.0,156.0,0.596,1.0,7.0,0.143,92.0,149.0,0.617,0.599,32.0,57.0,0.561,13.6,0.605,16.3,0.6,0.053,-3.7,-0.2,492.9,10485.269406392694,3827123.3333333335,95.37189377225889,0.26129285965002436,214.652084202495,254.0,338.0,144.0,-84.0,True,True,,Basketball Reference 2025-26 stats and 2025-26 listed salary
P0147,2025-26,Drew Timme,BRK,LAL,PF,Forward,25.0,1955377.0,1.955377,1955377.0,1.955377,27.0,1.0,235.0,8.7,92.0,3.4,33.0,1.2,23.0,0.9,6.0,0.2,0.0,0.0,13.0,0.5,38.0,66.0,0.576,11.0,25.0,0.44,27.0,41.0,0.659,0.659,5.0,9.0,0.556,12.6,0.658,15.4,0.4,0.092,-2.2,0.0,171.1,21254.097826086956,4888442.5,47.04975050846972,0.20456413264552056,87.5023077391214,,,,,False,True,,Basketball Reference 2025-26 stats and 2025-26 listed salary
P0148,2025-26,Dru Smith,MIA,MIA,SG,Guard,28.0,2378870.0,2.37887,2378870.0,2.37887,70.0,1.0,1141.0,16.3,395.0,5.6,173.0,2.5,180.0,2.6,100.0,1.4,21.0,0.3,55.0,0.8,135.0,325.0,0.415,38.0,129.0,0.295,97.0,196.0,0.495,0.474,87.0,105.0,0.829,14.5,0.532,15.2,3.0,0.127,2.2,1.2,1180.6,6022.455696202532,792956.6666666666,166.0452231521689,1.261102960649384,496.28605178088753,250.0,210.0,53.0,40.0,True,True,,Basketball Reference 2025-26 stats and 2025-26 listed salary
P0149,2025-26,Duncan Robinson,DET,DET,SG,Guard,31.0,16834692.0,16.834692,16834692.0,16.834692,77.0,77.0,2113.0,27.4,939.0,12.2,205.0,2.7,159.0,2.1,44.0,0.6,22.0,0.3,54.0,0.7,318.0,698.0,0.456,220.0,536.0,0.41,98.0,162.0,0.605,0.613,83.0,110.0,0.755,12.4,0.629,15.8,6.1,0.139,0.8,1.5,1567.5,17928.31948881789,2759785.573770492,55.77767624141861,0.36234699155767147,93.11129660109017,79.0,138.0,245.0,-59.0,True,True,,Basketball Reference 2025-26 stats and 2025-26 listed salary
P0150,2025-26,Duop Reath,ATL,POR,C,Center,29.0,2221677.0,2.221677,,,32.0,0.0,258.0,8.1,94.0,2.9,38.0,1.2,10.0,0.3,5.0,0.2,8.0,0.3,7.0,0.2,33.0,74.0,0.446,23.0,55.0,0.418,10.0,19.0,0.526,0.601,5.0,6.0,0.833,10.6,0.613,13.2,0.6,0.103,-0.9,0.1,186.6,23634.86170212766,3702795.0,42.31038085194202,0.27006626075707674,83.99060709545086,,,,,False,True,,Basketball Reference 2025-26 stats and 2025-26 listed salary
P0151,2025-26,Dwight Powell,DAL,DAL,C,Center,34.0,4000000.0,4.0,4000000.0,4.0,63.0,12.0,904.0,14.3,210.0,3.3,257.0,4.1,68.0,1.1,34.0,0.5,21.0,0.3,41.0,0.7,65.0,101.0,0.644,2.0,7.0,0.286,63.0,94.0,0.67,0.653,78.0,112.0,0.696,12.6,0.699,8.9,2.6,0.138,-1.4,0.1,744.4,19047.619047619046,1538461.5384615385,52.5,0.65,186.1,210.0,300.0,162.0,-90.0,True,True,,Basketball Reference 2025-26 stats and 2025-26 listed salary
P0152,2025-26,Dylan Harper,SAS,SAS,SG,Guard,19.0,12370320.0,12.37032,25359360.0,25.35936,69.0,4.0,1558.0,22.6,813.0,11.8,234.0,3.4,266.0,3.9,54.0,0.8,24.0,0.3,99.0,1.4,331.0,656.0,0.505,61.0,178.0,0.343,270.0,478.0,0.565,0.551,90.0,119.0,0.756,16.2,0.574,21.8,4.2,0.13,1.4,1.3,1627.8,15215.645756457565,2945314.2857142854,65.72182449605184,0.3395223405700095,131.5891585666337,104.0,126.0,203.0,-22.0,True,True,"ROY-4,6MOY-11",Basketball Reference 2025-26 stats and 2025-26 listed salary
P0153,2025-26,Dyson Daniels,ATL,ATL,SG,Guard,22.0,7707709.0,7.707709,107707709.0,107.707709,76.0,76.0,2520.0,33.2,901.0,11.9,520.0,6.8,449.0,5.9,149.0,2.0,31.0,0.4,135.0,1.8,402.0,777.0,0.517,22.0,117.0,0.188,380.0,660.0,0.576,0.532,75.0,122.0,0.615,15.5,0.542,16.0,6.6,0.126,1.3,2.1,2603.5,8554.615982241954,1167834.696969697,116.89595442692504,0.8562855707188737,337.7787096009981,152.0,32.0,94.0,120.0,True,True,"DPOY-9,DEF2",Basketball Reference 2025-26 stats and 2025-26 listed salary
P0154,2025-26,E.J. Liddell,PHO,BRK,PF,Forward,25.0,706898.0,0.706898,1413796.0,1.413796,26.0,5.0,349.0,13.4,147.0,5.7,69.0,2.7,24.0,0.9,6.0,0.2,10.0,0.4,15.0,0.6,54.0,111.0,0.486,18.0,52.0,0.346,36.0,59.0,0.61,0.568,21.0,26.0,0.808,12.6,0.6,17.2,0.5,0.074,-3.3,-0.1,298.8,4808.829931972789,1413796.0,207.95079346666702,0.7073156240362825,422.6918169240824,,,,,False,True,,Basketball Reference 2025-26 stats and 2025-26 listed salary
P0155,2025-26,Egor Dёmin,BRK,BRK,PG,Guard,19.0,6889200.0,6.8892,14122920.0,14.12292,52.0,45.0,1308.0,25.2,536.0,10.3,165.0,3.2,173.0,3.3,42.0,0.8,17.0,0.3,86.0,1.7,179.0,449.0,0.399,124.0,322.0,0.385,55.0,127.0,0.433,0.537,54.0,65.0,0.831,11.3,0.561,18.8,0.9,0.032,-1.6,0.1,1084.5,12852.985074626866,7654666.666666666,77.80293793183534,0.1306392614527086,157.42031005051385,162.0,232.0,181.0,-70.0,True,True,,Basketball Reference 2025-26 stats and 2025-26 listed salary
P0156,2025-26,Eric Gordon,MEM,PHI,SG,Guard,37.0,2296274.0,2.296274,2296274.0,2.296274,6.0,0.0,74.0,12.3,33.0,5.5,2.0,0.3,3.0,0.5,4.0,0.7,1.0,0.2,3.0,0.5,12.0,21.0,0.571,8.0,14.0,0.571,4.0,7.0,0.571,0.762,1.0,2.0,0.5,14.4,0.754,14.2,0.2,0.116,2.4,0.1,51.9,69584.06060606061,11481370.0,14.371107280751339,0.08709761988334146,22.601832359727105,,,,,False,True,,Basketball Reference 2025-26 stats and 2025-26 listed salary
P0157,2025-26,Evan Mobley,CLE,CLE,PF,Forward,24.0,46394100.0,46.3941,269085780.0,269.08578,65.0,63.0,2074.0,31.9,1180.0,18.2,586.0,9.0,234.0,3.6,48.0,0.7,113.0,1.7,122.0,1.9,469.0,859.0,0.546,62.0,209.0,0.297,407.0,650.0,0.626,0.582,180.0,297.0,0.606,20.0,0.596,22.6,6.5,0.15,3.0,2.6,2595.2,39317.03389830508,7137553.846153846,25.434268581565327,0.14010402184760562,55.93814730752401,10.0,33.0,323.0,-23.0,True,True,,Basketball Reference 2025-26 stats and 2025-26 listed salary
P0158,2025-26,Franz Wagner,ORL,ORL,SF,Wing,24.0,38661750.0,38.66175,224238150.0,224.23815,34.0,32.0,1019.0,30.0,699.0,20.6,177.0,5.2,113.0,3.3,32.0,0.9,11.0,0.3,58.0,1.7,244.0,507.0,0.481,48.0,139.0,0.345,196.0,368.0,0.533,0.529,163.0,198.0,0.823,19.2,0.588,27.0,2.8,0.134,2.5,1.2,1151.9,55310.08583690987,13807767.857142858,18.079885157811017,0.0724230020627623,29.794305741462818,16.0,214.0,353.0,-198.0,True,True,,Basketball Reference 2025-26 stats and 2025-26 listed salary
P0159,2025-26,Fred VanVleet,HOU,,Unknown,Unknown,,25000000.0,25.0,25000000.0,25.0,,,,,,,,,,,,,,,,,,,,,,,,,,,,,,,,,,,,,0.0,,,,,0.0,,,,,False,False,,Basketball Reference 2025-26 stats and 2025-26 listed salary
P0160,2025-26,GG Jackson II,MEM,MEM,PF,Forward,21.0,2221677.0,2.221677,2221677.0,2.221677,55.0,28.0,1178.0,21.4,686.0,12.5,235.0,4.3,81.0,1.5,31.0,0.6,44.0,0.8,85.0,1.5,255.0,514.0,0.496,64.0,193.0,0.332,191.0,321.0,0.595,0.558,112.0,151.0,0.742,15.6,0.591,23.5,1.3,0.052,-1.2,0.2,1229.5,3238.5962099125363,1708982.3076923077,308.77575813225775,0.5851435649736663,553.4107793347098,256.0,199.0,44.0,57.0,True,True,,Basketball Reference 2025-26 stats and 2025-26 listed salary
P0161,2025-26,Gabe McGlothan,IND,,Unknown,Unknown,,73153.0,0.073153,73153.0,0.073153,,,,,,,,,,,,,,,,,,,,,,,,,,,,,,,,,,,,,0.0,,,,,0.0,,,,,False,False,,Basketball Reference 2025-26 stats and 2025-26 listed salary
P0162,2025-26,Gabe Vincent,ATL,2TM,PG,Guard,29.0,11500000.0,11.5,11500000.0,11.5,53.0,7.0,879.0,16.6,231.0,4.4,54.0,1.0,76.0,1.4,27.0,0.5,3.0,0.1,27.0,0.5,76.0,216.0,0.352,59.0,173.0,0.341,17.0,43.0,0.395,0.488,20.0,23.0,0.87,6.5,0.511,12.3,0.6,0.035,-4.3,-0.5,472.8,49783.54978354978,19166666.666666668,20.08695652173913,0.05217391304347826,41.11304347826087,113.0,344.0,341.0,-231.0,True,True,,Basketball Reference 2025-26 stats and 2025-26 listed salary
P0163,2025-26,Garrett Temple,TOR,TOR,SG,Guard,39.0,2296274.0,2.296274,2296274.0,2.296274,22.0,0.0,73.0,3.3,17.0,0.8,9.0,0.4,9.0,0.4,4.0,0.2,2.0,0.1,7.0,0.3,4.0,15.0,0.267,3.0,12.0,0.25,1.0,3.0,0.333,0.367,6.0,9.0,0.667,5.7,0.448,15.3,0.0,-0.022,-4.9,-0.1,52.3,135074.9411764706,,7.403297690084023,0.0,22.776027599493787,,,,,False,True,,Basketball Reference 2025-26 stats and 2025-26 listed salary
P0164,2025-26,Garrison Mathews,IND,IND,SG,Guard,29.0,429325.0,0.429325,561295.0,0.561295,15.0,1.0,196.0,13.1,78.0,5.2,17.0,1.1,10.0,0.7,6.0,0.4,3.0,0.2,3.0,0.2,21.0,52.0,0.404,17.0,46.0,0.37,4.0,6.0,0.667,0.567,19.0,23.0,0.826,11.2,0.628,14.1,0.4,0.097,-1.3,0.0,137.4,5504.166666666667,1073312.5,181.68054504163513,0.931695102777616,320.0372678041111,,,,,False,True,,Basketball Reference 2025-26 stats and 2025-26 listed salary
P0165,2025-26,Garrison Mathews,IND,IND,SG,Guard,29.0,429325.0,0.429325,561295.0,0.561295,15.0,1.0,196.0,13.1,78.0,5.2,17.0,1.1,10.0,0.7,6.0,0.4,3.0,0.2,3.0,0.2,21.0,52.0,0.404,17.0,46.0,0.37,4.0,6.0,0.667,0.567,19.0,23.0,0.826,11.2,0.628,14.1,0.4,0.097,-1.3,0.0,137.4,5504.166666666667,1073312.5,181.68054504163513,0.931695102777616,320.0372678041111,,,,,False,True,,Basketball Reference 2025-26 stats and 2025-26 listed salary
P0166,2025-26,Garrison Mathews,IND,IND,SG,Guard,29.0,429325.0,0.429325,561295.0,0.561295,15.0,1.0,196.0,13.1,78.0,5.2,17.0,1.1,10.0,0.7,6.0,0.4,3.0,0.2,3.0,0.2,21.0,52.0,0.404,17.0,46.0,0.37,4.0,6.0,0.667,0.567,19.0,23.0,0.826,11.2,0.628,14.1,0.4,0.097,-1.3,0.0,137.4,5504.166666666667,1073312.5,181.68054504163513,0.931695102777616,320.0372678041111,,,,,False,True,,Basketball Reference 2025-26 stats and 2025-26 listed salary
P0167,2025-26,Gary Harris,MIL,MIL,SG,Guard,31.0,3634153.0,3.634153,3634153.0,3.634153,48.0,2.0,661.0,13.8,128.0,2.7,61.0,1.3,51.0,1.1,27.0,0.6,9.0,0.2,19.0,0.4,46.0,104.0,0.442,28.0,68.0,0.412,18.0,36.0,0.5,0.577,8.0,9.0,0.889,8.0,0.593,8.5,0.7,0.054,-2.5,-0.1,366.7,28391.8203125,5191647.142857143,35.22141197687604,0.19261709674854086,100.90384196812848,221.0,354.0,231.0,-133.0,True,True,,Basketball Reference 2025-26 stats and 2025-26 listed salary
P0168,2025-26,Gary Payton II,GSW,GSW,SG,Guard,33.0,2296274.0,2.296274,2296274.0,2.296274,73.0,1.0,1142.0,15.6,547.0,7.5,265.0,3.6,123.0,1.7,67.0,0.9,21.0,0.3,62.0,0.8,242.0,415.0,0.583,37.0,127.0,0.291,205.0,288.0,0.712,0.628,26.0,40.0,0.65,18.3,0.632,18.4,3.5,0.149,1.9,1.1,1251.5,4197.941499085923,656078.2857142857,238.21199038093886,1.5242083479584754,545.0133564200091,254.0,194.0,46.0,60.0,True,True,,Basketball Reference 2025-26 stats and 2025-26 listed salary
P0169,2025-26,Gary Trent Jr.,MIL,MIL,SG,Guard,27.0,3697105.0,3.697105,3697105.0,3.697105,65.0,21.0,1377.0,21.2,529.0,8.1,67.0,1.0,79.0,1.2,34.0,0.5,3.0,0.0,41.0,0.6,183.0,473.0,0.387,123.0,342.0,0.36,60.0,131.0,0.458,0.517,40.0,52.0,0.769,8.0,0.533,17.2,-0.1,-0.002,-5.4,-1.2,797.9,6988.856332703213,,143.08492726065393,-0.0270481904084412,215.81751126895233,216.0,286.0,143.0,-70.0,True,True,,Basketball Reference 2025-26 stats and 2025-26 listed salary
P0170,2025-26,Georges Niang,MEM,,Unknown,Unknown,,8200000.0,8.2,8200000.0,8.2,,,,,,,,,,,,,,,,,,,,,,,,,,,,,,,,,,,,,0.0,,,,,0.0,,,,,False,False,,Basketball Reference 2025-26 stats and 2025-26 listed salary
P0171,2025-26,Giannis Antetokounmpo,MIL,MIL,PF,Forward,31.0,54126450.0,54.12645,112583016.0,112.583016,36.0,36.0,1039.0,28.9,993.0,27.6,352.0,9.8,196.0,5.4,34.0,0.9,24.0,0.7,115.0,3.2,373.0,598.0,0.624,15.0,45.0,0.333,358.0,553.0,0.647,0.636,232.0,357.0,0.65,32.6,0.658,37.0,5.0,0.231,9.5,3.0,1768.4,54508.006042296074,10825290.0,18.345928838857898,0.09237627814127844,32.67164205300736,4.0,103.0,349.0,-99.0,True,True,AS,Basketball Reference 2025-26 stats and 2025-26 listed salary
P0172,2025-26,Goga Bitadze,ORL,ORL,C,Center,26.0,8333333.0,8.333333,15942029.0,15.942029,64.0,3.0,972.0,15.2,375.0,5.9,320.0,5.0,84.0,1.3,37.0,0.6,61.0,1.0,43.0,0.7,152.0,225.0,0.676,2.0,11.0,0.182,150.0,214.0,0.701,0.68,69.0,97.0,0.711,20.1,0.7,13.5,4.4,0.218,2.8,1.2,1136.0,22222.221333333335,1893939.3181818181,45.00000180000007,0.5280000211200009,136.32000545280022,144.0,217.0,197.0,-73.0,True,True,,Basketball Reference 2025-26 stats and 2025-26 listed salary
P0173,2025-26,Gradey Dick,TOR,TOR,SG,Guard,22.0,4990560.0,4.99056,12122071.0,12.122071,76.0,1.0,1067.0,14.0,455.0,6.0,147.0,1.9,51.0,0.7,45.0,0.6,7.0,0.1,43.0,0.6,161.0,384.0,0.419,56.0,186.0,0.301,105.0,198.0,0.53,0.492,77.0,88.0,0.875,10.7,0.538,18.7,1.4,0.064,-3.6,-0.4,820.9,10968.263736263736,3564685.7142857146,91.1721329870796,0.2805296399602449,164.49055817383217,195.0,281.0,177.0,-86.0,True,True,,Basketball Reference 2025-26 stats and 2025-26 listed salary
P0174,2025-26,Grant Nelson,BRK,BRK,PF,Forward,23.0,73153.0,0.073153,73153.0,0.073153,4.0,0.0,35.0,8.8,17.0,4.3,6.0,1.5,5.0,1.3,1.0,0.3,5.0,1.3,4.0,1.0,5.0,9.0,0.556,0.0,0.0,,5.0,9.0,0.556,0.556,7.0,10.0,0.7,17.6,0.634,21.7,0.1,0.098,2.2,0.0,45.7,4303.117647058823,731530.0,232.38964909162988,1.366997935833117,624.7180566757345,,,,,False,True,,Basketball Reference 2025-26 stats and 2025-26 listed salary
P0175,2025-26,Grant Williams,CHO,CHO,PF,Forward,27.0,13645500.0,13.6455,27911250.0,27.91125,36.0,3.0,711.0,19.8,252.0,7.0,142.0,3.9,56.0,1.6,17.0,0.5,18.0,0.5,31.0,0.9,78.0,183.0,0.426,52.0,134.0,0.388,26.0,49.0,0.531,0.568,44.0,54.0,0.815,12.9,0.609,14.1,1.9,0.131,1.6,0.7,580.4,54148.80952380953,7181842.105263159,18.467626690117623,0.13924004250485508,42.53416877358836,95.0,330.0,340.0,-235.0,True,True,,Basketball Reference 2025-26 stats and 2025-26 listed salary
P0176,2025-26,Grayson Allen,PHO,PHO,SG,Guard,30.0,16875000.0,16.875,35000000.0,35.0,51.0,27.0,1467.0,28.8,841.0,16.5,155.0,3.0,195.0,3.8,69.0,1.4,13.0,0.3,83.0,1.6,269.0,667.0,0.403,159.0,455.0,0.349,110.0,212.0,0.519,0.522,144.0,168.0,0.857,16.1,0.568,23.8,3.9,0.127,2.1,1.5,1482.5,20065.3983353151,4326923.076923077,49.837037037037035,0.2311111111111111,87.85185185185185,78.0,150.0,259.0,-72.0,True,True,,Basketball Reference 2025-26 stats and 2025-26 listed salary
P0177,2025-26,Guerschon Yabusele,CHI,2TM,C,Center,30.0,5500000.0,5.5,5500000.0,5.5,67.0,19.0,1007.0,15.0,373.0,5.6,234.0,3.5,63.0,0.9,26.0,0.4,16.0,0.2,41.0,0.6,125.0,312.0,0.401,69.0,196.0,0.352,56.0,116.0,0.483,0.511,54.0,72.0,0.75,11.1,0.543,16.1,1.4,0.067,-2.2,-0.1,833.3,14745.308310991957,3928571.4285714286,67.81818181818181,0.2545454545454545,151.5090909090909,187.0,280.0,185.0,-93.0,True,True,,Basketball Reference 2025-26 stats and 2025-26 listed salary
P0178,2025-26,Gui Santos,GSW,GSW,PF,Forward,23.0,2221677.0,2.221677,11851307.0,11.851307,68.0,30.0,1395.0,20.5,625.0,9.2,266.0,3.9,159.0,2.3,61.0,0.9,22.0,0.3,102.0,1.5,230.0,460.0,0.5,78.0,222.0,0.351,152.0,238.0,0.639,0.585,87.0,120.0,0.725,14.2,0.609,18.7,2.7,0.094,-0.6,0.5,1329.7,3554.6832,822843.3333333333,281.3190216219549,1.2152981734068453,598.5118448811415,256.0,180.0,38.0,76.0,True,True,,Basketball Reference 2025-26 stats and 2025-26 listed salary
P0179,2025-26,Harrison Barnes,SAS,SAS,PF,Forward,33.0,19000000.0,19.0,19000000.0,19.0,77.0,52.0,1986.0,25.8,765.0,9.9,213.0,2.8,148.0,1.9,50.0,0.6,12.0,0.2,61.0,0.8,262.0,575.0,0.456,139.0,358.0,0.388,123.0,217.0,0.567,0.577,102.0,123.0,0.829,11.8,0.608,14.6,4.8,0.117,-0.1,1.0,1367.6,24836.601307189543,3958333.3333333335,40.26315789473684,0.25263157894736843,71.97894736842105,67.0,172.0,285.0,-105.0,True,True,,Basketball Reference 2025-26 stats and 2025-26 listed salary
P0180,2025-26,Haywood Highsmith,BRK,PHO,SF,Wing,29.0,6443984.0,6.443984,5616000.0,5.616,7.0,0.0,91.0,13.0,38.0,5.4,13.0,1.9,7.0,1.0,4.0,0.6,0.0,0.0,0.0,0.0,12.0,23.0,0.522,8.0,14.0,0.571,4.0,9.0,0.444,0.696,6.0,7.0,0.857,17.6,0.729,12.2,0.5,0.238,3.8,0.1,76.1,169578.52631578947,12887968.0,5.896973052695351,0.07759175069335988,11.809464455529373,,,,,False,True,,Basketball Reference 2025-26 stats and 2025-26 listed salary
P0181,2025-26,Haywood Highsmith,PHO,PHO,SF,Wing,29.0,6443984.0,6.443984,1827984.0,1.827984,7.0,0.0,91.0,13.0,38.0,5.4,13.0,1.9,7.0,1.0,4.0,0.6,0.0,0.0,0.0,0.0,12.0,23.0,0.522,8.0,14.0,0.571,4.0,9.0,0.444,0.696,6.0,7.0,0.857,17.6,0.729,12.2,0.5,0.238,3.8,0.1,76.1,169578.52631578947,12887968.0,5.896973052695351,0.07759175069335988,11.809464455529373,,,,,False,True,,Basketball Reference 2025-26 stats and 2025-26 listed salary
P0182,2025-26,Herbert Jones,NOP,NOP,SF,Wing,27.0,13937574.0,13.937574,72221624.0,72.221624,56.0,56.0,1588.0,28.4,496.0,8.9,190.0,3.4,155.0,2.8,88.0,1.6,27.0,0.5,73.0,1.3,183.0,478.0,0.383,80.0,259.0,0.309,103.0,219.0,0.47,0.467,50.0,62.0,0.806,9.1,0.491,15.2,0.7,0.022,-3.1,-0.5,1228.5,28099.947580645163,19910820.0,35.587254998610234,0.05022394858674831,88.1430297697433,91.0,200.0,258.0,-109.0,True,True,,Basketball Reference 2025-26 stats and 2025-26 listed salary
P0183,2025-26,Hugo González,BOS,BOS,SF,Wing,19.0,2783880.0,2.78388,5707440.0,5.70744,74.0,3.0,1084.0,14.6,289.0,3.9,246.0,3.3,40.0,0.5,42.0,0.6,21.0,0.3,38.0,0.5,117.0,246.0,0.476,42.0,116.0,0.362,75.0,130.0,0.577,0.561,13.0,26.0,0.5,10.2,0.561,11.8,2.2,0.099,-1.5,0.1,795.2,9632.80276816609,1265400.0,103.81194591720907,0.7902639481586851,285.644496170812,240.0,288.0,111.0,-48.0,True,True,,Basketball Reference 2025-26 stats and 2025-26 listed salary
P0184,2025-26,Hunter Tyson,BRK,DEN,PF,Forward,25.0,2221677.0,2.221677,2221677.0,2.221677,21.0,2.0,162.0,7.7,46.0,2.2,36.0,1.7,17.0,0.8,2.0,0.1,1.0,0.0,5.0,0.2,14.0,52.0,0.269,7.0,33.0,0.212,7.0,19.0,0.368,0.337,11.0,13.0,0.846,6.4,0.398,16.8,0.0,-0.013,-6.8,-0.2,118.69999999999999,48297.32608695652,,20.705079991375882,0.0,53.428108586441674,,,,,False,True,,Basketball Reference 2025-26 stats and 2025-26 listed salary
P0185,2025-26,Immanuel Quickley,TOR,TOR,PG,Guard,26.0,32500000.0,32.5,130000000.0,130.0,70.0,70.0,2231.0,31.9,1150.0,16.4,282.0,4.0,415.0,5.9,92.0,1.3,5.0,0.1,102.0,1.5,401.0,905.0,0.443,178.0,476.0,0.374,223.0,429.0,0.52,0.541,170.0,207.0,0.821,16.6,0.577,21.1,6.5,0.14,2.4,2.5,2299.9,28260.869565217392,5000000.0,35.38461538461539,0.2,70.76615384615386,28.0,54.0,289.0,-26.0,True,True,,Basketball Reference 2025-26 stats and 2025-26 listed salary
P0186,2025-26,Isaac Jones,DET,2TM,PF,Forward,25.0,1955377.0,1.955377,1955377.0,1.955377,7.0,1.0,36.0,5.1,9.0,1.3,5.0,0.7,1.0,0.1,0.0,0.0,1.0,0.1,1.0,0.1,3.0,7.0,0.429,0.0,2.0,0.0,3.0,5.0,0.6,0.429,3.0,4.0,0.75,6.4,0.514,11.3,0.0,0.038,-8.1,-0.1,18.5,217264.11111111112,,4.602692984524212,0.0,9.461091134855325,,,,,False,True,,Basketball Reference 2025-26 stats and 2025-26 listed salary
P0187,2025-26,Isaac Okoro,CHI,CHI,SG,Guard,25.0,11000000.0,11.0,22814814.0,22.814814,63.0,62.0,1695.0,26.9,584.0,9.3,173.0,2.7,100.0,1.6,46.0,0.7,29.0,0.5,46.0,0.7,211.0,459.0,0.46,73.0,221.0,0.33,138.0,238.0,0.58,0.539,89.0,112.0,0.795,9.8,0.574,13.6,2.2,0.061,-3.8,-0.8,1120.6,18835.616438356163,5000000.0,53.09090909090909,0.2,101.87272727272726,117.0,221.0,229.0,-104.0,True,True,,Basketball Reference 2025-26 stats and 2025-26 listed salary
P0188,2025-26,Isaiah Collier,UTA,UTA,PG,Guard,21.0,2638200.0,2.6382,5402160.0,5.40216,59.0,19.0,1517.0,25.7,688.0,11.7,150.0,2.5,423.0,7.2,66.0,1.1,20.0,0.3,148.0,2.5,255.0,515.0,0.495,27.0,100.0,0.27,228.0,415.0,0.549,0.521,151.0,209.0,0.722,14.8,0.567,20.4,1.7,0.053,-2.4,-0.2,1612.5,3834.593023255814,1551882.3529411766,260.78386778864376,0.6443787430824047,611.2121901296339,246.0,130.0,36.0,116.0,True,True,,Basketball Reference 2025-26 stats and 2025-26 listed salary
P0189,2025-26,Isaiah Hartenstein,OKC,OKC,C,Center,27.0,28500000.0,28.5,28500000.0,28.5,47.0,46.0,1137.0,24.2,432.0,9.2,443.0,9.4,166.0,3.5,48.0,1.0,36.0,0.8,82.0,1.7,184.0,296.0,0.622,0.0,7.0,0.0,184.0,289.0,0.637,0.622,64.0,105.0,0.61,19.8,0.631,16.1,5.3,0.223,4.2,1.8,1382.6,65972.22222222222,5377358.490566038,15.157894736842104,0.18596491228070175,48.512280701754385,37.0,169.0,332.0,-132.0,True,True,,Basketball Reference 2025-26 stats and 2025-26 listed salary
P0190,2025-26,Isaiah Jackson,LAC,2TM,C,Center,24.0,7600000.0,7.6,21000000.0,21.0,55.0,14.0,908.0,16.5,370.0,6.7,290.0,5.3,52.0,0.9,36.0,0.7,49.0,0.9,58.0,1.1,151.0,237.0,0.637,0.0,3.0,0.0,151.0,234.0,0.645,0.637,68.0,105.0,0.648,17.3,0.653,16.2,2.6,0.139,-1.2,0.2,993.0,20540.54054054054,2923076.923076923,48.684210526315795,0.34210526315789475,130.6578947368421,154.0,252.0,205.0,-98.0,True,True,,Basketball Reference 2025-26 stats and 2025-26 listed salary
P0191,2025-26,Isaiah Joe,OKC,OKC,SG,Guard,26.0,12362338.0,12.362338,23685344.0,23.685344,71.0,9.0,1507.0,21.2,785.0,11.1,181.0,2.5,94.0,1.3,50.0,0.7,11.0,0.2,45.0,0.6,247.0,543.0,0.455,181.0,428.0,0.423,66.0,115.0,0.574,0.622,110.0,123.0,0.894,15.5,0.657,18.4,5.5,0.176,2.5,1.7,1281.2,15748.20127388535,2247697.8181818184,63.499315420756176,0.44489966218364196,103.63735403448766,105.0,188.0,224.0,-83.0,True,True,,Basketball Reference 2025-26 stats and 2025-26 listed salary
P0192,2025-26,Isaiah Stewart,DET,DET,C,Center,24.0,15000000.0,15.0,30000000.0,30.0,58.0,13.0,1317.0,22.7,581.0,10.0,290.0,5.0,66.0,1.1,16.0,0.3,93.0,1.6,67.0,1.2,221.0,402.0,0.55,40.0,120.0,0.333,181.0,282.0,0.642,0.6,99.0,131.0,0.756,15.2,0.632,16.6,4.1,0.149,0.0,0.7,1288.0,25817.555938037865,3658536.585365854,38.733333333333334,0.2733333333333333,85.86666666666666,84.0,184.0,262.0,-100.0,True,True,6MOY-7,Basketball Reference 2025-26 stats and 2025-26 listed salary
P0193,2025-26,Ivica Zubac,IND,2TM,C,Center,28.0,18893980.0,18.89398,61026420.0,61.02642,48.0,47.0,1446.0,30.1,677.0,14.1,509.0,10.6,105.0,2.2,18.0,0.4,40.0,0.8,86.0,1.8,288.0,482.0,0.598,0.0,0.0,,288.0,482.0,0.598,0.598,101.0,142.0,0.711,18.6,0.622,19.2,4.2,0.139,-0.3,0.6,1533.3,27908.389955686853,4498566.666666666,35.8315188223974,0.22229302666775344,81.15283280706342,69.0,143.0,266.0,-74.0,True,True,,Basketball Reference 2025-26 stats and 2025-26 listed salary
P0194,2025-26,JD Davison,BOS,HOU,PG,Guard,23.0,2270735.0,2.270735,2270735.0,2.270735,28.0,0.0,218.0,7.8,69.0,2.5,34.0,1.2,35.0,1.3,6.0,0.2,6.0,0.2,7.0,0.3,24.0,64.0,0.375,8.0,32.0,0.25,16.0,32.0,0.5,0.438,13.0,19.0,0.684,11.4,0.477,15.3,0.5,0.102,-1.1,0.0,191.3,32909.20289855073,4541470.0,30.386636925929267,0.22019302120238599,84.24584991203288,,,,,False,True,,Basketball Reference 2025-26 stats and 2025-26 listed salary
P0195,2025-26,Ja Morant,MEM,MEM,PG,Guard,26.0,39446090.0,39.44609,126499530.0,126.49953,20.0,20.0,569.0,28.5,389.0,19.5,65.0,3.3,161.0,8.1,20.0,1.0,6.0,0.3,71.0,3.6,132.0,322.0,0.41,20.0,85.0,0.235,112.0,237.0,0.473,0.441,105.0,117.0,0.897,16.6,0.521,32.5,0.3,0.024,-1.5,0.1,715.5,101403.83033419024,131486966.66666667,9.86156042335248,0.007605316521865665,18.138679904649614,14.0,305.0,361.0,-291.0,True,True,,Basketball Reference 2025-26 stats and 2025-26 listed salary
P0196,2025-26,Ja'Kobe Walter,TOR,TOR,SG,Guard,21.0,3638160.0,3.63816,7449960.0,7.44996,72.0,19.0,1474.0,20.5,541.0,7.5,185.0,2.6,86.0,1.2,73.0,1.0,14.0,0.2,37.0,0.5,180.0,404.0,0.446,110.0,269.0,0.409,70.0,135.0,0.519,0.582,71.0,90.0,0.789,11.8,0.61,14.0,3.7,0.121,-0.3,0.6,1116.0,6724.879852125693,983286.4864864864,148.70154143852938,1.016997603184027,306.7484662576687,220.0,222.0,104.0,-2.0,True,True,,Basketball Reference 2025-26 stats and 2025-26 listed salary
P0197,2025-26,JaVale McGee,DAL,,Unknown,Unknown,,2208856.0,2.208856,6626568.0,6.626568,,,,,,,,,,,,,,,,,,,,,,,,,,,,,,,,,,,,,0.0,,,,,0.0,,,,,False,False,,Basketball Reference 2025-26 stats and 2025-26 listed salary
P0198,2025-26,Jabari Smith Jr.,HOU,HOU,PF,Forward,22.0,12350392.0,12.350392,134350392.0,134.350392,77.0,77.0,2705.0,35.1,1215.0,15.8,529.0,6.9,143.0,1.9,56.0,0.7,71.0,0.9,105.0,1.4,438.0,974.0,0.45,177.0,488.0,0.363,261.0,486.0,0.537,0.541,162.0,209.0,0.775,13.5,0.57,18.2,6.6,0.118,-0.7,0.9,2340.3,10164.931687242799,1871271.5151515151,98.37744421391645,0.5343959932607807,189.49196106487958,106.0,52.0,160.0,54.0,True,True,,Basketball Reference 2025-26 stats and 2025-26 listed salary
P0199,2025-26,Jabari Walker,PHI,PHI,PF,Forward,23.0,724598.0,0.724598,724598.0,0.724598,64.0,6.0,762.0,11.9,276.0,4.3,192.0,3.0,34.0,0.5,23.0,0.4,13.0,0.2,27.0,0.4,97.0,213.0,0.455,32.0,95.0,0.337,65.0,118.0,0.551,0.531,50.0,68.0,0.735,12.5,0.568,15.0,1.7,0.106,-2.7,-0.1,638.4,2625.355072463768,426234.11764705885,380.90085813099125,2.346128473995236,881.040245763858,265.0,321.0,13.0,-56.0,True,True,,Basketball Reference 2025-26 stats and 2025-26 listed salary
P0200,2025-26,Jaden Hardy,WAS,2TM,SG,Guard,23.0,6000000.0,6.0,12000000.0,12.0,57.0,4.0,898.0,15.8,523.0,9.2,86.0,1.5,58.0,1.0,16.0,0.3,6.0,0.1,62.0,1.1,182.0,429.0,0.424,104.0,262.0,0.397,78.0,167.0,0.467,0.545,55.0,75.0,0.733,10.9,0.566,24.4,-0.2,-0.01,-4.8,-0.6,717.2,11472.27533460803,,87.16666666666667,-0.03333333333333333,119.53333333333335,178.0,304.0,211.0,-126.0,True,True,,Basketball Reference 2025-26 stats and 2025-26 listed salary
P0201,2025-26,Jaden Ivey,CHI,2TM,SG,Guard,23.0,10107163.0,10.107163,10107163.0,10.107163,37.0,5.0,670.0,18.1,316.0,8.5,91.0,2.5,68.0,1.8,23.0,0.6,14.0,0.4,41.0,1.1,114.0,256.0,0.445,50.0,134.0,0.373,64.0,122.0,0.525,0.543,38.0,47.0,0.809,13.0,0.571,19.7,1.3,0.096,0.0,0.3,597.2,31984.693037974685,7774740.769230769,31.264955358887555,0.12862165179289184,59.086808039011544,124.0,327.0,318.0,-203.0,True,True,,Basketball Reference 2025-26 stats and 2025-26 listed salary
P0202,2025-26,Jaden McDaniels,MIN,MIN,PF,Forward,25.0,24393104.0,24.393104,108413793.0,108.413793,73.0,73.0,2316.0,31.7,1084.0,14.8,310.0,4.2,199.0,2.7,81.0,1.1,73.0,1.0,131.0,1.8,417.0,809.0,0.515,103.0,250.0,0.412,314.0,559.0,0.562,0.579,147.0,176.0,0.835,14.0,0.611,18.5,5.2,0.109,-0.3,1.0,2085.5,22502.863468634685,4690981.538461538,44.43878892985493,0.21317500224653657,85.49547445868308,51.0,72.0,264.0,-21.0,True,True,,Basketball Reference 2025-26 stats and 2025-26 listed salary
P0203,2025-26,Jaden Springer,NOP,,Unknown,Unknown,,70732.0,0.070732,70732.0,0.070732,,,,,,,,,,,,,,,,,,,,,,,,,,,,,,,,,,,,,0.0,,,,,0.0,,,,,False,False,,Basketball Reference 2025-26 stats and 2025-26 listed salary
P0204,2025-26,Jae'Sean Tate,HOU,HOU,SF,Wing,30.0,2296274.0,2.296274,2296274.0,2.296274,46.0,1.0,405.0,8.8,129.0,2.8,73.0,1.6,25.0,0.5,10.0,0.2,3.0,0.1,16.0,0.3,56.0,109.0,0.514,10.0,32.0,0.313,46.0,77.0,0.597,0.56,7.0,11.0,0.636,10.7,0.567,13.5,0.8,0.095,-3.9,-0.2,277.1,17800.57364341085,2870342.5,56.177964824755236,0.3483904795333658,120.67375234836959,,,,,False,True,,Basketball Reference 2025-26 stats and 2025-26 listed salary
P0205,2025-26,Jaime Jaquez Jr.,MIA,MIA,SF,Wing,24.0,3861600.0,3.8616,9800741.0,9.800741,75.0,1.0,2121.0,28.3,1152.0,15.4,375.0,5.0,352.0,4.7,51.0,0.7,21.0,0.3,152.0,2.0,464.0,915.0,0.507,58.0,183.0,0.317,406.0,732.0,0.555,0.539,166.0,216.0,0.769,15.7,0.57,22.3,4.2,0.094,0.1,1.1,2194.0,3352.0833333333335,919428.5714285714,298.3219390926041,1.0876320696084525,568.1582763621296,212.0,59.0,42.0,153.0,True,True,6MOY-2,Basketball Reference 2025-26 stats and 2025-26 listed salary
P0206,2025-26,Jake LaRavia,LAL,LAL,PF,Forward,24.0,6000000.0,6.0,12000000.0,12.0,82.0,43.0,2061.0,25.1,674.0,8.2,326.0,4.0,145.0,1.8,104.0,1.3,38.0,0.5,87.0,1.1,240.0,523.0,0.459,78.0,243.0,0.321,162.0,280.0,0.579,0.533,116.0,152.0,0.763,11.9,0.571,14.4,3.8,0.089,-1.2,0.4,1621.7,8902.077151335312,1578947.3684210528,112.33333333333333,0.6333333333333333,270.28333333333336,178.0,129.0,117.0,49.0,True,True,,Basketball Reference 2025-26 stats and 2025-26 listed salary
P0207,2025-26,Jakob Poeltl,TOR,TOR,C,Center,30.0,19500000.0,19.5,95784000.0,95.784,46.0,44.0,1149.0,25.0,493.0,10.7,323.0,7.0,93.0,2.0,40.0,0.9,32.0,0.7,57.0,1.2,217.0,310.0,0.7,0.0,0.0,,217.0,310.0,0.7,0.7,59.0,98.0,0.602,18.1,0.698,15.3,4.3,0.18,1.6,1.0,1179.1,39553.752535496955,4534883.720930233,25.28205128205128,0.2205128205128205,60.46666666666666,64.0,212.0,312.0,-148.0,True,True,,Basketball Reference 2025-26 stats and 2025-26 listed salary
P0208,2025-26,Jalen Brunson,NYK,NYK,PG,Guard,29.0,34944001.0,34.944001,113218563.0,113.218563,74.0,74.0,2590.0,35.0,1927.0,26.0,247.0,3.3,503.0,6.8,57.0,0.8,8.0,0.1,175.0,2.4,689.0,1475.0,0.467,195.0,528.0,0.369,494.0,947.0,0.522,0.533,354.0,421.0,0.841,20.1,0.58,30.4,8.8,0.163,3.1,3.3,2997.9,18133.88738972496,3970909.204545454,55.14537387976838,0.25183149462478555,85.79154974268688,23.0,16.0,263.0,7.0,True,True,"CPOY-5,AS,NBA2",Basketball Reference 2025-26 stats and 2025-26 listed salary
P0209,2025-26,Jalen Duren,DET,DET,C,Center,22.0,6483144.0,6.483144,6483144.0,6.483144,70.0,70.0,1976.0,28.2,1365.0,19.5,737.0,10.5,138.0,2.0,57.0,0.8,59.0,0.8,130.0,1.9,522.0,803.0,0.65,0.0,0.0,,522.0,803.0,0.65,0.65,321.0,430.0,0.747,26.1,0.688,23.6,11.0,0.266,5.0,3.5,2674.4,4749.556043956044,589376.7272727273,210.545994350889,1.696707646783721,412.51590277803484,170.0,29.0,70.0,141.0,True,True,"DPOY-11,AS,NBA3",Basketball Reference 2025-26 stats and 2025-26 listed salary
P0210,2025-26,Jalen Green,PHO,PHO,SG,Guard,23.0,33584499.0,33.584499,69835665.0,69.835665,32.0,27.0,828.0,25.9,568.0,17.8,116.0,3.6,91.0,2.8,34.0,1.1,8.0,0.3,72.0,2.3,216.0,512.0,0.422,71.0,227.0,0.313,145.0,285.0,0.509,0.491,65.0,87.0,0.747,14.8,0.516,31.9,0.3,0.019,-1.1,0.2,897.7,59127.63908450704,111948330.0,16.912564335111863,0.008932692430516828,26.729593316249858,26.0,269.0,355.0,-243.0,True,True,,Basketball Reference 2025-26 stats and 2025-26 listed salary
P0211,2025-26,Jalen Johnson,ATL,ATL,SF,Wing,24.0,30000000.0,30.0,150000000.0,150.0,72.0,72.0,2532.0,35.2,1621.0,22.5,740.0,10.3,566.0,7.9,89.0,1.2,31.0,0.4,244.0,3.4,600.0,1228.0,0.489,120.0,341.0,0.352,480.0,887.0,0.541,0.537,301.0,382.0,0.788,20.4,0.581,27.0,7.5,0.141,4.2,4.0,3474.0,18507.09438618137,4000000.0,54.03333333333333,0.25,115.8,36.0,3.0,214.0,33.0,True,True,"AS,NBA3",Basketball Reference 2025-26 stats and 2025-26 listed salary
P0212,2025-26,Jalen Pickett,DEN,DEN,SG,Guard,26.0,2221677.0,2.221677,2221677.0,2.221677,50.0,18.0,807.0,16.1,260.0,5.2,114.0,2.3,115.0,2.3,13.0,0.3,5.0,0.1,34.0,0.7,98.0,232.0,0.422,49.0,127.0,0.386,49.0,105.0,0.467,0.528,15.0,19.0,0.789,10.3,0.541,14.8,1.0,0.059,-2.3,-0.1,589.3,8544.911538461538,2221677.0,117.02871299473325,0.4501104345951279,265.25007910690886,256.0,328.0,121.0,-72.0,True,True,,Basketball Reference 2025-26 stats and 2025-26 listed salary
P0213,2025-26,Jalen Smith,CHI,CHI,C,Center,25.0,9000000.0,9.0,18428571.0,18.428571,53.0,21.0,1095.0,20.7,541.0,10.2,355.0,6.7,65.0,1.2,24.0,0.5,42.0,0.8,53.0,1.0,195.0,404.0,0.483,82.0,220.0,0.373,113.0,184.0,0.614,0.584,69.0,93.0,0.742,16.6,0.608,19.0,2.6,0.114,-0.7,0.4,1209.5,16635.859519408503,3461538.4615384615,60.111111111111114,0.2888888888888889,134.38888888888889,135.0,205.0,200.0,-70.0,True,True,,Basketball Reference 2025-26 stats and 2025-26 listed salary
P0214,2025-26,Jalen Suggs,ORL,ORL,PG,Guard,24.0,35000000.0,35.0,123800000.0,123.8,57.0,56.0,1574.0,27.6,786.0,13.8,220.0,3.9,312.0,5.5,105.0,1.8,40.0,0.7,152.0,2.7,282.0,649.0,0.435,122.0,360.0,0.339,160.0,289.0,0.554,0.529,100.0,117.0,0.855,15.6,0.561,22.9,2.7,0.083,2.5,1.8,1801.0,44529.262086514,12962962.962962963,22.457142857142856,0.07714285714285715,51.457142857142856,22.0,99.0,329.0,-77.0,True,True,,Basketball Reference 2025-26 stats and 2025-26 listed salary
P0215,2025-26,Jalen Williams,OKC,OKC,SG,Guard,24.0,6580997.0,6.580997,247280997.0,247.280997,33.0,33.0,936.0,28.4,563.0,17.1,152.0,4.6,181.0,5.5,39.0,1.2,9.0,0.3,63.0,1.9,216.0,446.0,0.484,23.0,77.0,0.299,193.0,369.0,0.523,0.51,108.0,129.0,0.837,19.0,0.56,26.2,3.0,0.156,2.1,1.0,1097.9,11689.159857904086,2193665.6666666665,85.54934761404692,0.4558579801814224,166.82882548039456,168.0,226.0,174.0,-58.0,True,True,,Basketball Reference 2025-26 stats and 2025-26 listed salary
P0216,2025-26,Jalen Wilson,BRK,BRK,PF,Forward,25.0,2221677.0,2.221677,2221677.0,2.221677,54.0,2.0,859.0,15.9,343.0,6.4,114.0,2.1,50.0,0.9,22.0,0.4,2.0,0.0,38.0,0.7,110.0,278.0,0.396,54.0,152.0,0.355,56.0,126.0,0.444,0.493,69.0,96.0,0.719,8.7,0.536,18.2,0.2,0.012,-5.6,-0.8,588.8,6477.192419825073,11108385.0,154.38787906612887,0.09002208691902558,265.0250238896113,256.0,329.0,122.0,-73.0,True,True,,Basketball Reference 2025-26 stats and 2025-26 listed salary
P0217,2025-26,Jamal Murray,DEN,DEN,PG,Guard,28.0,46394100.0,46.3941,207845568.0,207.845568,75.0,75.0,2652.0,35.4,1905.0,25.4,330.0,4.4,535.0,7.1,66.0,0.9,29.0,0.4,171.0,2.3,657.0,1360.0,0.483,245.0,563.0,0.435,412.0,797.0,0.517,0.573,346.0,390.0,0.887,21.8,0.622,27.9,9.5,0.173,4.1,4.1,3217.5,24353.858267716536,4883589.47368421,41.06125563379826,0.20476741654650052,69.35149081456478,10.0,9.0,293.0,1.0,True,True,"CPOY-2,AS,NBA3",Basketball Reference 2025-26 stats and 2025-26 listed salary
P0218,2025-26,Jamal Shead,TOR,TOR,PG,Guard,23.0,1955377.0,1.955377,1955377.0,1.955377,82.0,12.0,1852.0,22.6,545.0,6.6,143.0,1.7,444.0,5.4,76.0,0.9,15.0,0.2,112.0,1.4,185.0,504.0,0.367,84.0,262.0,0.321,101.0,242.0,0.417,0.45,91.0,116.0,0.784,10.5,0.491,15.5,2.7,0.07,-2.3,-0.1,1543.6,3587.8477064220183,724213.7037037037,278.71863072952175,1.3808078953572638,789.4129878790637,260.0,140.0,19.0,120.0,True,True,6MOY-12,Basketball Reference 2025-26 stats and 2025-26 listed salary
P0219,2025-26,James Harden,CLE,2TM,PG,Guard,36.0,39182693.0,39.182693,,,70.0,70.0,2438.0,34.8,1652.0,23.6,336.0,4.8,557.0,8.0,79.0,1.1,28.0,0.4,245.0,3.5,487.0,1123.0,0.434,215.0,573.0,0.375,272.0,550.0,0.495,0.529,463.0,524.0,0.884,20.7,0.61,28.6,7.7,0.151,3.9,3.6,2966.7,23718.337167070218,5088661.428571428,42.16147164769915,0.19651533395114013,75.71455080946069,15.0,20.0,274.0,-5.0,True,True,,Basketball Reference 2025-26 stats and 2025-26 listed salary
P0220,2025-26,James Wiseman,IND,IND,C,Center,24.0,1131970.0,1.13197,1131970.0,1.13197,4.0,1.0,58.0,14.5,13.0,3.3,8.0,2.0,3.0,0.8,0.0,0.0,1.0,0.3,5.0,1.3,6.0,10.0,0.6,0.0,0.0,,6.0,10.0,0.6,0.6,1.0,2.0,0.5,4.1,0.597,11.6,0.0,-0.028,-9.0,-0.1,25.1,87074.61538461539,,11.484403296907162,0.0,22.17373251941306,,,,,False,True,,Basketball Reference 2025-26 stats and 2025-26 listed salary
P0221,2025-26,James Wiseman,IND,IND,C,Center,24.0,1131970.0,1.13197,1131970.0,1.13197,4.0,1.0,58.0,14.5,13.0,3.3,8.0,2.0,3.0,0.8,0.0,0.0,1.0,0.3,5.0,1.3,6.0,10.0,0.6,0.0,0.0,,6.0,10.0,0.6,0.6,1.0,2.0,0.5,4.1,0.597,11.6,0.0,-0.028,-9.0,-0.1,25.1,87074.61538461539,,11.484403296907162,0.0,22.17373251941306,,,,,False,True,,Basketball Reference 2025-26 stats and 2025-26 listed salary
P0222,2025-26,Jamison Battle,TOR,TOR,SF,Wing,24.0,1955377.0,1.955377,,,61.0,2.0,517.0,8.5,192.0,3.1,89.0,1.5,24.0,0.4,7.0,0.1,3.0,0.0,19.0,0.3,74.0,145.0,0.51,35.0,85.0,0.412,39.0,60.0,0.65,0.631,9.0,14.0,0.643,10.6,0.635,14.1,0.9,0.086,-2.6,-0.1,345.8,10184.255208333334,2172641.111111111,98.19078366984986,0.4602692984524212,176.8456926720525,260.0,355.0,167.0,-95.0,True,True,,Basketball Reference 2025-26 stats and 2025-26 listed salary
P0223,2025-26,Jarace Walker,IND,IND,PF,Forward,22.0,6665520.0,6.66552,15144062.0,15.144062,76.0,41.0,1953.0,25.7,884.0,11.6,391.0,5.1,192.0,2.5,63.0,0.8,26.0,0.3,139.0,1.8,307.0,733.0,0.419,133.0,356.0,0.374,174.0,377.0,0.462,0.51,137.0,183.0,0.749,11.5,0.543,20.7,0.5,0.013,-2.4,-0.2,1769.2,7540.180995475113,13331040.0,132.62281112351326,0.0750129022191817,265.42565321235253,166.0,102.0,120.0,64.0,True,True,,Basketball Reference 2025-26 stats and 2025-26 listed salary
P0224,2025-26,Jared McCain,OKC,2TM,SG,Guard,21.0,4221360.0,4.22136,8643960.0,8.64396,67.0,3.0,1160.0,17.3,558.0,8.3,137.0,2.0,90.0,1.3,35.0,0.5,5.0,0.1,56.0,0.8,204.0,480.0,0.425,99.0,257.0,0.385,105.0,223.0,0.471,0.528,51.0,59.0,0.864,11.6,0.551,20.7,1.5,0.06,-2.4,-0.1,921.4,7565.1612903225805,2814240.0,132.18488828244926,0.3553357211893797,218.27088900259633,207.0,263.0,142.0,-56.0,True,True,,Basketball Reference 2025-26 stats and 2025-26 listed salary
P0225,2025-26,Jaren Jackson Jr.,UTA,2TM,C,Center,26.0,35000000.0,35.0,186500000.0,186.5,48.0,48.0,1454.0,30.3,931.0,19.4,272.0,5.7,94.0,2.0,53.0,1.1,69.0,1.4,107.0,2.2,342.0,719.0,0.476,84.0,235.0,0.357,258.0,484.0,0.533,0.534,163.0,203.0,0.803,15.7,0.576,26.2,1.4,0.047,-0.6,0.5,1657.4,37593.984962406015,25000000.0,26.6,0.04,47.354285714285716,22.0,121.0,335.0,-99.0,True,True,,Basketball Reference 2025-26 stats and 2025-26 listed salary
P0226,2025-26,Jarred Vanderbilt,LAL,LAL,PF,Forward,26.0,11571429.0,11.571429,24000000.0,24.0,65.0,3.0,1128.0,17.4,288.0,4.4,292.0,4.5,84.0,1.3,55.0,0.8,19.0,0.3,56.0,0.9,113.0,240.0,0.471,29.0,99.0,0.293,84.0,141.0,0.596,0.531,33.0,56.0,0.589,11.2,0.544,12.4,1.8,0.079,-1.5,0.1,930.4,40178.572916666664,6428571.666666666,24.888887967078222,0.15555554979423888,80.40493529364437,112.0,262.0,267.0,-150.0,True,True,,Basketball Reference 2025-26 stats and 2025-26 listed salary
P0227,2025-26,Jarrett Allen,CLE,CLE,C,Center,27.0,20000000.0,20.0,110720000.0,110.72,56.0,56.0,1519.0,27.1,860.0,15.4,476.0,8.5,100.0,1.8,55.0,1.0,47.0,0.8,75.0,1.3,337.0,528.0,0.638,1.0,10.0,0.1,336.0,518.0,0.649,0.639,185.0,261.0,0.709,22.1,0.669,19.9,6.4,0.202,2.6,1.8,1812.1999999999998,23255.81395348837,3125000.0,43.0,0.32,90.60999999999999,62.0,97.0,249.0,-35.0,True,True,,Basketball Reference 2025-26 stats and 2025-26 listed salary
P0228,2025-26,Jase Richardson,ORL,ORL,SG,Guard,20.0,2983320.0,2.98332,6115680.0,6.11568,54.0,0.0,587.0,10.9,239.0,4.4,63.0,1.2,58.0,1.1,19.0,0.4,2.0,0.0,25.0,0.5,89.0,188.0,0.473,28.0,79.0,0.354,61.0,109.0,0.56,0.548,33.0,46.0,0.717,11.5,0.574,16.8,1.0,0.082,-2.5,-0.1,439.6,12482.510460251046,2983320.0,80.11208988643524,0.3351970288135366,147.3526138664307,235.0,350.0,186.0,-115.0,True,True,,Basketball Reference 2025-26 stats and 2025-26 listed salary
P0229,2025-26,Javonte Green,DET,DET,SG,Guard,32.0,2296274.0,2.296274,2296274.0,2.296274,82.0,6.0,1446.0,17.6,569.0,6.9,230.0,2.8,56.0,0.7,102.0,1.2,25.0,0.3,45.0,0.5,185.0,414.0,0.447,94.0,247.0,0.381,91.0,167.0,0.545,0.56,105.0,125.0,0.84,14.1,0.607,14.8,4.7,0.156,2.1,1.5,1265.0,4035.6309314586993,488568.93617021275,247.79272856810644,2.0467940672585243,550.8924457621347,254.0,192.0,45.0,62.0,True,True,,Basketball Reference 2025-26 stats and 2025-26 listed salary
P0230,2025-26,Jaxson Hayes,LAL,LAL,C,Center,25.0,3449323.0,3.449323,3449323.0,3.449323,66.0,9.0,1207.0,18.3,497.0,7.5,271.0,4.1,59.0,0.9,29.0,0.4,52.0,0.8,31.0,0.5,198.0,262.0,0.756,3.0,3.0,1.0,195.0,259.0,0.753,0.761,98.0,150.0,0.653,18.3,0.758,13.0,5.0,0.199,1.2,1.0,1122.7,6940.287726358149,689864.6,144.08624532988068,1.4495598121718378,325.48416022506444,224.0,220.0,99.0,4.0,True,True,,Basketball Reference 2025-26 stats and 2025-26 listed salary
P0231,2025-26,Jay Huff,IND,IND,C,Center,27.0,2349578.0,2.349578,2349578.0,2.349578,82.0,47.0,1719.0,21.0,783.0,9.5,324.0,4.0,121.0,1.5,41.0,0.5,153.0,1.9,76.0,0.9,291.0,611.0,0.476,119.0,373.0,0.319,172.0,238.0,0.723,0.574,82.0,99.0,0.828,15.2,0.598,18.0,3.2,0.089,0.4,1.1,1859.3,3000.7381864623244,734243.125,333.25133279252697,1.3619466985135202,791.3335926706837,252.0,90.0,18.0,162.0,True,True,,Basketball Reference 2025-26 stats and 2025-26 listed salary
P0232,2025-26,Jaylen Brown,BOS,BOS,SF,Wing,29.0,53142264.0,53.142264,236187840.0,236.18784,71.0,71.0,2443.0,34.4,2038.0,28.7,492.0,6.9,364.0,5.1,72.0,1.0,27.0,0.4,259.0,3.6,736.0,1543.0,0.477,140.0,404.0,0.347,596.0,1139.0,0.523,0.522,426.0,536.0,0.795,22.0,0.573,36.2,6.9,0.135,3.3,3.3,3212.4,26075.693817468105,7701777.391304348,38.34989039985199,0.12984015886112796,60.44906178630252,5.0,10.0,313.0,-5.0,True,True,"MVP-6,AS,NBA2",Basketball Reference 2025-26 stats and 2025-26 listed salary
P0233,2025-26,Jaylen Clark,MIN,MIN,SG,Guard,24.0,2191897.0,2.191897,2191897.0,2.191897,68.0,1.0,888.0,13.1,275.0,4.0,120.0,1.8,43.0,0.6,47.0,0.7,9.0,0.1,23.0,0.3,99.0,228.0,0.434,33.0,101.0,0.327,66.0,127.0,0.52,0.507,44.0,67.0,0.657,10.3,0.534,13.3,1.7,0.09,-2.4,-0.1,628.5,7970.534545454546,1289351.1764705882,125.46209972457648,0.7755838892064727,286.7379260978048,257.0,324.0,109.0,-67.0,True,True,,Basketball Reference 2025-26 stats and 2025-26 listed salary
P0234,2025-26,Jaylen Wells,MEM,MEM,SG,Guard,22.0,1955377.0,1.955377,1955377.0,1.955377,69.0,69.0,1821.0,26.4,865.0,12.5,220.0,3.2,111.0,1.6,61.0,0.9,9.0,0.1,74.0,1.1,301.0,698.0,0.431,129.0,365.0,0.353,172.0,333.0,0.517,0.524,134.0,171.0,0.784,11.5,0.559,19.3,1.6,0.042,-3.1,-0.5,1431.5,2260.5514450867054,1222110.625,442.3699368459382,0.8182565305820823,732.0838897051566,260.0,159.0,23.0,101.0,True,True,,Basketball Reference 2025-26 stats and 2025-26 listed salary
P0235,2025-26,Jaylin Williams,OKC,OKC,PF,Forward,23.0,8450704.0,8.450704,16225352.0,16.225352,65.0,11.0,1277.0,19.6,469.0,7.2,358.0,5.5,158.0,2.4,31.0,0.5,42.0,0.6,67.0,1.0,149.0,352.0,0.423,98.0,256.0,0.383,51.0,96.0,0.531,0.563,73.0,92.0,0.793,13.8,0.597,15.6,4.1,0.155,2.7,1.5,1287.6,18018.558635394456,2061147.3170731708,55.49833481328893,0.48516667960444476,152.36600406309344,141.0,185.0,184.0,-44.0,True,True,,Basketball Reference 2025-26 stats and 2025-26 listed salary
P0236,2025-26,Jaylon Tyson,CLE,CLE,SG,Guard,23.0,3492480.0,3.49248,7151040.0,7.15104,66.0,42.0,1777.0,26.9,872.0,13.2,338.0,5.1,147.0,2.2,54.0,0.8,28.0,0.4,99.0,1.5,330.0,670.0,0.493,133.0,298.0,0.446,197.0,372.0,0.53,0.592,79.0,107.0,0.738,14.8,0.608,19.3,4.0,0.108,0.1,0.9,1645.1,4005.137614678899,873120.0,249.67931097672712,1.1453179402602163,471.0406358805204,223.0,124.0,59.0,99.0,True,True,,Basketball Reference 2025-26 stats and 2025-26 listed salary
P0237,2025-26,Jayson Tatum,BOS,BOS,PF,Forward,27.0,54126450.0,54.12645,242486496.0,242.486496,16.0,16.0,522.0,32.6,348.0,21.8,160.0,10.0,85.0,5.3,22.0,1.4,3.0,0.2,39.0,2.4,118.0,287.0,0.411,47.0,143.0,0.329,71.0,144.0,0.493,0.493,65.0,79.0,0.823,20.3,0.541,30.0,1.6,0.148,4.8,0.9,703.5,155535.77586206896,33829031.25,6.429388958632979,0.0295604090052091,12.997342334477876,,,,,False,True,,Basketball Reference 2025-26 stats and 2025-26 listed salary
P0238,2025-26,Jeff Green,HOU,HOU,PF,Forward,39.0,2296274.0,2.296274,2296274.0,2.296274,30.0,0.0,175.0,5.8,67.0,2.2,25.0,0.8,8.0,0.3,2.0,0.1,2.0,0.1,4.0,0.1,25.0,68.0,0.368,12.0,44.0,0.273,13.0,24.0,0.542,0.456,5.0,5.0,1.0,8.5,0.477,17.8,0.2,0.054,-5.6,-0.2,117.0,34272.746268656716,11481370.0,29.177702660919387,0.08709761988334146,50.95210763175475,,,,,False,True,,Basketball Reference 2025-26 stats and 2025-26 listed salary
P0239,2025-26,Jerami Grant,POR,POR,PF,Forward,31.0,32000001.0,32.000001,66206899.0,66.206899,57.0,38.0,1695.0,29.7,1060.0,18.6,198.0,3.5,122.0,2.1,42.0,0.7,36.0,0.6,119.0,2.1,331.0,730.0,0.453,136.0,350.0,0.389,195.0,380.0,0.513,0.547,262.0,322.0,0.814,15.4,0.608,23.8,4.0,0.114,0.0,0.9,1595.6,30188.680188679245,8000000.25,33.12499896484378,0.12499999609375013,49.86249844179692,30.0,134.0,331.0,-104.0,True,True,,Basketball Reference 2025-26 stats and 2025-26 listed salary
P0240,2025-26,Jeremiah Fears,NOP,NOP,PG,Guard,19.0,7520040.0,7.52004,15416280.0,15.41628,82.0,49.0,2112.0,25.8,1169.0,14.3,300.0,3.7,279.0,3.4,97.0,1.2,30.0,0.4,178.0,2.2,437.0,1006.0,0.434,101.0,306.0,0.33,336.0,700.0,0.48,0.485,194.0,246.0,0.789,13.8,0.525,25.5,0.6,0.015,-2.7,-0.4,2150.5,6432.882805816937,12533400.0,155.45130079095324,0.07978680964462954,285.9692235679598,155.0,65.0,110.0,90.0,True,True,,Basketball Reference 2025-26 stats and 2025-26 listed salary
P0241,2025-26,Jeremiah Robinson-Earl,DAL,2TM,PF,Forward,25.0,131970.0,0.13197,131970.0,0.13197,22.0,3.0,361.0,16.4,101.0,4.6,103.0,4.7,15.0,0.7,9.0,0.4,1.0,0.0,12.0,0.5,37.0,100.0,0.37,10.0,41.0,0.244,27.0,59.0,0.458,0.42,17.0,18.0,0.944,9.3,0.468,14.1,0.2,0.03,-5.2,-0.3,265.1,1306.6336633663366,659850.0,765.3254527544138,1.5154959460483444,2008.7898764870806,,,,,False,True,,Basketball Reference 2025-26 stats and 2025-26 listed salary
P0242,2025-26,Jeremiah Robinson-Earl,IND,2TM,PF,Forward,25.0,131970.0,0.13197,589305.0,0.589305,22.0,3.0,361.0,16.4,101.0,4.6,103.0,4.7,15.0,0.7,9.0,0.4,1.0,0.0,12.0,0.5,37.0,100.0,0.37,10.0,41.0,0.244,27.0,59.0,0.458,0.42,17.0,18.0,0.944,9.3,0.468,14.1,0.2,0.03,-5.2,-0.3,265.1,1306.6336633663366,659850.0,765.3254527544138,1.5154959460483444,2008.7898764870806,,,,,False,True,,Basketball Reference 2025-26 stats and 2025-26 listed salary
P0243,2025-26,Jeremiah Robinson-Earl,IND,2TM,PF,Forward,25.0,131970.0,0.13197,589305.0,0.589305,22.0,3.0,361.0,16.4,101.0,4.6,103.0,4.7,15.0,0.7,9.0,0.4,1.0,0.0,12.0,0.5,37.0,100.0,0.37,10.0,41.0,0.244,27.0,59.0,0.458,0.42,17.0,18.0,0.944,9.3,0.468,14.1,0.2,0.03,-5.2,-0.3,265.1,1306.6336633663366,659850.0,765.3254527544138,1.5154959460483444,2008.7898764870806,,,,,False,True,,Basketball Reference 2025-26 stats and 2025-26 listed salary
P0244,2025-26,Jeremiah Robinson-Earl,IND,2TM,PF,Forward,25.0,131970.0,0.13197,589305.0,0.589305,22.0,3.0,361.0,16.4,101.0,4.6,103.0,4.7,15.0,0.7,9.0,0.4,1.0,0.0,12.0,0.5,37.0,100.0,0.37,10.0,41.0,0.244,27.0,59.0,0.458,0.42,17.0,18.0,0.944,9.3,0.468,14.1,0.2,0.03,-5.2,-0.3,265.1,1306.6336633663366,659850.0,765.3254527544138,1.5154959460483444,2008.7898764870806,,,,,False,True,,Basketball Reference 2025-26 stats and 2025-26 listed salary
P0245,2025-26,Jeremy Sochan,NYK,2TM,PF,Forward,22.0,7874853.0,7.874853,778622.0,0.778622,44.0,0.0,469.0,10.7,158.0,3.6,107.0,2.4,40.0,0.9,17.0,0.4,7.0,0.2,21.0,0.5,64.0,129.0,0.496,11.0,45.0,0.244,53.0,84.0,0.631,0.539,19.0,26.0,0.731,12.2,0.563,14.6,1.2,0.12,-1.2,0.1,397.4,49840.8417721519,6562377.5,20.063866589001726,0.1523837968784941,50.4644340662613,,,,,False,True,,Basketball Reference 2025-26 stats and 2025-26 listed salary
P0246,2025-26,Jeremy Sochan,SAS,2TM,PF,Forward,22.0,7874853.0,7.874853,7096231.0,7.096231,44.0,0.0,469.0,10.7,158.0,3.6,107.0,2.4,40.0,0.9,17.0,0.4,7.0,0.2,21.0,0.5,64.0,129.0,0.496,11.0,45.0,0.244,53.0,84.0,0.631,0.539,19.0,26.0,0.731,12.2,0.563,14.6,1.2,0.12,-1.2,0.1,397.4,49840.8417721519,6562377.5,20.063866589001726,0.1523837968784941,50.4644340662613,,,,,False,True,,Basketball Reference 2025-26 stats and 2025-26 listed salary
P0247,2025-26,Jericho Sims,MIL,MIL,C,Center,27.0,2461463.0,2.461463,2461463.0,2.461463,67.0,19.0,1318.0,19.7,334.0,5.0,370.0,5.5,104.0,1.6,19.0,0.3,17.0,0.3,75.0,1.1,145.0,185.0,0.784,0.0,0.0,,145.0,185.0,0.784,0.784,44.0,71.0,0.62,12.9,0.772,9.8,3.2,0.117,-3.1,-0.4,967.0,7369.649700598802,769207.1875,135.69165979744565,1.3000398543467848,392.855793485419,249.0,257.0,75.0,-8.0,True,True,,Basketball Reference 2025-26 stats and 2025-26 listed salary
P0248,2025-26,Jett Howard,ORL,ORL,SF,Wing,22.0,5529720.0,5.52972,5529720.0,5.52972,55.0,0.0,695.0,12.6,301.0,5.5,87.0,1.6,45.0,0.8,10.0,0.2,11.0,0.2,15.0,0.3,105.0,251.0,0.418,54.0,145.0,0.372,51.0,106.0,0.481,0.526,37.0,39.0,0.949,11.2,0.561,17.2,1.3,0.087,-1.8,0.0,520.9,18371.162790697676,4253630.769230769,54.433135854979994,0.2350932777789834,94.20006799620957,186.0,335.0,244.0,-149.0,True,True,,Basketball Reference 2025-26 stats and 2025-26 listed salary
P0249,2025-26,Jevon Carter,CHI,2TM,PG,Guard,30.0,7680524.0,7.680524,6809524.0,6.809524,53.0,1.0,867.0,16.4,339.0,6.4,89.0,1.7,87.0,1.6,40.0,0.8,10.0,0.2,36.0,0.7,123.0,307.0,0.401,78.0,215.0,0.363,45.0,92.0,0.489,0.528,15.0,19.0,0.789,10.7,0.537,17.0,0.9,0.052,-1.1,0.2,690.3,22656.412979351033,8533915.555555556,44.137613527410366,0.11717950494002753,89.8766802890011,153.0,310.0,252.0,-157.0,True,True,,Basketball Reference 2025-26 stats and 2025-26 listed salary
P0250,2025-26,Jevon Carter,ORL,2TM,PG,Guard,30.0,7680524.0,7.680524,871000.0,0.871,53.0,1.0,867.0,16.4,339.0,6.4,89.0,1.7,87.0,1.6,40.0,0.8,10.0,0.2,36.0,0.7,123.0,307.0,0.401,78.0,215.0,0.363,45.0,92.0,0.489,0.528,15.0,19.0,0.789,10.7,0.537,17.0,0.9,0.052,-1.1,0.2,690.3,22656.412979351033,8533915.555555556,44.137613527410366,0.11717950494002753,89.8766802890011,153.0,310.0,252.0,-157.0,True,True,,Basketball Reference 2025-26 stats and 2025-26 listed salary
P0251,2025-26,Jimmy Butler,GSW,GSW,SF,Wing,36.0,54126450.0,54.12645,110959223.0,110.959223,38.0,38.0,1182.0,31.1,760.0,20.0,211.0,5.6,185.0,4.9,55.0,1.4,8.0,0.2,60.0,1.6,240.0,462.0,0.519,32.0,85.0,0.376,208.0,377.0,0.552,0.554,248.0,287.0,0.864,23.5,0.646,23.3,5.7,0.233,5.5,2.3,1419.7,71219.01315789473,9495868.421052631,14.041194277474322,0.10530895708105742,26.2293204154346,4.0,162.0,357.0,-158.0,True,True,,Basketball Reference 2025-26 stats and 2025-26 listed salary
P0252,2025-26,Joan Beringer,MIN,MIN,PF,Forward,19.0,4201080.0,4.20108,8612280.0,8.61228,40.0,3.0,314.0,7.9,156.0,3.9,92.0,2.3,12.0,0.3,7.0,0.2,26.0,0.7,11.0,0.3,65.0,98.0,0.663,0.0,0.0,,65.0,98.0,0.663,0.663,26.0,37.0,0.703,21.3,0.683,16.8,1.5,0.222,0.4,0.2,372.4,26930.0,2800720.0,37.13330857779428,0.3570510440172527,88.6438725280166,,,,,False,True,,Basketball Reference 2025-26 stats and 2025-26 listed salary
P0253,2025-26,Jock Landale,ATL,2TM,C,Center,30.0,2296274.0,2.296274,2296274.0,2.296274,68.0,27.0,1506.0,22.1,718.0,10.6,387.0,5.7,115.0,1.7,35.0,0.5,36.0,0.5,60.0,0.9,282.0,548.0,0.515,74.0,193.0,0.383,208.0,355.0,0.586,0.582,80.0,126.0,0.635,16.6,0.595,18.3,3.8,0.122,-0.1,0.7,1507.9,3198.1532033426183,604282.6315789474,312.6804553811958,1.6548547777834874,656.6725051104529,254.0,147.0,29.0,107.0,True,True,,Basketball Reference 2025-26 stats and 2025-26 listed salary
P0254,2025-26,Joe Ingles,MIN,MIN,SF,Wing,38.0,2296274.0,2.296274,2296274.0,2.296274,27.0,2.0,153.0,5.7,41.0,1.5,19.0,0.7,34.0,1.3,9.0,0.3,2.0,0.1,14.0,0.5,16.0,27.0,0.593,7.0,16.0,0.438,9.0,11.0,0.818,0.722,2.0,2.0,1.0,13.0,0.735,11.5,0.4,0.12,0.2,0.1,133.8,56006.68292682927,5740685.0,17.855012076084996,0.1741952397666829,58.268307701955436,,,,,False,True,,Basketball Reference 2025-26 stats and 2025-26 listed salary
P0255,2025-26,Joel Embiid,PHI,PHI,C,Center,31.0,55224526.0,55.224526,176072526.0,176.072526,38.0,38.0,1201.0,31.6,1021.0,26.9,293.0,7.7,150.0,3.9,21.0,0.6,46.0,1.2,109.0,2.9,341.0,697.0,0.489,53.0,159.0,0.333,288.0,538.0,0.535,0.527,286.0,335.0,0.854,24.7,0.605,33.5,4.1,0.163,4.9,2.1,1689.6,54088.66405484819,13469396.585365854,18.48816230672582,0.07424237557059339,30.595101893676734,2.0,113.0,352.0,-111.0,True,True,,Basketball Reference 2025-26 stats and 2025-26 listed salary
P0256,2025-26,John Collins,LAC,LAC,PF,Forward,28.0,26580000.0,26.58,26580000.0,26.58,69.0,56.0,1872.0,27.1,935.0,13.6,367.0,5.3,70.0,1.0,60.0,0.9,51.0,0.7,95.0,1.4,364.0,659.0,0.552,89.0,219.0,0.406,275.0,440.0,0.625,0.62,118.0,154.0,0.766,16.3,0.643,19.5,4.6,0.117,-0.5,0.7,1718.4,28427.807486631016,5778260.869565218,35.176824680210686,0.17306245297215953,64.65011286681717,44.0,107.0,304.0,-63.0,True,True,,Basketball Reference 2025-26 stats and 2025-26 listed salary
P0257,2025-26,John Konchar,UTA,2TM,SG,Guard,29.0,6165000.0,6.165,12330000.0,12.33,56.0,8.0,1115.0,19.9,248.0,4.4,240.0,4.3,118.0,2.1,83.0,1.5,38.0,0.7,35.0,0.6,94.0,199.0,0.472,28.0,99.0,0.283,66.0,100.0,0.66,0.543,32.0,44.0,0.727,13.6,0.568,9.4,2.4,0.104,0.9,0.8,1041.0,24858.870967741936,2568750.0,40.22708840227089,0.389294403892944,168.8564476885645,175.0,241.0,171.0,-66.0,True,True,,Basketball Reference 2025-26 stats and 2025-26 listed salary
P0258,2025-26,John Tonje,BOS,BOS,SG,Guard,24.0,73153.0,0.073153,73153.0,0.073153,6.0,0.0,42.0,7.0,15.0,2.5,6.0,1.0,2.0,0.3,2.0,0.3,0.0,0.0,0.0,0.0,4.0,14.0,0.286,3.0,10.0,0.3,1.0,4.0,0.25,0.393,4.0,4.0,1.0,9.1,0.476,16.3,0.1,0.101,-5.1,0.0,31.2,4876.866666666667,731530.0,205.04969037496755,1.366997935833117,426.5033559799325,,,,,False,True,,Basketball Reference 2025-26 stats and 2025-26 listed salary
P0259,2025-26,Johni Broome,PHI,PHI,C,Center,23.0,1272870.0,1.27287,3423787.0,3.423787,11.0,0.0,55.0,5.0,10.0,0.9,16.0,1.5,4.0,0.4,3.0,0.3,2.0,0.2,3.0,0.3,4.0,24.0,0.167,0.0,5.0,0.0,4.0,19.0,0.211,0.167,2.0,6.0,0.333,0.4,0.188,22.8,-0.2,-0.212,-16.2,-0.2,47.2,127287.0,,7.856261833494387,-0.15712523666988776,37.08155585409351,,,,,False,True,,Basketball Reference 2025-26 stats and 2025-26 listed salary
P0260,2025-26,Johnny Furphy,IND,IND,SG,Guard,21.0,1955377.0,1.955377,4251648.0,4.251648,35.0,21.0,643.0,18.4,180.0,5.1,153.0,4.4,41.0,1.2,20.0,0.6,7.0,0.2,29.0,0.8,70.0,149.0,0.47,23.0,71.0,0.324,47.0,78.0,0.603,0.547,17.0,35.0,0.486,9.2,0.547,12.8,0.5,0.036,-3.7,-0.3,477.1,10863.205555555556,3910754.0,92.05385969048424,0.25570516580690067,243.99386921294465,260.0,343.0,129.0,-83.0,True,True,,Basketball Reference 2025-26 stats and 2025-26 listed salary
P0261,2025-26,Jonas Valančiūnas,DEN,DEN,C,Center,33.0,10395000.0,10.395,10395000.0,10.395,65.0,6.0,871.0,13.4,567.0,8.7,329.0,5.1,78.0,1.2,14.0,0.2,37.0,0.6,73.0,1.1,227.0,390.0,0.582,8.0,26.0,0.308,219.0,364.0,0.602,0.592,105.0,136.0,0.772,22.0,0.63,26.1,2.9,0.162,0.0,0.4,1158.8,18333.333333333332,3584482.7586206896,54.54545454545455,0.278980278980279,111.47667147667147,121.0,213.0,218.0,-92.0,True,True,,Basketball Reference 2025-26 stats and 2025-26 listed salary
P0262,2025-26,Jonathan Isaac,ORL,ORL,PF,Forward,28.0,15000000.0,15.0,44000000.0,44.0,52.0,0.0,521.0,10.0,134.0,2.6,132.0,2.5,22.0,0.4,20.0,0.4,31.0,0.6,18.0,0.3,46.0,109.0,0.422,7.0,38.0,0.184,39.0,71.0,0.549,0.454,35.0,58.0,0.603,11.5,0.498,12.4,0.9,0.085,-1.6,0.1,460.4,111940.29850746269,16666666.666666666,8.933333333333334,0.060000000000000005,30.69333333333333,84.0,346.0,351.0,-262.0,True,True,,Basketball Reference 2025-26 stats and 2025-26 listed salary
P0263,2025-26,Jonathan Kuminga,ATL,2TM,PF,Forward,23.0,23799569.0,23.799569,23799569.0,23.799569,36.0,14.0,830.0,23.1,438.0,12.2,202.0,5.6,83.0,2.3,22.0,0.6,11.0,0.3,67.0,1.9,157.0,339.0,0.463,35.0,105.0,0.333,122.0,234.0,0.521,0.515,89.0,123.0,0.724,14.2,0.557,23.4,1.0,0.059,-2.0,0.0,836.9,54336.91552511416,23799569.0,18.40369462152865,0.042017567629060844,35.16450234876102,52.0,279.0,348.0,-227.0,True,True,,Basketball Reference 2025-26 stats and 2025-26 listed salary
P0264,2025-26,Jonathan Mogbo,TOR,TOR,PF,Forward,24.0,1955377.0,1.955377,1955377.0,1.955377,40.0,0.0,249.0,6.2,61.0,1.5,68.0,1.7,25.0,0.6,11.0,0.3,8.0,0.2,14.0,0.4,26.0,44.0,0.591,0.0,1.0,0.0,26.0,43.0,0.605,0.591,9.0,14.0,0.643,12.8,0.608,11.1,0.6,0.12,-0.7,0.1,223.1,32055.360655737706,3258961.666666667,31.19603022844188,0.3068461989682808,114.09564498303908,,,,,False,True,,Basketball Reference 2025-26 stats and 2025-26 listed salary
P0265,2025-26,Jordan Clarkson,NYK,NYK,SG,Guard,33.0,12947835.0,12.947835,2296274.0,2.296274,72.0,1.0,1279.0,17.8,622.0,8.6,127.0,1.8,96.0,1.3,30.0,0.4,9.0,0.1,63.0,0.9,237.0,526.0,0.451,70.0,214.0,0.327,167.0,312.0,0.535,0.517,78.0,94.0,0.83,11.6,0.548,21.1,1.9,0.072,-3.3,-0.4,972.4000000000001,20816.45498392283,6814650.0,48.03891924788971,0.14674267937458269,75.10135864412855,101.0,256.0,276.0,-155.0,True,True,,Basketball Reference 2025-26 stats and 2025-26 listed salary
P0266,2025-26,Jordan Clarkson,UTA,NYK,SG,Guard,33.0,12947835.0,12.947835,10651561.0,10.651561,72.0,1.0,1279.0,17.8,622.0,8.6,127.0,1.8,96.0,1.3,30.0,0.4,9.0,0.1,63.0,0.9,237.0,526.0,0.451,70.0,214.0,0.327,167.0,312.0,0.535,0.517,78.0,94.0,0.83,11.6,0.548,21.1,1.9,0.072,-3.3,-0.4,972.4000000000001,20816.45498392283,6814650.0,48.03891924788971,0.14674267937458269,75.10135864412855,101.0,256.0,276.0,-155.0,True,True,,Basketball Reference 2025-26 stats and 2025-26 listed salary
P0267,2025-26,Jordan Goodwin,PHO,PHO,PG,Guard,27.0,2349578.0,2.349578,2349578.0,2.349578,70.0,10.0,1572.0,22.5,609.0,8.7,341.0,4.9,151.0,2.2,106.0,1.5,14.0,0.2,68.0,1.0,229.0,555.0,0.413,112.0,302.0,0.371,117.0,253.0,0.462,0.514,39.0,56.0,0.696,14.7,0.525,17.5,3.9,0.118,1.8,1.5,1536.7,3858.0919540229884,602455.8974358975,259.1954810608543,1.6598725388133526,654.0323411267896,252.0,142.0,30.0,110.0,True,True,,Basketball Reference 2025-26 stats and 2025-26 listed salary
P0268,2025-26,Jordan Hawkins,NOP,NOP,SG,Guard,23.0,4741320.0,4.74132,11763215.0,11.763215,51.0,1.0,692.0,13.6,258.0,5.1,88.0,1.7,42.0,0.8,13.0,0.3,10.0,0.2,34.0,0.7,94.0,257.0,0.366,47.0,135.0,0.348,47.0,122.0,0.385,0.457,23.0,27.0,0.852,7.6,0.48,18.2,-0.4,-0.029,-6.2,-0.7,461.6,18377.20930232558,,54.415226139556076,-0.08436469168923423,97.3568542093763,199.0,345.0,237.0,-146.0,True,True,,Basketball Reference 2025-26 stats and 2025-26 listed salary
P0269,2025-26,Jordan McLaughlin,SAS,SAS,PG,Guard,29.0,2296274.0,2.296274,2296274.0,2.296274,44.0,0.0,282.0,6.4,89.0,2.0,32.0,0.7,38.0,0.9,20.0,0.5,2.0,0.0,15.0,0.3,33.0,79.0,0.418,17.0,40.0,0.425,16.0,39.0,0.41,0.525,6.0,7.0,0.857,12.0,0.542,14.5,0.6,0.1,0.6,0.2,235.4,25800.83146067416,3827123.3333333335,38.75844084808695,0.26129285965002436,102.51389860269289,,,,,False,True,,Basketball Reference 2025-26 stats and 2025-26 listed salary
P0270,2025-26,Jordan Miller,LAC,LAC,SF,Wing,26.0,712637.0,0.712637,3210449.0,3.210449,60.0,1.0,1325.0,22.1,598.0,10.0,182.0,3.0,136.0,2.3,45.0,0.8,11.0,0.2,63.0,1.1,212.0,399.0,0.531,38.0,110.0,0.345,174.0,289.0,0.602,0.579,136.0,175.0,0.777,15.9,0.628,18.0,3.5,0.125,0.2,0.8,1125.4,1191.700668896321,203610.57142857142,839.136895782846,4.911336346555119,1579.2051212608947,267.0,219.0,2.0,48.0,True,True,,Basketball Reference 2025-26 stats and 2025-26 listed salary
P0271,2025-26,Jordan Poole,NOP,NOP,PG,Guard,26.0,31848215.0,31.848215,65892857.0,65.892857,39.0,8.0,933.0,23.9,524.0,13.4,77.0,2.0,119.0,3.1,22.0,0.6,15.0,0.4,69.0,1.8,165.0,444.0,0.372,96.0,288.0,0.333,69.0,156.0,0.442,0.48,98.0,114.0,0.86,11.5,0.53,25.1,0.2,0.01,-3.5,-0.4,836.9,60779.03625954199,159241075.0,16.453041402791335,0.006279786794958525,26.277767843503945,31.0,279.0,356.0,-248.0,True,True,,Basketball Reference 2025-26 stats and 2025-26 listed salary
P0272,2025-26,Jordan Walsh,BOS,BOS,PF,Forward,21.0,2221677.0,2.221677,200000.0,0.2,68.0,25.0,1212.0,17.8,364.0,5.4,272.0,4.0,54.0,0.8,49.0,0.7,31.0,0.5,35.0,0.5,136.0,267.0,0.509,48.0,125.0,0.384,88.0,142.0,0.62,0.599,44.0,57.0,0.772,13.1,0.623,11.7,3.8,0.15,0.2,0.7,976.4,6103.508241758242,584651.8421052631,163.84019819262656,1.710419651461486,439.48782833868285,256.0,254.0,65.0,2.0,True,True,,Basketball Reference 2025-26 stats and 2025-26 listed salary
P0273,2025-26,Jose Alvarado,NYK,2TM,PG,Guard,27.0,4500000.0,4.5,4500000.0,4.5,69.0,3.0,1370.0,19.9,510.0,7.4,171.0,2.5,234.0,3.4,66.0,1.0,8.0,0.1,77.0,1.1,187.0,449.0,0.416,101.0,287.0,0.352,86.0,162.0,0.531,0.529,35.0,46.0,0.761,12.1,0.543,16.8,2.2,0.077,-1.0,0.3,1211.2,8823.529411764706,2045454.5454545452,113.33333333333333,0.48888888888888893,269.15555555555557,201.0,203.0,118.0,-2.0,True,True,,Basketball Reference 2025-26 stats and 2025-26 listed salary
P0274,2025-26,Josh Giddey,CHI,CHI,PG,Guard,23.0,25000000.0,25.0,100000000.0,100.0,54.0,51.0,1731.0,32.1,919.0,17.0,448.0,8.3,494.0,9.1,55.0,1.0,27.0,0.5,196.0,3.6,321.0,717.0,0.448,103.0,283.0,0.364,218.0,434.0,0.502,0.52,174.0,228.0,0.763,18.0,0.562,24.4,3.2,0.09,2.7,2.0,2247.6,27203.48204570185,7812500.0,36.76,0.128,89.904,48.0,56.0,251.0,-8.0,True,True,,Basketball Reference 2025-26 stats and 2025-26 listed salary
P0275,2025-26,Josh Green,CHO,CHO,SG,Guard,25.0,13666667.0,13.666667,28345679.0,28.345679,58.0,0.0,908.0,15.7,249.0,4.3,102.0,1.8,47.0,0.8,35.0,0.6,6.0,0.1,35.0,0.6,83.0,181.0,0.459,58.0,138.0,0.42,25.0,43.0,0.581,0.619,25.0,28.0,0.893,9.7,0.644,10.6,1.9,0.099,-0.7,0.3,529.9,54886.212851405624,7192982.631578947,18.219511750743614,0.13902438685306373,38.77316978602025,94.0,333.0,343.0,-239.0,True,True,,Basketball Reference 2025-26 stats and 2025-26 listed salary
P0276,2025-26,Josh Hart,NYK,NYK,SF,Wing,30.0,19472240.0,19.47224,40396000.0,40.396,66.0,52.0,1994.0,30.2,792.0,12.0,486.0,7.4,317.0,4.8,75.0,1.1,17.0,0.3,128.0,1.9,301.0,592.0,0.508,100.0,242.0,0.413,201.0,350.0,0.574,0.593,90.0,125.0,0.72,15.7,0.612,16.7,6.1,0.147,3.0,2.5,1998.6999999999998,24586.161616161615,3192170.4918032787,40.67328668915338,0.3132664757624187,102.64355821415512,65.0,81.0,226.0,-16.0,True,True,,Basketball Reference 2025-26 stats and 2025-26 listed salary
P0277,2025-26,Josh Minott,BRK,2TM,PF,Forward,23.0,2378870.0,2.37887,2378870.0,2.37887,49.0,11.0,834.0,17.0,364.0,7.4,158.0,3.2,46.0,0.9,44.0,0.9,24.0,0.5,43.0,0.9,126.0,252.0,0.5,64.0,153.0,0.418,62.0,99.0,0.626,0.627,48.0,61.0,0.787,16.0,0.653,16.8,2.4,0.139,2.5,1.0,783.6,6535.357142857143,991195.8333333334,153.01382589212525,1.0088823685195072,329.40009332161907,250.0,289.0,97.0,-39.0,True,True,,Basketball Reference 2025-26 stats and 2025-26 listed salary
P0278,2025-26,Josh Okogie,HOU,HOU,SG,Guard,27.0,2296274.0,2.296274,2296274.0,2.296274,78.0,32.0,1354.0,17.4,353.0,4.5,200.0,2.6,69.0,0.9,63.0,0.8,16.0,0.2,41.0,0.5,125.0,294.0,0.425,62.0,161.0,0.385,63.0,133.0,0.474,0.531,41.0,69.0,0.594,9.9,0.544,11.3,2.7,0.095,-1.2,0.3,892.5,6505.025495750709,850471.8518518518,153.72729909409767,1.1758178684251097,388.67312872941125,254.0,270.0,78.0,-16.0,True,True,,Basketball Reference 2025-26 stats and 2025-26 listed salary
P0279,2025-26,Jrue Holiday,POR,POR,PG,Guard,35.0,32400000.0,32.4,67200000.0,67.2,53.0,51.0,1560.0,29.4,865.0,16.3,245.0,4.6,322.0,6.1,54.0,1.0,6.0,0.1,146.0,2.8,320.0,709.0,0.451,137.0,362.0,0.378,183.0,347.0,0.527,0.548,88.0,105.0,0.838,16.4,0.573,23.5,3.6,0.109,1.9,1.6,1676.0,37456.64739884393,9000000.0,26.69753086419753,0.11111111111111112,51.7283950617284,29.0,119.0,328.0,-90.0,True,True,,Basketball Reference 2025-26 stats and 2025-26 listed salary
P0280,2025-26,Julian Champagnie,SAS,SAS,SF,Wing,24.0,3000000.0,3.0,,,82.0,68.0,2266.0,27.6,911.0,11.1,473.0,5.8,127.0,1.5,62.0,0.8,38.0,0.5,69.0,0.8,301.0,689.0,0.437,195.0,512.0,0.381,106.0,177.0,0.599,0.578,114.0,135.0,0.844,13.1,0.609,15.2,6.2,0.132,1.4,1.9,1900.1,3293.084522502744,483870.96774193546,303.6666666666667,2.066666666666667,633.3666666666667,234.0,84.0,31.0,150.0,True,True,,Basketball Reference 2025-26 stats and 2025-26 listed salary
P0281,2025-26,Julian Phillips,MIN,2TM,SF,Wing,22.0,2221677.0,2.221677,2221677.0,2.221677,48.0,2.0,428.0,8.9,140.0,2.9,49.0,1.0,10.0,0.2,22.0,0.5,7.0,0.1,11.0,0.2,51.0,121.0,0.421,20.0,65.0,0.308,31.0,56.0,0.554,0.504,18.0,23.0,0.783,9.3,0.534,13.9,0.5,0.051,-3.6,-0.2,289.8,15869.121428571429,4443354.0,63.0154608433179,0.22505521729756395,130.44200394566806,,,,,False,True,,Basketball Reference 2025-26 stats and 2025-26 listed salary
P0282,2025-26,Julian Strawther,DEN,DEN,SG,Guard,23.0,2674200.0,2.6742,7501131.0,7.501131,57.0,14.0,861.0,15.1,413.0,7.2,114.0,2.0,61.0,1.1,25.0,0.4,6.0,0.1,36.0,0.6,149.0,319.0,0.467,58.0,150.0,0.387,91.0,169.0,0.538,0.558,57.0,70.0,0.814,12.5,0.59,19.4,1.3,0.071,-2.3,-0.1,698.3,6475.060532687651,2057076.923076923,154.43871064243513,0.4861266920948321,261.1248223767856,242.0,308.0,123.0,-66.0,True,True,,Basketball Reference 2025-26 stats and 2025-26 listed salary
P0283,2025-26,Julius Randle,MIN,MIN,PF,Forward,31.0,30864198.0,30.864198,64197532.0,64.197532,79.0,79.0,2610.0,33.0,1667.0,21.1,532.0,6.7,398.0,5.0,86.0,1.1,18.0,0.2,217.0,2.7,580.0,1207.0,0.481,109.0,346.0,0.315,471.0,861.0,0.547,0.526,398.0,496.0,0.802,18.4,0.585,26.5,7.4,0.135,1.5,2.3,2997.4,18514.815836832633,4170837.5675675673,54.01079917903586,0.23975999635564807,97.11575852384048,33.0,17.0,238.0,16.0,True,True,,Basketball Reference 2025-26 stats and 2025-26 listed salary
P0284,2025-26,Justin Champagnie,WAS,WAS,SF,Wing,24.0,2349578.0,2.349578,5017522.0,5.017522,69.0,19.0,1377.0,20.0,597.0,8.7,384.0,5.6,84.0,1.2,59.0,0.9,43.0,0.6,45.0,0.7,232.0,462.0,0.502,53.0,166.0,0.319,179.0,296.0,0.605,0.56,80.0,102.0,0.784,17.3,0.589,16.7,3.1,0.109,-0.4,0.6,1444.8,3935.641541038526,757928.3870967742,254.08818094142862,1.3193858641849727,614.9189343788544,252.0,156.0,35.0,96.0,True,True,,Basketball Reference 2025-26 stats and 2025-26 listed salary
P0285,2025-26,Justin Edwards,PHI,PHI,SF,Wing,22.0,2048494.0,2.048494,4459584.0,4.459584,64.0,12.0,977.0,15.3,386.0,6.0,94.0,1.5,80.0,1.3,54.0,0.8,11.0,0.2,36.0,0.6,143.0,320.0,0.447,67.0,180.0,0.372,76.0,140.0,0.543,0.552,33.0,39.0,0.846,12.1,0.572,16.1,1.7,0.086,-1.3,0.2,777.8,5306.979274611399,1204996.4705882354,188.4311108550965,0.8298779493618239,379.6935700080157,259.0,293.0,82.0,-34.0,True,True,,Basketball Reference 2025-26 stats and 2025-26 listed salary
P0286,2025-26,Jusuf Nurkić,UTA,UTA,C,Center,31.0,19375000.0,19.375,19375000.0,19.375,41.0,36.0,1083.0,26.4,447.0,10.9,425.0,10.4,196.0,4.8,52.0,1.3,22.0,0.5,101.0,2.5,180.0,358.0,0.503,25.0,71.0,0.352,155.0,287.0,0.54,0.538,62.0,113.0,0.549,16.4,0.548,19.3,1.5,0.068,1.1,0.9,1372.0,43344.51901565996,12916666.666666666,23.070967741935483,0.07741935483870968,70.81290322580645,66.0,171.0,287.0,-105.0,True,True,,Basketball Reference 2025-26 stats and 2025-26 listed salary
P0287,2025-26,Kadary Richmond,WAS,WAS,SG,Guard,24.0,73153.0,0.073153,73153.0,0.073153,3.0,0.0,67.0,22.3,25.0,8.3,10.0,3.3,8.0,2.7,8.0,2.7,1.0,0.3,2.0,0.7,10.0,16.0,0.625,2.0,4.0,0.5,8.0,12.0,0.667,0.688,3.0,3.0,1.0,20.0,0.722,12.0,0.2,0.175,3.6,0.1,74.0,2926.12,365765.0,341.74948395827926,2.733995871666234,1011.5784725165065,,,,,False,True,,Basketball Reference 2025-26 stats and 2025-26 listed salary
P0288,2025-26,Kam Jones,IND,IND,SG,Guard,23.0,1272870.0,1.27287,1272870.0,1.27287,37.0,7.0,616.0,16.6,162.0,4.4,60.0,1.6,119.0,3.2,18.0,0.5,0.0,0.0,36.0,1.0,68.0,169.0,0.402,22.0,75.0,0.293,46.0,94.0,0.489,0.467,4.0,8.0,0.5,8.2,0.47,14.4,0.0,0.002,-6.2,-0.6,430.5,7857.222222222223,,127.27144170260907,0.0,338.21207193193334,262.0,351.0,93.0,-89.0,True,True,,Basketball Reference 2025-26 stats and 2025-26 listed salary
P0289,2025-26,Karl-Anthony Towns,NYK,NYK,C,Center,30.0,53142264.0,53.142264,110220992.0,110.220992,75.0,75.0,2322.0,31.0,1504.0,20.1,889.0,11.9,226.0,3.0,65.0,0.9,40.0,0.5,187.0,2.5,517.0,1032.0,0.501,113.0,307.0,0.368,404.0,725.0,0.557,0.556,357.0,416.0,0.858,22.0,0.619,25.9,9.5,0.197,3.3,3.1,3037.8,35333.95212765958,5593922.52631579,28.30139114886035,0.17876543611314716,57.16354124468616,5.0,15.0,322.0,-10.0,True,True,AS,Basketball Reference 2025-26 stats and 2025-26 listed salary
P0290,2025-26,Karlo Matković,NOP,NOP,PF,Forward,24.0,1955377.0,1.955377,1955377.0,1.955377,62.0,2.0,912.0,14.7,352.0,5.7,229.0,3.7,50.0,0.8,25.0,0.4,54.0,0.9,34.0,0.5,142.0,235.0,0.604,38.0,90.0,0.422,104.0,145.0,0.717,0.685,30.0,41.0,0.732,16.5,0.696,13.1,2.7,0.141,0.7,0.6,904.8,5555.048295454545,724213.7037037037,180.01643672805807,1.3808078953572638,462.72406804416744,260.0,267.0,61.0,-7.0,True,True,,Basketball Reference 2025-26 stats and 2025-26 listed salary
P0291,2025-26,Kasparas Jakučionis,MIA,MIA,PG,Guard,19.0,3658800.0,3.6588,7500480.0,7.50048,53.0,12.0,945.0,17.8,328.0,6.2,138.0,2.6,137.0,2.6,33.0,0.6,7.0,0.1,50.0,0.9,102.0,238.0,0.429,66.0,156.0,0.423,36.0,82.0,0.439,0.567,58.0,66.0,0.879,11.9,0.614,13.7,2.3,0.114,-0.4,0.4,769.1,11154.878048780487,1590782.6086956523,89.64687875806275,0.62862140592544,210.20553186837216,219.0,296.0,147.0,-77.0,True,True,,Basketball Reference 2025-26 stats and 2025-26 listed salary
P0292,2025-26,Kawhi Leonard,LAC,LAC,SF,Wing,34.0,50000000.0,50.0,100300000.0,100.3,65.0,65.0,2085.0,32.1,1813.0,27.9,413.0,6.4,234.0,3.6,122.0,1.9,27.0,0.4,133.0,2.0,635.0,1258.0,0.505,172.0,445.0,0.387,463.0,813.0,0.569,0.573,371.0,416.0,0.892,27.9,0.629,33.5,9.2,0.212,8.0,5.3,2973.6,27578.599007170436,5434782.608695652,36.26,0.184,59.472,8.0,19.0,316.0,-11.0,True,True,"MVP-7,CPOY-10,AS,NBA2",Basketball Reference 2025-26 stats and 2025-26 listed salary
P0293,2025-26,Keaton Wallace,ATL,ATL,PG,Guard,26.0,2296274.0,2.296274,2296274.0,2.296274,53.0,3.0,536.0,10.1,186.0,3.5,56.0,1.1,94.0,1.8,24.0,0.5,5.0,0.1,28.0,0.5,68.0,171.0,0.398,38.0,102.0,0.373,30.0,69.0,0.435,0.509,12.0,18.0,0.667,10.4,0.52,16.1,0.7,0.066,-2.7,-0.1,453.2,12345.559139784946,3280391.4285714286,81.00078649150755,0.30484166959169506,197.3632066556517,254.0,347.0,154.0,-93.0,True,True,,Basketball Reference 2025-26 stats and 2025-26 listed salary
P0294,2025-26,Keegan Murray,SAC,SAC,PF,Forward,25.0,11144093.0,11.144093,151144093.0,151.144093,23.0,22.0,793.0,34.5,321.0,14.0,132.0,5.7,38.0,1.7,24.0,1.0,36.0,1.6,27.0,1.2,126.0,300.0,0.42,31.0,112.0,0.277,95.0,188.0,0.505,0.472,38.0,49.0,0.776,11.7,0.499,18.7,0.2,0.011,-3.1,-0.2,689.4,34716.80062305296,55720465.0,28.804497593478448,0.01794672747257224,61.862369597956516,115.0,311.0,308.0,-196.0,True,True,,Basketball Reference 2025-26 stats and 2025-26 listed salary
P0295,2025-26,Kel'el Ware,MIA,MIA,C,Center,21.0,4443360.0,4.44336,9098280.0,9.09828,77.0,34.0,1704.0,22.1,851.0,11.1,694.0,9.0,56.0,0.7,59.0,0.8,84.0,1.1,62.0,0.8,344.0,649.0,0.53,92.0,233.0,0.395,252.0,416.0,0.606,0.601,71.0,96.0,0.74,20.0,0.616,18.0,6.2,0.175,2.1,1.8,2134.8,5221.339600470035,716670.9677419355,191.5217313024378,1.3953404630729898,480.44722912390625,203.0,67.0,57.0,136.0,True,True,,Basketball Reference 2025-26 stats and 2025-26 listed salary
P0296,2025-26,Keldon Johnson,SAS,SAS,SF,Wing,26.0,17500000.0,17.5,35000000.0,35.0,82.0,0.0,1911.0,23.3,1081.0,13.2,440.0,5.4,111.0,1.4,46.0,0.6,11.0,0.1,70.0,0.9,414.0,797.0,0.519,99.0,273.0,0.363,315.0,524.0,0.601,0.582,154.0,194.0,0.794,17.3,0.613,21.0,6.4,0.161,0.9,1.4,1876.5,16188.714153561517,2734375.0,61.77142857142857,0.3657142857142857,107.22857142857143,77.0,86.0,221.0,-9.0,True,True,6MOY-1,Basketball Reference 2025-26 stats and 2025-26 listed salary
P0297,2025-26,Kelly Olynyk,SAS,SAS,C,Center,34.0,13445122.0,13.445122,13445122.0,13.445122,42.0,0.0,360.0,8.6,133.0,3.2,76.0,1.8,49.0,1.2,15.0,0.4,3.0,0.1,24.0,0.6,47.0,96.0,0.49,12.0,47.0,0.255,35.0,49.0,0.714,0.552,27.0,38.0,0.711,13.5,0.59,16.0,1.0,0.13,-0.1,0.2,327.7,101091.14285714286,13445122.0,9.89206345617392,0.07437641696371368,24.373151839008973,,,,,False,True,,Basketball Reference 2025-26 stats and 2025-26 listed salary
P0298,2025-26,Kelly Oubre Jr.,PHI,PHI,SF,Wing,30.0,8382150.0,8.38215,8382150.0,8.38215,50.0,41.0,1574.0,31.5,705.0,14.1,252.0,5.0,80.0,1.6,68.0,1.4,24.0,0.5,69.0,1.4,254.0,544.0,0.467,86.0,239.0,0.36,168.0,305.0,0.551,0.546,111.0,145.0,0.766,13.0,0.58,18.2,2.7,0.083,-1.4,0.2,1334.4,11889.574468085106,3104500.0,84.10729943988119,0.32211306168465137,159.19543315259213,143.0,177.0,180.0,-34.0,True,True,,Basketball Reference 2025-26 stats and 2025-26 listed salary
P0299,2025-26,Kenrich Williams,OKC,OKC,PF,Forward,31.0,7163000.0,7.163,7163000.0,7.163,56.0,2.0,855.0,15.3,363.0,6.5,187.0,3.3,79.0,1.4,31.0,0.6,5.0,0.1,43.0,0.8,140.0,296.0,0.473,50.0,129.0,0.388,90.0,167.0,0.539,0.557,33.0,52.0,0.635,14.2,0.569,18.3,2.3,0.13,0.2,0.5,770.9,19732.782369146007,3114347.8260869565,50.67709060449532,0.3210945134720089,107.62250453720507,160.0,294.0,220.0,-134.0,True,True,,Basketball Reference 2025-26 stats and 2025-26 listed salary
P0300,2025-26,Kentavious Caldwell-Pope,MEM,MEM,SG,Guard,32.0,21621500.0,21.6215,21621500.0,21.6215,51.0,14.0,1088.0,21.3,428.0,8.4,125.0,2.5,139.0,2.7,43.0,0.8,8.0,0.2,61.0,1.2,150.0,366.0,0.41,55.0,174.0,0.316,95.0,192.0,0.495,0.485,73.0,80.0,0.913,11.0,0.533,17.7,0.7,0.032,-2.5,-0.1,878.5,50517.52336448598,30887857.142857146,19.79511134750133,0.032375182110399366,40.63085354855121,56.0,273.0,342.0,-217.0,True,True,,Basketball Reference 2025-26 stats and 2025-26 listed salary
P0301,2025-26,Keon Ellis,CLE,2TM,SG,Guard,26.0,2301587.0,2.301587,2301587.0,2.301587,72.0,11.0,1478.0,20.5,480.0,6.7,135.0,1.9,72.0,1.0,83.0,1.2,46.0,0.6,41.0,0.6,169.0,384.0,0.44,91.0,251.0,0.363,78.0,133.0,0.586,0.559,51.0,70.0,0.729,10.8,0.579,13.0,2.2,0.072,-0.5,0.6,1096.0,4794.972916666667,1046175.9090909091,208.5517514654019,0.9558621942164255,476.193165846001,253.0,227.0,58.0,26.0,True,True,,Basketball Reference 2025-26 stats and 2025-26 listed salary
P0302,2025-26,Keon Johnson,BRK,,Unknown,Unknown,,2349578.0,2.349578,2349578.0,2.349578,,,,,,,,,,,,,,,,,,,,,,,,,,,,,,,,,,,,,0.0,,,,,0.0,,,,,False,False,,Basketball Reference 2025-26 stats and 2025-26 listed salary
P0303,2025-26,Keshad Johnson,MIA,MIA,SF,Wing,24.0,1955377.0,1.955377,1955377.0,1.955377,32.0,0.0,280.0,8.8,136.0,4.3,62.0,1.9,8.0,0.3,15.0,0.5,8.0,0.3,13.0,0.4,51.0,104.0,0.49,13.0,44.0,0.295,38.0,60.0,0.633,0.553,21.0,29.0,0.724,15.2,0.582,18.9,0.6,0.11,-1.3,0.1,278.4,14377.77205882353,3258961.666666667,69.55180509947698,0.3068461989682808,142.3766363212823,,,,,False,True,,Basketball Reference 2025-26 stats and 2025-26 listed salary
P0304,2025-26,Keshon Gilbert,WAS,2TM,SG,Guard,22.0,73153.0,0.073153,73153.0,0.073153,4.0,0.0,74.0,18.5,17.0,4.3,5.0,1.3,12.0,3.0,3.0,0.8,4.0,1.0,8.0,2.0,5.0,12.0,0.417,0.0,3.0,0.0,5.0,9.0,0.556,0.417,7.0,7.0,1.0,8.5,0.564,13.0,0.0,-0.005,-4.6,0.0,54.0,4303.117647058823,,232.38964909162988,0.0,738.1788853498832,,,,,False,True,,Basketball Reference 2025-26 stats and 2025-26 listed salary
P0305,2025-26,Kevin Durant,HOU,HOU,SF,Wing,37.0,54708609.0,54.708609,98611048.0,98.611048,78.0,78.0,2840.0,36.4,2026.0,26.0,426.0,5.5,372.0,4.8,62.0,0.8,71.0,0.9,246.0,3.2,716.0,1376.0,0.52,186.0,450.0,0.413,530.0,926.0,0.572,0.588,408.0,467.0,0.874,21.1,0.641,27.1,10.7,0.18,4.5,4.7,3248.2,27003.26209279368,5112954.112149533,37.03256282754328,0.19558164968149708,59.37273967247092,3.0,8.0,317.0,-5.0,True,True,"CPOY-9,AS,NBA2",Basketball Reference 2025-26 stats and 2025-26 listed salary
P0306,2025-26,Kevin Huerter,DET,2TM,SF,Wing,27.0,17991071.0,17.991071,17991071.0,17.991071,69.0,14.0,1549.0,22.4,693.0,10.0,240.0,3.5,178.0,2.6,63.0,0.9,33.0,0.5,72.0,1.0,269.0,596.0,0.451,100.0,325.0,0.308,169.0,271.0,0.624,0.535,55.0,71.0,0.775,13.2,0.552,18.8,2.5,0.078,-0.6,0.6,1464.0,25961.141414141413,7196428.4,38.519107617328615,0.13895781968733267,81.37369920890201,76.0,154.0,265.0,-78.0,True,True,,Basketball Reference 2025-26 stats and 2025-26 listed salary
P0307,2025-26,Kevin Love,UTA,UTA,PF,Forward,37.0,4150000.0,4.15,4150000.0,4.15,37.0,5.0,613.0,16.6,248.0,6.7,215.0,5.8,67.0,1.8,14.0,0.4,9.0,0.2,30.0,0.8,79.0,199.0,0.397,53.0,142.0,0.373,26.0,57.0,0.456,0.53,37.0,44.0,0.841,14.7,0.568,16.6,1.1,0.088,0.2,0.3,645.5,16733.870967741936,3772727.2727272725,59.75903614457831,0.26506024096385544,155.5421686746988,208.0,318.0,182.0,-110.0,True,True,,Basketball Reference 2025-26 stats and 2025-26 listed salary
P0308,2025-26,Kevin Porter Jr.,MIL,MIL,PG,Guard,25.0,5134000.0,5.134,5134000.0,5.134,38.0,36.0,1261.0,33.2,661.0,17.4,198.0,5.2,280.0,7.4,83.0,2.2,19.0,0.5,110.0,2.9,239.0,514.0,0.465,46.0,143.0,0.322,193.0,371.0,0.52,0.51,137.0,156.0,0.878,18.7,0.567,24.3,2.8,0.106,2.1,1.3,1514.6,7767.019667170953,1833571.4285714286,128.7495130502532,0.5453837164004675,295.01363459290997,193.0,145.0,107.0,48.0,True,True,,Basketball Reference 2025-26 stats and 2025-26 listed salary
P0309,2025-26,Kevon Looney,NOP,NOP,C,Center,29.0,8000000.0,8.0,8000000.0,8.0,21.0,8.0,308.0,14.7,59.0,2.8,118.0,5.6,34.0,1.6,9.0,0.4,10.0,0.5,9.0,0.4,25.0,60.0,0.417,2.0,13.0,0.154,23.0,47.0,0.489,0.433,7.0,10.0,0.7,13.6,0.458,9.9,0.7,0.109,-1.8,0.0,299.6,135593.22033898305,11428571.42857143,7.375,0.0875,37.45,,,,,False,True,,Basketball Reference 2025-26 stats and 2025-26 listed salary
P0310,2025-26,Keyonte George,UTA,UTA,PG,Guard,22.0,4278960.0,4.27896,10842885.0,10.842885,54.0,54.0,1786.0,33.1,1275.0,23.6,199.0,3.7,332.0,6.1,58.0,1.1,14.0,0.3,166.0,3.1,402.0,881.0,0.456,134.0,361.0,0.371,268.0,520.0,0.515,0.532,337.0,378.0,0.892,18.5,0.609,27.9,3.3,0.088,0.9,1.3,2061.8,3356.0470588235294,1296654.5454545454,297.96960008974145,0.7712154355263896,481.84605605100313,206.0,75.0,56.0,131.0,True,True,,Basketball Reference 2025-26 stats and 2025-26 listed salary
P0311,2025-26,Khaman Maluach,PHO,PHO,C,Center,19.0,6016080.0,6.01608,12332760.0,12.33276,46.0,1.0,411.0,8.9,139.0,3.0,133.0,2.9,6.0,0.1,5.0,0.1,33.0,0.7,25.0,0.5,56.0,105.0,0.533,5.0,21.0,0.238,51.0,84.0,0.607,0.557,22.0,31.0,0.71,14.0,0.586,14.8,0.8,0.099,-3.7,-0.2,396.6,43281.15107913669,7520100.0,23.104745947527295,0.1329769550936823,65.92332548769299,,,,,False,True,,Basketball Reference 2025-26 stats and 2025-26 listed salary
P0312,2025-26,Khris Middleton,DAL,2TM,SF,Wing,34.0,33296296.0,33.296296,33296296.0,33.296296,63.0,50.0,1439.0,22.8,640.0,10.2,231.0,3.7,176.0,2.8,41.0,0.7,9.0,0.1,108.0,1.7,227.0,540.0,0.42,67.0,186.0,0.36,160.0,354.0,0.452,0.482,119.0,136.0,0.875,10.9,0.533,20.6,0.3,0.008,-4.4,-0.9,1223.2,52025.4625,110987653.33333334,19.221357234450345,0.009010011203648598,36.73681901434322,27.0,202.0,345.0,-175.0,True,True,,Basketball Reference 2025-26 stats and 2025-26 listed salary
P0313,2025-26,Killian Hayes,SAC,SAC,PG,Guard,24.0,263940.0,0.26394,263940.0,0.26394,23.0,3.0,406.0,17.7,127.0,5.5,54.0,2.3,81.0,3.5,21.0,0.9,4.0,0.2,28.0,1.2,42.0,138.0,0.304,17.0,63.0,0.27,25.0,75.0,0.333,0.366,26.0,28.0,0.929,8.8,0.422,18.7,-0.3,-0.031,-6.0,-0.4,360.3,2078.267716535433,,481.1699628703493,-1.136621959536258,1365.0829734030463,,,,,False,True,,Basketball Reference 2025-26 stats and 2025-26 listed salary
P0314,2025-26,Killian Hayes,SAC,SAC,PG,Guard,24.0,263940.0,0.26394,263940.0,0.26394,23.0,3.0,406.0,17.7,127.0,5.5,54.0,2.3,81.0,3.5,21.0,0.9,4.0,0.2,28.0,1.2,42.0,138.0,0.304,17.0,63.0,0.27,25.0,75.0,0.333,0.366,26.0,28.0,0.929,8.8,0.422,18.7,-0.3,-0.031,-6.0,-0.4,360.3,2078.267716535433,,481.1699628703493,-1.136621959536258,1365.0829734030463,,,,,False,True,,Basketball Reference 2025-26 stats and 2025-26 listed salary
P0315,2025-26,Klay Thompson,DAL,DAL,SF,Wing,35.0,16666667.0,16.666667,34126984.0,34.126984,69.0,8.0,1497.0,21.7,810.0,11.7,143.0,2.1,96.0,1.4,33.0,0.5,22.0,0.3,63.0,0.9,286.0,728.0,0.393,202.0,527.0,0.383,84.0,201.0,0.418,0.532,36.0,47.0,0.766,11.4,0.541,22.7,0.5,0.018,-1.4,0.2,1227.6,20576.132098765433,33333334.0,48.59999902800002,0.02999999940000001,73.65599852688003,80.0,201.0,278.0,-121.0,True,True,,Basketball Reference 2025-26 stats and 2025-26 listed salary
P0316,2025-26,Kobe Brown,IND,2TM,PF,Forward,26.0,2654880.0,2.65488,2654880.0,2.65488,61.0,10.0,963.0,15.8,353.0,5.8,185.0,3.0,80.0,1.3,23.0,0.4,12.0,0.2,53.0,0.9,127.0,271.0,0.469,52.0,139.0,0.374,75.0,132.0,0.568,0.565,47.0,59.0,0.797,12.0,0.594,15.6,1.3,0.066,-2.7,-0.2,747.0,7520.906515580737,2042215.3846153845,132.9626951123968,0.48966431627794854,281.3686494304827,245.0,298.0,113.0,-53.0,True,True,,Basketball Reference 2025-26 stats and 2025-26 listed salary
P0317,2025-26,Kobe Bufkin,BRK,LAL,SG,Guard,22.0,5480297.0,5.480297,4503720.0,4.50372,16.0,1.0,119.0,7.4,46.0,2.9,13.0,0.8,10.0,0.6,2.0,0.1,3.0,0.2,5.0,0.3,15.0,50.0,0.3,5.0,26.0,0.192,10.0,24.0,0.417,0.35,11.0,12.0,0.917,6.2,0.416,22.1,-0.1,-0.056,-9.4,-0.2,86.6,119136.89130434782,,8.393705669601482,-0.018247186238264095,15.802063282336704,,,,,False,True,,Basketball Reference 2025-26 stats and 2025-26 listed salary
P0318,2025-26,Kobe Bufkin,LAL,LAL,SG,Guard,22.0,5480297.0,5.480297,976577.0,0.976577,16.0,1.0,119.0,7.4,46.0,2.9,13.0,0.8,10.0,0.6,2.0,0.1,3.0,0.2,5.0,0.3,15.0,50.0,0.3,5.0,26.0,0.192,10.0,24.0,0.417,0.35,11.0,12.0,0.917,6.2,0.416,22.1,-0.1,-0.056,-9.4,-0.2,86.6,119136.89130434782,,8.393705669601482,-0.018247186238264095,15.802063282336704,,,,,False,True,,Basketball Reference 2025-26 stats and 2025-26 listed salary
P0319,2025-26,Kobe Bufkin,LAL,LAL,SG,Guard,22.0,5480297.0,5.480297,976577.0,0.976577,16.0,1.0,119.0,7.4,46.0,2.9,13.0,0.8,10.0,0.6,2.0,0.1,3.0,0.2,5.0,0.3,15.0,50.0,0.3,5.0,26.0,0.192,10.0,24.0,0.417,0.35,11.0,12.0,0.917,6.2,0.416,22.1,-0.1,-0.056,-9.4,-0.2,86.6,119136.89130434782,,8.393705669601482,-0.018247186238264095,15.802063282336704,,,,,False,True,,Basketball Reference 2025-26 stats and 2025-26 listed salary
P0320,2025-26,Kobe Bufkin,MEM,LAL,SG,Guard,22.0,5480297.0,5.480297,131970.0,0.13197,16.0,1.0,119.0,7.4,46.0,2.9,13.0,0.8,10.0,0.6,2.0,0.1,3.0,0.2,5.0,0.3,15.0,50.0,0.3,5.0,26.0,0.192,10.0,24.0,0.417,0.35,11.0,12.0,0.917,6.2,0.416,22.1,-0.1,-0.056,-9.4,-0.2,86.6,119136.89130434782,,8.393705669601482,-0.018247186238264095,15.802063282336704,,,,,False,True,,Basketball Reference 2025-26 stats and 2025-26 listed salary
P0321,2025-26,Kobe Sanders,LAC,LAC,SG,Guard,23.0,475497.0,0.475497,475497.0,0.475497,68.0,16.0,1351.0,19.9,495.0,7.3,153.0,2.3,109.0,1.6,49.0,0.7,10.0,0.1,81.0,1.2,179.0,384.0,0.466,80.0,196.0,0.408,99.0,188.0,0.527,0.57,57.0,69.0,0.826,10.0,0.597,16.3,1.4,0.051,-2.9,-0.3,938.1,960.6,339640.7142857143,1041.0160316468873,2.9442877662740248,1972.8831096726162,270.0,261.0,1.0,9.0,True,True,,Basketball Reference 2025-26 stats and 2025-26 listed salary
P0322,2025-26,Kon Knueppel,CHO,CHO,SF,Wing,20.0,10015680.0,10.01568,20532240.0,20.53224,81.0,80.0,2551.0,31.5,1498.0,18.5,432.0,5.3,274.0,3.4,57.0,0.7,19.0,0.2,161.0,2.0,515.0,1084.0,0.475,273.0,642.0,0.425,242.0,442.0,0.548,0.601,195.0,226.0,0.863,17.1,0.633,22.3,8.0,0.151,2.8,3.1,2494.4,6686.034712950601,1251960.0,149.56548132528195,0.7987475638199304,249.0494903990543,127.0,40.0,128.0,87.0,True,True,ROY-2,Basketball Reference 2025-26 stats and 2025-26 listed salary
P0323,2025-26,Kris Dunn,LAC,LAC,PG,Guard,31.0,5426400.0,5.4264,5426400.0,5.4264,82.0,68.0,2230.0,27.2,596.0,7.3,271.0,3.3,295.0,3.6,131.0,1.6,14.0,0.2,111.0,1.4,227.0,477.0,0.476,80.0,214.0,0.374,147.0,263.0,0.559,0.56,62.0,81.0,0.765,11.3,0.581,12.4,4.0,0.085,-0.8,0.6,1687.7,9104.697986577181,1356600.0,109.83340704702934,0.7371369600471768,311.0165118679051,189.0,114.0,103.0,75.0,True,True,,Basketball Reference 2025-26 stats and 2025-26 listed salary
P0324,2025-26,Kris Murray,POR,POR,SF,Wing,25.0,3132000.0,3.132,8447004.0,8.447004,57.0,15.0,1333.0,23.4,331.0,5.8,206.0,3.6,81.0,1.4,51.0,0.9,22.0,0.4,47.0,0.8,129.0,276.0,0.467,34.0,122.0,0.279,95.0,154.0,0.617,0.529,39.0,57.0,0.684,9.6,0.55,10.6,2.2,0.079,-1.5,0.2,871.7,9462.235649546828,1423636.3636363635,105.68326947637291,0.7024265644955301,278.3205619412516,231.0,275.0,114.0,-44.0,True,True,,Basketball Reference 2025-26 stats and 2025-26 listed salary
P0325,2025-26,Kristaps Porziņģis,GSW,2TM,C,Center,30.0,30731707.0,30.731707,30731707.0,30.731707,32.0,23.0,769.0,24.0,533.0,16.7,167.0,5.2,81.0,2.5,18.0,0.6,38.0,1.2,41.0,1.3,173.0,388.0,0.446,54.0,160.0,0.338,119.0,228.0,0.522,0.515,133.0,158.0,0.842,19.6,0.582,27.3,2.4,0.148,1.9,0.8,981.9,57657.98686679175,12804877.916666668,17.343650972593224,0.07809523890098262,31.950714615364515,34.0,253.0,350.0,-219.0,True,True,,Basketball Reference 2025-26 stats and 2025-26 listed salary
P0326,2025-26,Kyle Anderson,MEM,3TM,SF,Wing,32.0,9219512.0,9.219512,9219512.0,9.219512,43.0,5.0,853.0,19.8,266.0,6.2,150.0,3.5,126.0,2.9,45.0,1.0,26.0,0.6,39.0,0.9,107.0,202.0,0.53,4.0,11.0,0.364,103.0,191.0,0.539,0.54,48.0,68.0,0.706,13.7,0.573,13.2,1.9,0.105,0.4,0.5,809.0,34659.81954887218,4852374.736842105,28.85185246247307,0.2060846604462362,87.74867910579215,132.0,282.0,260.0,-150.0,True,True,,Basketball Reference 2025-26 stats and 2025-26 listed salary
P0327,2025-26,Kyle Filipowski,UTA,UTA,C,Center,22.0,3000000.0,3.0,3000000.0,3.0,77.0,41.0,1801.0,23.4,879.0,11.4,552.0,7.2,198.0,2.6,73.0,0.9,39.0,0.5,125.0,1.6,323.0,657.0,0.492,74.0,228.0,0.325,249.0,429.0,0.58,0.548,159.0,212.0,0.75,16.0,0.586,20.0,3.1,0.082,-1.1,0.4,2049.4,3412.9692832764504,967741.9354838709,293.0,1.0333333333333334,683.1333333333333,234.0,77.0,26.0,157.0,True,True,,Basketball Reference 2025-26 stats and 2025-26 listed salary
P0328,2025-26,Kyle Kuzma,MIL,MIL,PF,Forward,30.0,22410605.0,22.410605,42755757.0,42.755757,69.0,43.0,1806.0,26.2,896.0,13.0,313.0,4.5,184.0,2.7,46.0,0.7,28.0,0.4,119.0,1.7,339.0,689.0,0.492,83.0,239.0,0.347,256.0,450.0,0.569,0.552,135.0,186.0,0.726,14.1,0.581,21.8,1.9,0.051,-2.3,-0.1,1650.6,25011.8359375,11795055.263157895,39.98107146147996,0.08478128992947757,73.6526300829451,55.0,122.0,279.0,-67.0,True,True,,Basketball Reference 2025-26 stats and 2025-26 listed salary
P0329,2025-26,Kyle Lowry,PHI,PHI,PG,Guard,39.0,2296274.0,2.296274,2296274.0,2.296274,14.0,0.0,118.0,8.4,17.0,1.2,9.0,0.6,11.0,0.8,2.0,0.1,2.0,0.1,4.0,0.3,4.0,25.0,0.16,4.0,25.0,0.16,0.0,0.0,,0.24,5.0,6.0,0.833,1.4,0.308,11.3,-0.2,-0.062,-10.4,-0.3,52.3,135074.9411764706,,7.403297690084023,-0.08709761988334146,22.776027599493787,,,,,False,True,,Basketball Reference 2025-26 stats and 2025-26 listed salary
P0330,2025-26,Kyrie Irving,DAL,,Unknown,Unknown,,36566002.0,36.566002,76057284.0,76.057284,,,,,,,,,,,,,,,,,,,,,,,,,,,,,,,,,,,,,0.0,,,,,0.0,,,,,False,False,,Basketball Reference 2025-26 stats and 2025-26 listed salary
P0331,2025-26,Kyshawn George,WAS,WAS,SF,Wing,22.0,2966760.0,2.96676,6074760.0,6.07476,48.0,48.0,1391.0,29.0,710.0,14.8,245.0,5.1,214.0,4.5,48.0,1.0,43.0,0.9,125.0,2.6,253.0,577.0,0.438,99.0,260.0,0.381,154.0,317.0,0.486,0.524,105.0,131.0,0.802,13.8,0.559,22.8,0.6,0.022,-1.2,0.3,1473.0,4178.5352112676055,4944600.0,239.3183135811458,0.20224082837843305,496.50123366905314,236.0,152.0,52.0,84.0,True,True,,Basketball Reference 2025-26 stats and 2025-26 listed salary
P0332,2025-26,LaMelo Ball,CHO,CHO,PG,Guard,24.0,37958760.0,37.95876,168705600.0,168.7056,72.0,69.0,2017.0,28.0,1445.0,20.1,347.0,4.8,514.0,7.1,87.0,1.2,17.0,0.2,202.0,2.8,506.0,1244.0,0.407,272.0,740.0,0.368,234.0,504.0,0.464,0.516,161.0,179.0,0.899,19.7,0.546,32.0,6.2,0.147,4.7,3.4,2742.4,26269.038062283737,6122380.64516129,38.06762918493649,0.1633351563644334,72.24682787319713,19.0,26.0,282.0,-7.0,True,True,,Basketball Reference 2025-26 stats and 2025-26 listed salary
P0333,2025-26,Landry Shamet,NYK,NYK,SG,Guard,28.0,2296274.0,2.296274,2296274.0,2.296274,51.0,12.0,1171.0,23.0,475.0,9.3,92.0,1.8,72.0,1.4,31.0,0.6,9.0,0.2,30.0,0.6,159.0,364.0,0.437,103.0,263.0,0.392,56.0,101.0,0.554,0.578,54.0,76.0,0.711,11.2,0.598,15.7,2.6,0.106,-0.3,0.5,783.4,4834.261052631579,883182.3076923076,206.85684722293595,1.132269058483439,341.1613770830485,254.0,290.0,91.0,-36.0,True,True,,Basketball Reference 2025-26 stats and 2025-26 listed salary
P0334,2025-26,Larry Nance Jr.,CLE,CLE,PF,Forward,33.0,2296274.0,2.296274,2296274.0,2.296274,35.0,3.0,449.0,12.8,131.0,3.7,93.0,2.7,34.0,1.0,21.0,0.6,6.0,0.2,20.0,0.6,52.0,124.0,0.419,21.0,63.0,0.333,31.0,61.0,0.508,0.504,6.0,13.0,0.462,9.5,0.505,14.0,0.6,0.06,-3.4,-0.2,354.6,17528.809160305344,3827123.3333333335,57.04894102358865,0.26129285965002436,154.4240800531644,,,,,False,True,,Basketball Reference 2025-26 stats and 2025-26 listed salary
P0335,2025-26,Lauri Markkanen,UTA,UTA,PF,Forward,28.0,46394100.0,46.3941,195868144.0,195.868144,42.0,42.0,1443.0,34.4,1123.0,26.7,289.0,6.9,89.0,2.1,42.0,1.0,21.0,0.5,63.0,1.5,384.0,805.0,0.477,115.0,324.0,0.355,269.0,481.0,0.559,0.548,240.0,268.0,0.896,21.1,0.608,28.1,3.5,0.118,2.6,1.6,1729.3,41312.6447016919,13255457.142857144,24.205664082286326,0.07544062714871072,37.27413615093298,10.0,105.0,344.0,-95.0,True,True,,Basketball Reference 2025-26 stats and 2025-26 listed salary
P0336,2025-26,Lawson Lovering,MEM,MEM,C,Center,22.0,87784.0,0.087784,87784.0,0.087784,2.0,1.0,49.0,24.5,14.0,7.0,15.0,7.5,3.0,1.5,3.0,1.5,1.0,0.5,2.0,1.0,6.0,10.0,0.6,0.0,0.0,,6.0,10.0,0.6,0.6,2.0,5.0,0.4,13.7,0.574,12.1,0.1,0.106,-3.6,0.0,46.5,6270.285714285715,877840.0,159.48236580698077,1.1391597557641484,529.709286430329,,,,,False,True,,Basketball Reference 2025-26 stats and 2025-26 listed salary
P0337,2025-26,LeBron James,LAL,LAL,SF,Wing,41.0,52627153.0,52.627153,52627153.0,52.627153,60.0,60.0,1989.0,33.2,1256.0,20.9,364.0,6.1,432.0,7.2,72.0,1.2,35.0,0.6,179.0,3.0,473.0,919.0,0.515,77.0,243.0,0.317,396.0,676.0,0.586,0.557,233.0,316.0,0.737,20.8,0.594,27.2,5.4,0.131,3.5,2.8,2482.8,41900.59952229299,9745769.074074073,23.866006964123635,0.10260862866741054,47.1771672695272,6.0,42.0,336.0,-36.0,True,True,AS,Basketball Reference 2025-26 stats and 2025-26 listed salary
P0338,2025-26,Leonard Miller,CHI,2TM,SF,Wing,22.0,2221677.0,2.221677,,,46.0,12.0,719.0,15.6,361.0,7.8,181.0,3.9,40.0,0.9,17.0,0.4,15.0,0.3,36.0,0.8,145.0,262.0,0.553,32.0,99.0,0.323,113.0,163.0,0.693,0.615,39.0,53.0,0.736,15.9,0.633,18.7,1.6,0.105,-1.3,0.1,698.2,6154.229916897507,1388548.125,162.48986688884116,0.7201766953522046,314.2671054343183,256.0,309.0,102.0,-53.0,True,True,,Basketball Reference 2025-26 stats and 2025-26 listed salary
P0339,2025-26,Liam McNeeley,CHO,CHO,SF,Wing,20.0,2763960.0,2.76396,5666040.0,5.66604,31.0,0.0,368.0,11.9,132.0,4.3,73.0,2.4,24.0,0.8,5.0,0.2,3.0,0.1,13.0,0.4,38.0,95.0,0.4,24.0,60.0,0.4,14.0,35.0,0.4,0.526,32.0,39.0,0.821,10.6,0.588,14.4,0.9,0.112,-1.3,0.1,266.6,20939.090909090908,3071066.6666666665,47.75756523249251,0.32561976294881256,96.45580978017048,,,,,False,True,,Basketball Reference 2025-26 stats and 2025-26 listed salary
P0340,2025-26,Lindy Waters III,SAS,SAS,SG,Guard,28.0,2296274.0,2.296274,2296274.0,2.296274,40.0,0.0,285.0,7.1,95.0,2.4,29.0,0.7,19.0,0.5,6.0,0.2,1.0,0.0,7.0,0.2,33.0,88.0,0.375,27.0,79.0,0.342,6.0,9.0,0.667,0.528,2.0,3.0,0.667,7.5,0.532,14.2,0.4,0.063,-3.2,-0.1,172.3,24171.305263157894,5740685.0,41.37136944458719,0.1741952397666829,75.03459952949866,,,,,False,True,,Basketball Reference 2025-26 stats and 2025-26 listed salary
P0341,2025-26,Lonzo Ball,UTA,CLE,PG,Guard,28.0,10000000.0,10.0,10000000.0,10.0,35.0,3.0,728.0,20.8,160.0,4.6,140.0,4.0,136.0,3.9,45.0,1.3,9.0,0.3,52.0,1.5,53.0,176.0,0.301,40.0,147.0,0.272,13.0,29.0,0.448,0.415,14.0,21.0,0.667,9.5,0.432,13.7,0.6,0.042,-1.1,0.2,642.0,62500.0,16666666.666666668,16.0,0.06,64.2,128.0,320.0,305.0,-192.0,True,True,,Basketball Reference 2025-26 stats and 2025-26 listed salary
P0342,2025-26,Lucas Williamson,MEM,MEM,SG,Guard,27.0,21946.0,0.021946,21946.0,0.021946,7.0,2.0,224.0,32.0,73.0,10.4,38.0,5.4,18.0,2.6,11.0,1.6,1.0,0.1,10.0,1.4,25.0,75.0,0.333,15.0,53.0,0.283,10.0,22.0,0.455,0.433,8.0,8.0,1.0,8.0,0.465,16.4,0.0,0.005,-7.6,-0.3,171.6,300.63013698630135,,3326.346486831313,0.0,7819.192563565114,,,,,False,True,,Basketball Reference 2025-26 stats and 2025-26 listed salary
P0343,2025-26,Luguentz Dort,OKC,OKC,SF,Wing,26.0,18222222.0,18.222222,18222222.0,18.222222,69.0,69.0,1849.0,26.8,576.0,8.3,245.0,3.6,85.0,1.2,62.0,0.9,27.0,0.4,54.0,0.8,202.0,524.0,0.385,128.0,372.0,0.344,74.0,152.0,0.487,0.508,44.0,58.0,0.759,8.3,0.524,14.1,3.0,0.078,-2.0,0.0,1210.5,31635.802083333332,6074074.0,31.609756483045814,0.16463414834919696,66.42987885890096,73.0,204.0,300.0,-131.0,True,True,,Basketball Reference 2025-26 stats and 2025-26 listed salary
P0344,2025-26,Luka Dončić,LAL,LAL,PG,Guard,26.0,45999660.0,45.99966,149583660.0,149.58366,64.0,64.0,2289.0,35.8,2143.0,33.5,495.0,7.7,530.0,8.3,105.0,1.6,34.0,0.5,255.0,4.0,693.0,1457.0,0.476,254.0,694.0,0.366,439.0,763.0,0.575,0.563,503.0,645.0,0.78,27.9,0.616,38.1,9.5,0.199,9.3,6.6,3694.0,21465.07699486701,4842069.47368421,46.58730086265855,0.2065232656067458,80.30494138434936,11.0,2.0,269.0,9.0,True,True,"MVP-4,CPOY-8,AS,NBA1",Basketball Reference 2025-26 stats and 2025-26 listed salary
P0345,2025-26,Luka Garza,BOS,BOS,C,Center,27.0,2461463.0,2.461463,5262809.0,5.262809,69.0,6.0,1118.0,16.2,557.0,8.1,281.0,4.1,66.0,1.0,27.0,0.4,28.0,0.4,46.0,0.7,206.0,357.0,0.577,55.0,127.0,0.433,151.0,230.0,0.657,0.654,90.0,117.0,0.769,19.9,0.682,17.7,5.3,0.226,2.4,1.2,1112.2,4419.143626570915,464426.9811320755,226.2881871472372,2.153191008761862,451.8451018764044,249.0,223.0,64.0,26.0,True,True,,Basketball Reference 2025-26 stats and 2025-26 listed salary
P0346,2025-26,Luke Kennard,LAL,2TM,SG,Guard,29.0,11000000.0,11.0,11000000.0,11.0,78.0,6.0,1681.0,21.6,652.0,8.4,182.0,2.3,174.0,2.2,55.0,0.7,8.0,0.1,60.0,0.8,236.0,443.0,0.533,117.0,245.0,0.478,119.0,198.0,0.601,0.665,63.0,69.0,0.913,13.5,0.689,13.5,4.5,0.13,0.1,0.9,1260.4,16871.16564417178,2444444.4444444445,59.27272727272727,0.4090909090909091,114.58181818181819,117.0,193.0,216.0,-76.0,True,True,,Basketball Reference 2025-26 stats and 2025-26 listed salary
P0347,2025-26,Luke Kornet,SAS,SAS,C,Center,30.0,11000000.0,11.0,24000000.0,24.0,68.0,25.0,1430.0,21.0,444.0,6.5,414.0,6.1,126.0,1.9,32.0,0.5,65.0,1.0,28.0,0.4,175.0,272.0,0.643,0.0,0.0,,175.0,272.0,0.643,0.643,94.0,114.0,0.825,17.9,0.689,10.3,6.9,0.231,3.6,2.0,1392.8,24774.774774774774,1594202.8985507246,40.36363636363637,0.6272727272727273,126.61818181818181,117.0,166.0,208.0,-49.0,True,True,,Basketball Reference 2025-26 stats and 2025-26 listed salary
P0348,2025-26,Mac McClung,IND,2TM,SG,Guard,27.0,164060.0,0.16406,164060.0,0.16406,11.0,0.0,135.0,12.3,67.0,6.1,10.0,0.9,10.0,0.9,11.0,1.0,3.0,0.3,9.0,0.8,23.0,59.0,0.39,7.0,30.0,0.233,16.0,29.0,0.552,0.449,14.0,18.0,0.778,10.4,0.501,23.6,0.0,-0.007,-5.1,-0.1,127.0,2448.6567164179105,,408.3871754236255,0.0,774.1070340119468,,,,,False,True,,Basketball Reference 2025-26 stats and 2025-26 listed salary
P0349,2025-26,Malachi Smith,BRK,BRK,SG,Guard,26.0,73153.0,0.073153,115803.0,0.115803,15.0,4.0,359.0,23.9,124.0,8.3,51.0,3.4,49.0,3.3,12.0,0.8,4.0,0.3,14.0,0.9,48.0,99.0,0.485,20.0,46.0,0.435,28.0,53.0,0.528,0.586,8.0,8.0,1.0,13.7,0.605,14.2,0.7,0.094,-0.8,0.1,292.7,589.9435483870968,104504.28571428572,1695.077440433065,9.568985550831819,4001.202958183533,,,,,False,True,,Basketball Reference 2025-26 stats and 2025-26 listed salary
P0350,2025-26,Malachi Smith,BRK,BRK,SG,Guard,26.0,73153.0,0.073153,115803.0,0.115803,15.0,4.0,359.0,23.9,124.0,8.3,51.0,3.4,49.0,3.3,12.0,0.8,4.0,0.3,14.0,0.9,48.0,99.0,0.485,20.0,46.0,0.435,28.0,53.0,0.528,0.586,8.0,8.0,1.0,13.7,0.605,14.2,0.7,0.094,-0.8,0.1,292.7,589.9435483870968,104504.28571428572,1695.077440433065,9.568985550831819,4001.202958183533,,,,,False,True,,Basketball Reference 2025-26 stats and 2025-26 listed salary
P0351,2025-26,Malaki Branham,CHO,WAS,SG,Guard,22.0,4962033.0,4.962033,4962033.0,4.962033,28.0,0.0,275.0,9.8,128.0,4.6,44.0,1.6,23.0,0.8,10.0,0.4,3.0,0.1,15.0,0.5,43.0,91.0,0.473,14.0,37.0,0.378,29.0,54.0,0.537,0.549,28.0,34.0,0.824,14.0,0.604,18.4,0.4,0.064,-2.2,0.0,239.3,38765.8828125,12405082.5,25.79587842321887,0.08061212007255898,48.226200833408406,,,,,False,True,,Basketball Reference 2025-26 stats and 2025-26 listed salary
P0352,2025-26,Malik Monk,SAC,SAC,SG,Guard,27.0,18797619.0,18.797619,38987654.0,38.987654,62.0,3.0,1364.0,22.0,772.0,12.5,117.0,1.9,185.0,3.0,37.0,0.6,24.0,0.4,91.0,1.5,277.0,632.0,0.438,124.0,314.0,0.395,153.0,318.0,0.481,0.536,94.0,107.0,0.879,14.2,0.568,24.0,1.0,0.034,-1.3,0.2,1281.9,24349.247409326425,18797619.0,41.069031136336996,0.053198226860540154,68.19480701252643,70.0,187.0,294.0,-117.0,True,True,,Basketball Reference 2025-26 stats and 2025-26 listed salary
P0353,2025-26,Mamadi Diakite,MEM,,Unknown,Unknown,,464050.0,0.46405,928100.0,0.9281,,,,,,,,,,,,,,,,,,,,,,,,,,,,,,,,,,,,,0.0,,,,,0.0,,,,,False,False,,Basketball Reference 2025-26 stats and 2025-26 listed salary
P0354,2025-26,Marcus Sasser,DET,DET,PG,Guard,25.0,2886720.0,2.88672,8085703.0,8.085703,38.0,5.0,457.0,12.0,197.0,5.2,39.0,1.0,75.0,2.0,20.0,0.5,4.0,0.1,31.0,0.8,69.0,177.0,0.39,44.0,106.0,0.415,25.0,71.0,0.352,0.514,15.0,18.0,0.833,11.2,0.533,19.6,0.8,0.085,-1.7,0.0,397.3,14653.401015228426,3608400.0,68.243542844474,0.2771311384547168,137.63025163507373,,,,,False,True,,Basketball Reference 2025-26 stats and 2025-26 listed salary
P0355,2025-26,Marcus Smart,LAL,LAL,SG,Guard,31.0,19920855.0,19.920855,5134000.0,5.134,62.0,54.0,1769.0,28.5,579.0,9.3,172.0,2.8,185.0,3.0,87.0,1.4,23.0,0.4,92.0,1.5,188.0,476.0,0.395,97.0,293.0,0.331,91.0,183.0,0.497,0.497,106.0,129.0,0.822,9.9,0.543,15.4,2.0,0.054,-2.2,-0.1,1300.9,34405.62176165803,9960427.5,29.06501754066279,0.10039729720436197,65.30342196657725,63.0,182.0,303.0,-119.0,True,True,,Basketball Reference 2025-26 stats and 2025-26 listed salary
P0356,2025-26,Marcus Smart,WAS,LAL,SG,Guard,31.0,19920855.0,19.920855,14786855.0,14.786855,62.0,54.0,1769.0,28.5,579.0,9.3,172.0,2.8,185.0,3.0,87.0,1.4,23.0,0.4,92.0,1.5,188.0,476.0,0.395,97.0,293.0,0.331,91.0,183.0,0.497,0.497,106.0,129.0,0.822,9.9,0.543,15.4,2.0,0.054,-2.2,-0.1,1300.9,34405.62176165803,9960427.5,29.06501754066279,0.10039729720436197,65.30342196657725,63.0,182.0,303.0,-119.0,True,True,,Basketball Reference 2025-26 stats and 2025-26 listed salary
P0357,2025-26,Mark Williams,PHO,PHO,C,Center,24.0,6276531.0,6.276531,6276531.0,6.276531,60.0,55.0,1416.0,23.6,700.0,11.7,477.0,8.0,58.0,1.0,55.0,0.9,55.0,0.9,65.0,1.1,282.0,438.0,0.644,1.0,1.0,1.0,281.0,437.0,0.643,0.645,135.0,175.0,0.771,21.8,0.68,17.4,6.3,0.215,2.0,1.4,1624.4,8966.472857142857,996274.7619047619,111.52657415378016,1.0037391673840215,258.805381507715,173.0,127.0,124.0,46.0,True,True,,Basketball Reference 2025-26 stats and 2025-26 listed salary
P0358,2025-26,Marvin Bagley III,DAL,2TM,PF,Forward,26.0,2296274.0,2.296274,2296274.0,2.296274,60.0,12.0,1201.0,20.0,627.0,10.5,366.0,6.1,85.0,1.4,28.0,0.5,43.0,0.7,61.0,1.0,254.0,411.0,0.618,24.0,52.0,0.462,230.0,359.0,0.641,0.647,95.0,144.0,0.66,20.2,0.661,18.6,3.8,0.15,0.8,0.8,1345.7,3662.3189792663475,604282.6315789474,273.05103833427546,1.6548547777834874,586.036335385063,254.0,175.0,41.0,79.0,True,True,,Basketball Reference 2025-26 stats and 2025-26 listed salary
P0359,2025-26,Mason Plumlee,OKC,2TM,C,Center,35.0,3022108.0,3.022108,2296274.0,2.296274,20.0,3.0,172.0,8.6,31.0,1.6,53.0,2.7,20.0,1.0,10.0,0.5,0.0,0.0,12.0,0.6,11.0,14.0,0.786,0.0,0.0,,11.0,14.0,0.786,0.786,9.0,14.0,0.643,13.0,0.769,7.9,0.5,0.146,0.5,0.1,142.6,97487.35483870968,6044216.0,10.257740623432387,0.16544742941019977,47.18560686778898,,,,,False,True,,Basketball Reference 2025-26 stats and 2025-26 listed salary
P0360,2025-26,Mason Plumlee,SAS,2TM,C,Center,35.0,3022108.0,3.022108,725834.0,0.725834,20.0,3.0,172.0,8.6,31.0,1.6,53.0,2.7,20.0,1.0,10.0,0.5,0.0,0.0,12.0,0.6,11.0,14.0,0.786,0.0,0.0,,11.0,14.0,0.786,0.786,9.0,14.0,0.643,13.0,0.769,7.9,0.5,0.146,0.5,0.1,142.6,97487.35483870968,6044216.0,10.257740623432387,0.16544742941019977,47.18560686778898,,,,,False,True,,Basketball Reference 2025-26 stats and 2025-26 listed salary
P0361,2025-26,Mason Plumlee,SAS,2TM,C,Center,35.0,3022108.0,3.022108,725834.0,0.725834,20.0,3.0,172.0,8.6,31.0,1.6,53.0,2.7,20.0,1.0,10.0,0.5,0.0,0.0,12.0,0.6,11.0,14.0,0.786,0.0,0.0,,11.0,14.0,0.786,0.786,9.0,14.0,0.643,13.0,0.769,7.9,0.5,0.146,0.5,0.1,142.6,97487.35483870968,6044216.0,10.257740623432387,0.16544742941019977,47.18560686778898,,,,,False,True,,Basketball Reference 2025-26 stats and 2025-26 listed salary
P0362,2025-26,Matas Buzelis,CHI,CHI,PF,Forward,21.0,5455560.0,5.45556,11170920.0,11.17092,77.0,77.0,2248.0,29.2,1252.0,16.3,448.0,5.8,158.0,2.1,55.0,0.7,116.0,1.5,159.0,2.1,446.0,963.0,0.463,173.0,495.0,0.349,273.0,468.0,0.583,0.553,187.0,238.0,0.786,14.8,0.586,22.8,2.6,0.055,-1.0,0.5,2380.6,4357.476038338658,2098292.3076923075,229.4906480727918,0.47657802315435993,436.36216996971893,188.0,48.0,67.0,140.0,True,True,,Basketball Reference 2025-26 stats and 2025-26 listed salary
P0363,2025-26,Matisse Thybulle,POR,POR,SG,Guard,28.0,11550000.0,11.55,11550000.0,11.55,30.0,0.0,480.0,16.0,174.0,5.8,59.0,2.0,27.0,0.9,60.0,2.0,16.0,0.5,28.0,0.9,58.0,134.0,0.433,37.0,93.0,0.398,21.0,41.0,0.512,0.571,21.0,25.0,0.84,14.5,0.6,14.7,1.3,0.126,4.4,0.8,485.29999999999995,66379.31034482758,8884615.384615384,15.064935064935064,0.11255411255411255,42.01731601731601,,,,,False,True,,Basketball Reference 2025-26 stats and 2025-26 listed salary
P0364,2025-26,Max Christie,DAL,DAL,SG,Guard,22.0,7714286.0,7.714286,16000000.0,16.0,77.0,68.0,2244.0,29.1,945.0,12.3,249.0,3.2,151.0,2.0,47.0,0.6,27.0,0.4,96.0,1.2,320.0,725.0,0.441,180.0,446.0,0.404,140.0,279.0,0.502,0.566,125.0,139.0,0.899,11.0,0.601,16.5,2.7,0.058,-1.5,0.3,1596.3,8163.265608465608,2857142.9629629627,122.49999546296313,0.3499999870370375,206.92777011378627,151.0,133.0,150.0,18.0,True,True,,Basketball Reference 2025-26 stats and 2025-26 listed salary
P0365,2025-26,Max Strus,CLE,CLE,SF,Wing,29.0,15936452.0,15.936452,32597288.0,32.597288,12.0,5.0,288.0,24.0,134.0,11.2,65.0,5.4,24.0,2.0,3.0,0.3,0.0,0.0,9.0,0.8,47.0,106.0,0.443,33.0,82.0,0.402,14.0,24.0,0.583,0.599,7.0,9.0,0.778,12.8,0.609,17.4,0.7,0.116,-1.2,0.1,248.0,118928.74626865672,22766360.0,8.408396046999671,0.04392445696193858,15.561807609372526,,,,,False,True,,Basketball Reference 2025-26 stats and 2025-26 listed salary
P0366,2025-26,Maxi Kleber,LAL,LAL,PF,Forward,34.0,11000000.0,11.0,11000000.0,11.0,43.0,1.0,461.0,10.7,86.0,2.0,84.0,2.0,27.0,0.6,18.0,0.4,11.0,0.3,17.0,0.4,33.0,73.0,0.452,6.0,26.0,0.231,27.0,47.0,0.574,0.493,14.0,26.0,0.538,8.1,0.509,9.6,0.6,0.063,-3.9,-0.2,297.3,127906.97674418605,18333333.333333336,7.818181818181818,0.05454545454545454,27.027272727272727,,,,,False,True,,Basketball Reference 2025-26 stats and 2025-26 listed salary
P0367,2025-26,Maxime Raynaud,SAC,SAC,C,Center,22.0,1272870.0,1.27287,3423787.0,3.423787,74.0,56.0,1964.0,26.5,922.0,12.5,556.0,7.5,100.0,1.4,38.0,0.5,39.0,0.5,94.0,1.3,383.0,671.0,0.571,24.0,74.0,0.324,359.0,597.0,0.601,0.589,132.0,168.0,0.786,16.0,0.619,18.2,3.6,0.088,-2.4,-0.2,1876.1999999999998,1380.5531453362255,353575.0,724.3473410481824,2.8282542600579794,1473.9918452002169,262.0,87.0,3.0,175.0,True,True,,Basketball Reference 2025-26 stats and 2025-26 listed salary
P0368,2025-26,Micah Peavy,NOP,NOP,SG,Guard,24.0,1272870.0,1.27287,3423787.0,3.423787,61.0,4.0,913.0,15.0,262.0,4.3,117.0,1.9,61.0,1.0,43.0,0.7,9.0,0.1,20.0,0.3,106.0,275.0,0.385,28.0,108.0,0.259,78.0,167.0,0.467,0.436,22.0,29.0,0.759,8.3,0.455,14.0,0.4,0.02,-5.2,-0.7,629.9,4858.282442748092,3182175.0,205.83406003755294,0.3142504733397755,494.86593289181144,262.0,322.0,54.0,-60.0,True,True,,Basketball Reference 2025-26 stats and 2025-26 listed salary
P0369,2025-26,Micah Potter,IND,IND,C,Center,27.0,1527805.0,1.527805,1527805.0,1.527805,47.0,7.0,908.0,19.3,458.0,9.7,233.0,5.0,69.0,1.5,22.0,0.5,15.0,0.3,47.0,1.0,151.0,293.0,0.515,71.0,168.0,0.423,80.0,125.0,0.64,0.637,85.0,101.0,0.842,17.0,0.679,18.0,2.6,0.135,0.7,0.6,905.0999999999999,3335.818777292576,587617.3076923076,299.7764767100513,1.7017878590526931,592.4185350879202,261.0,266.0,39.0,-5.0,True,True,,Basketball Reference 2025-26 stats and 2025-26 listed salary
P0370,2025-26,Michael Porter Jr.,BRK,BRK,SF,Wing,27.0,38333050.0,38.33305,50333050.0,50.33305,52.0,52.0,1689.0,32.5,1259.0,24.2,367.0,7.1,158.0,3.0,55.0,1.1,13.0,0.3,122.0,2.3,444.0,958.0,0.463,176.0,485.0,0.363,268.0,473.0,0.567,0.555,195.0,227.0,0.859,19.9,0.595,30.5,2.9,0.083,3.0,2.1,2018.4,30447.220015885625,13218293.103448275,32.84372101880753,0.07565273308541845,52.65430222745125,17.0,80.0,327.0,-63.0,True,True,,Basketball Reference 2025-26 stats and 2025-26 listed salary
P0371,2025-26,Mikal Bridges,NYK,NYK,SF,Wing,29.0,24900000.0,24.9,133382144.0,133.382144,82.0,82.0,2692.0,32.8,1181.0,14.4,312.0,3.8,304.0,3.7,107.0,1.3,62.0,0.8,83.0,1.0,472.0,963.0,0.49,156.0,420.0,0.371,316.0,543.0,0.582,0.571,81.0,98.0,0.827,15.3,0.587,17.3,8.0,0.143,2.7,3.2,2435.4,21083.827265029635,3112500.0,47.42971887550201,0.321285140562249,97.80722891566266,49.0,45.0,235.0,4.0,True,True,,Basketball Reference 2025-26 stats and 2025-26 listed salary
P0372,2025-26,Mike Conley,CHO,MIN,PG,Guard,38.0,11499872.0,11.499872,10774038.0,10.774038,54.0,15.0,991.0,18.4,245.0,4.5,93.0,1.7,157.0,2.9,35.0,0.6,14.0,0.3,34.0,0.6,72.0,215.0,0.335,56.0,166.0,0.337,16.0,49.0,0.327,0.465,45.0,50.0,0.9,9.4,0.517,11.5,1.9,0.092,-1.3,0.2,705.1,46938.25306122449,6052564.210526316,21.304584955380374,0.16521923026621513,61.313725926688576,114.0,306.0,311.0,-192.0,True,True,,Basketball Reference 2025-26 stats and 2025-26 listed salary
P0373,2025-26,Mike Conley,MIN,MIN,PG,Guard,38.0,11499872.0,11.499872,725834.0,0.725834,54.0,15.0,991.0,18.4,245.0,4.5,93.0,1.7,157.0,2.9,35.0,0.6,14.0,0.3,34.0,0.6,72.0,215.0,0.335,56.0,166.0,0.337,16.0,49.0,0.327,0.465,45.0,50.0,0.9,9.4,0.517,11.5,1.9,0.092,-1.3,0.2,705.1,46938.25306122449,6052564.210526316,21.304584955380374,0.16521923026621513,61.313725926688576,114.0,306.0,311.0,-192.0,True,True,,Basketball Reference 2025-26 stats and 2025-26 listed salary
P0374,2025-26,Miles Bridges,CHO,CHO,PF,Forward,27.0,25000000.0,25.0,47826087.0,47.826087,77.0,77.0,2387.0,31.0,1314.0,17.1,450.0,5.8,246.0,3.2,46.0,0.6,34.0,0.4,107.0,1.4,479.0,1042.0,0.46,148.0,445.0,0.333,331.0,597.0,0.554,0.531,208.0,253.0,0.822,16.0,0.57,22.3,6.5,0.13,1.1,1.9,2356.0,19025.875190258754,3846153.846153846,52.56,0.26,94.24,48.0,51.0,243.0,-3.0,True,True,,Basketball Reference 2025-26 stats and 2025-26 listed salary
P0375,2025-26,Miles McBride,NYK,NYK,SG,Guard,25.0,4333333.0,4.333333,8289856.0,8.289856,41.0,15.0,1080.0,26.3,491.0,12.0,100.0,2.4,106.0,2.6,35.0,0.9,9.0,0.2,33.0,0.8,171.0,404.0,0.423,112.0,271.0,0.413,59.0,133.0,0.444,0.562,37.0,47.0,0.787,13.1,0.578,18.2,2.7,0.119,1.2,0.9,869.0,8825.525458248472,1604938.148148148,113.30770102366932,0.623076971005921,200.53847696449824,205.0,276.0,153.0,-71.0,True,True,,Basketball Reference 2025-26 stats and 2025-26 listed salary
P0376,2025-26,Mitchell Robinson,NYK,NYK,C,Center,27.0,12954546.0,12.954546,12954546.0,12.954546,60.0,16.0,1175.0,19.6,340.0,5.7,525.0,8.8,52.0,0.9,56.0,0.9,70.0,1.2,41.0,0.7,149.0,206.0,0.723,0.0,0.0,,149.0,206.0,0.723,0.723,42.0,103.0,0.408,21.1,0.676,10.7,5.8,0.236,3.5,1.6,1385.0,38101.60588235294,2233542.4137931033,26.24561293000928,0.4477192793942759,106.91227620018486,100.0,168.0,222.0,-68.0,True,True,6MOY-8,Basketball Reference 2025-26 stats and 2025-26 listed salary
P0377,2025-26,Mo Bamba,TOR,2TM,C,Center,27.0,458711.0,0.458711,194771.0,0.194771,4.0,0.0,44.0,11.0,10.0,2.5,22.0,5.5,1.0,0.3,0.0,0.0,3.0,0.8,2.0,0.5,5.0,11.0,0.455,0.0,0.0,,5.0,11.0,0.455,0.455,0.0,0.0,,12.9,0.455,12.2,0.1,0.056,-8.0,-0.1,44.9,45871.1,4587110.0,21.80021843818875,0.21800218438188754,97.88298078746749,,,,,False,True,,Basketball Reference 2025-26 stats and 2025-26 listed salary
P0378,2025-26,Mo Bamba,UTA,2TM,C,Center,27.0,458711.0,0.458711,263940.0,0.26394,4.0,0.0,44.0,11.0,10.0,2.5,22.0,5.5,1.0,0.3,0.0,0.0,3.0,0.8,2.0,0.5,5.0,11.0,0.455,0.0,0.0,,5.0,11.0,0.455,0.455,0.0,0.0,,12.9,0.455,12.2,0.1,0.056,-8.0,-0.1,44.9,45871.1,4587110.0,21.80021843818875,0.21800218438188754,97.88298078746749,,,,,False,True,,Basketball Reference 2025-26 stats and 2025-26 listed salary
P0379,2025-26,Mo Bamba,UTA,2TM,C,Center,27.0,458711.0,0.458711,263940.0,0.26394,4.0,0.0,44.0,11.0,10.0,2.5,22.0,5.5,1.0,0.3,0.0,0.0,3.0,0.8,2.0,0.5,5.0,11.0,0.455,0.0,0.0,,5.0,11.0,0.455,0.455,0.0,0.0,,12.9,0.455,12.2,0.1,0.056,-8.0,-0.1,44.9,45871.1,4587110.0,21.80021843818875,0.21800218438188754,97.88298078746749,,,,,False,True,,Basketball Reference 2025-26 stats and 2025-26 listed salary
P0380,2025-26,Mohamed Diawara,NYK,NYK,SF,Wing,20.0,1272870.0,1.27287,1272870.0,1.27287,69.0,7.0,634.0,9.2,246.0,3.6,94.0,1.4,53.0,0.8,17.0,0.2,6.0,0.1,30.0,0.4,90.0,213.0,0.423,48.0,130.0,0.369,42.0,83.0,0.506,0.535,18.0,24.0,0.75,10.3,0.55,17.1,0.9,0.072,-1.7,0.0,477.3,5174.268292682927,1414300.0,193.26404110396192,0.7070635650144949,374.9793773126871,262.0,342.0,84.0,-80.0,True,True,,Basketball Reference 2025-26 stats and 2025-26 listed salary
P0381,2025-26,Monte Morris,IND,IND,PG,Guard,30.0,321184.0,0.321184,321184.0,0.321184,6.0,0.0,65.0,10.8,18.0,3.0,7.0,1.2,9.0,1.5,1.0,0.2,1.0,0.2,2.0,0.3,7.0,20.0,0.35,2.0,8.0,0.25,5.0,12.0,0.417,0.4,2.0,4.0,0.5,6.9,0.414,15.5,0.0,-0.028,-5.9,-0.1,43.9,17843.555555555555,,56.04264222377204,0.0,136.6817774235329,,,,,False,True,,Basketball Reference 2025-26 stats and 2025-26 listed salary
P0382,2025-26,Moritz Wagner,ORL,ORL,C,Center,28.0,5000000.0,5.0,5000000.0,5.0,36.0,0.0,427.0,11.9,247.0,6.9,115.0,3.2,27.0,0.8,15.0,0.4,2.0,0.1,19.0,0.5,83.0,195.0,0.426,22.0,70.0,0.314,61.0,125.0,0.488,0.482,59.0,72.0,0.819,15.3,0.545,24.3,0.9,0.104,-2.2,0.0,457.5,20242.914979757086,5555555.555555555,49.4,0.18,91.5,,,,,False,True,,Basketball Reference 2025-26 stats and 2025-26 listed salary
P0383,2025-26,Moses Moody,GSW,GSW,SG,Guard,23.0,11574075.0,11.574075,37500000.0,37.5,60.0,49.0,1540.0,25.7,728.0,12.1,200.0,3.3,98.0,1.6,58.0,1.0,34.0,0.6,57.0,1.0,245.0,557.0,0.44,151.0,377.0,0.401,94.0,180.0,0.522,0.575,87.0,113.0,0.77,13.5,0.6,18.3,3.1,0.096,-0.1,0.7,1334.0,15898.454670329671,3733572.580645161,62.8991949680644,0.26783997857280173,115.25759077939273,111.0,178.0,215.0,-67.0,True,True,,Basketball Reference 2025-26 stats and 2025-26 listed salary
P0384,2025-26,Mouhamed Gueye,ATL,ATL,PF,Forward,23.0,2221677.0,2.221677,,,77.0,8.0,1179.0,15.3,342.0,4.4,275.0,3.6,69.0,0.9,61.0,0.8,39.0,0.5,33.0,0.4,131.0,290.0,0.452,40.0,130.0,0.308,91.0,160.0,0.569,0.521,40.0,62.0,0.645,12.0,0.539,12.4,2.7,0.11,-1.3,0.2,1042.5,6496.131578947368,822843.3333333333,153.93776863153374,1.2152981734068453,469.24012806542083,256.0,239.0,60.0,17.0,True,True,,Basketball Reference 2025-26 stats and 2025-26 listed salary
P0385,2025-26,Moussa Diabaté,CHO,CHO,C,Center,24.0,2270735.0,2.270735,,,73.0,47.0,1899.0,26.0,575.0,7.9,635.0,8.7,141.0,1.9,56.0,0.8,72.0,1.0,73.0,1.0,229.0,363.0,0.631,1.0,2.0,0.5,228.0,361.0,0.632,0.632,116.0,176.0,0.659,17.2,0.653,11.4,7.4,0.188,1.7,1.8,1859.5,3949.104347826087,306856.08108108107,253.2219743827439,3.258856713795313,818.8978458516735,255.0,89.0,16.0,166.0,True,True,,Basketball Reference 2025-26 stats and 2025-26 listed salary
P0386,2025-26,Myles Turner,MIL,MIL,C,Center,29.0,25318251.0,25.318251,79752492.0,79.752492,71.0,71.0,1912.0,26.9,846.0,11.9,378.0,5.3,103.0,1.5,50.0,0.7,115.0,1.6,83.0,1.2,284.0,646.0,0.44,147.0,384.0,0.383,137.0,262.0,0.523,0.553,131.0,177.0,0.74,14.2,0.584,18.6,3.0,0.076,-0.9,0.5,1866.1,29927.010638297874,8439417.0,33.41463041819121,0.1184915972276284,73.70572319549245,47.0,88.0,277.0,-41.0,True,True,,Basketball Reference 2025-26 stats and 2025-26 listed salary
P0387,2025-26,Myron Gardner,MIA,MIA,SF,Wing,24.0,395029.0,0.395029,395029.0,0.395029,45.0,7.0,411.0,9.1,163.0,3.6,122.0,2.7,44.0,1.0,20.0,0.4,8.0,0.2,17.0,0.4,59.0,123.0,0.48,26.0,64.0,0.406,33.0,59.0,0.559,0.585,19.0,26.0,0.731,15.2,0.606,15.0,1.4,0.163,0.9,0.3,442.4,2423.4907975460123,282163.5714285714,412.62793364537794,3.5440436018621413,1119.9177781884366,,,,,False,True,,Basketball Reference 2025-26 stats and 2025-26 listed salary
P0388,2025-26,N'Faly Dante,ATL,ATL,C,Center,24.0,2048494.0,2.048494,,,4.0,0.0,15.0,3.8,3.0,0.8,7.0,1.8,0.0,0.0,2.0,0.5,0.0,0.0,1.0,0.3,1.0,4.0,0.25,0.0,0.0,,1.0,4.0,0.25,0.25,1.0,1.0,1.0,12.4,0.338,15.1,0.0,0.051,-4.5,0.0,16.4,682831.3333333334,,1.464490498873807,0.0,8.005881393843477,,,,,False,True,,Basketball Reference 2025-26 stats and 2025-26 listed salary
P0389,2025-26,Nae'Qwan Tomlin,CLE,CLE,PF,Forward,25.0,718150.0,0.71815,3129240.0,3.12924,64.0,3.0,1004.0,15.7,374.0,5.8,186.0,2.9,53.0,0.8,41.0,0.6,34.0,0.5,29.0,0.5,150.0,314.0,0.478,27.0,115.0,0.235,123.0,199.0,0.618,0.521,47.0,61.0,0.77,12.9,0.549,15.5,2.2,0.107,-2.1,0.0,872.7,1920.1871657754011,326431.8181818182,520.7825663162292,3.0634268606837014,1215.2057369630302,266.0,274.0,7.0,-8.0,True,True,,Basketball Reference 2025-26 stats and 2025-26 listed salary
P0390,2025-26,Naji Marshall,DAL,DAL,SF,Wing,28.0,9000000.0,9.0,18428571.0,18.428571,74.0,47.0,2184.0,29.5,1128.0,15.2,348.0,4.7,241.0,3.3,82.0,1.1,6.0,0.1,119.0,1.6,419.0,821.0,0.51,62.0,213.0,0.291,357.0,608.0,0.587,0.548,228.0,300.0,0.76,15.4,0.592,20.5,4.3,0.095,-0.6,0.8,2052.1,7978.723404255319,2093023.2558139535,125.33333333333333,0.47777777777777775,228.0111111111111,135.0,76.0,138.0,59.0,True,True,,Basketball Reference 2025-26 stats and 2025-26 listed salary
P0391,2025-26,Nassir Little,PHO,,Unknown,Unknown,,3107143.0,3.107143,12428572.0,12.428572,,,,,,,,,,,,,,,,,,,,,,,,,,,,,,,,,,,,,0.0,,,,,0.0,,,,,False,False,,Basketball Reference 2025-26 stats and 2025-26 listed salary
P0392,2025-26,Naz Reid,MIN,MIN,C,Center,26.0,21551724.0,21.551724,96551724.0,96.551724,77.0,3.0,2007.0,26.1,1046.0,13.6,477.0,6.2,170.0,2.2,76.0,1.0,78.0,1.0,126.0,1.6,397.0,871.0,0.456,162.0,448.0,0.362,235.0,423.0,0.556,0.549,90.0,123.0,0.732,15.4,0.565,22.1,4.0,0.097,0.9,1.5,2209.4,20603.942638623328,5387931.0,48.534400310620164,0.18560000118784,102.51616065610344,57.0,58.0,227.0,-1.0,True,True,6MOY-4,Basketball Reference 2025-26 stats and 2025-26 listed salary
P0393,2025-26,Neemias Queta,BOS,BOS,C,Center,26.0,2349578.0,2.349578,,,76.0,75.0,1926.0,25.3,776.0,10.2,636.0,8.4,126.0,1.7,60.0,0.8,100.0,1.3,75.0,1.0,326.0,499.0,0.653,1.0,8.0,0.125,325.0,491.0,0.662,0.654,123.0,175.0,0.703,20.3,0.674,14.7,9.0,0.224,2.8,2.4,2133.2,3027.806701030928,261064.22222222222,330.27207438952865,3.8304750895692754,907.9077178965754,252.0,68.0,12.0,184.0,True,True,,Basketball Reference 2025-26 stats and 2025-26 listed salary
P0394,2025-26,Nic Claxton,BRK,BRK,C,Center,26.0,25352272.0,25.352272,69443183.0,69.443183,69.0,68.0,1920.0,27.8,810.0,11.7,478.0,6.9,253.0,3.7,45.0,0.7,77.0,1.1,96.0,1.4,333.0,583.0,0.571,3.0,19.0,0.158,330.0,564.0,0.585,0.574,141.0,229.0,0.616,17.6,0.592,17.7,4.8,0.121,0.9,1.4,2033.1,31299.1012345679,5281723.333333334,31.949799213261834,0.18933214348599606,80.1939960252872,46.0,79.0,270.0,-33.0,True,True,,Basketball Reference 2025-26 stats and 2025-26 listed salary
P0395,2025-26,Nick Richards,CHI,2TM,C,Center,28.0,5000000.0,5.0,,,48.0,6.0,701.0,14.6,276.0,5.8,243.0,5.1,16.0,0.3,10.0,0.2,32.0,0.7,59.0,1.2,103.0,201.0,0.512,5.0,18.0,0.278,98.0,183.0,0.536,0.525,65.0,101.0,0.644,11.9,0.562,18.2,0.6,0.04,-6.1,-0.7,658.5999999999999,18115.942028985508,8333333.333333334,55.2,0.12,131.71999999999997,194.0,315.0,202.0,-121.0,True,True,,Basketball Reference 2025-26 stats and 2025-26 listed salary
P0396,2025-26,Nick Smith Jr.,CHO,LAL,SG,Guard,21.0,2710680.0,2.71068,2710680.0,2.71068,30.0,1.0,375.0,12.5,185.0,6.2,23.0,0.8,31.0,1.0,9.0,0.3,2.0,0.1,21.0,0.7,70.0,161.0,0.435,34.0,86.0,0.395,36.0,75.0,0.48,0.54,11.0,15.0,0.733,10.2,0.552,22.0,0.1,0.013,-4.7,-0.3,271.1,14652.324324324325,27106800.0,68.24855755751325,0.036891112193250405,100.01180515590185,,,,,False,True,,Basketball Reference 2025-26 stats and 2025-26 listed salary
P0397,2025-26,Nickeil Alexander-Walker,ATL,ATL,SG,Guard,27.0,15161800.0,15.1618,44727310.0,44.72731,78.0,71.0,2603.0,33.4,1624.0,20.8,268.0,3.4,286.0,3.7,102.0,1.3,42.0,0.5,162.0,2.1,548.0,1195.0,0.459,251.0,629.0,0.399,297.0,566.0,0.525,0.564,277.0,307.0,0.902,16.5,0.61,23.9,6.3,0.116,1.2,2.1,2644.6,9336.083743842364,2406634.9206349207,107.11129285441044,0.41551794641797146,174.4252001741218,83.0,31.0,169.0,52.0,True,True,MIP-1,Basketball Reference 2025-26 stats and 2025-26 listed salary
P0398,2025-26,Nicolas Batum,LAC,LAC,PF,Forward,37.0,5601600.0,5.6016,5601600.0,5.6016,74.0,6.0,1295.0,17.5,293.0,4.0,184.0,2.5,64.0,0.9,47.0,0.6,23.0,0.3,37.0,0.5,96.0,238.0,0.403,92.0,228.0,0.404,4.0,10.0,0.4,0.597,9.0,11.0,0.818,8.4,0.603,9.6,1.8,0.066,-1.0,0.3,782.8,19118.088737201364,3112000.0,52.30648386175378,0.3213367609254499,139.7457869180234,185.0,291.0,194.0,-106.0,True,True,,Basketball Reference 2025-26 stats and 2025-26 listed salary
P0399,2025-26,Nigel Hayes-Davis,MIL,PHO,SF,Wing,31.0,2048494.0,2.048494,2048494.0,2.048494,27.0,0.0,195.0,7.2,34.0,1.3,33.0,1.2,7.0,0.3,8.0,0.3,2.0,0.1,8.0,0.3,15.0,46.0,0.326,2.0,16.0,0.125,13.0,30.0,0.433,0.348,2.0,4.0,0.5,4.2,0.356,12.1,-0.1,-0.023,-7.3,-0.3,106.1,60249.82352941176,,16.59755898723648,-0.04881634996246023,51.7941473101703,,,,,False,True,,Basketball Reference 2025-26 stats and 2025-26 listed salary
P0400,2025-26,Nikola Djurisic,ATL,,Unknown,Unknown,,1272870.0,1.27287,1272870.0,1.27287,,,,,,,,,,,,,,,,,,,,,,,,,,,,,,,,,,,,,0.0,,,,,0.0,,,,,False,False,,Basketball Reference 2025-26 stats and 2025-26 listed salary
P0401,2025-26,Nikola Jokić,DEN,DEN,C,Center,30.0,55224526.0,55.224526,114257640.0,114.25764,65.0,65.0,2265.0,34.8,1799.0,27.7,836.0,12.9,697.0,10.7,92.0,1.4,53.0,0.8,243.0,3.7,644.0,1132.0,0.569,112.0,295.0,0.38,532.0,837.0,0.636,0.618,399.0,480.0,0.831,32.3,0.67,30.4,14.9,0.316,14.2,9.2,4039.7,30697.346303501945,3706344.0268456377,32.57610576865793,0.26980765756142483,73.15046941281126,2.0,1.0,280.0,1.0,True,True,"MVP-2,CPOY-6,AS,NBA1",Basketball Reference 2025-26 stats and 2025-26 listed salary
P0402,2025-26,Nikola Jović,MIA,MIA,PF,Forward,22.0,4445417.0,4.445417,66845417.0,66.845417,47.0,1.0,808.0,17.2,344.0,7.3,153.0,3.3,102.0,2.2,26.0,0.6,17.0,0.4,65.0,1.4,115.0,314.0,0.366,45.0,167.0,0.269,70.0,147.0,0.476,0.438,69.0,101.0,0.683,9.5,0.48,21.4,0.0,0.001,-3.5,-0.3,744.6,12922.723837209302,,77.38306665044021,0.0,167.49834717417963,202.0,299.0,173.0,-97.0,True,True,,Basketball Reference 2025-26 stats and 2025-26 listed salary
P0403,2025-26,Nikola Topić,OKC,OKC,PG,Guard,20.0,5182920.0,5.18292,10612680.0,10.61268,10.0,2.0,160.0,16.0,52.0,5.2,19.0,1.9,44.0,4.4,5.0,0.5,0.0,0.0,25.0,2.5,22.0,51.0,0.431,6.0,15.0,0.4,16.0,36.0,0.444,0.49,2.0,5.0,0.4,8.1,0.489,21.2,0.0,-0.014,-8.4,-0.3,130.8,99671.53846153847,,10.03295439636344,0.0,25.23673913546804,,,,,False,True,,Basketball Reference 2025-26 stats and 2025-26 listed salary
P0404,2025-26,Nikola Vučević,BOS,2TM,C,Center,35.0,21481481.0,21.481481,21481481.0,21.481481,64.0,49.0,1818.0,28.4,965.0,15.1,537.0,8.4,213.0,3.3,39.0,0.6,41.0,0.6,85.0,1.3,394.0,799.0,0.493,100.0,271.0,0.369,294.0,528.0,0.557,0.556,77.0,93.0,0.828,17.7,0.574,21.4,4.4,0.116,1.5,1.6,2083.9,22260.60207253886,4882154.7727272725,44.92241479998516,0.2048275907978598,97.00914010537728,58.0,73.0,239.0,-15.0,True,True,,Basketball Reference 2025-26 stats and 2025-26 listed salary
P0405,2025-26,Nique Clifford,SAC,SAC,SG,Guard,23.0,3108120.0,3.10812,6371520.0,6.37152,75.0,28.0,1882.0,25.1,645.0,8.6,282.0,3.8,179.0,2.4,68.0,0.9,24.0,0.3,116.0,1.5,249.0,596.0,0.418,77.0,231.0,0.333,172.0,365.0,0.471,0.482,70.0,97.0,0.722,9.0,0.505,17.0,-0.6,-0.014,-4.9,-1.4,1411.9,4818.790697674419,,207.5209451372534,-0.19304273966256127,454.2617402159505,232.0,163.0,63.0,69.0,True,True,,Basketball Reference 2025-26 stats and 2025-26 listed salary
P0406,2025-26,Noa Essengue,CHI,CHI,PF,Forward,19.0,5429520.0,5.42952,11130720.0,11.13072,2.0,0.0,6.0,3.0,0.0,0.0,0.0,0.0,0.0,0.0,1.0,0.5,0.0,0.0,0.0,0.0,0.0,3.0,0.0,0.0,2.0,0.0,0.0,1.0,0.0,0.0,0.0,0.0,,-11.9,0.0,20.8,-0.1,-0.417,-23.7,0.0,3.0,,,0.0,-0.018417834357364923,0.5525350307209477,,,,,False,True,,Basketball Reference 2025-26 stats and 2025-26 listed salary
P0407,2025-26,Noah Clowney,BRK,BRK,PF,Forward,21.0,3398640.0,3.39864,8812674.0,8.812674,66.0,60.0,1780.0,27.0,809.0,12.3,273.0,4.1,108.0,1.6,50.0,0.8,45.0,0.7,102.0,1.5,250.0,631.0,0.396,129.0,392.0,0.329,121.0,239.0,0.506,0.498,180.0,224.0,0.804,11.2,0.554,20.4,1.1,0.029,-3.4,-0.6,1481.6,4201.038318912238,3089672.727272727,238.03639102699904,0.32365887531483184,435.9390815149589,226.0,151.0,68.0,75.0,True,True,,Basketball Reference 2025-26 stats and 2025-26 listed salary
P0408,2025-26,Noah Penda,ORL,ORL,SF,Wing,21.0,1272870.0,1.27287,3423787.0,3.423787,59.0,2.0,757.0,12.8,227.0,3.8,187.0,3.2,70.0,1.2,30.0,0.5,18.0,0.3,42.0,0.7,82.0,203.0,0.404,30.0,93.0,0.323,52.0,110.0,0.473,0.478,33.0,48.0,0.688,11.3,0.506,14.8,1.1,0.07,-1.5,0.1,658.4,5607.356828193832,1157154.5454545454,178.3371436203226,0.8641888016843826,517.2562791172704,262.0,316.0,48.0,-54.0,True,True,,Basketball Reference 2025-26 stats and 2025-26 listed salary
P0409,2025-26,Nolan Traoré,BRK,BRK,PG,Guard,19.0,3811560.0,3.81156,7813560.0,7.81356,56.0,31.0,1243.0,22.2,499.0,8.9,99.0,1.8,213.0,3.8,45.0,0.8,23.0,0.4,129.0,2.3,182.0,479.0,0.38,61.0,192.0,0.318,121.0,287.0,0.422,0.444,74.0,94.0,0.787,7.9,0.479,22.8,-1.6,-0.063,-6.8,-1.5,1012.3,7638.396793587174,,130.91752458311032,-0.4197756299258047,265.58679385868254,213.0,248.0,119.0,-35.0,True,True,,Basketball Reference 2025-26 stats and 2025-26 listed salary
P0410,2025-26,Norman Powell,MIA,MIA,SG,Guard,32.0,20482758.0,20.482758,20482758.0,20.482758,58.0,52.0,1717.0,29.6,1261.0,21.7,203.0,3.5,143.0,2.5,64.0,1.1,14.0,0.2,111.0,1.9,421.0,895.0,0.47,156.0,410.0,0.38,265.0,485.0,0.546,0.558,263.0,318.0,0.827,17.5,0.609,27.2,4.0,0.112,1.6,1.5,1842.1,16243.265662172878,5120689.5,61.56397492954806,0.19528620120395895,89.93417780945319,61.0,94.0,250.0,-33.0,True,True,AS,Basketball Reference 2025-26 stats and 2025-26 listed salary
P0411,2025-26,OG Anunoby,NYK,NYK,PF,Forward,28.0,39568966.0,39.568966,127500000.0,127.5,67.0,67.0,2224.0,33.2,1118.0,16.7,351.0,5.2,145.0,2.2,104.0,1.6,48.0,0.7,123.0,1.8,389.0,804.0,0.484,157.0,407.0,0.386,232.0,397.0,0.584,0.581,183.0,221.0,0.828,15.8,0.62,19.7,6.3,0.135,2.0,2.3,2089.7,35392.63506261181,6280788.253968254,28.25446588622002,0.15921568433200906,52.81158976961894,13.0,71.0,326.0,-58.0,True,True,"DPOY-10,DEF2",Basketball Reference 2025-26 stats and 2025-26 listed salary
P0412,2025-26,Obi Toppin,IND,IND,PF,Forward,27.0,14000000.0,14.0,45025000.0,45.025,24.0,3.0,424.0,17.7,279.0,11.6,106.0,4.4,55.0,2.3,12.0,0.5,1.0,0.0,28.0,1.2,100.0,199.0,0.503,37.0,105.0,0.352,63.0,94.0,0.67,0.595,42.0,46.0,0.913,19.7,0.636,24.8,1.1,0.124,3.0,0.5,499.70000000000005,50179.21146953405,12727272.727272727,19.928571428571427,0.07857142857142858,35.69285714285714,,,,,False,True,,Basketball Reference 2025-26 stats and 2025-26 listed salary
P0413,2025-26,Ochai Agbaji,BRK,2TM,SG,Guard,25.0,6383525.0,6.383525,6383525.0,6.383525,62.0,13.0,973.0,15.7,314.0,5.1,141.0,2.3,47.0,0.8,24.0,0.4,17.0,0.3,31.0,0.5,122.0,280.0,0.436,34.0,128.0,0.266,88.0,152.0,0.579,0.496,36.0,43.0,0.837,8.9,0.525,14.6,0.9,0.046,-4.0,-0.5,645.7,20329.6974522293,7092805.555555555,49.18912356417497,0.1409879337826671,101.15100982607574,171.0,317.0,230.0,-146.0,True,True,,Basketball Reference 2025-26 stats and 2025-26 listed salary
P0414,2025-26,Olivier-Maxence Prosper,DAL,MEM,PF,Forward,23.0,1002360.0,1.00236,3007080.0,3.00708,53.0,24.0,984.0,18.6,530.0,10.0,187.0,3.5,51.0,1.0,40.0,0.8,13.0,0.2,47.0,0.9,192.0,350.0,0.549,60.0,148.0,0.405,132.0,202.0,0.653,0.634,86.0,114.0,0.754,16.9,0.662,18.9,2.4,0.119,-0.1,0.5,942.9,1891.245283018868,417650.0,528.7521449379465,2.3943493355680596,940.6799952113014,263.0,260.0,10.0,3.0,True,True,,Basketball Reference 2025-26 stats and 2025-26 listed salary
P0415,2025-26,Onyeka Okongwu,ATL,ATL,C,Center,25.0,15000000.0,15.0,48000000.0,48.0,74.0,63.0,2297.0,31.0,1123.0,15.2,562.0,7.6,231.0,3.1,82.0,1.1,79.0,1.1,127.0,1.7,413.0,860.0,0.48,144.0,383.0,0.376,269.0,477.0,0.564,0.564,153.0,202.0,0.757,15.9,0.592,19.5,6.0,0.125,0.7,1.6,2499.9,13357.079252003561,2500000.0,74.86666666666666,0.4,166.66,84.0,38.0,175.0,46.0,True,True,,Basketball Reference 2025-26 stats and 2025-26 listed salary
P0416,2025-26,Oso Ighodaro,PHO,PHO,PF,Forward,23.0,1955377.0,1.955377,1955377.0,1.955377,82.0,24.0,1808.0,22.0,531.0,6.5,418.0,5.1,185.0,2.3,73.0,0.9,57.0,0.7,101.0,1.2,239.0,366.0,0.653,0.0,1.0,0.0,239.0,365.0,0.655,0.653,53.0,117.0,0.453,13.8,0.636,12.2,4.7,0.125,0.1,0.9,1599.1,3682.4425612052733,416037.6595744681,271.5588860869285,2.4036285585848662,817.7962612836297,260.0,132.0,17.0,128.0,True,True,,Basketball Reference 2025-26 stats and 2025-26 listed salary
P0417,2025-26,Ousmane Dieng,MIL,2TM,C,Center,22.0,6670882.0,6.670882,6670882.0,6.670882,57.0,20.0,1099.0,19.3,431.0,7.6,180.0,3.2,136.0,2.4,25.0,0.4,17.0,0.3,75.0,1.3,168.0,398.0,0.422,63.0,185.0,0.341,105.0,213.0,0.493,0.501,32.0,45.0,0.711,10.2,0.516,19.7,0.3,0.012,-3.8,-0.5,902.0,15477.68445475638,22236273.333333336,64.6091476359498,0.04497156447977944,135.2145038692035,165.0,268.0,199.0,-103.0,True,True,,Basketball Reference 2025-26 stats and 2025-26 listed salary
P0418,2025-26,P.J. Washington,DAL,DAL,PF,Forward,27.0,14152174.0,14.152174,102914614.0,102.914614,56.0,53.0,1736.0,31.0,793.0,14.2,394.0,7.0,98.0,1.8,55.0,1.0,60.0,1.1,94.0,1.7,296.0,658.0,0.45,76.0,234.0,0.325,220.0,424.0,0.519,0.508,125.0,182.0,0.687,13.1,0.537,20.1,1.7,0.046,-1.6,0.2,1663.8,17846.373266078182,8324808.235294118,56.03379381853276,0.12012288712674109,117.5649762361599,87.0,120.0,213.0,-33.0,True,True,,Basketball Reference 2025-26 stats and 2025-26 listed salary
P0419,2025-26,Pacôme Dadiet,NYK,NYK,SG,Guard,20.0,2847600.0,2.8476,5831280.0,5.83128,29.0,0.0,136.0,4.7,48.0,1.7,27.0,0.9,12.0,0.4,3.0,0.1,1.0,0.0,3.0,0.1,16.0,48.0,0.333,7.0,32.0,0.219,9.0,16.0,0.563,0.406,9.0,11.0,0.818,9.6,0.454,17.6,0.2,0.062,-3.3,0.0,107.4,59325.0,14238000.0,16.856300042140752,0.0702345835089198,37.71597134428993,,,,,False,True,,Basketball Reference 2025-26 stats and 2025-26 listed salary
P0420,2025-26,Paolo Banchero,ORL,ORL,PF,Forward,23.0,15334769.0,15.334769,201254769.0,201.254769,72.0,72.0,2502.0,34.8,1599.0,22.2,604.0,8.4,373.0,5.2,51.0,0.7,40.0,0.6,222.0,3.1,529.0,1152.0,0.459,84.0,275.0,0.305,445.0,877.0,0.507,0.496,457.0,590.0,0.775,17.6,0.566,27.6,5.0,0.095,1.4,2.1,2934.3,9590.224515322076,3066953.8,104.27284558378415,0.3260564277166484,191.34947516979227,82.0,21.0,158.0,61.0,True,True,,Basketball Reference 2025-26 stats and 2025-26 listed salary
P0421,2025-26,Pascal Siakam,IND,IND,PF,Forward,31.0,45550512.0,45.550512,146773872.0,146.773872,62.0,62.0,2057.0,33.2,1485.0,24.0,411.0,6.6,236.0,3.8,69.0,1.1,25.0,0.4,138.0,2.2,559.0,1155.0,0.484,105.0,293.0,0.358,454.0,862.0,0.527,0.529,262.0,378.0,0.693,18.6,0.562,30.1,2.6,0.062,0.7,1.4,2476.2,30673.745454545453,17519427.692307692,32.60117032273973,0.05707949012735576,54.36162825129166,12.0,44.0,325.0,-32.0,True,True,AS,Basketball Reference 2025-26 stats and 2025-26 listed salary
P0422,2025-26,Pat Connaughton,CHO,CHO,SG,Guard,33.0,10739683.0,10.739683,10739683.0,10.739683,42.0,0.0,297.0,7.1,110.0,2.6,61.0,1.5,18.0,0.4,11.0,0.3,1.0,0.0,11.0,0.3,38.0,85.0,0.447,21.0,52.0,0.404,17.0,33.0,0.515,0.571,13.0,20.0,0.65,12.9,0.586,14.9,0.7,0.113,0.1,0.2,235.2,97633.48181818181,15342404.285714287,10.242387973648757,0.065178832559583,21.900087740019888,,,,,False,True,,Basketball Reference 2025-26 stats and 2025-26 listed salary
P0423,2025-26,Pat Connaughton,CHO,CHO,SG,Guard,33.0,10739683.0,10.739683,10739683.0,10.739683,42.0,0.0,297.0,7.1,110.0,2.6,61.0,1.5,18.0,0.4,11.0,0.3,1.0,0.0,11.0,0.3,38.0,85.0,0.447,21.0,52.0,0.404,17.0,33.0,0.515,0.571,13.0,20.0,0.65,12.9,0.586,14.9,0.7,0.113,0.1,0.2,235.2,97633.48181818181,15342404.285714287,10.242387973648757,0.065178832559583,21.900087740019888,,,,,False,True,,Basketball Reference 2025-26 stats and 2025-26 listed salary
P0424,2025-26,Pat Spencer,GSW,GSW,PG,Guard,29.0,857804.0,0.857804,857804.0,0.857804,66.0,14.0,1229.0,18.6,476.0,7.2,158.0,2.4,232.0,3.5,48.0,0.7,5.0,0.1,85.0,1.3,186.0,436.0,0.427,60.0,168.0,0.357,126.0,268.0,0.47,0.495,44.0,57.0,0.772,12.1,0.516,18.9,1.4,0.056,-2.3,-0.1,1087.6,1802.109243697479,612717.1428571428,554.9053163659763,1.6320744598999304,1267.8887018479745,264.0,230.0,6.0,34.0,True,True,,Basketball Reference 2025-26 stats and 2025-26 listed salary
P0425,2025-26,Patrick Baldwin Jr.,LAC,3TM,SF,Wing,23.0,263940.0,0.26394,131970.0,0.13197,9.0,1.0,102.0,11.3,33.0,3.7,23.0,2.6,5.0,0.6,3.0,0.3,5.0,0.6,5.0,0.6,11.0,27.0,0.407,6.0,14.0,0.429,5.0,13.0,0.385,0.519,5.0,7.0,0.714,11.8,0.549,14.7,0.1,0.05,-4.4,-0.1,87.1,7998.181818181818,2639400.0,125.0284155489884,0.3788739865120861,329.99924225202693,,,,,False,True,,Basketball Reference 2025-26 stats and 2025-26 listed salary
P0426,2025-26,Patrick Baldwin Jr.,PHI,3TM,SF,Wing,23.0,263940.0,0.26394,131970.0,0.13197,9.0,1.0,102.0,11.3,33.0,3.7,23.0,2.6,5.0,0.6,3.0,0.3,5.0,0.6,5.0,0.6,11.0,27.0,0.407,6.0,14.0,0.429,5.0,13.0,0.385,0.519,5.0,7.0,0.714,11.8,0.549,14.7,0.1,0.05,-4.4,-0.1,87.1,7998.181818181818,2639400.0,125.0284155489884,0.3788739865120861,329.99924225202693,,,,,False,True,,Basketball Reference 2025-26 stats and 2025-26 listed salary
P0427,2025-26,Patrick Williams,CHI,CHI,PF,Forward,24.0,18000000.0,18.0,54000000.0,54.0,72.0,6.0,1474.0,20.5,505.0,7.0,215.0,3.0,105.0,1.5,49.0,0.7,26.0,0.4,75.0,1.0,178.0,478.0,0.372,95.0,274.0,0.347,83.0,204.0,0.407,0.472,54.0,75.0,0.72,8.2,0.494,16.6,-0.1,-0.005,-4.5,-0.9,1070.5,35643.56435643564,,28.055555555555557,-0.005555555555555556,59.47222222222222,75.0,234.0,315.0,-159.0,True,True,,Basketball Reference 2025-26 stats and 2025-26 listed salary
P0428,2025-26,Paul George,PHI,PHI,PF,Forward,35.0,51666090.0,51.66609,105792470.0,105.79247,37.0,37.0,1135.0,30.7,641.0,17.3,196.0,5.3,133.0,3.6,62.0,1.7,16.0,0.4,64.0,1.7,225.0,513.0,0.439,100.0,255.0,0.392,125.0,258.0,0.484,0.536,91.0,111.0,0.82,16.7,0.57,23.3,2.5,0.108,1.7,1.1,1245.7,80602.32449297972,20666436.0,12.406590086457095,0.04838763684265637,24.11059168595882,7.0,195.0,359.0,-188.0,True,True,,Basketball Reference 2025-26 stats and 2025-26 listed salary
P0429,2025-26,Paul Reed,DET,DET,C,Center,26.0,5335894.0,5.335894,5335894.0,5.335894,65.0,11.0,901.0,13.9,504.0,7.8,294.0,4.5,80.0,1.2,57.0,0.9,60.0,0.9,58.0,0.9,209.0,339.0,0.617,13.0,40.0,0.325,196.0,299.0,0.656,0.636,73.0,110.0,0.664,24.2,0.65,20.6,4.5,0.239,5.3,1.6,1269.8,10587.09126984127,1185754.2222222222,94.45464996118739,0.8433450889391731,237.97324309665822,191.0,191.0,133.0,0.0,True,True,,Basketball Reference 2025-26 stats and 2025-26 listed salary
P0430,2025-26,Payton Pritchard,BOS,BOS,PG,Guard,28.0,7232143.0,7.232143,23303571.0,23.303571,79.0,50.0,2556.0,32.4,1345.0,17.0,312.0,3.9,408.0,5.2,58.0,0.7,10.0,0.1,109.0,1.4,506.0,1091.0,0.464,212.0,562.0,0.377,294.0,529.0,0.556,0.561,121.0,136.0,0.89,17.1,0.584,21.4,8.5,0.16,2.3,2.8,2426.4,5377.057992565055,850840.3529411765,185.97530496838905,1.175308618759336,335.502215595018,158.0,46.0,95.0,112.0,True,True,,Basketball Reference 2025-26 stats and 2025-26 listed salary
P0431,2025-26,Pelle Larsson,MIA,MIA,SG,Guard,24.0,1955377.0,1.955377,,,70.0,54.0,1849.0,26.4,800.0,11.4,244.0,3.5,236.0,3.4,49.0,0.7,16.0,0.2,101.0,1.4,277.0,559.0,0.496,62.0,192.0,0.323,215.0,367.0,0.586,0.551,184.0,231.0,0.797,13.1,0.605,16.8,4.1,0.106,-1.2,0.4,1540.8,2444.22125,476921.21951219515,409.1282652910411,2.0967823596165855,787.9810389505451,260.0,141.0,20.0,119.0,True,True,,Basketball Reference 2025-26 stats and 2025-26 listed salary
P0432,2025-26,Peyton Watson,DEN,DEN,SF,Wing,23.0,4356476.0,4.356476,4356476.0,4.356476,54.0,40.0,1598.0,29.6,789.0,14.6,264.0,4.9,111.0,2.1,50.0,0.9,61.0,1.1,93.0,1.7,285.0,581.0,0.491,81.0,197.0,0.411,204.0,384.0,0.531,0.56,138.0,189.0,0.73,14.3,0.594,20.6,2.6,0.078,-1.2,0.3,1512.3,5521.515842839037,1675567.6923076923,181.1096859020915,0.5968126531627858,347.1383751454157,204.0,146.0,89.0,58.0,True,True,,Basketball Reference 2025-26 stats and 2025-26 listed salary
P0433,2025-26,Precious Achiuwa,SAC,SAC,C,Center,26.0,2111516.0,2.111516,2111516.0,2.111516,73.0,57.0,1745.0,23.9,736.0,10.1,492.0,6.7,101.0,1.4,65.0,0.9,50.0,0.7,65.0,0.9,316.0,598.0,0.528,27.0,97.0,0.278,289.0,501.0,0.577,0.551,77.0,139.0,0.554,16.2,0.558,17.6,2.9,0.081,-1.6,0.2,1757.9,2868.907608695652,728108.9655172414,348.5647279016593,1.3734208028733856,832.5298032314224,258.0,104.0,15.0,154.0,True,True,,Basketball Reference 2025-26 stats and 2025-26 listed salary
P0434,2025-26,Quentin Grimes,PHI,PHI,SG,Guard,25.0,8741209.0,8.741209,8741209.0,8.741209,75.0,19.0,2206.0,29.4,1006.0,13.4,273.0,3.6,244.0,3.3,64.0,0.9,28.0,0.4,133.0,1.8,340.0,755.0,0.45,127.0,380.0,0.334,213.0,375.0,0.568,0.534,199.0,237.0,0.84,12.9,0.585,19.0,3.6,0.078,-1.6,0.2,1842.6,8689.074552683896,2428113.611111111,115.08705489137716,0.41184234354767174,210.79463950581663,138.0,93.0,146.0,45.0,True,True,,Basketball Reference 2025-26 stats and 2025-26 listed salary
P0435,2025-26,Quinten Post,GSW,GSW,PF,Forward,25.0,1955377.0,1.955377,1955377.0,1.955377,67.0,35.0,1159.0,17.3,513.0,7.7,269.0,4.0,94.0,1.4,26.0,0.4,35.0,0.5,56.0,0.8,193.0,439.0,0.44,93.0,277.0,0.336,100.0,162.0,0.617,0.546,34.0,43.0,0.791,13.0,0.56,18.8,1.9,0.078,-1.1,0.3,1103.8,3811.6510721247564,1029145.7894736843,262.3535001178801,0.9716796300662225,564.4947240353139,260.0,225.0,43.0,35.0,True,True,,Basketball Reference 2025-26 stats and 2025-26 listed salary
P0436,2025-26,RJ Barrett,TOR,TOR,SF,Wing,25.0,27705357.0,27.705357,57321428.0,57.321428,57.0,57.0,1726.0,30.3,1098.0,19.3,300.0,5.3,189.0,3.3,42.0,0.7,19.0,0.3,99.0,1.7,401.0,816.0,0.491,96.0,283.0,0.339,305.0,533.0,0.572,0.55,200.0,279.0,0.717,17.0,0.585,25.8,4.0,0.111,0.2,1.0,1825.5,25232.56557377049,6926339.25,39.631324729004575,0.14437641067032633,65.88978441967018,40.0,96.0,302.0,-56.0,True,True,,Basketball Reference 2025-26 stats and 2025-26 listed salary
P0437,2025-26,Rasheer Fleming,PHO,PHO,PF,Forward,21.0,1272870.0,1.27287,5949688.0,5.949688,55.0,1.0,673.0,12.2,238.0,4.3,124.0,2.3,16.0,0.3,22.0,0.4,21.0,0.4,29.0,0.5,87.0,215.0,0.405,45.0,130.0,0.346,42.0,85.0,0.494,0.509,19.0,34.0,0.559,10.2,0.517,16.3,0.8,0.055,-3.8,-0.3,510.79999999999995,5348.193277310925,1591087.5,186.9790316371664,0.628500946679551,401.29785445489324,262.0,336.0,73.0,-74.0,True,True,,Basketball Reference 2025-26 stats and 2025-26 listed salary
P0438,2025-26,Rayan Rupert,MEM,2TM,SG,Guard,21.0,2353647.0,2.353647,131970.0,0.13197,64.0,8.0,1072.0,16.8,332.0,5.2,188.0,2.9,68.0,1.1,55.0,0.9,9.0,0.1,55.0,0.9,123.0,313.0,0.393,44.0,136.0,0.324,79.0,177.0,0.446,0.463,42.0,54.0,0.778,8.2,0.493,15.0,0.6,0.026,-5.1,-0.8,796.6,7089.298192771084,3922745.0,141.057686220576,0.2549235293142939,338.45347241961093,251.0,287.0,92.0,-36.0,True,True,,Basketball Reference 2025-26 stats and 2025-26 listed salary
P0439,2025-26,Rayan Rupert,POR,2TM,SG,Guard,21.0,2353647.0,2.353647,2221677.0,2.221677,64.0,8.0,1072.0,16.8,332.0,5.2,188.0,2.9,68.0,1.1,55.0,0.9,9.0,0.1,55.0,0.9,123.0,313.0,0.393,44.0,136.0,0.324,79.0,177.0,0.446,0.463,42.0,54.0,0.778,8.2,0.493,15.0,0.6,0.026,-5.1,-0.8,796.6,7089.298192771084,3922745.0,141.057686220576,0.2549235293142939,338.45347241961093,251.0,287.0,92.0,-36.0,True,True,,Basketball Reference 2025-26 stats and 2025-26 listed salary
P0440,2025-26,Reed Sheppard,HOU,HOU,SG,Guard,21.0,10603560.0,10.60356,21712440.0,21.71244,82.0,21.0,2147.0,26.2,1110.0,13.5,238.0,2.9,277.0,3.4,122.0,1.5,54.0,0.7,123.0,1.5,407.0,946.0,0.43,227.0,576.0,0.394,180.0,370.0,0.486,0.55,69.0,86.0,0.802,15.7,0.564,21.7,5.9,0.131,2.7,2.5,2216.1,9552.756756756757,1797213.5593220338,104.68182384029515,0.5564169014934607,208.99584667790816,120.0,57.0,148.0,63.0,True,True,6MOY-6,Basketball Reference 2025-26 stats and 2025-26 listed salary
P0441,2025-26,Ricky Rubio,CLE,,Unknown,Unknown,,424672.0,0.424672,849344.0,0.849344,,,,,,,,,,,,,,,,,,,,,,,,,,,,,,,,,,,,,0.0,,,,,0.0,,,,,False,False,,Basketball Reference 2025-26 stats and 2025-26 listed salary
P0442,2025-26,Rob Dillingham,CHI,2TM,PG,Guard,21.0,6576120.0,6.57612,13465440.0,13.46544,65.0,0.0,970.0,14.9,409.0,6.3,131.0,2.0,143.0,2.2,47.0,0.7,6.0,0.1,100.0,1.5,163.0,412.0,0.396,42.0,133.0,0.316,121.0,279.0,0.434,0.447,41.0,55.0,0.745,7.7,0.469,23.1,-1.1,-0.056,-7.3,-1.3,839.7,16078.533007334963,,62.194728806651945,-0.1672718867660566,127.68927574314337,169.0,278.0,207.0,-109.0,True,True,,Basketball Reference 2025-26 stats and 2025-26 listed salary
P0443,2025-26,Robert Williams,POR,POR,C,Center,28.0,13285713.0,13.285713,13285713.0,13.285713,59.0,1.0,1008.0,17.1,397.0,6.7,415.0,7.0,60.0,1.0,35.0,0.6,87.0,1.5,49.0,0.8,177.0,250.0,0.708,9.0,23.0,0.391,168.0,227.0,0.74,0.726,34.0,57.0,0.596,22.1,0.722,13.1,4.5,0.213,4.5,1.7,1302.0,33465.27204030227,2952380.6666666665,29.881723321887204,0.3387097101977139,98.00000948387189,98.0,181.0,233.0,-83.0,True,True,,Basketball Reference 2025-26 stats and 2025-26 listed salary
P0444,2025-26,Ron Holland,DET,DET,SF,Wing,20.0,8657280.0,8.65728,17726880.0,17.72688,78.0,5.0,1551.0,19.9,640.0,8.2,315.0,4.0,95.0,1.2,92.0,1.2,27.0,0.3,96.0,1.2,235.0,544.0,0.432,50.0,198.0,0.253,185.0,346.0,0.535,0.478,120.0,149.0,0.805,11.7,0.525,18.9,2.8,0.087,-2.0,0.0,1421.5,13527.0,3091885.7142857146,73.92622163081245,0.3234272196348044,164.19706882531233,139.0,161.0,178.0,-22.0,True,True,,Basketball Reference 2025-26 stats and 2025-26 listed salary
P0445,2025-26,Royce O'Neale,PHO,PHO,SF,Wing,32.0,10125000.0,10.125,32625000.0,32.625,78.0,67.0,2213.0,28.4,765.0,9.8,372.0,4.8,208.0,2.7,84.0,1.1,32.0,0.4,103.0,1.3,263.0,625.0,0.421,212.0,520.0,0.408,51.0,105.0,0.486,0.59,27.0,38.0,0.711,11.6,0.596,14.3,4.6,0.1,0.7,1.5,1768.4,13235.29411764706,2201086.9565217393,75.55555555555556,0.45432098765432094,174.6567901234568,123.0,103.0,168.0,20.0,True,True,,Basketball Reference 2025-26 stats and 2025-26 listed salary
P0446,2025-26,Rudy Gobert,MIN,MIN,C,Center,33.0,35000000.0,35.0,71500000.0,71.5,76.0,76.0,2380.0,31.3,829.0,10.9,872.0,11.5,128.0,1.7,58.0,0.8,124.0,1.6,106.0,1.4,335.0,491.0,0.682,0.0,5.0,0.0,335.0,486.0,0.689,0.682,159.0,302.0,0.526,17.5,0.664,12.9,8.7,0.176,1.0,1.8,2507.3999999999996,42219.54161640531,4022988.505747127,23.685714285714287,0.24857142857142855,71.63999999999999,22.0,36.0,286.0,-14.0,True,True,"DPOY-4,DEF1",Basketball Reference 2025-26 stats and 2025-26 listed salary
P0447,2025-26,Rui Hachimura,LAL,LAL,PF,Forward,27.0,18259259.0,18.259259,18259259.0,18.259259,68.0,41.0,1927.0,28.3,780.0,11.5,226.0,3.3,57.0,0.8,39.0,0.6,21.0,0.3,42.0,0.6,307.0,597.0,0.514,116.0,262.0,0.443,191.0,335.0,0.57,0.611,50.0,72.0,0.694,11.6,0.62,15.2,3.2,0.08,-2.2,-0.1,1274.7,23409.30641025641,5706018.4375,42.718053344881085,0.17525355218412753,69.81115717784604,72.0,189.0,290.0,-117.0,True,True,,Basketball Reference 2025-26 stats and 2025-26 listed salary
P0448,2025-26,Russell Westbrook,SAC,SAC,SF,Wing,37.0,2296274.0,2.296274,2296274.0,2.296274,64.0,58.0,1853.0,29.0,971.0,15.2,348.0,5.4,426.0,6.7,83.0,1.3,12.0,0.2,209.0,3.3,358.0,839.0,0.427,128.0,379.0,0.338,230.0,460.0,0.5,0.503,127.0,183.0,0.694,15.1,0.528,25.9,0.4,0.009,-0.4,0.7,2103.6,2364.854788877446,5740685.0,422.8589445336227,0.1741952397666829,916.0927659329853,254.0,69.0,11.0,185.0,True,True,,Basketball Reference 2025-26 stats and 2025-26 listed salary
P0449,2025-26,Ryan Dunn,PHO,PHO,SF,Wing,23.0,2657760.0,2.65776,5442000.0,5.442,70.0,16.0,1355.0,19.4,407.0,5.8,297.0,4.2,102.0,1.5,60.0,0.9,29.0,0.4,56.0,0.8,164.0,362.0,0.453,56.0,169.0,0.331,108.0,193.0,0.56,0.53,23.0,47.0,0.489,11.7,0.532,13.7,2.6,0.093,-0.9,0.4,1127.4,6530.12285012285,1022215.3846153846,153.13647582926976,0.9782674131599542,424.1918006140509,244.0,218.0,69.0,26.0,True,True,,Basketball Reference 2025-26 stats and 2025-26 listed salary
P0450,2025-26,Ryan Kalkbrenner,CHO,CHO,C,Center,24.0,2296274.0,2.296274,4707364.0,4.707364,69.0,31.0,1479.0,21.4,521.0,7.6,377.0,5.5,54.0,0.8,32.0,0.5,101.0,1.5,62.0,0.9,219.0,291.0,0.753,0.0,5.0,0.0,219.0,286.0,0.766,0.753,83.0,116.0,0.716,17.9,0.762,11.6,5.7,0.185,1.8,1.4,1391.4,4407.435700575816,402855.08771929826,226.88929979610447,2.4822821666752315,605.9381415284065,254.0,167.0,37.0,87.0,True,True,,Basketball Reference 2025-26 stats and 2025-26 listed salary
P0451,2025-26,Ryan Rollins,MIL,MIL,PG,Guard,23.0,4000000.0,4.0,8000000.0,8.0,74.0,67.0,2376.0,32.1,1281.0,17.3,338.0,4.6,414.0,5.6,110.0,1.5,31.0,0.4,201.0,2.7,486.0,1030.0,0.472,184.0,453.0,0.406,302.0,577.0,0.523,0.561,125.0,157.0,0.796,16.2,0.583,24.2,3.4,0.069,0.2,1.3,2529.6,3122.56049960968,1176470.5882352942,320.25,0.85,632.4,210.0,35.0,32.0,175.0,True,True,,Basketball Reference 2025-26 stats and 2025-26 listed salary
P0452,2025-26,Saddiq Bey,NOP,NOP,SF,Wing,26.0,6118644.0,6.118644,12559322.0,12.559322,72.0,64.0,2246.0,31.2,1271.0,17.7,400.0,5.6,182.0,2.5,68.0,0.9,7.0,0.1,68.0,0.9,436.0,967.0,0.451,151.0,412.0,0.367,285.0,555.0,0.514,0.529,248.0,295.0,0.841,17.1,0.579,21.6,5.4,0.116,0.5,1.4,2181.0,4814.039339103068,1133082.2222222222,207.7257640745237,0.8825484862332243,356.4515274953078,177.0,61.0,87.0,116.0,True,True,,Basketball Reference 2025-26 stats and 2025-26 listed salary
P0453,2025-26,Sam Hauser,BOS,BOS,PF,Forward,28.0,10044644.0,10.044644,45000000.0,45.0,78.0,49.0,1934.0,24.8,719.0,9.2,300.0,3.8,114.0,1.5,38.0,0.5,23.0,0.3,35.0,0.4,252.0,601.0,0.419,198.0,504.0,0.393,54.0,97.0,0.557,0.584,17.0,20.0,0.85,11.9,0.59,14.5,5.0,0.124,0.6,1.3,1398.0,13970.297635605008,2008928.8,71.58043630018147,0.49777772114173485,139.17865083122905,126.0,165.0,196.0,-39.0,True,True,,Basketball Reference 2025-26 stats and 2025-26 listed salary
P0454,2025-26,Sam Merrill,CLE,CLE,SG,Guard,29.0,8482144.0,8.482144,38000000.0,38.0,52.0,38.0,1377.0,26.5,663.0,12.8,133.0,2.6,125.0,2.4,33.0,0.6,7.0,0.1,42.0,0.8,223.0,484.0,0.461,158.0,375.0,0.421,65.0,109.0,0.596,0.624,59.0,69.0,0.855,13.6,0.644,17.0,3.7,0.127,0.1,0.7,1088.1,12793.580693815988,2292471.351351351,78.16419999471832,0.43621046754216863,128.28124587368475,140.0,229.0,206.0,-89.0,True,True,,Basketball Reference 2025-26 stats and 2025-26 listed salary
P0455,2025-26,Sandro Mamukelashvili,TOR,TOR,C,Center,26.0,2461463.0,2.461463,2461463.0,2.461463,80.0,13.0,1751.0,21.9,893.0,11.2,395.0,4.9,151.0,1.9,64.0,0.8,41.0,0.5,67.0,0.8,330.0,631.0,0.523,115.0,296.0,0.389,215.0,335.0,0.642,0.614,118.0,158.0,0.747,18.1,0.637,18.8,6.2,0.169,2.8,2.1,1841.5,2756.3975363941768,397010.16129032255,362.7923718536496,2.5188272177968956,748.1323099311263,249.0,95.0,22.0,154.0,True,True,6MOY-10,Basketball Reference 2025-26 stats and 2025-26 listed salary
P0456,2025-26,Santi Aldama,MEM,MEM,PF,Forward,25.0,18485916.0,18.485916,35492959.0,35.492959,43.0,11.0,1198.0,27.9,602.0,14.0,287.0,6.7,126.0,2.9,37.0,0.9,31.0,0.7,55.0,1.3,228.0,476.0,0.479,70.0,200.0,0.35,158.0,276.0,0.572,0.553,76.0,114.0,0.667,16.3,0.572,20.2,2.3,0.092,1.7,1.1,1284.4,30707.50166112957,8037354.782608696,32.56533244011279,0.12441904420641098,69.47992190378882,71.0,186.0,292.0,-115.0,True,True,,Basketball Reference 2025-26 stats and 2025-26 listed salary
P0457,2025-26,Scoot Henderson,POR,POR,PG,Guard,21.0,10748040.0,10.74804,24333563.0,24.333563,30.0,10.0,748.0,24.9,427.0,14.2,80.0,2.7,112.0,3.7,27.0,0.9,9.0,0.3,73.0,2.4,143.0,342.0,0.418,57.0,162.0,0.352,86.0,180.0,0.478,0.501,84.0,100.0,0.84,12.9,0.553,25.0,1.0,0.064,-2.2,0.0,726.0,25171.053864168618,10748040.0,39.72817369492484,0.09304021942605349,67.54719930331484,119.0,303.0,295.0,-184.0,True,True,,Basketball Reference 2025-26 stats and 2025-26 listed salary
P0458,2025-26,Scottie Barnes,TOR,TOR,PF,Forward,24.0,38661750.0,38.66175,224238150.0,224.23815,80.0,80.0,2681.0,33.5,1448.0,18.1,600.0,7.5,474.0,5.9,114.0,1.4,116.0,1.5,210.0,2.6,569.0,1123.0,0.507,68.0,224.0,0.304,501.0,899.0,0.557,0.537,242.0,297.0,0.815,19.2,0.577,23.4,7.8,0.14,4.2,4.2,3359.0,26700.10359116022,4956634.615384616,37.45303820959993,0.2017497914605521,86.8817371174352,16.0,7.0,261.0,9.0,True,True,"DPOY-5,AS,DEF2",Basketball Reference 2025-26 stats and 2025-26 listed salary
P0459,2025-26,Scotty Pippen Jr.,MEM,MEM,PG,Guard,25.0,2270735.0,2.270735,2270735.0,2.270735,10.0,6.0,212.0,21.2,114.0,11.4,22.0,2.2,47.0,4.7,19.0,1.9,4.0,0.4,27.0,2.7,43.0,96.0,0.448,10.0,32.0,0.313,33.0,64.0,0.516,0.5,18.0,23.0,0.783,14.7,0.537,26.1,0.1,0.025,-2.8,0.0,252.89999999999998,19918.72807017544,22707350.0,50.204008834144005,0.0440386042404772,111.37363012416682,,,,,False,True,,Basketball Reference 2025-26 stats and 2025-26 listed salary
P0460,2025-26,Seth Curry,GSW,GSW,SG,Guard,35.0,1755198.0,1.755198,1755198.0,1.755198,10.0,0.0,133.0,13.3,71.0,7.1,12.0,1.2,10.0,1.0,3.0,0.3,0.0,0.0,2.0,0.2,24.0,49.0,0.49,12.0,25.0,0.48,12.0,24.0,0.5,0.612,11.0,12.0,0.917,16.0,0.654,18.0,0.4,0.152,0.2,0.1,107.4,24721.098591549297,4387995.0,40.45127672205643,0.2278945167439799,61.1896777457586,,,,,False,True,,Basketball Reference 2025-26 stats and 2025-26 listed salary
P0461,2025-26,Shaedon Sharpe,POR,POR,SG,Guard,22.0,8399983.0,8.399983,98399983.0,98.399983,50.0,42.0,1471.0,29.4,1042.0,20.8,217.0,4.3,132.0,2.6,70.0,1.4,6.0,0.1,147.0,2.9,392.0,868.0,0.452,103.0,306.0,0.337,289.0,562.0,0.514,0.511,155.0,197.0,0.787,15.3,0.546,30.5,1.3,0.041,-1.4,0.2,1581.4,8061.404030710173,6461525.384615384,124.04787009687995,0.1547622179711554,188.26228576891168,142.0,136.0,161.0,6.0,True,True,,Basketball Reference 2025-26 stats and 2025-26 listed salary
P0462,2025-26,Shai Gilgeous-Alexander,OKC,OKC,PG,Guard,27.0,38333050.0,38.33305,276795400.0,276.7954,68.0,68.0,2259.0,33.2,2117.0,31.1,292.0,4.3,448.0,6.6,95.0,1.4,52.0,0.8,151.0,2.2,731.0,1321.0,0.553,115.0,298.0,0.386,616.0,1023.0,0.602,0.597,540.0,614.0,0.879,30.8,0.665,33.4,15.2,0.323,11.7,7.8,3429.4,18107.250826641473,2521911.1842105263,55.226495152355476,0.3965246699649519,89.4632699459083,17.0,4.0,255.0,13.0,True,True,"MVP-1,CPOY-1,AS,NBA1",Basketball Reference 2025-26 stats and 2025-26 listed salary
P0463,2025-26,Sidy Cissoko,POR,POR,SF,Wing,21.0,686243.0,0.686243,686243.0,0.686243,75.0,26.0,1435.0,19.1,383.0,5.1,166.0,2.2,110.0,1.5,52.0,0.7,25.0,0.3,70.0,0.9,133.0,334.0,0.398,59.0,198.0,0.298,74.0,136.0,0.544,0.487,58.0,88.0,0.659,7.1,0.514,12.5,1.3,0.045,-4.0,-0.7,908.2,1791.757180156658,527879.2307692308,558.1113395692196,1.8943726930547924,1323.4379075633558,268.0,265.0,5.0,3.0,True,True,,Basketball Reference 2025-26 stats and 2025-26 listed salary
P0464,2025-26,Simone Fontecchio,MIA,MIA,SF,Wing,30.0,8307692.0,8.307692,8307692.0,8.307692,70.0,9.0,1173.0,16.8,597.0,8.5,211.0,3.0,101.0,1.4,37.0,0.5,9.0,0.1,49.0,0.7,194.0,471.0,0.412,123.0,328.0,0.375,71.0,143.0,0.497,0.542,86.0,102.0,0.843,13.8,0.579,19.6,2.6,0.106,0.5,0.7,1090.7,13915.731993299833,3195266.1538461535,71.86111377263384,0.31296297455418426,131.2879678254803,145.0,228.0,204.0,-83.0,True,True,,Basketball Reference 2025-26 stats and 2025-26 listed salary
P0465,2025-26,Sion James,CHO,CHO,SG,Guard,23.0,2296274.0,2.296274,4707364.0,4.707364,82.0,19.0,1843.0,22.5,441.0,5.4,287.0,3.5,163.0,2.0,52.0,0.6,20.0,0.2,65.0,0.8,138.0,372.0,0.371,83.0,236.0,0.352,55.0,136.0,0.404,0.483,82.0,98.0,0.837,8.3,0.531,11.0,3.1,0.08,-2.0,0.0,1180.9,5206.97052154195,740733.5483870967,192.0502518427679,1.3500131081917925,514.2678966011896,254.0,209.0,49.0,45.0,True,True,,Basketball Reference 2025-26 stats and 2025-26 listed salary
P0466,2025-26,Skal Labissière,WAS,WAS,PF,Forward,29.0,131970.0,0.13197,131970.0,0.13197,3.0,0.0,38.0,12.7,13.0,4.3,9.0,3.0,3.0,1.0,2.0,0.7,1.0,0.3,1.0,0.3,6.0,10.0,0.6,1.0,5.0,0.2,5.0,5.0,1.0,0.65,0.0,0.0,,16.3,0.65,12.1,0.1,0.12,0.3,0.0,36.3,10151.538461538461,1319700.0,98.50723649314237,0.7577479730241722,275.0625142077745,,,,,False,True,,Basketball Reference 2025-26 stats and 2025-26 listed salary
P0467,2025-26,Spencer Jones,DEN,DEN,SF,Wing,24.0,623967.0,0.623967,623967.0,0.623967,64.0,37.0,1417.0,22.1,352.0,5.5,209.0,3.3,51.0,0.8,52.0,0.8,29.0,0.5,31.0,0.5,132.0,262.0,0.504,57.0,144.0,0.396,75.0,118.0,0.636,0.613,31.0,51.0,0.608,9.3,0.619,9.7,2.6,0.089,-2.4,-0.1,891.3,1772.6335227272727,239987.3076923077,564.1323980274598,4.166887030884646,1428.4409271644172,269.0,271.0,4.0,-2.0,True,True,,Basketball Reference 2025-26 stats and 2025-26 listed salary
P0468,2025-26,Stephen Curry,GSW,GSW,PG,Guard,37.0,59606817.0,59.606817,122193975.0,122.193975,43.0,41.0,1329.0,30.9,1142.0,26.6,154.0,3.6,203.0,4.7,49.0,1.1,17.0,0.4,121.0,2.8,374.0,799.0,0.468,190.0,484.0,0.393,184.0,315.0,0.584,0.587,204.0,221.0,0.923,22.6,0.637,32.5,4.1,0.147,5.4,2.5,1708.3,52195.111208406306,14538248.04878049,19.15888244795893,0.06878407884118355,28.659473630339967,1.0,110.0,354.0,-109.0,True,True,AS,Basketball Reference 2025-26 stats and 2025-26 listed salary
P0469,2025-26,Stephon Castle,SAS,SAS,PG,Guard,21.0,9560520.0,9.56052,19576440.0,19.57644,68.0,67.0,2038.0,30.0,1133.0,16.7,362.0,5.3,502.0,7.4,78.0,1.1,19.0,0.3,217.0,3.2,385.0,817.0,0.471,81.0,244.0,0.332,304.0,573.0,0.531,0.521,282.0,384.0,0.734,17.4,0.575,24.9,5.8,0.136,1.9,2.0,2394.4,8438.234774933804,1648365.5172413792,118.5081982988373,0.6066615623417972,250.44662842606888,131.0,47.0,127.0,84.0,True,True,,Basketball Reference 2025-26 stats and 2025-26 listed salary
P0470,2025-26,Steven Adams,HOU,HOU,C,Center,32.0,14130434.0,14.130434,39000000.0,39.0,32.0,11.0,730.0,22.8,187.0,5.8,276.0,8.6,48.0,1.5,22.0,0.7,20.0,0.6,35.0,1.1,70.0,139.0,0.504,0.0,0.0,,70.0,139.0,0.504,0.504,47.0,81.0,0.58,15.8,0.535,12.1,2.1,0.141,-0.5,0.3,681.2,75563.81818181818,6728778.095238095,13.233846886797675,0.148615392846391,48.208002669981695,88.0,312.0,333.0,-224.0,True,True,,Basketball Reference 2025-26 stats and 2025-26 listed salary
P0471,2025-26,Svi Mykhailiuk,UTA,UTA,SF,Wing,28.0,3675000.0,3.675,,,50.0,41.0,1156.0,23.1,469.0,9.4,124.0,2.5,93.0,1.9,26.0,0.5,3.0,0.1,42.0,0.8,173.0,362.0,0.478,98.0,240.0,0.408,75.0,122.0,0.615,0.613,25.0,28.0,0.893,11.4,0.626,14.8,1.1,0.048,-1.7,0.1,802.3,7835.820895522388,3340909.090909091,127.61904761904762,0.2993197278911565,218.312925170068,218.0,284.0,141.0,-66.0,True,True,,Basketball Reference 2025-26 stats and 2025-26 listed salary
P0472,2025-26,T.J. McConnell,IND,IND,PG,Guard,33.0,10200000.0,10.2,33000000.0,33.0,56.0,4.0,963.0,17.2,525.0,9.4,124.0,2.2,287.0,5.1,56.0,1.0,10.0,0.2,64.0,1.1,242.0,450.0,0.538,16.0,50.0,0.32,226.0,400.0,0.565,0.556,25.0,29.0,0.862,20.5,0.567,23.2,2.6,0.132,2.5,1.1,1238.3,19428.571428571428,3923076.923076923,51.47058823529412,0.25490196078431376,121.40196078431373,122.0,198.0,210.0,-76.0,True,True,,Basketball Reference 2025-26 stats and 2025-26 listed salary
P0473,2025-26,Tari Eason,HOU,HOU,PF,Forward,24.0,5675766.0,5.675766,5675766.0,5.675766,60.0,34.0,1549.0,25.8,627.0,10.5,376.0,6.3,90.0,1.5,72.0,1.2,28.0,0.5,81.0,1.4,241.0,580.0,0.416,93.0,260.0,0.358,148.0,320.0,0.463,0.496,52.0,67.0,0.776,12.9,0.514,18.7,2.9,0.091,-1.6,0.2,1432.2,9052.258373205741,1957160.6896551724,110.46967052552905,0.510944249639608,252.33598425305058,184.0,158.0,126.0,26.0,True,True,,Basketball Reference 2025-26 stats and 2025-26 listed salary
P0474,2025-26,Taurean Prince,MIL,MIL,SF,Wing,31.0,3303774.0,3.303774,3303774.0,3.303774,26.0,7.0,611.0,23.5,239.0,9.2,81.0,3.1,46.0,1.8,16.0,0.6,6.0,0.2,31.0,1.2,86.0,191.0,0.45,61.0,140.0,0.436,25.0,51.0,0.49,0.61,6.0,6.0,1.0,10.5,0.617,16.2,0.5,0.039,-3.1,-0.2,440.2,13823.322175732217,6607548.0,72.34151004275716,0.15134207121915724,133.24155950134602,229.0,349.0,201.0,-120.0,True,True,,Basketball Reference 2025-26 stats and 2025-26 listed salary
P0475,2025-26,Taylor Hendricks,MEM,2TM,PF,Forward,22.0,6127080.0,6.12708,13932980.0,13.93298,59.0,17.0,1118.0,18.9,438.0,7.4,221.0,3.7,55.0,0.9,50.0,0.8,30.0,0.5,50.0,0.8,163.0,355.0,0.459,63.0,184.0,0.342,100.0,171.0,0.585,0.548,49.0,72.0,0.681,12.2,0.566,16.2,1.1,0.049,-2.4,-0.1,975.7,13988.767123287671,5570072.727272727,71.48592804402749,0.17953086951696404,159.2438812615471,176.0,255.0,179.0,-79.0,True,True,,Basketball Reference 2025-26 stats and 2025-26 listed salary
P0476,2025-26,Terance Mann,BRK,BRK,SG,Guard,29.0,15500000.0,15.5,47000000.0,47.0,63.0,51.0,1529.0,24.3,455.0,7.2,200.0,3.2,190.0,3.0,41.0,0.7,15.0,0.2,71.0,1.1,168.0,368.0,0.457,56.0,154.0,0.364,112.0,214.0,0.523,0.533,63.0,80.0,0.788,10.2,0.564,13.5,1.8,0.056,-3.4,-0.6,1077.0,34065.93406593407,8611111.11111111,29.35483870967742,0.11612903225806452,69.48387096774194,81.0,233.0,291.0,-152.0,True,True,,Basketball Reference 2025-26 stats and 2025-26 listed salary
P0477,2025-26,Terrence Shannon Jr.,MIN,MIN,SG,Guard,25.0,2674080.0,2.67408,5475720.0,5.47572,43.0,2.0,538.0,12.5,241.0,5.6,49.0,1.1,38.0,0.9,14.0,0.3,1.0,0.0,24.0,0.6,77.0,171.0,0.45,31.0,76.0,0.408,46.0,95.0,0.484,0.541,56.0,70.0,0.8,11.1,0.597,17.7,1.0,0.09,-3.6,-0.2,377.8,11095.767634854772,2674080.0,90.12445401783043,0.373960390115479,141.28223538562796,243.0,353.0,193.0,-110.0,True,True,,Basketball Reference 2025-26 stats and 2025-26 listed salary
P0478,2025-26,Terry Rozier,MIA,,Unknown,Unknown,,26643031.0,26.643031,26643031.0,26.643031,,,,,,,,,,,,,,,,,,,,,,,,,,,,,,,,,,,,,0.0,,,,,0.0,,,,,False,False,,Basketball Reference 2025-26 stats and 2025-26 listed salary
P0479,2025-26,Thanasis Antetokounmpo,MIL,MIL,SF,Wing,33.0,2296274.0,2.296274,2296274.0,2.296274,34.0,0.0,148.0,4.4,47.0,1.4,30.0,0.9,15.0,0.4,13.0,0.4,6.0,0.2,10.0,0.3,15.0,32.0,0.469,0.0,4.0,0.0,15.0,28.0,0.536,0.469,17.0,30.0,0.567,14.0,0.52,16.5,0.2,0.076,-1.7,0.0,152.5,48856.89361702128,11481370.0,20.46794067258524,0.08709761988334146,66.41193516104785,,,,,False,True,,Basketball Reference 2025-26 stats and 2025-26 listed salary
P0480,2025-26,Thomas Bryant,CLE,CLE,C,Center,28.0,2296274.0,2.296274,2296274.0,2.296274,60.0,1.0,732.0,12.2,370.0,6.2,205.0,3.4,33.0,0.6,18.0,0.3,26.0,0.4,28.0,0.5,135.0,267.0,0.506,47.0,131.0,0.359,88.0,136.0,0.647,0.594,53.0,66.0,0.803,17.2,0.625,18.6,2.3,0.153,0.1,0.4,769.5,6206.145945945946,998380.0000000001,161.13059678418168,1.0016226286584267,335.10809250115625,254.0,295.0,96.0,-41.0,True,True,,Basketball Reference 2025-26 stats and 2025-26 listed salary
P0481,2025-26,Thomas Sorber,OKC,,Unknown,Unknown,,4655040.0,4.65504,9542760.0,9.54276,,,,,,,,,,,,,,,,,,,,,,,,,,,,,,,,,,,,,0.0,,,,,0.0,,,,,False,False,,Basketball Reference 2025-26 stats and 2025-26 listed salary
P0482,2025-26,Tidjane Salaün,CHO,CHO,PF,Forward,20.0,7863240.0,7.86324,16101120.0,16.10112,37.0,0.0,575.0,15.5,222.0,6.0,149.0,4.0,27.0,0.7,16.0,0.4,7.0,0.2,26.0,0.7,80.0,159.0,0.503,36.0,83.0,0.434,44.0,76.0,0.579,0.616,26.0,40.0,0.65,12.9,0.629,14.9,1.4,0.117,-0.8,0.2,484.29999999999995,35420.0,5616600.0,28.2326369282891,0.17804365630452584,61.59038767734419,150.0,340.0,309.0,-190.0,True,True,,Basketball Reference 2025-26 stats and 2025-26 listed salary
P0483,2025-26,Tim Hardaway Jr.,DEN,DEN,SG,Guard,33.0,2296274.0,2.296274,2296274.0,2.296274,80.0,6.0,2127.0,26.6,1079.0,13.5,206.0,2.6,108.0,1.4,42.0,0.5,10.0,0.1,43.0,0.5,348.0,779.0,0.447,224.0,550.0,0.407,124.0,229.0,0.541,0.591,159.0,196.0,0.811,13.5,0.624,18.5,4.4,0.1,-0.7,0.7,1601.2,2128.150139017609,521880.45454545453,469.89165927062714,1.916147637433512,697.3035447860317,254.0,131.0,25.0,123.0,True,True,6MOY-3,Basketball Reference 2025-26 stats and 2025-26 listed salary
P0484,2025-26,Tobias Harris,DET,DET,PF,Forward,33.0,26634146.0,26.634146,26634146.0,26.634146,63.0,63.0,1746.0,27.7,836.0,13.3,323.0,5.1,157.0,2.5,58.0,0.9,26.0,0.4,63.0,1.0,309.0,659.0,0.469,82.0,223.0,0.368,227.0,436.0,0.521,0.531,136.0,157.0,0.866,15.0,0.574,18.8,5.3,0.145,1.4,1.5,1648.1,31859.026315789473,5025310.566037736,31.38827879069222,0.19899267654386213,61.879213247535695,43.0,123.0,307.0,-80.0,True,True,,Basketball Reference 2025-26 stats and 2025-26 listed salary
P0485,2025-26,Tony Bradley,IND,2TM,C,Center,28.0,3204816.0,3.204816,3204816.0,3.204816,41.0,4.0,450.0,11.0,162.0,4.0,116.0,2.8,22.0,0.5,6.0,0.1,7.0,0.2,18.0,0.4,64.0,117.0,0.547,2.0,4.0,0.5,62.0,113.0,0.549,0.556,32.0,43.0,0.744,12.8,0.596,14.5,0.9,0.099,-4.2,-0.3,355.2,19782.814814814814,3560906.6666666665,50.548923869576285,0.28082735483097937,110.83319603995986,,,,,False,True,,Basketball Reference 2025-26 stats and 2025-26 listed salary
P0486,2025-26,Tony Bradley,IND,2TM,C,Center,28.0,3204816.0,3.204816,3204816.0,3.204816,41.0,4.0,450.0,11.0,162.0,4.0,116.0,2.8,22.0,0.5,6.0,0.1,7.0,0.2,18.0,0.4,64.0,117.0,0.547,2.0,4.0,0.5,62.0,113.0,0.549,0.556,32.0,43.0,0.744,12.8,0.596,14.5,0.9,0.099,-4.2,-0.3,355.2,19782.814814814814,3560906.6666666665,50.548923869576285,0.28082735483097937,110.83319603995986,,,,,False,True,,Basketball Reference 2025-26 stats and 2025-26 listed salary
P0487,2025-26,Tony Bradley,IND,2TM,C,Center,28.0,3204816.0,3.204816,3204816.0,3.204816,41.0,4.0,450.0,11.0,162.0,4.0,116.0,2.8,22.0,0.5,6.0,0.1,7.0,0.2,18.0,0.4,64.0,117.0,0.547,2.0,4.0,0.5,62.0,113.0,0.549,0.556,32.0,43.0,0.744,12.8,0.596,14.5,0.9,0.099,-4.2,-0.3,355.2,19782.814814814814,3560906.6666666665,50.548923869576285,0.28082735483097937,110.83319603995986,,,,,False,True,,Basketball Reference 2025-26 stats and 2025-26 listed salary
P0488,2025-26,Toumani Camara,POR,POR,PF,Forward,25.0,2221677.0,2.221677,83221677.0,83.221677,82.0,82.0,2731.0,33.3,1100.0,13.4,421.0,5.1,201.0,2.5,94.0,1.1,35.0,0.4,144.0,1.8,392.0,891.0,0.44,219.0,592.0,0.37,173.0,299.0,0.579,0.563,97.0,137.0,0.708,11.3,0.578,16.3,4.8,0.084,-1.0,0.7,2149.7,2019.7063636363637,462849.375,495.1214780546407,2.160530086056614,967.6024012491464,256.0,66.0,8.0,190.0,True,True,,Basketball Reference 2025-26 stats and 2025-26 listed salary
P0489,2025-26,Trae Young,WAS,2TM,PG,Guard,27.0,46394100.0,46.3941,46394100.0,46.3941,15.0,15.0,384.0,25.6,269.0,17.9,30.0,2.0,120.0,8.0,13.0,0.9,2.0,0.1,39.0,2.6,81.0,177.0,0.458,27.0,80.0,0.338,54.0,97.0,0.557,0.534,80.0,97.0,0.825,21.1,0.612,28.1,1.4,0.174,2.8,0.5,491.0,172468.77323420075,33138642.85714286,5.79815105800091,0.030176250859484284,10.583242265719132,,,,,False,True,,Basketball Reference 2025-26 stats and 2025-26 listed salary
P0490,2025-26,Trayce Jackson-Davis,TOR,2TM,C,Center,25.0,2221677.0,2.221677,,,53.0,1.0,496.0,9.4,181.0,3.4,145.0,2.7,39.0,0.7,17.0,0.3,24.0,0.5,22.0,0.4,71.0,124.0,0.573,1.0,1.0,1.0,70.0,123.0,0.569,0.577,38.0,74.0,0.514,16.6,0.578,15.3,1.4,0.138,-0.4,0.2,514.5,12274.45856353591,1586912.142857143,81.46998866171815,0.630154608433179,231.5818185991933,,,,,False,True,,Basketball Reference 2025-26 stats and 2025-26 listed salary
P0491,2025-26,Tre Johnson,WAS,WAS,SG,Guard,19.0,8237640.0,8.23764,16887240.0,16.88724,60.0,42.0,1443.0,24.1,733.0,12.2,170.0,2.8,122.0,2.0,33.0,0.6,18.0,0.3,93.0,1.6,271.0,647.0,0.419,115.0,321.0,0.358,156.0,326.0,0.479,0.508,76.0,87.0,0.874,10.6,0.535,22.5,-0.7,-0.024,-5.0,-1.1,1180.0,11238.25375170532,,88.9817957570372,-0.08497579403809828,143.2449099499371,146.0,211.0,191.0,-65.0,True,True,,Basketball Reference 2025-26 stats and 2025-26 listed salary
P0492,2025-26,Tre Jones,CHI,CHI,PG,Guard,26.0,8000000.0,8.0,16000000.0,16.0,65.0,41.0,1752.0,27.0,914.0,14.1,204.0,3.1,350.0,5.4,76.0,1.2,11.0,0.2,92.0,1.4,341.0,617.0,0.553,41.0,130.0,0.315,300.0,487.0,0.616,0.586,191.0,227.0,0.841,18.7,0.637,19.2,5.7,0.157,1.3,1.5,1852.8,8752.7352297593,1403508.7719298245,114.25,0.7125,231.6,148.0,92.0,135.0,56.0,True,True,,Basketball Reference 2025-26 stats and 2025-26 listed salary
P0493,2025-26,Tre Mann,CHO,CHO,PG,Guard,24.0,8000000.0,8.0,16000000.0,16.0,53.0,1.0,669.0,12.6,291.0,5.5,92.0,1.7,86.0,1.6,25.0,0.5,5.0,0.1,54.0,1.0,109.0,303.0,0.36,50.0,155.0,0.323,59.0,148.0,0.399,0.442,23.0,27.0,0.852,8.3,0.462,23.3,0.0,-0.003,-5.3,-0.5,566.4,27491.408934707903,,36.375,0.0,70.8,148.0,331.0,288.0,-183.0,True,True,,Basketball Reference 2025-26 stats and 2025-26 listed salary
P0494,2025-26,Tre Scott,BRK,BRK,PF,Forward,29.0,129503.0,0.129503,174503.0,0.174503,6.0,4.0,182.0,30.3,48.0,8.0,31.0,5.2,10.0,1.7,8.0,1.3,5.0,0.8,4.0,0.7,19.0,50.0,0.38,6.0,19.0,0.316,13.0,31.0,0.419,0.44,4.0,6.0,0.667,9.4,0.456,13.6,0.1,0.025,-5.3,-0.2,135.2,2697.9791666666665,1295030.0,370.6477842212149,0.7721828837941979,1043.9912588897553,,,,,False,True,,Basketball Reference 2025-26 stats and 2025-26 listed salary
P0495,2025-26,Tre Scott,BRK,BRK,PF,Forward,29.0,129503.0,0.129503,174503.0,0.174503,6.0,4.0,182.0,30.3,48.0,8.0,31.0,5.2,10.0,1.7,8.0,1.3,5.0,0.8,4.0,0.7,19.0,50.0,0.38,6.0,19.0,0.316,13.0,31.0,0.419,0.44,4.0,6.0,0.667,9.4,0.456,13.6,0.1,0.025,-5.3,-0.2,135.2,2697.9791666666665,1295030.0,370.6477842212149,0.7721828837941979,1043.9912588897553,,,,,False,True,,Basketball Reference 2025-26 stats and 2025-26 listed salary
P0496,2025-26,Tre Scott,BRK,BRK,PF,Forward,29.0,129503.0,0.129503,174503.0,0.174503,6.0,4.0,182.0,30.3,48.0,8.0,31.0,5.2,10.0,1.7,8.0,1.3,5.0,0.8,4.0,0.7,19.0,50.0,0.38,6.0,19.0,0.316,13.0,31.0,0.419,0.44,4.0,6.0,0.667,9.4,0.456,13.6,0.1,0.025,-5.3,-0.2,135.2,2697.9791666666665,1295030.0,370.6477842212149,0.7721828837941979,1043.9912588897553,,,,,False,True,,Basketball Reference 2025-26 stats and 2025-26 listed salary
P0497,2025-26,Trendon Watford,PHI,PHI,PF,Forward,25.0,2461463.0,2.461463,2461463.0,2.461463,53.0,7.0,864.0,16.3,346.0,6.5,175.0,3.3,132.0,2.5,16.0,0.3,22.0,0.4,64.0,1.2,138.0,268.0,0.515,10.0,50.0,0.2,128.0,218.0,0.587,0.534,60.0,77.0,0.779,13.1,0.573,17.9,1.4,0.078,-1.9,0.0,804.0,7114.054913294798,1758187.8571428573,140.5668092512461,0.5687674362767183,326.63501340462966,249.0,283.0,98.0,-34.0,True,True,,Basketball Reference 2025-26 stats and 2025-26 listed salary
P0498,2025-26,Trey Murphy III,NOP,NOP,SF,Wing,25.0,25000000.0,25.0,112000000.0,112.0,66.0,66.0,2341.0,35.5,1420.0,21.5,377.0,5.7,250.0,3.8,99.0,1.5,24.0,0.4,120.0,1.8,494.0,1050.0,0.47,214.0,565.0,0.379,280.0,485.0,0.577,0.572,218.0,246.0,0.886,18.3,0.613,22.7,6.0,0.123,2.4,2.6,2496.4,17605.6338028169,4166666.6666666665,56.8,0.24,99.85600000000001,48.0,39.0,232.0,9.0,True,True,,Basketball Reference 2025-26 stats and 2025-26 listed salary
P0499,2025-26,Tristan Da Silva,ORL,ORL,SF,Wing,24.0,3809520.0,3.80952,7800720.0,7.80072,77.0,34.0,1899.0,24.7,762.0,9.9,284.0,3.7,124.0,1.6,68.0,0.9,25.0,0.3,69.0,0.9,279.0,620.0,0.45,120.0,321.0,0.374,159.0,299.0,0.532,0.547,84.0,95.0,0.884,12.0,0.576,16.2,3.3,0.084,-0.6,0.7,1498.8,4999.370078740158,1154400.0,200.02520002520004,0.8662508662508662,393.4353934353934,215.0,148.0,74.0,67.0,True,True,,Basketball Reference 2025-26 stats and 2025-26 listed salary
P0500,2025-26,Ty Jerome,MEM,MEM,SG,Guard,28.0,8781000.0,8.781,18001050.0,18.00105,15.0,15.0,339.0,22.6,295.0,19.7,42.0,2.8,85.0,5.7,16.0,1.1,4.0,0.3,27.0,1.8,102.0,215.0,0.474,42.0,100.0,0.42,60.0,115.0,0.522,0.572,49.0,56.0,0.875,25.6,0.616,32.7,1.3,0.191,7.7,0.8,505.9,29766.101694915254,6754615.384615384,33.59526249857647,0.14804691948525225,57.6130281289147,,,,,False,True,,Basketball Reference 2025-26 stats and 2025-26 listed salary
P0501,2025-26,Tyler Herro,MIA,MIA,SG,Guard,26.0,31000000.0,31.0,64000000.0,64.0,33.0,28.0,1033.0,31.3,677.0,20.5,158.0,4.8,136.0,4.1,23.0,0.7,12.0,0.4,64.0,1.9,247.0,515.0,0.48,84.0,222.0,0.378,163.0,293.0,0.556,0.561,99.0,108.0,0.917,17.1,0.602,24.7,2.4,0.112,2.0,1.1,1111.6,45790.251107828655,12916666.666666668,21.838709677419356,0.07741935483870968,35.858064516129026,32.0,224.0,347.0,-192.0,True,True,,Basketball Reference 2025-26 stats and 2025-26 listed salary
P0502,2025-26,Tyler Kolek,NYK,NYK,PG,Guard,24.0,2191897.0,2.191897,4488168.0,4.488168,62.0,1.0,727.0,11.7,274.0,4.4,98.0,1.6,170.0,2.7,22.0,0.4,4.0,0.1,55.0,0.9,108.0,248.0,0.435,44.0,114.0,0.386,64.0,134.0,0.478,0.524,14.0,20.0,0.7,12.5,0.533,18.4,1.4,0.093,-0.6,0.3,669.6,7999.624087591241,1565640.7142857143,125.0058739073962,0.6387161440523893,305.4888071839142,257.0,313.0,105.0,-56.0,True,True,,Basketball Reference 2025-26 stats and 2025-26 listed salary
P0503,2025-26,Tyler Smith,MIL,DAL,PF,Forward,21.0,1955377.0,1.955377,1955377.0,1.955377,12.0,0.0,166.0,13.8,56.0,4.7,33.0,2.8,5.0,0.4,6.0,0.5,0.0,0.0,6.0,0.5,21.0,50.0,0.42,10.0,35.0,0.286,11.0,15.0,0.733,0.52,4.0,6.0,0.667,9.6,0.532,14.8,0.1,0.043,-4.8,-0.1,115.1,34917.44642857143,19553770.0,28.638978570372874,0.05114103316138014,58.863329168748535,,,,,False,True,,Basketball Reference 2025-26 stats and 2025-26 listed salary
P0504,2025-26,Tyrese Haliburton,IND,,Unknown,Unknown,,45550512.0,45.550512,202446720.0,202.44672,,,,,,,,,,,,,,,,,,,,,,,,,,,,,,,,,,,,,0.0,,,,,0.0,,,,,False,False,,Basketball Reference 2025-26 stats and 2025-26 listed salary
P0505,2025-26,Tyrese Martin,BRK,2TM,SG,Guard,26.0,2191897.0,2.191897,2191897.0,2.191897,46.0,6.0,777.0,16.9,290.0,6.3,116.0,2.5,78.0,1.7,25.0,0.5,6.0,0.1,40.0,0.9,109.0,277.0,0.394,53.0,165.0,0.321,56.0,112.0,0.5,0.489,19.0,28.0,0.679,10.3,0.501,18.4,0.1,0.006,-3.4,-0.3,599.2,7558.26551724138,21918970.0,132.30548698228066,0.04562258171802781,273.3705096544227,257.0,326.0,115.0,-69.0,True,True,,Basketball Reference 2025-26 stats and 2025-26 listed salary
P0506,2025-26,Tyrese Maxey,PHI,PHI,PG,Guard,25.0,37958760.0,37.95876,168705600.0,168.7056,70.0,70.0,2661.0,38.0,1980.0,28.3,290.0,4.1,461.0,6.6,130.0,1.9,55.0,0.8,171.0,2.4,694.0,1501.0,0.462,220.0,599.0,0.367,474.0,902.0,0.525,0.536,372.0,417.0,0.892,21.9,0.588,29.4,8.7,0.156,5.4,4.9,3403.5,19171.090909090908,4363075.862068966,52.161872516383575,0.22919610651138234,89.6630975300563,19.0,6.0,254.0,13.0,True,True,"CPOY-7,AS,NBA3",Basketball Reference 2025-26 stats and 2025-26 listed salary
P0507,2025-26,Tyrese Proctor,CLE,CLE,PG,Guard,21.0,1272870.0,1.27287,3423787.0,3.423787,50.0,1.0,545.0,10.9,272.0,5.4,64.0,1.3,74.0,1.5,25.0,0.5,0.0,0.0,40.0,0.8,93.0,225.0,0.413,46.0,131.0,0.351,47.0,94.0,0.5,0.516,40.0,45.0,0.889,12.2,0.556,22.0,0.7,0.066,-2.8,-0.1,494.79999999999995,4679.669117647059,1818385.7142857143,213.69032187104733,0.5499383283446071,388.7278355213022,262.0,337.0,77.0,-75.0,True,True,,Basketball Reference 2025-26 stats and 2025-26 listed salary
P0508,2025-26,Tyus Jones,DAL,3TM,PG,Guard,29.0,7000000.0,7.0,7000000.0,7.0,67.0,12.0,979.0,14.6,199.0,3.0,76.0,1.1,159.0,2.4,37.0,0.6,3.0,0.0,25.0,0.4,76.0,218.0,0.349,40.0,137.0,0.292,36.0,81.0,0.444,0.44,7.0,9.0,0.778,8.3,0.448,10.7,1.0,0.051,-2.4,-0.1,623.7,35175.87939698492,7000000.0,28.428571428571427,0.14285714285714285,89.10000000000001,161.0,325.0,256.0,-164.0,True,True,,Basketball Reference 2025-26 stats and 2025-26 listed salary
P0509,2025-26,VJ Edgecombe,PHI,PHI,SG,Guard,20.0,11108880.0,11.10888,22772760.0,22.77276,75.0,75.0,2623.0,35.0,1199.0,16.0,423.0,5.6,315.0,4.2,107.0,1.4,39.0,0.5,137.0,1.8,451.0,1030.0,0.438,149.0,421.0,0.354,302.0,609.0,0.496,0.51,148.0,181.0,0.818,14.0,0.54,20.1,4.4,0.081,-0.5,1.0,2480.1,9265.12093411176,2524745.454545454,107.93167267987413,0.3960795327701803,223.2538293689373,116.0,43.0,140.0,73.0,True,True,ROY-3,Basketball Reference 2025-26 stats and 2025-26 listed salary
P0510,2025-26,Vasilije Micić,MIL,,Unknown,Unknown,,666667.0,0.666667,2000001.0,2.000001,,,,,,,,,,,,,,,,,,,,,,,,,,,,,,,,,,,,,0.0,,,,,0.0,,,,,False,False,,Basketball Reference 2025-26 stats and 2025-26 listed salary
P0511,2025-26,Victor Wembanyama,SAS,SAS,C,Center,22.0,13376880.0,13.37688,30245126.0,30.245126,64.0,55.0,1866.0,29.2,1600.0,25.0,736.0,11.5,199.0,3.1,66.0,1.0,197.0,3.1,155.0,2.4,553.0,1080.0,0.512,122.0,350.0,0.349,431.0,730.0,0.59,0.569,372.0,450.0,0.827,29.9,0.626,32.4,10.0,0.257,10.7,6.0,3415.7,8360.55,1337688.0,119.6093558438141,0.7475584740238381,255.3435479723224,97.0,5.0,125.0,92.0,True,True,"MVP-3,DPOY-1,AS,NBA1,DEF1",Basketball Reference 2025-26 stats and 2025-26 listed salary
P0512,2025-26,Vince Williams Jr.,UTA,2TM,SG,Guard,25.0,2301587.0,2.301587,2301587.0,2.301587,40.0,12.0,820.0,20.5,300.0,7.5,155.0,3.9,166.0,4.2,29.0,0.7,16.0,0.4,70.0,1.8,103.0,292.0,0.353,55.0,177.0,0.311,48.0,115.0,0.417,0.447,39.0,50.0,0.78,10.7,0.478,19.5,0.1,0.008,-1.0,0.2,800.0,7671.956666666667,23015870.0,130.3448446658762,0.04344828155529207,347.5862524423365,253.0,285.0,88.0,-32.0,True,True,,Basketball Reference 2025-26 stats and 2025-26 listed salary
P0513,2025-26,Vít Krejčí,POR,2TM,PG,Guard,25.0,2349578.0,2.349578,,,65.0,8.0,1392.0,21.4,550.0,8.5,148.0,2.3,100.0,1.5,47.0,0.7,18.0,0.3,41.0,0.6,192.0,429.0,0.448,128.0,328.0,0.39,64.0,101.0,0.634,0.597,38.0,51.0,0.745,11.1,0.609,14.6,2.9,0.099,-1.6,0.1,1031.6,4271.96,810199.3103448276,234.08458880701127,1.2342641955278777,439.057566933296,252.0,244.0,66.0,8.0,True,True,,Basketball Reference 2025-26 stats and 2025-26 listed salary
P0514,2025-26,Walker Kessler,UTA,UTA,C,Center,24.0,4878938.0,4.878938,4878938.0,4.878938,5.0,5.0,154.0,30.8,72.0,14.4,54.0,10.8,15.0,3.0,7.0,1.4,9.0,1.8,16.0,3.2,26.0,37.0,0.703,6.0,8.0,0.75,20.0,29.0,0.69,0.784,14.0,20.0,0.7,20.6,0.786,16.5,0.5,0.148,3.3,0.2,191.3,67763.02777777778,9757876.0,14.757309889980156,0.10248131868041775,39.209352527127834,,,,,False,True,,Basketball Reference 2025-26 stats and 2025-26 listed salary
P0515,2025-26,Walter Clayton,MEM,2TM,PG,Guard,22.0,3991320.0,3.99132,8181840.0,8.18184,69.0,6.0,1410.0,20.4,538.0,7.8,139.0,2.0,279.0,4.0,44.0,0.6,19.0,0.3,116.0,1.7,177.0,461.0,0.384,75.0,244.0,0.307,102.0,217.0,0.47,0.465,109.0,121.0,0.901,10.3,0.523,18.5,0.3,0.009,-4.3,-0.8,1196.3,7418.810408921933,13304400.0,134.79249972440195,0.07516310393554013,299.7254041269555,211.0,206.0,106.0,5.0,True,True,,Basketball Reference 2025-26 stats and 2025-26 listed salary
P0516,2025-26,Wendell Carter Jr.,ORL,ORL,C,Center,26.0,10850000.0,10.85,48502160.0,48.50216,78.0,78.0,2288.0,29.3,922.0,11.8,577.0,7.4,154.0,2.0,60.0,0.8,49.0,0.6,100.0,1.3,326.0,637.0,0.512,72.0,226.0,0.319,254.0,411.0,0.618,0.568,198.0,250.0,0.792,14.1,0.617,15.6,6.2,0.131,-0.6,0.8,2072.4,11767.895878524945,1750000.0,84.97695852534562,0.5714285714285715,191.0046082949309,118.0,74.0,159.0,44.0,True,True,,Basketball Reference 2025-26 stats and 2025-26 listed salary
P0517,2025-26,Will Richard,GSW,GSW,SG,Guard,23.0,1272870.0,1.27287,3423787.0,3.423787,69.0,21.0,1377.0,20.0,441.0,6.4,172.0,2.5,93.0,1.3,80.0,1.2,9.0,0.1,53.0,0.8,162.0,346.0,0.468,71.0,212.0,0.335,91.0,134.0,0.679,0.571,46.0,54.0,0.852,11.0,0.596,13.0,2.5,0.089,-1.7,0.1,1000.9000000000001,2886.326530612245,509148.0,346.46114685710245,1.9640654583735968,786.3332469144533,262.0,251.0,21.0,11.0,True,True,,Basketball Reference 2025-26 stats and 2025-26 listed salary
P0518,2025-26,Will Riley,WAS,WAS,SF,Wing,19.0,3512520.0,3.51252,7200840.0,7.20084,74.0,18.0,1633.0,22.1,764.0,10.3,212.0,2.9,146.0,2.0,54.0,0.7,9.0,0.1,94.0,1.3,271.0,618.0,0.439,78.0,247.0,0.316,193.0,371.0,0.52,0.502,144.0,180.0,0.8,12.1,0.548,20.2,0.4,0.012,-4.5,-1.0,1332.4,4597.539267015707,8781300.0,217.50765831938324,0.11387835514103835,379.32880097479875,222.0,179.0,83.0,43.0,True,True,,Basketball Reference 2025-26 stats and 2025-26 listed salary
P0519,2025-26,Xavier Tillman Sr.,CHO,2TM,C,Center,27.0,2546675.0,2.546675,2546675.0,2.546675,30.0,1.0,183.0,6.1,44.0,1.5,43.0,1.4,13.0,0.4,9.0,0.3,5.0,0.2,8.0,0.3,20.0,46.0,0.435,3.0,18.0,0.167,17.0,28.0,0.607,0.467,1.0,4.0,0.25,11.0,0.461,13.1,0.3,0.077,-1.8,0.0,149.1,57878.97727272727,8488916.666666668,17.277430374900607,0.11780066164704958,58.54692883858364,,,,,False,True,,Basketball Reference 2025-26 stats and 2025-26 listed salary
P0520,2025-26,Yang Hansen,POR,POR,C,Center,20.0,4422360.0,4.42236,9065880.0,9.06588,43.0,1.0,300.0,7.0,95.0,2.2,66.0,1.5,22.0,0.5,3.0,0.1,10.0,0.2,32.0,0.7,31.0,100.0,0.31,5.0,42.0,0.119,26.0,58.0,0.448,0.335,28.0,34.0,0.824,3.7,0.413,19.9,-0.5,-0.075,-9.5,-0.6,214.2,46551.15789473684,,21.481742779873187,-0.11306180410459572,48.435676878408806,,,,,False,True,,Basketball Reference 2025-26 stats and 2025-26 listed salary
P0521,2025-26,Yanic Konan Niederhäuser,LAC,LAC,C,Center,22.0,2743800.0,2.7438,5624760.0,5.62476,41.0,0.0,424.0,10.3,176.0,4.3,117.0,2.9,12.0,0.3,5.0,0.1,30.0,0.7,23.0,0.6,64.0,100.0,0.64,1.0,5.0,0.2,63.0,95.0,0.663,0.645,47.0,62.0,0.758,16.4,0.691,15.7,1.3,0.152,-2.2,0.0,416.4,15589.772727272728,2110615.3846153845,64.14461695458853,0.47379546614184714,151.7603323857424,,,,,False,True,,Basketball Reference 2025-26 stats and 2025-26 listed salary
P0522,2025-26,Yves Missi,NOP,NOP,C,Center,21.0,3353040.0,3.35304,6865800.0,6.8658,66.0,14.0,1297.0,19.7,377.0,5.7,385.0,5.8,84.0,1.3,20.0,0.3,101.0,1.5,54.0,0.8,160.0,294.0,0.544,0.0,1.0,0.0,160.0,293.0,0.546,0.544,57.0,102.0,0.559,15.0,0.556,12.6,2.7,0.098,-1.7,0.1,1274.0,8894.005305039787,1241866.6666666665,112.43528260921433,0.8052394245222246,379.95371364493116,228.0,190.0,81.0,38.0,True,True,,Basketball Reference 2025-26 stats and 2025-26 listed salary
P0523,2025-26,Zaccharie Risacher,ATL,ATL,SF,Wing,20.0,13197720.0,13.19772,27023760.0,27.02376,67.0,46.0,1503.0,22.4,641.0,9.6,257.0,3.8,76.0,1.1,59.0,0.9,36.0,0.5,58.0,0.9,244.0,536.0,0.455,95.0,258.0,0.368,149.0,278.0,0.536,0.544,58.0,90.0,0.644,11.8,0.557,17.6,2.3,0.074,-2.5,-0.2,1290.4,20589.266770670827,5738139.130434783,48.56899525069482,0.1742725258605274,97.77446407409765,99.0,183.0,236.0,-84.0,True,True,,Basketball Reference 2025-26 stats and 2025-26 listed salary
P0524,2025-26,Zach Collins,CHI,CHI,C,Center,28.0,18080496.0,18.080496,18080496.0,18.080496,10.0,0.0,184.0,18.4,97.0,9.7,56.0,5.6,15.0,1.5,2.0,0.2,4.0,0.4,10.0,1.0,37.0,64.0,0.578,9.0,21.0,0.429,28.0,43.0,0.651,0.648,14.0,20.0,0.7,17.9,0.666,18.8,0.5,0.137,0.2,0.1,194.7,186396.86597938143,36160992.0,5.364897069195447,0.027654108604100242,10.768509890436633,,,,,False,True,,Basketball Reference 2025-26 stats and 2025-26 listed salary
P0525,2025-26,Zach Edey,MEM,MEM,C,Center,23.0,6045000.0,6.045,12377760.0,12.37776,11.0,11.0,284.0,25.8,150.0,13.6,122.0,11.1,12.0,1.1,7.0,0.6,21.0,1.9,26.0,2.4,62.0,98.0,0.633,1.0,5.0,0.2,61.0,93.0,0.656,0.638,25.0,32.0,0.781,20.7,0.669,20.2,0.8,0.134,0.5,0.2,372.4,40300.0,7556250.0,24.81389578163772,0.13234077750206782,61.60463192721257,,,,,False,True,,Basketball Reference 2025-26 stats and 2025-26 listed salary
P0526,2025-26,Zach LaVine,SAC,SAC,SG,Guard,30.0,47499660.0,47.49966,47499660.0,47.49966,39.0,37.0,1224.0,31.4,748.0,19.2,108.0,2.8,89.0,2.3,28.0,0.7,10.0,0.3,74.0,1.9,262.0,547.0,0.479,99.0,254.0,0.39,163.0,293.0,0.556,0.569,125.0,142.0,0.88,14.7,0.614,23.7,1.3,0.051,-1.5,0.2,1051.1,63502.2192513369,36538200.0,15.747481139865002,0.027368616954310834,22.128579446673932,9.0,238.0,360.0,-229.0,True,True,,Basketball Reference 2025-26 stats and 2025-26 listed salary
P0527,2025-26,Zeke Nnaji,DEN,DEN,PF,Forward,25.0,8177778.0,8.177778,15644445.0,15.644445,52.0,4.0,626.0,12.0,190.0,3.7,136.0,2.6,29.0,0.6,17.0,0.3,24.0,0.5,27.0,0.5,71.0,151.0,0.47,14.0,54.0,0.259,57.0,97.0,0.588,0.517,34.0,44.0,0.773,10.3,0.558,13.7,0.9,0.066,-3.5,-0.3,492.70000000000005,43040.936842105264,9086420.0,23.233695020823504,0.11005434483547977,60.24863966715654,147.0,339.0,314.0,-192.0,True,True,,Basketball Reference 2025-26 stats and 2025-26 listed salary
P0528,2025-26,Ziaire Williams,BRK,BRK,SF,Wing,24.0,6250000.0,6.25,6250000.0,6.25,56.0,13.0,1281.0,22.9,573.0,10.2,134.0,2.4,60.0,1.1,76.0,1.4,21.0,0.4,59.0,1.1,184.0,433.0,0.425,86.0,251.0,0.343,98.0,182.0,0.538,0.524,119.0,140.0,0.85,12.4,0.579,18.9,1.6,0.059,-1.7,0.1,1055.8,10907.504363001744,3906250.0,91.68,0.256,168.928,174.0,237.0,170.0,-63.0,True,True,,Basketball Reference 2025-26 stats and 2025-26 listed salary
P0529,2025-26,Zion Williamson,NOP,NOP,PF,Forward,25.0,39446090.0,39.44609,126499530.0,126.49953,62.0,55.0,1841.0,29.7,1302.0,21.0,353.0,5.7,199.0,3.2,60.0,1.0,34.0,0.5,126.0,2.0,484.0,807.0,0.6,1.0,4.0,0.25,483.0,803.0,0.601,0.6,333.0,465.0,0.716,22.6,0.644,25.7,6.1,0.159,2.9,2.3,2180.1,30296.53609831029,6466572.131147541,33.00707370489699,0.15464143594460186,55.26783516439779,14.0,63.0,324.0,-49.0,True,True,,Basketball Reference 2025-26 stats and 2025-26 listed salary
