PlayerSeasonKey,PlayerKey,PlayerKeyRaw,Season,SeasonEndYear,PlayerName,StatsTeam,Salary,SalaryMillions,Age,Position,PositionGroup,EstimatedWinShares,ProductionScore,ValueScore,PlayerValueTier,PredictedNextSeasonEstimatedWinShares,PredictedNextSeasonProductionScore,NextSeasonSalary,GuaranteedSalary,FutureSalaryTeam,PredictionSalaryBaseline,PredictionSalaryBaselineMillions,PredictedNextSeasonValueScore,PredictionTier
P00001-2026,P00001,a j lawson,2025-26,2026,A.J. Lawson,TOR,2270735.0,2.270735,,G,Unknown,0.6888000000000002,206.64000000000004,91.0013718025221,Insufficient Minutes / Context,1.2879696998258896,386.39090994776683,,,,2270735.0,2.270735,170.16116365307568,Projected Value Risk
P00002-2026,P00002,aj green,2025-26,2026,AJ Green,MIL,2301587.0,2.301587,,G,Unknown,4.4954,1348.6200000000001,585.9522147109799,Efficient Role Player,3.767709580780223,1130.3128742340673,,,,2301587.0,2.301587,491.10152005293185,Projected Neutral Value
P00004-2026,P00004,aj johnson,2025-26,2026,AJ Johnson,DAL,3090480.0,3.09048,,G,Unknown,1.0272,308.15999999999997,99.71266599363204,Insufficient Minutes / Context,1.252188641499789,375.6565924499369,,,,3090480.0,3.09048,121.55283077383996,Projected Value Risk
P00005-2026,P00005,aaron gordon,2025-26,2026,Aaron Gordon,DEN,22841455.0,22.841455,,F,Unknown,3.4572000000000003,1037.16,45.406914752146925,High-Cost Low-Return,4.733784829810032,1420.1354489430098,,,,22841455.0,22.841455,62.173598351900516,Projected Value Risk
P00007-2026,P00007,aaron holiday,2025-26,2026,Aaron Holiday,HOU,,,,G,Unknown,1.7955000000000003,538.6500000000001,,Salary Unavailable,1.8916943410164857,567.5083023049457,,,,,,,No Salary Baseline
P00008-2026,P00008,aaron nesmith,2025-26,2026,Aaron Nesmith,IND,11000000.0,11.0,,G,Unknown,3.5385,1061.55,96.50454545454545,Market Neutral,4.165534621290295,1249.660386387089,,,,11000000.0,11.0,113.60548967155354,Projected Value Risk
P00009-2026,P00009,aaron wiggins,2025-26,2026,Aaron Wiggins,OKC,10102802.0,10.102802,,G,Unknown,3.9801666666666664,1194.05,118.18998333333663,Market Neutral,3.701189425096374,1110.3568275289126,,,,10102802.0,10.102802,109.90582885113581,Projected Value Risk
P00011-2026,P00011,ace bailey,2025-26,2026,Ace Bailey,UTA,9069840.0,9.06984,,G,Unknown,5.889600000000001,1766.88,194.8082876875447,Market Neutral,5.202285840866066,1560.6857522598211,,,,9069840.0,9.06984,172.0742319886372,Projected Value Risk
P00013-2026,P00013,adama bal,2025-26,2026,Adama Bal,MEM,,,,G,Unknown,0.5472,164.16,,Salary Unavailable,2.454197331172944,736.2591993518831,,,,,,,No Salary Baseline
P00015-2026,P00015,adem bona,2025-26,2026,Adem Bona,PHI,1955377.0,1.955377,,C,Center,3.4813666666666667,1044.41,534.1220644407703,Efficient Role Player,2.9948930979438786,898.4679293831637,,,,1955377.0,1.955377,459.4857817102092,Projected Neutral Value
P00017-2026,P00017,adou thiero,2025-26,2026,Adou Thiero,LAL,1272870.0,1.27287,,F,Unknown,0.385,115.5,90.73982417686017,Insufficient Minutes / Context,0.7813245475544724,234.39736426634178,,,,1272870.0,1.27287,184.1487066757342,Projected Value Risk
P00019-2026,P00019,ajay mitchell,2025-26,2026,Ajay Mitchell,OKC,3000000.0,3.0,,G,Unknown,4.9514000000000005,1485.42,495.14000000000004,Efficient Role Player,4.87000381551195,1461.001144653586,,,,3000000.0,3.0,487.0003815511953,Projected Neutral Value
P00020-2026,P00020,al horford,2025-26,2026,Al Horford,GSW,5685000.0,5.685,,C,Center,3.3870000000000005,1016.1000000000001,178.73350923482855,Market Neutral,3.6559829843082032,1096.7948952924612,,,,5685000.0,5.685,192.92786196877069,Projected Value Risk
P00024-2026,P00024,alex antetokounmpo,2025-26,2026,Alex Antetokounmpo,MIL,,,,F,Unknown,0.10200000000000002,30.600000000000005,,Salary Unavailable,0.6779736017313182,203.39208051939517,,,,,,,No Salary Baseline
P00025-2026,P00025,alex caruso,2025-26,2026,Alex Caruso,OKC,18102000.0,18.102,,G,Unknown,3.072533333333333,921.7599999999999,50.92034029389017,High-Cost Low-Return,2.9432753365977735,882.9826009793323,,,,18102000.0,18.102,48.77817926081827,Projected Value Risk
P00029-2026,P00029,alex morales,2025-26,2026,Alex Morales,ORL,,,,G,Unknown,0.04613333333333333,13.84,,Salary Unavailable,0.33877443286834397,101.63232986050308,,,,,,,No Salary Baseline
P00031-2026,P00031,alex sarr,2025-26,2026,Alex Sarr,WAS,11808240.0,11.80824,,C,Center,5.748800000000001,1724.6400000000003,146.05394199304897,Market Neutral,6.234331545925965,1870.2994637777895,,,,11808240.0,11.80824,158.38935046863796,Projected Value Risk
P00033-2026,P00033,alijah martin,2025-26,2026,Alijah Martin,TOR,,,,G,Unknown,0.40096666666666664,120.28999999999999,,Salary Unavailable,0.7940295162444838,238.20885487334542,,,,,,,No Salary Baseline
P00035-2026,P00035,alondes williams,2025-26,2026,Alondes Williams,WAS,,,,G,Unknown,0.3541333333333333,106.24,,Salary Unavailable,2.887264007832295,866.1792023496877,,,,,,,No Salary Baseline
P00036-2026,P00036,alperen sengun,2025-26,2026,Alperen Sengun,HOU,33944954.0,33.944954,,C,Center,10.579199999999998,3173.7599999999998,93.49725440782744,Expensive but Worth It,8.917754133841742,2675.326240152524,,,,33944954.0,33.944954,78.81366521081524,Projected Value Risk
P00038-2026,P00038,amari williams,2025-26,2026,Amari Williams,BOS,490128.0,0.490128,,F,Unknown,0.41139999999999993,123.41999999999999,251.81177161884239,Insufficient Minutes / Context,0.7492498866596919,224.77496599790717,,,,490128.0,0.490128,458.60462164558476,Projected Neutral Value
P00039-2026,P00039,amen thompson,2025-26,2026,Amen Thompson,HOU,9690600.0,9.6906,,G,Unknown,10.4043,3121.2899999999995,322.0946071450684,Bargain Star,8.273925515611426,2482.177654683429,,,,9690600.0,9.6906,256.14282445704384,Projected Neutral Value
P00040-2026,P00040,amir coffey,2025-26,2026,Amir Coffey,PHO,2296274.0,2.296274,,G,Unknown,0.9568000000000001,287.04,125.00250405657165,Insufficient Minutes / Context,1.193080865190746,357.9242595572238,,,,2296274.0,2.296274,155.87175552970763,Projected Value Risk
P00041-2026,P00041,andersson garcia,2025-26,2026,Andersson Garcia,UTA,,,,G,Unknown,0.42133333333333334,126.4,,Salary Unavailable,2.4664468315357158,739.9340494607146,,,,,,,No Salary Baseline
P00042-2026,P00042,andre drummond,2025-26,2026,Andre Drummond,PHI,5000000.0,5.0,,C,Center,4.542300000000001,1362.6900000000003,272.53800000000007,Market Neutral,4.050728070875896,1215.2184212627687,,,,5000000.0,5.0,243.04368425255376,Projected Value Risk
P00044-2026,P00044,andre jackson jr,2025-26,2026,Andre Jackson Jr.,MIL,2221677.0,2.221677,,G,Unknown,1.0319999999999998,309.59999999999997,139.35419055065157,Insufficient Minutes / Context,1.2681079711561796,380.4323913468536,,,,2221677.0,2.221677,171.23658900319603,Projected Value Risk
P00045-2026,P00045,andrew nembhard,2025-26,2026,Andrew Nembhard,IND,18102000.0,18.102,,G,Unknown,6.157900000000001,1847.3700000000001,102.05336426914154,Market Neutral,5.991962550072367,1797.5887650217105,,,,18102000.0,18.102,99.30332366709261,Projected Value Risk
P00046-2026,P00046,andrew wiggins,2025-26,2026,Andrew Wiggins,MIA,28223214.0,28.223214,,F,Unknown,6.802266666666668,2040.6800000000003,72.3050181315282,High-Cost Low-Return,6.037490082338444,1811.2470247015337,,,,28223214.0,28.223214,64.17578893394402,Projected Value Risk
P00047-2026,P00047,anfernee simons,2025-26,2026,Anfernee Simons,CHI,27678571.0,27.678571,,G,Unknown,3.941666666666667,1182.5,42.722581306672225,High-Cost Low-Return,4.186560651952483,1255.968195585744,,,,27678571.0,27.678571,45.376916156030745,Projected Value Risk
P00048-2026,P00048,anthony black,2025-26,2026,Anthony Black,ORL,7970280.0,7.97028,,G,Unknown,6.252799999999999,1875.8399999999997,235.35434137822006,Market Neutral,5.739244821091203,1721.7734463273628,,,,7970280.0,7.97028,216.0242107337964,Projected Value Risk
P00049-2026,P00049,anthony davis,2025-26,2026,Anthony Davis,DAL,54126450.0,54.12645,,F,Unknown,2.948,884.4,16.33951607762933,High-Cost Low-Return,6.040897596651701,1812.2692789955092,,,,54126450.0,54.12645,33.48213819667666,Projected Value Risk
P00050-2026,P00050,anthony edwards,2025-26,2026,Anthony Edwards,MIN,45550512.0,45.550512,,G,Unknown,8.956833333333334,2687.05,58.990555364119736,Expensive but Worth It,8.853647390420551,2656.0942171261654,,,,45550512.0,45.550512,58.310962939915264,Projected Value Risk
P00051-2026,P00051,anthony gill,2025-26,2026,Anthony Gill,WAS,2546675.0,2.546675,,F,Unknown,2.4804999999999997,744.15,292.2045412155065,Market Neutral,2.5017468272820693,750.5240481846204,,,,2546675.0,2.546675,294.7074315272347,Projected Neutral Value
P00054-2026,P00054,antonio reeves,2025-26,2026,Antonio Reeves,CHO,1955377.0,1.955377,,G,Unknown,0.14366666666666666,43.1,22.041785292554838,Insufficient Minutes / Context,0.8457974371588057,253.73923114764145,,,,1955377.0,1.955377,129.7648643446463,Projected Value Risk
P00055-2026,P00055,ariel hukporti,2025-26,2026,Ariel Hukporti,NYK,1955377.0,1.955377,,C,Center,1.4274,428.22,218.99613220366203,Insufficient Minutes / Context,1.4848219801318525,445.4465940395551,,,,1955377.0,1.955377,227.80599037400722,Projected Value Risk
P00058-2026,P00058,asa newell,2025-26,2026,Asa Newell,ATL,3237480.0,3.23748,,F,Unknown,1.5165333333333335,454.96000000000004,140.52905346133414,Market Neutral,1.9236279170909196,577.0883751272759,,,,3237480.0,3.23748,178.2523367332851,Projected Value Risk
P00060-2026,P00060,ausar thompson,2025-26,2026,Ausar Thompson,DET,8775000.0,8.775,,G,Unknown,6.956900000000001,2087.07,237.84273504273506,Market Neutral,5.6831548983741245,1704.946469512238,,,,8775000.0,8.775,194.2958939615086,Projected Value Risk
P00061-2026,P00061,austin reaves,2025-26,2026,Austin Reaves,LAL,13937574.0,13.937574,,G,Unknown,6.5773,1973.19,141.57341873126558,Market Neutral,7.084764922310297,2125.4294766930902,,,,13937574.0,13.937574,152.49637251741876,Projected Value Risk
P00064-2026,P00064,ayo dosunmu,2025-26,2026,Ayo Dosunmu,MIN,7518519.0,7.518519,,G,Unknown,6.0214,1806.42,240.2627432344056,Market Neutral,5.376796346307669,1613.0389038923015,,,,7518519.0,7.518519,214.54210648297908,Projected Value Risk
P00066-2026,P00066,bam adebayo,2025-26,2026,Bam Adebayo,MIA,37096620.0,37.09662,,C,Center,9.976666666666667,2993.0,80.68120491839957,Expensive but Worth It,8.458448604249867,2537.5345812749606,,,,37096620.0,37.09662,68.40339042411304,Projected Value Risk
P00067-2026,P00067,baylor scheierman,2025-26,2026,Baylor Scheierman,BOS,2619000.0,2.619,,G,Unknown,3.3751666666666664,1012.55,386.61702940053453,Efficient Role Player,2.759301188510213,827.7903565530642,,,,2619000.0,2.619,316.0711556139993,Projected Neutral Value
P00069-2026,P00069,ben saraf,2025-26,2026,Ben Saraf,BRK,2884560.0,2.88456,,G,Unknown,2.3422666666666667,702.6800000000001,243.6004104612142,Market Neutral,2.6723877770345155,801.7163331103546,,,,2884560.0,2.88456,277.93366513796025,Projected Neutral Value
P00070-2026,P00070,ben sheppard,2025-26,2026,Ben Sheppard,IND,2790720.0,2.79072,,G,Unknown,3.2283333333333335,968.5,347.0430569888774,Market Neutral,2.973961255718167,892.1883767154507,,,,2790720.0,2.79072,319.6982774034839,Projected Neutral Value
P00072-2026,P00072,bennedict mathurin,2025-26,2026,Bennedict Mathurin,LAC,9187573.0,9.187573,,G,Unknown,5.126400000000001,1537.9200000000003,167.39132304037207,Market Neutral,5.413926526954483,1624.1779580863442,,,,9187573.0,9.187573,176.7798697312494,Projected Value Risk
P00073-2026,P00073,bez mbeng,2025-26,2026,Bez Mbeng,UTA,,,,G,Unknown,1.2554999999999998,376.65,,Salary Unavailable,2.961374345043577,888.4123035130733,,,,,,,No Salary Baseline
P00074-2026,P00074,bilal coulibaly,2025-26,2026,Bilal Coulibaly,WAS,7275600.0,7.2756,,G,Unknown,4.901866666666667,1470.56,202.1221617461103,Market Neutral,4.787806128841973,1436.3418386525925,,,,7275600.0,7.2756,197.41902230092262,Projected Value Risk
P00075-2026,P00075,bismack biyombo,2025-26,2026,Bismack Biyombo,SAS,2296274.0,2.296274,,C,Center,0.25,75.0,32.661607456253044,Insufficient Minutes / Context,0.44543318765032336,133.62995629509683,,,,2296274.0,2.296274,58.19425569208938,Projected Value Risk
P00077-2026,P00077,blake hinson,2025-26,2026,Blake Hinson,UTA,,,,F,Unknown,0.8180666666666666,245.42,,Salary Unavailable,2.522524510044786,756.7573530134357,,,,,,,No Salary Baseline
P00078-2026,P00078,blake wesley,2025-26,2026,Blake Wesley,POR,4726328.0,4.726328,,G,Unknown,1.0808666666666666,324.26,68.60717241799554,Insufficient Minutes / Context,1.7032518834958232,510.9755650487469,,,,4726328.0,4.726328,108.11259079961165,Projected Value Risk
P00080-2026,P00080,bobby portis,2025-26,2026,Bobby Portis,MIL,13580247.0,13.580247,,F,Unknown,5.6235333333333335,1687.06,124.22896284581569,Market Neutral,5.195744032973126,1558.7232098919378,,,,13580247.0,13.580247,114.77870836163274,Projected Value Risk
P00081-2026,P00081,bobi klintman,2025-26,2026,Bobi Klintman,DET,1955377.0,1.955377,,F,Unknown,0.1948,58.44,29.88681977951055,Insufficient Minutes / Context,0.8933973010022647,268.01919030067967,,,,1955377.0,1.955377,137.06778299053312,Projected Value Risk
P00082-2026,P00082,bogdan bogdanovic,2025-26,2026,Bogdan Bogdanovic,LAC,16020000.0,16.02,,G,Unknown,1.0825333333333333,324.76,20.27215980024969,Insufficient Minutes / Context,2.033191590139696,609.9574770419094,,,,16020000.0,16.02,38.07474887902057,Projected Value Risk
P00085-2026,P00085,bones hyland,2025-26,2026,Bones Hyland,MIN,2296274.0,2.296274,,G,Unknown,3.7771999999999997,1133.1599999999999,493.4776947350359,Efficient Role Player,3.389616728092498,1016.8850184277497,,,,2296274.0,2.296274,442.8413240004241,Projected Neutral Value
P00087-2026,P00087,bradley beal,2025-26,2026,Bradley Beal,LAC,5354000.0,5.354,,G,Unknown,0.23419999999999996,70.25999999999999,13.1228987672768,Insufficient Minutes / Context,1.580311621073084,474.0934863219255,,,,5354000.0,5.354,88.54939976128605,Projected Value Risk
P00088-2026,P00088,branden carlson,2025-26,2026,Branden Carlson,OKC,,,,C,Center,1.7429999999999999,522.9,,Salary Unavailable,2.2234742907413296,667.0422872223982,,,,,,,No Salary Baseline
P00089-2026,P00089,brandin podziemski,2025-26,2026,Brandin Podziemski,GSW,3687960.0,3.68796,,G,Unknown,7.590466666666666,2277.14,617.4524669464962,Bargain Star,6.051332458888923,1815.399737666677,,,,3687960.0,3.68796,492.2503871155536,Projected Neutral Value
P00091-2026,P00091,brandon clarke,2025-26,2026,Brandon Clarke,MEM,12500000.0,12.5,,F,Unknown,0.07566666666666666,22.7,1.8159999999999998,Insufficient Minutes / Context,1.2994604491514201,389.8381347454261,,,,12500000.0,12.5,31.187050779634088,Projected Value Risk
P00093-2026,P00093,brandon ingram,2025-26,2026,Brandon Ingram,TOR,38095238.0,38.095238,,F,Unknown,9.206633333333333,2761.99,72.50223768125558,Expensive but Worth It,7.8151860469720384,2344.5558140916123,,,,38095238.0,38.095238,61.544590273766296,Projected Value Risk
P00095-2026,P00095,brandon miller,2025-26,2026,Brandon Miller,CHO,11968800.0,11.9688,,F,Unknown,7.286499999999999,2185.95,182.63735712853418,Market Neutral,6.803441602069873,2041.032480620963,,,,11968800.0,11.9688,170.52941653473724,Projected Value Risk
P00096-2026,P00096,brandon williams,2025-26,2026,Brandon Williams,DAL,2270735.0,2.270735,,G,Unknown,5.2866,1585.98,698.4434555331203,Efficient Role Player,4.857045166958151,1457.1135500874461,,,,2270735.0,2.270735,641.692469657378,Projected Positive Value
P00098-2026,P00098,brice sensabaugh,2025-26,2026,Brice Sensabaugh,UTA,2693760.0,2.69376,,F,Unknown,5.6175,1685.25,625.612526728439,Efficient Role Player,5.009424650791268,1502.8273952373804,,,,2693760.0,2.69376,557.8920895838457,Projected Positive Value
P00100-2026,P00100,bronny james,2025-26,2026,Bronny James,LAL,1955377.0,1.955377,,G,Unknown,0.9100000000000001,273.00000000000006,139.6150205305678,Insufficient Minutes / Context,1.1329352195041693,339.88056585125065,,,,1955377.0,1.955377,173.81843289107454,Projected Value Risk
P00101-2026,P00101,brook lopez,2025-26,2026,Brook Lopez,LAC,8750000.0,8.75,,C,Center,4.8425,1452.75,166.02857142857144,Market Neutral,4.071988931491958,1221.5966794475876,,,,8750000.0,8.75,139.6110490797243,Projected Value Risk
P00102-2026,P00102,brooks barnhizer,2025-26,2026,Brooks Barnhizer,OKC,,,,F,Unknown,0.7866666666666666,236.0,,Salary Unavailable,1.0299990863785768,308.9997259135731,,,,,,,No Salary Baseline
P00103-2026,P00103,bruce brown,2025-26,2026,Bruce Brown,DEN,2296274.0,2.296274,,G,Unknown,4.982866666666666,1494.86,650.993740294059,Efficient Role Player,3.9617339010035066,1188.5201703010525,,,,2296274.0,2.296274,517.5863900828266,Projected Positive Value
P00105-2026,P00105,bryce mcgowens,2025-26,2026,Bryce McGowens,NOP,724598.0,0.724598,,G,Unknown,2.0818000000000003,624.5400000000001,861.9123983229323,Efficient Role Player,2.567720442482734,770.3161327448206,,,,724598.0,0.724598,1063.094478241481,Projected Bargain
P00107-2026,P00107,bub carrington,2025-26,2026,Bub Carrington,WAS,4677600.0,4.6776,,G,Unknown,5.9532,1785.96,381.8111852231914,Efficient Role Player,4.7460801591424255,1423.8240477427287,,,,4677600.0,4.6776,304.3920061020029,Projected Neutral Value
P00108-2026,P00108,buddy boeheim,2025-26,2026,Buddy Boeheim,OKC,,,,F,Unknown,0.02,6.0,,Salary Unavailable,0.490976848292321,147.2930544876963,,,,,,,No Salary Baseline
P00109-2026,P00109,buddy hield,2025-26,2026,Buddy Hield,GSW,9219512.0,9.219512,,G,Unknown,2.4751999999999996,742.56,80.54222392681955,Market Neutral,2.6800767426344705,804.0230227903412,,,,9219512.0,9.219512,87.20884823300206,Projected Value Risk
P00111-2026,P00111,cj huntley,2025-26,2026,CJ Huntley,PHO,,,,F,Unknown,0.08280000000000001,24.840000000000003,,Salary Unavailable,0.9906737869722968,297.20213609168894,,,,,,,No Salary Baseline
P00112-2026,P00112,cj mccollum,2025-26,2026,CJ McCollum,WAS,30666666.0,30.666666,,G,Unknown,7.754533333333334,2326.36,75.85956686651232,Expensive but Worth It,6.6873584639637835,2006.2075391891353,,,,30666666.0,30.666666,65.41981248268512,Projected Value Risk
P00113-2026,P00113,cade cunningham,2025-26,2026,Cade Cunningham,DET,46394100.0,46.3941,,G,Unknown,10.293333333333331,3087.9999999999995,66.56018761006247,Expensive but Worth It,9.267523356593811,2780.257006978144,,,,46394100.0,46.3941,59.926952068865305,Projected Value Risk
P00114-2026,P00114,caleb houstan,2025-26,2026,Caleb Houstan,ATL,699440.0,0.69944,,G,Unknown,0.22320000000000004,66.96000000000001,95.73372984101569,Insufficient Minutes / Context,0.4497611482539109,134.92834447617304,,,,699440.0,0.69944,192.9091051071901,Projected Value Risk
P00115-2026,P00115,caleb love,2025-26,2026,Caleb Love,POR,,,,G,Unknown,2.8926333333333334,867.79,,Salary Unavailable,3.287796310489696,986.3388931469091,,,,,,,No Salary Baseline
P00116-2026,P00116,caleb martin,2025-26,2026,Caleb Martin,DAL,9594044.0,9.594044,,F,Unknown,2.1846666666666668,655.4,68.3132159910878,Market Neutral,2.169083983387896,650.7251950163691,,,,9594044.0,9.594044,67.82595483368317,Projected Value Risk
P00117-2026,P00117,cam christie,2025-26,2026,Cam Christie,LAC,1955377.0,1.955377,,G,Unknown,1.133,339.9,173.82837171553106,Insufficient Minutes / Context,1.2851363057380991,385.54089172142943,,,,1955377.0,1.955377,197.1695952859369,Projected Value Risk
P00120-2026,P00120,cam spencer,2025-26,2026,Cam Spencer,MEM,2537989.0,2.537989,,G,Unknown,5.736000000000001,1720.8000000000002,678.0171230056553,Efficient Role Player,4.787711421639889,1436.3134264919665,,,,2537989.0,2.537989,565.9257886822861,Projected Positive Value
P00121-2026,P00121,cam thomas,2025-26,2026,Cam Thomas,BRK,844607.0,0.844607,,G,Unknown,2.5956,778.6800000000001,921.9435784927192,Efficient Role Player,3.4300326427752537,1029.009792832576,,,,844607.0,0.844607,1218.329699887138,Projected Bargain
P00122-2026,P00122,cam whitmore,2025-26,2026,Cam Whitmore,WAS,3539760.0,3.53976,,F,Unknown,1.1207,336.21,94.98101566207879,Insufficient Minutes / Context,2.3770898506936273,713.1269552080878,,,,3539760.0,3.53976,201.46195086901028,Projected Value Risk
P00123-2026,P00123,cameron johnson,2025-26,2026,Cameron Johnson,DEN,21057065.0,21.057065,,F,Unknown,4.096800000000001,1229.0400000000002,58.36710861651422,High-Cost Low-Return,4.174643075895696,1252.392922768709,,,,21057065.0,21.057065,59.47613890011305,Projected Value Risk
P00125-2026,P00125,cameron payne,2025-26,2026,Cameron Payne,PHI,712637.0,0.712637,,PG,Guard,1.2760000000000002,382.80000000000007,537.1598724175142,Insufficient Minutes / Context,2.3340487002947765,700.2146100884332,,,,712637.0,0.712637,982.5684185474979,Projected Bargain
P00126-2026,P00126,caris levert,2025-26,2026,Caris LeVert,DET,14104000.0,14.104,,G,Unknown,3.45,1035.0,73.38343732274532,Market Neutral,3.2860995669062927,985.8298700718883,,,,14104000.0,14.104,69.89718307373003,Projected Value Risk
P00130-2026,P00130,carter bryant,2025-26,2026,Carter Bryant,SAS,4900320.0,4.90032,,F,Unknown,2.1891666666666665,656.75,134.02185979691123,Market Neutral,2.0685759747740944,620.5727924322281,,,,4900320.0,4.90032,126.63923834203239,Projected Value Risk
P00131-2026,P00131,cason wallace,2025-26,2026,Cason Wallace,OKC,5820240.0,5.82024,,G,Unknown,5.703133333333333,1710.9399999999998,293.9638227976853,Market Neutral,4.522163577169877,1356.6490731509639,,,,5820240.0,5.82024,233.09160329315696,Projected Value Risk
P00135-2026,P00135,cedric coward,2025-26,2026,Cedric Coward,MEM,5715120.0,5.71512,,F,Unknown,5.4105333333333325,1623.1599999999999,284.0115343159899,Market Neutral,5.097598617930109,1529.279585379034,,,,5715120.0,5.71512,267.58486005176337,Projected Neutral Value
P00138-2026,P00138,chaney johnson,2025-26,2026,Chaney Johnson,BRK,,,,F,Unknown,1.1259666666666666,337.78999999999996,,Salary Unavailable,2.538007365915686,761.4022097747059,,,,,,,No Salary Baseline
P00139-2026,P00139,charles bassey,2025-26,2026,Charles Bassey,PHI,,,,C,Center,0.6339666666666667,190.19,,Salary Unavailable,1.826305356544825,547.8916069634471,,,,,,,No Salary Baseline
P00142-2026,P00142,chaz lanier,2025-26,2026,Chaz Lanier,DET,1372870.0,1.37287,,G,Unknown,0.5088666666666667,152.66,111.19770990698318,Insufficient Minutes / Context,0.7983922016154837,239.51766048464515,,,,1372870.0,1.37287,174.46492419868244,Projected Value Risk
P00144-2026,P00144,chet holmgren,2025-26,2026,Chet Holmgren,OKC,13731368.0,13.731368,,C,Center,8.332899999999999,2499.8699999999994,182.05542230023983,Market Neutral,7.2812596535955825,2184.3778960786753,,,,13731368.0,13.731368,159.07940826279474,Projected Value Risk
P00147-2026,P00147,chris boucher,2025-26,2026,Chris Boucher,BOS,2296274.0,2.296274,,F,Unknown,0.2775,83.25,36.25438427644088,Insufficient Minutes / Context,1.0341026909196684,310.2308072759006,,,,2296274.0,2.296274,135.10182464109275,Projected Value Risk
P00150-2026,P00150,chris livingston,2025-26,2026,Chris Livingston,CLE,,,,F,Unknown,0.055499999999999994,16.65,,Salary Unavailable,0.5734047290747173,172.02141872241504,,,,,,,No Salary Baseline
P00151-2026,P00151,chris manon,2025-26,2026,Chris Manon,LAL,,,,G,Unknown,0.1461,43.83,,Salary Unavailable,0.544543097483535,163.36292924506043,,,,,,,No Salary Baseline
P00152-2026,P00152,chris paul,2025-26,2026,Chris Paul,LAC,2296274.0,2.296274,,G,Unknown,0.5925333333333334,177.76,77.41236455231387,Insufficient Minutes / Context,1.3885255921123156,416.5576776336948,,,,2296274.0,2.296274,181.40591133013518,Projected Value Risk
P00154-2026,P00154,chris youngblood,2025-26,2026,Chris Youngblood,OKC,,,,G,Unknown,0.47146666666666665,141.44,,Salary Unavailable,0.7248238134350266,217.4471440305076,,,,,,,No Salary Baseline
P00155-2026,P00155,christian braun,2025-26,2026,Christian Braun,DEN,4921797.0,4.921797,,G,Unknown,3.492133333333333,1047.6399999999999,212.85721454988897,Market Neutral,4.023852283038055,1207.1556849114168,,,,4921797.0,4.921797,245.26726415401058,Projected Value Risk
P00156-2026,P00156,christian koloko,2025-26,2026,Christian Koloko,MEM,,,,C,Center,0.9855000000000002,295.65000000000003,,Salary Unavailable,1.5335479957429903,460.0643987228969,,,,,,,No Salary Baseline
P00159-2026,P00159,clint capela,2025-26,2026,Clint Capela,HOU,6700000.0,6.7,,C,Center,3.4425,1032.75,154.1417910447761,Market Neutral,2.9512749025414085,885.382470762422,,,,6700000.0,6.7,132.14663742722718,Projected Value Risk
P00160-2026,P00160,coby white,2025-26,2026,Coby White,CHO,12888889.0,12.888889,,G,Unknown,4.446666666666666,1334.0,103.49999910775863,Market Neutral,5.008546598191194,1502.5639794573576,,,,12888889.0,12.888889,116.57823878049982,Projected Value Risk
P00161-2026,P00161,cody martin,2025-26,2026,Cody Martin,IND,8680000.0,8.68,,SF,Wing,0.13666666666666666,41.0,4.723502304147465,Insufficient Minutes / Context,1.0921715628194297,327.65146884582924,,,,8680000.0,8.68,37.747865074404295,Projected Value Risk
P00162-2026,P00162,cody williams,2025-26,2026,Cody Williams,UTA,5742480.0,5.74248,,F,Unknown,3.9976666666666665,1199.3,208.8470486619022,Market Neutral,3.6298354908640196,1088.950647259206,,,,5742480.0,5.74248,189.63072527186966,Projected Value Risk
P00164-2026,P00164,colby jones,2025-26,2026,Colby Jones,DET,2221677.0,2.221677,,G,Unknown,0.03266666666666667,9.8,4.411082259032254,Insufficient Minutes / Context,1.2031128632277617,360.9338589683289,,,,2221677.0,2.221677,162.46009612033112,Projected Value Risk
P00165-2026,P00165,cole anthony,2025-26,2026,Cole Anthony,MIL,2296274.0,2.296274,,G,Unknown,1.8375,551.25,240.06281480345987,Market Neutral,2.4955628928673486,748.6688678602046,,,,2296274.0,2.296274,326.03638235689846,Projected Neutral Value
P00167-2026,P00167,colin castleton,2025-26,2026,Colin Castleton,ORL,2191897.0,2.191897,,C,Center,0.060666666666666674,18.200000000000003,8.303309872681062,Insufficient Minutes / Context,0.40813410469169886,122.44023140750942,,,,2191897.0,2.191897,55.86039462963333,Projected Value Risk
P00168-2026,P00168,collin gillespie,2025-26,2026,Collin Gillespie,PHO,2296274.0,2.296274,,G,Unknown,7.231999999999999,2169.6,944.834980494488,Efficient Role Player,5.7218639339284305,1716.5591801785297,,,,2296274.0,2.296274,747.541094912249,Projected Positive Value
P00169-2026,P00169,collin murray boyles,2025-26,2026,Collin Murray-Boyles,TOR,6332520.0,6.33252,,F,Unknown,4.132500000000001,1239.7500000000002,195.7751416497698,Market Neutral,3.9826413961110125,1194.792418833304,,,,6332520.0,6.33252,188.67566448006545,Projected Value Risk
P00170-2026,P00170,collin sexton,2025-26,2026,Collin Sexton,CHO,19170000.0,19.17,,G,Unknown,5.578266666666668,1673.4800000000002,87.29681794470527,High-Cost Low-Return,5.150745281188412,1545.2235843565236,,,,19170000.0,19.17,80.60634242861364,Projected Value Risk
P00171-2026,P00171,cooper flagg,2025-26,2026,Cooper Flagg,DAL,14386320.0,14.38632,,F,Unknown,9.284333333333334,2785.3,193.60753827246998,Expensive but Worth It,8.111881920839194,2433.5645762517584,,,,14386320.0,14.38632,169.15824034581175,Projected Value Risk
P00172-2026,P00172,corey kispert,2025-26,2026,Corey Kispert,WAS,13975000.0,13.975,,F,Unknown,2.9115999999999995,873.4799999999999,62.5030411449016,Market Neutral,3.0152958759354562,904.5887627806368,,,,13975000.0,13.975,64.72907068197759,Projected Value Risk
P00173-2026,P00173,cormac ryan,2025-26,2026,Cormac Ryan,MIL,,,,G,Unknown,0.8158333333333333,244.75,,Salary Unavailable,2.967426984494945,890.2280953484834,,,,,,,No Salary Baseline
P00175-2026,P00175,craig porter jr,2025-26,2026,Craig Porter Jr.,CLE,2221677.0,2.221677,,G,Unknown,3.6224000000000007,1086.7200000000003,489.14401148321747,Efficient Role Player,3.1686675838384644,950.6002751515392,,,,2221677.0,2.221677,427.8751029747075,Projected Neutral Value
P00177-2026,P00177,curtis jones,2025-26,2026,Curtis Jones,DEN,,,,G,Unknown,0.224,67.2,,Salary Unavailable,0.9106611862378119,273.19835587134355,,,,,,,No Salary Baseline
P00178-2026,P00178,d angelo russell,2025-26,2026,D'Angelo Russell,DAL,5685000.0,5.685,,G,Unknown,1.6345333333333334,490.36,86.25505716798594,Insufficient Minutes / Context,2.8344413502111685,850.3324050633505,,,,5685000.0,5.685,149.57474143594558,Projected Value Risk
P00183-2026,P00183,daquan jeffries,2025-26,2026,DaQuan Jeffries,SAC,2743776.0,2.743776,,G,Unknown,0.1489,44.67,16.280483538014767,Insufficient Minutes / Context,1.8474588775530132,554.2376632659035,,,,2743776.0,2.743776,201.99814535366718,Projected Value Risk
P00184-2026,P00184,daron holmes ii,2025-26,2026,DaRon Holmes II,DEN,3218760.0,3.21876,,F,Unknown,0.5316666666666666,159.5,49.55324410642608,Insufficient Minutes / Context,0.9955765662278403,298.67296986835214,,,,3218760.0,3.21876,92.79131400550278,Projected Value Risk
P00185-2026,P00185,daeqwon plowden,2025-26,2026,Daeqwon Plowden,SAC,,,,G,Unknown,1.946666666666667,584.0000000000001,,Salary Unavailable,2.9085228053686705,872.5568416106014,,,,,,,No Salary Baseline
P00188-2026,P00188,dalano banton,2025-26,2026,Dalano Banton,BOS,,,,F,Unknown,0.15320000000000003,45.96000000000001,,Salary Unavailable,0.7066302716592348,211.98908149777048,,,,,,,No Salary Baseline
P00189-2026,P00189,dalen terry,2025-26,2026,Dalen Terry,PHI,,,,F,Unknown,1.6256,487.68,,Salary Unavailable,1.8672461110271603,560.1738333081478,,,,,,,No Salary Baseline
P00190-2026,P00190,dalton knecht,2025-26,2026,Dalton Knecht,LAL,4010160.0,4.01016,,F,Unknown,1.3103999999999996,393.1199999999999,98.03100125680768,Market Neutral,1.524682901282476,457.40487038474265,,,,4010160.0,4.01016,114.06150138267367,Projected Value Risk
P00196-2026,P00196,daniel gafford,2025-26,2026,Daniel Gafford,DAL,14386320.0,14.38632,,F,Unknown,4.5155,1354.65,94.16237091903976,Market Neutral,4.403666495983244,1321.0999487949723,,,,14386320.0,14.38632,91.83029077588795,Projected Value Risk
P00200-2026,P00200,daniss jenkins,2025-26,2026,Daniss Jenkins,DET,3809524.0,3.809524,,G,Unknown,4.7064,1411.92,370.62898146855093,Market Neutral,4.0443731928899505,1213.3119578669853,,,,3809524.0,3.809524,318.49437301536494,Projected Neutral Value
P00202-2026,P00202,danny wolf,2025-26,2026,Danny Wolf,BRK,2801280.0,2.80128,,F,Unknown,3.8152,1144.56,408.5846470185058,Efficient Role Player,3.736275438965248,1120.8826316895745,,,,2801280.0,2.80128,400.1323079769157,Projected Neutral Value
P00205-2026,P00205,dario saric,2025-26,2026,Dario Saric,CHI,5426000.0,5.426,,F,Unknown,0.044,13.2,2.4327312937707335,Insufficient Minutes / Context,0.2587929367748154,77.63788103244505,,,,5426000.0,5.426,14.30849263406654,Projected Value Risk
P00206-2026,P00206,dariq whitehead,2025-26,2026,Dariq Whitehead,MEM,3262560.0,3.26256,,F,Unknown,0.4750000000000001,142.50000000000003,43.67735765779021,Insufficient Minutes / Context,3.198634016220491,959.590204866147,,,,3262560.0,3.26256,294.12185672176054,Projected Neutral Value
P00209-2026,P00209,darius garland,2025-26,2026,Darius Garland,CLE,39446090.0,39.44609,,G,Unknown,4.8645,1459.35,36.99606222061553,High-Cost Low-Return,5.6134146240414395,1684.0243872124329,,,,39446090.0,39.44609,42.69179498430473,Projected Value Risk
P00212-2026,P00212,david jones garcia,2025-26,2026,David Jones Garcia,SAS,,,,F,Unknown,0.2948,88.44,,Salary Unavailable,1.0542163074989603,316.26489224968833,,,,,,,No Salary Baseline
P00214-2026,P00214,david roddy,2025-26,2026,David Roddy,DEN,,,,F,Unknown,0.27666666666666667,83.0,,Salary Unavailable,1.885132508679444,565.5397526038328,,,,,,,No Salary Baseline
P00215-2026,P00215,davion mitchell,2025-26,2026,Davion Mitchell,MIA,11600000.0,11.6,,G,Unknown,5.691,1707.3,147.18103448275863,Market Neutral,4.734088013155539,1420.226403946663,,,,11600000.0,11.6,122.43331068505715,Projected Value Risk
P00218-2026,P00218,day ron sharpe,2025-26,2026,Day'Ron Sharpe,BRK,6250000.0,6.25,,C,Center,4.751266666666667,1425.38,228.06080000000003,Market Neutral,4.33275321742762,1299.8259652282861,,,,6250000.0,6.25,207.97215443652578,Projected Value Risk
P00219-2026,P00219,de aaron fox,2025-26,2026,De'Aaron Fox,SAS,37096620.0,37.09662,,G,Unknown,8.3184,2495.52,67.2708187430553,Expensive but Worth It,7.156441125566567,2146.932337669971,,,,37096620.0,37.09662,57.87406878766774,Projected Value Risk
P00220-2026,P00220,de andre hunter,2025-26,2026,De'Andre Hunter,CLE,23303571.0,23.303571,,F,Unknown,3.3479999999999994,1004.3999999999999,43.10069044782878,High-Cost Low-Return,3.9826263272327833,1194.787898169835,,,,23303571.0,23.303571,51.27059274176627,Projected Value Risk
P00221-2026,P00221,de anthony melton,2025-26,2026,De'Anthony Melton,GSW,3080921.0,3.080921,,G,Unknown,3.942866666666667,1182.8600000000001,383.9306493090865,Efficient Role Player,4.258910516739354,1277.673155021807,,,,3080921.0,3.080921,414.7049388873674,Projected Neutral Value
P00222-2026,P00222,deandre jordan,2025-26,2026,DeAndre Jordan,NOP,2269880.0,2.26988,,C,Center,0.6324,189.72,83.58151091687665,Insufficient Minutes / Context,1.822907065889752,546.8721197669255,,,,2269880.0,2.26988,240.9255642443325,Projected Value Risk
P00224-2026,P00224,dejon jarreau,2025-26,2026,DeJon Jarreau,MEM,,,,G,Unknown,0.7652333333333333,229.57,,Salary Unavailable,2.4491511322753006,734.7453396825899,,,,,,,No Salary Baseline
P00225-2026,P00225,demar derozan,2025-26,2026,DeMar DeRozan,SAC,24570000.0,24.57,,G,Unknown,7.887366666666667,2366.21,96.3048433048433,Expensive but Worth It,6.689473437621591,2006.8420312864787,,,,24570000.0,24.57,81.67855235191203,Projected Value Risk
P00227-2026,P00227,dean wade,2025-26,2026,Dean Wade,CLE,6623456.0,6.623456,,F,Unknown,3.1643666666666665,949.31,143.3254784209331,Market Neutral,2.948763238221222,884.6289714663666,,,,6623456.0,6.623456,133.56002840003265,Projected Value Risk
P00228-2026,P00228,deandre ayton,2025-26,2026,Deandre Ayton,LAL,8104000.0,8.104,,C,Center,6.4559999999999995,1936.7999999999997,238.99308983218162,Market Neutral,5.54925729992328,1664.7771899769846,,,,8104000.0,8.104,205.42660290930218,Projected Value Risk
P00230-2026,P00230,dejounte murray,2025-26,2026,Dejounte Murray,NOP,30801103.0,30.801103,,G,Unknown,1.6230666666666664,486.91999999999996,15.808524779128849,Insufficient Minutes / Context,4.38052002948486,1314.1560088454576,,,,30801103.0,30.801103,42.665874947577606,Projected Value Risk
P00232-2026,P00232,deni avdija,2025-26,2026,Deni Avdija,POR,14375000.0,14.375,,F,Unknown,9.444600000000001,2833.3800000000006,197.10469565217394,Expensive but Worth It,8.616153566870128,2584.8460700610394,,,,14375000.0,14.375,179.81537878685492,Projected Value Risk
P00233-2026,P00233,dennis schroder,2025-26,2026,Dennis Schroder,CLE,14104000.0,14.104,,G,Unknown,5.271,1581.3,112.11712989222916,Market Neutral,4.552966452223379,1365.8899356670147,,,,14104000.0,14.104,96.84415312443383,Projected Value Risk
P00236-2026,P00236,dereck lively ii,2025-26,2026,Dereck Lively II,DAL,5253360.0,5.25336,,C,Center,0.43656666666666666,130.97,24.93071101161923,Insufficient Minutes / Context,1.8816339392065267,564.4901817619573,,,,5253360.0,5.25336,107.45316935484286,Projected Value Risk
P00238-2026,P00238,derik queen,2025-26,2026,Derik Queen,NOP,5157960.0,5.15796,,C,Center,7.875899999999999,2362.7699999999995,458.08226508154377,Bargain Star,6.170849667874189,1851.2549003622573,,,,5157960.0,5.15796,358.9122250584063,Projected Neutral Value
P00240-2026,P00240,derrick jones jr,2025-26,2026,Derrick Jones Jr.,LAC,10000000.0,10.0,,F,Unknown,3.55,1065.0,106.5,Market Neutral,3.762161126560722,1128.648337968217,,,,10000000.0,10.0,112.8648337968217,Projected Value Risk
P00243-2026,P00243,derrick white,2025-26,2026,Derrick White,BOS,28100001.0,28.100001,,G,Unknown,9.080866666666667,2724.26,96.9487509982651,Expensive but Worth It,7.305231233792895,2191.569370137869,,,,28100001.0,28.100001,77.99178975608824,Projected Value Risk
P00244-2026,P00244,desmond bane,2025-26,2026,Desmond Bane,ORL,36725670.0,36.72567,,G,Unknown,9.203133333333332,2760.9399999999996,75.17738954796467,Expensive but Worth It,7.494565725732094,2248.3697177196286,,,,36725670.0,36.72567,61.22065894834944,Projected Value Risk
P00245-2026,P00245,devin booker,2025-26,2026,Devin Booker,PHO,53142264.0,53.142264,,G,Unknown,8.529066666666665,2558.72,48.14849438857178,Expensive but Worth It,8.14853223869855,2444.5596716095665,,,,53142264.0,53.142264,46.00029218946273,Projected Value Risk
P00247-2026,P00247,devin carter,2025-26,2026,Devin Carter,SAC,4923720.0,4.92372,,G,Unknown,2.3825999999999996,714.7799999999999,145.17072457410248,Market Neutral,3.067584296909662,920.2752890728992,,,,4923720.0,4.92372,186.906503430922,Projected Value Risk
P00248-2026,P00248,devin vassell,2025-26,2026,Devin Vassell,SAS,27000000.0,27.0,,G,Unknown,5.683833333333334,1705.1500000000003,63.15370370370371,High-Cost Low-Return,5.131826800018691,1539.5480400056074,,,,27000000.0,27.0,57.02029777798546,Projected Value Risk
P00255-2026,P00255,dillon brooks,2025-26,2026,Dillon Brooks,PHO,22124110.0,22.12411,,F,Unknown,5.417066666666667,1625.1200000000001,73.45470620061101,High-Cost Low-Return,5.765306911716026,1729.5920735148086,,,,22124110.0,22.12411,78.17679777920145,Projected Value Risk
P00256-2026,P00256,dillon jones,2025-26,2026,Dillon Jones,NYK,2753280.0,2.75328,,F,Unknown,0.10733333333333334,32.2,11.69514179451418,Insufficient Minutes / Context,0.4521213197119667,135.63639591359004,,,,2753280.0,2.75328,49.263567785909906,Projected Value Risk
P00257-2026,P00257,domantas sabonis,2025-26,2026,Domantas Sabonis,SAC,43636000.0,43.636,,F,Unknown,2.2945666666666664,688.3699999999999,15.775277293977446,Insufficient Minutes / Context,4.8025775288535,1440.7732586560496,,,,43636000.0,43.636,33.017995660831644,Projected Value Risk
P00258-2026,P00258,dominick barlow,2025-26,2026,Dominick Barlow,PHI,3415000.0,3.415,,F,Unknown,4.5582,1367.46,400.4275256222548,Efficient Role Player,3.885743999232766,1165.72319976983,,,,3415000.0,3.415,341.3537920263045,Projected Neutral Value
P00259-2026,P00259,donovan clingan,2025-26,2026,Donovan Clingan,POR,7178400.0,7.1784,,C,Center,8.949966666666667,2684.9900000000002,374.0373899476207,Bargain Star,7.118962791283366,2135.68883738501,,,,7178400.0,7.1784,297.5159976296961,Projected Neutral Value
P00260-2026,P00260,donovan mitchell,2025-26,2026,Donovan Mitchell,CLE,46394100.0,46.3941,,G,Unknown,10.371666666666666,3111.5,67.06671753520382,Expensive but Worth It,9.321070577790167,2796.321173337051,,,,46394100.0,46.3941,60.27320657879021,Projected Value Risk
P00262-2026,P00262,donte divincenzo,2025-26,2026,Donte DiVincenzo,MIN,11990000.0,11.99,,G,Unknown,7.248799999999999,2174.64,181.37114261884903,Market Neutral,5.6875024403610075,1706.2507321083033,,,,11990000.0,11.99,142.30614946691438,Projected Value Risk
P00263-2026,P00263,dorian finney smith,2025-26,2026,Dorian Finney-Smith,HOU,12700000.0,12.7,,F,Unknown,1.11,333.0,26.220472440944885,Market Neutral,1.3830417507193518,414.9125252158055,,,,12700000.0,12.7,32.67027757604768,Projected Value Risk
P00264-2026,P00264,doug mcdermott,2025-26,2026,Doug McDermott,SAC,2296274.0,2.296274,,F,Unknown,0.8661333333333332,259.84,113.15722775243721,Insufficient Minutes / Context,1.424584155937816,427.37524678134474,,,,2296274.0,2.296274,186.11683395855405,Projected Value Risk
P00265-2026,P00265,drake powell,2025-26,2026,Drake Powell,BRK,3372240.0,3.37224,,G,Unknown,2.5536,766.0799999999999,227.1724432424738,Market Neutral,2.4208474299934037,726.2542289980213,,,,3372240.0,3.37224,215.36255693486265,Projected Value Risk
P00266-2026,P00266,draymond green,2025-26,2026,Draymond Green,GSW,25892857.0,25.892857,,F,Unknown,5.678,1703.4,65.7864831215806,High-Cost Low-Return,4.707896277331781,1412.3688831995353,,,,25892857.0,25.892857,54.546660617618805,Projected Value Risk
P00267-2026,P00267,drew eubanks,2025-26,2026,Drew Eubanks,SAC,2296274.0,2.296274,,F,Unknown,1.6590000000000003,497.70000000000005,216.74242707969523,Market Neutral,2.0953706708355173,628.611201250655,,,,2296274.0,2.296274,273.75269730470103,Projected Neutral Value
P00268-2026,P00268,drew peterson,2025-26,2026,Drew Peterson,CHO,,,,F,Unknown,0.10300000000000001,30.900000000000002,,Salary Unavailable,0.6565800008320902,196.97400024962778,,,,,,,No Salary Baseline
P00269-2026,P00269,drew timme,2025-26,2026,Drew Timme,LAL,1955377.0,1.955377,,F,Unknown,0.5660999999999999,169.82999999999998,86.85281661797187,Insufficient Minutes / Context,1.0715807400469466,321.4742220140841,,,,1955377.0,1.955377,164.40523848551155,Projected Value Risk
P00270-2026,P00270,dru smith,2025-26,2026,Dru Smith,MIA,2378870.0,2.37887,,G,Unknown,3.92,1176.0,494.3523605745585,Efficient Role Player,3.290260268724688,987.0780806174064,,,,2378870.0,2.37887,414.9356966195742,Projected Neutral Value
P00272-2026,P00272,duncan robinson,2025-26,2026,Duncan Robinson,DET,16834692.0,16.834692,,F,Unknown,5.284766666666665,1585.4299999999996,94.17635915168508,Market Neutral,4.522692229479764,1356.8076688439305,,,,16834692.0,16.834692,80.59593064393043,Projected Value Risk
P00273-2026,P00273,duop reath,2025-26,2026,Duop Reath,POR,2221677.0,2.221677,,C,Center,0.6496000000000001,194.88000000000002,87.71752149389853,Insufficient Minutes / Context,0.9844109385541744,295.32328156625204,,,,2221677.0,2.221677,132.92809061184502,Projected Value Risk
P00275-2026,P00275,dwight powell,2025-26,2026,Dwight Powell,DAL,4000000.0,4.0,,F,Unknown,2.4297,728.91,182.2275,Market Neutral,2.227404321884641,668.221296565392,,,,4000000.0,4.0,167.055324141348,Projected Value Risk
P00276-2026,P00276,dylan cardwell,2025-26,2026,Dylan Cardwell,SAC,871000.0,0.871,,C,Center,3.256,976.8,1121.4695752009184,Efficient Role Player,3.5290648113766765,1058.7194434130029,,,,871000.0,0.871,1215.521749039039,Projected Bargain
P00277-2026,P00277,dylan harper,2025-26,2026,Dylan Harper,SAS,12370320.0,12.37032,,G,Unknown,5.434899999999999,1630.4699999999998,131.80499776885318,Market Neutral,4.820060218362072,1446.0180655086224,,,,12370320.0,12.37032,116.89415193047734,Projected Value Risk
P00279-2026,P00279,dyson daniels,2025-26,2026,Dyson Daniels,ATL,7707709.0,7.707709,,G,Unknown,8.691866666666664,2607.5599999999995,338.3054549672282,Bargain Star,6.8220937279040665,2046.628118371221,,,,7707709.0,7.707709,265.5300191498175,Projected Neutral Value
P00280-2026,P00280,e j liddell,2025-26,2026,E.J. Liddell,BRK,,,,F,Unknown,0.9958,298.74,,Salary Unavailable,1.7188871721342658,515.6661516402798,,,,,,,No Salary Baseline
P00283-2026,P00283,egor demin,2025-26,2026,Egor Demin,BRK,6889200.0,6.8892,,G,Unknown,3.5862666666666665,1075.8799999999999,156.16907623526677,Market Neutral,3.69200229779339,1107.6006893380172,,,,6889200.0,6.8892,160.7734844884772,Projected Value Risk
P00285-2026,P00285,elijah harkless,2025-26,2026,Elijah Harkless,UTA,,,,G,Unknown,1.4516666666666667,435.5,,Salary Unavailable,2.3391174613816927,701.7352384145082,,,,,,,No Salary Baseline
P00287-2026,P00287,emanuel miller,2025-26,2026,Emanuel Miller,CHI,,,,F,Unknown,0.10200000000000001,30.6,,Salary Unavailable,0.8182291996368577,245.46875989105757,,,,,,,No Salary Baseline
P00291-2026,P00291,enrique freeman,2025-26,2026,Enrique Freeman,MIN,,,,F,Unknown,0.13933333333333334,41.800000000000004,,Salary Unavailable,1.0884052068847627,326.52156206542844,,,,,,,No Salary Baseline
P00293-2026,P00293,eric gordon,2025-26,2026,Eric Gordon,PHI,3468960.0,3.46896,,G,Unknown,0.17619999999999997,52.85999999999999,15.237996402379961,Insufficient Minutes / Context,1.1853448413614136,355.60345240842383,,,,3468960.0,3.46896,102.51010458708772,Projected Value Risk
P00295-2026,P00295,ethan thompson,2025-26,2026,Ethan Thompson,IND,,,,G,Unknown,1.5189333333333332,455.68,,Salary Unavailable,2.2098033986818657,662.9410196045599,,,,,,,No Salary Baseline
P00298-2026,P00298,evan mobley,2025-26,2026,Evan Mobley,CLE,46394100.0,46.3941,,C,Center,8.601666666666667,2580.5,55.62129667349943,Expensive but Worth It,7.741380128254628,2322.414038476389,,,,46394100.0,46.3941,50.05839187475108,Projected Value Risk
P00304-2026,P00304,franz wagner,2025-26,2026,Franz Wagner,ORL,38661750.0,38.66175,,F,Unknown,3.8182,1145.46,29.627732836718465,High-Cost Low-Return,5.526248204680304,1657.8744614040913,,,,38661750.0,38.66175,42.881516263596225,Projected Value Risk
P00308-2026,P00308,gg jackson,2025-26,2026,GG Jackson,MEM,2221677.0,2.221677,,F,Unknown,4.145166666666666,1243.55,559.7348309407713,Efficient Role Player,4.318706326653965,1295.611897996189,,,,2221677.0,2.221677,583.1684344736832,Projected Positive Value
P00309-2026,P00309,gabe vincent,2025-26,2026,Gabe Vincent,LAL,11500000.0,11.5,,G,Unknown,1.59,477.0,41.47826086956522,Market Neutral,1.6690453240694823,500.71359722084486,,,,11500000.0,11.5,43.5403128018126,Projected Value Risk
P00313-2026,P00313,garrett temple,2025-26,2026,Garrett Temple,TOR,2296274.0,2.296274,,G,Unknown,0.1818666666666667,54.56000000000001,23.76023070417555,Insufficient Minutes / Context,0.436490588986608,130.94717669598242,,,,2296274.0,2.296274,57.025937103317126,Projected Value Risk
P00314-2026,P00314,garrison mathews,2025-26,2026,Garrison Mathews,IND,,,,G,Unknown,0.4585,137.55,,Salary Unavailable,1.242360542502877,372.70816275086315,,,,,,,No Salary Baseline
P00316-2026,P00316,gary harris,2025-26,2026,Gary Harris,MIL,3634153.0,3.634153,,G,Unknown,1.2656,379.68,104.47551327640856,Market Neutral,1.3211298172419337,396.33894517258017,,,,3634153.0,3.634153,109.05950992503072,Projected Value Risk
P00317-2026,P00317,gary payton ii,2025-26,2026,Gary Payton II,GSW,2296274.0,2.296274,,G,Unknown,4.1780333333333335,1253.41,545.8451386898951,Efficient Role Player,3.6393345742488785,1091.8003722746635,,,,2296274.0,2.296274,475.46606906434664,Projected Neutral Value
P00318-2026,P00318,gary trent jr,2025-26,2026,Gary Trent Jr.,MIL,3697105.0,3.697105,,G,Unknown,2.6,780.0,210.97588518584135,Market Neutral,2.583990355049942,775.197106514983,,,,3697105.0,3.697105,209.67678941089935,Projected Value Risk
P00323-2026,P00323,giannis antetokounmpo,2025-26,2026,Giannis Antetokounmpo,MIL,54126450.0,54.12645,,F,Unknown,5.887199999999999,1766.1599999999999,32.63025748040006,High-Cost Low-Return,8.060128885064989,2418.0386655194975,,,,54126450.0,54.12645,44.673882464478964,Projected Value Risk
P00324-2026,P00324,goga bitadze,2025-26,2026,Goga Bitadze,ORL,8333333.0,8.333333,,C,Center,3.829333333333334,1148.8000000000002,137.85600551424025,Market Neutral,3.421784216213841,1026.5352648641517,,,,8333333.0,8.333333,123.18423671106768,Projected Value Risk
P00328-2026,P00328,gradey dick,2025-26,2026,Gradey Dick,TOR,4990560.0,4.99056,,G,Unknown,2.7435999999999994,823.0799999999998,164.9273828989131,Market Neutral,2.463725489588465,739.1176468765391,,,,4990560.0,4.99056,148.1031481189564,Projected Value Risk
P00329-2026,P00329,grant nelson,2025-26,2026,Grant Nelson,BRK,,,,F,Unknown,0.15800000000000003,47.400000000000006,,Salary Unavailable,1.2829816788753674,384.8945036626102,,,,,,,No Salary Baseline
P00330-2026,P00330,grant williams,2025-26,2026,Grant Williams,CHO,13645500.0,13.6455,,F,Unknown,1.9416,582.48,42.68659997801473,Market Neutral,2.5100364692346546,753.0109407703964,,,,13645500.0,13.6455,55.18382915762679,Projected Value Risk
P00331-2026,P00331,grayson allen,2025-26,2026,Grayson Allen,PHO,16875000.0,16.875,,G,Unknown,4.981000000000001,1494.3000000000002,88.55111111111113,High-Cost Low-Return,5.301235724113736,1590.3707172341215,,,,16875000.0,16.875,94.2441906509109,Projected Value Risk
P00334-2026,P00334,guerschon yabusele,2025-26,2026,Guerschon Yabusele,NYK,5500000.0,5.5,,F,Unknown,2.7581666666666664,827.4499999999999,150.44545454545454,Market Neutral,2.5685202788983434,770.5560836695033,,,,5500000.0,5.5,140.10110612172787,Projected Value Risk
P00335-2026,P00335,gui santos,2025-26,2026,Gui Santos,GSW,2221677.0,2.221677,,F,Unknown,4.404133333333333,1321.24,594.7039106044667,Efficient Role Player,3.934470974635982,1180.3412923907943,,,,2221677.0,2.221677,531.2839320885953,Projected Positive Value
P00337-2026,P00337,harrison barnes,2025-26,2026,Harrison Barnes,SAS,19000000.0,19.0,,F,Unknown,4.545566666666667,1363.67,71.7721052631579,High-Cost Low-Return,3.8474563448222847,1154.2369034466858,,,,19000000.0,19.0,60.749310707720305,Projected Value Risk
P00338-2026,P00338,harrison ingram,2025-26,2026,Harrison Ingram,SAS,,,,F,Unknown,0.049700000000000015,14.910000000000004,,Salary Unavailable,0.5984940518620168,179.5482155586044,,,,,,,No Salary Baseline
P00342-2026,P00342,hayden gray,2025-26,2026,Hayden Gray,UTA,,,,G,Unknown,0.041666666666666664,12.5,,Salary Unavailable,1.2602659827473777,378.0797948242126,,,,,,,No Salary Baseline
P00343-2026,P00343,haywood highsmith,2025-26,2026,Haywood Highsmith,PHO,827984.0,0.827984,,F,Unknown,0.25620000000000004,76.86000000000001,92.82788073199484,Insufficient Minutes / Context,1.2805026336029754,384.150790080892,,,,827984.0,0.827984,463.9591949613664,Projected Neutral Value
P00345-2026,P00345,herbert jones,2025-26,2026,Herbert Jones,NOP,13937574.0,13.937574,,F,Unknown,4.140266666666666,1242.08,89.1173743723262,Market Neutral,3.9157731339454007,1174.7319401836212,,,,13937574.0,13.937574,84.28525223856184,Projected Value Risk
P00346-2026,P00346,hugo gonzalez,2025-26,2026,Hugo Gonzalez,BOS,2783880.0,2.78388,,G,Unknown,2.6664666666666665,799.9399999999999,287.3471557682084,Market Neutral,2.389056282900901,716.71688487027,,,,2783880.0,2.78388,257.45250688616966,Projected Neutral Value
P00347-2026,P00347,hunter dickinson,2025-26,2026,Hunter Dickinson,NOP,,,,C,Center,0.09,27.0,,Salary Unavailable,0.566047333118147,169.81419993544387,,,,,,,No Salary Baseline
P00348-2026,P00348,hunter sallis,2025-26,2026,Hunter Sallis,PHI,,,,G,Unknown,0.037800000000000014,11.340000000000003,,Salary Unavailable,0.300785301070551,90.23559032116515,,,,,,,No Salary Baseline
P00349-2026,P00349,hunter tyson,2025-26,2026,Hunter Tyson,DEN,2221677.0,2.221677,,F,Unknown,0.3878,116.33999999999999,52.365847960797176,Insufficient Minutes / Context,0.7895861771297236,236.87585313891705,,,,2221677.0,2.221677,106.62029320144964,Projected Value Risk
P00352-2026,P00352,immanuel quickley,2025-26,2026,Immanuel Quickley,TOR,32500000.0,32.5,,G,Unknown,7.641666666666667,2292.5,70.53846153846153,Expensive but Worth It,6.565778643110036,1969.733592933011,,,,32500000.0,32.5,60.60718747486188,Projected Value Risk
P00354-2026,P00354,isaac jones,2025-26,2026,Isaac Jones,DET,1955377.0,1.955377,,C,Center,0.0581,17.43,8.913882080028557,Insufficient Minutes / Context,0.35336531316308994,106.0095939489267,,,,1955377.0,1.955377,54.21440159566504,Projected Value Risk
P00355-2026,P00355,isaac okoro,2025-26,2026,Isaac Okoro,CHI,11000000.0,11.0,,F,Unknown,3.746400000000001,1123.9200000000003,102.17454545454548,Market Neutral,3.512449552322256,1053.734865696678,,,,11000000.0,11.0,95.794078699698,Projected Value Risk
P00356-2026,P00356,isaiah collier,2025-26,2026,Isaiah Collier,UTA,2638200.0,2.6382,,G,Unknown,5.349333333333333,1604.8,608.29353346979,Efficient Role Player,4.969233999308289,1490.770199792487,,,,2638200.0,2.6382,565.0709573923459,Projected Positive Value
P00357-2026,P00357,isaiah crawford,2025-26,2026,Isaiah Crawford,HOU,,,,F,Unknown,0.21093333333333333,63.28,,Salary Unavailable,0.5942688141092873,178.28064423278633,,,,,,,No Salary Baseline
P00358-2026,P00358,isaiah hartenstein,2025-26,2026,Isaiah Hartenstein,OKC,28500000.0,28.5,,C,Center,4.6107,1383.2099999999998,48.53368421052631,High-Cost Low-Return,4.763519799876206,1429.0559399628607,,,,28500000.0,28.5,50.14231368290739,Projected Value Risk
P00359-2026,P00359,isaiah jackson,2025-26,2026,Isaiah Jackson,LAC,7000000.0,7.0,,F,Unknown,3.3201666666666667,996.05,142.29285714285714,Market Neutral,3.2881501467925847,986.4450440377747,,,,7000000.0,7.0,140.92072057682495,Projected Value Risk
P00360-2026,P00360,isaiah joe,2025-26,2026,Isaiah Joe,OKC,12362338.0,12.362338,,G,Unknown,4.2955,1288.6499999999999,104.2399908496273,Market Neutral,3.874506218098753,1162.3518654296265,,,,12362338.0,12.362338,94.02362768512126,Projected Value Risk
P00361-2026,P00361,isaiah livers,2025-26,2026,Isaiah Livers,PHO,,,,F,Unknown,0.7488,224.64000000000001,,Salary Unavailable,1.012557899003411,303.7673697010233,,,,,,,No Salary Baseline
P00364-2026,P00364,isaiah stevens,2025-26,2026,Isaiah Stevens,SAC,,,,G,Unknown,0.13849999999999996,41.54999999999999,,Salary Unavailable,1.2040327588704096,361.2098276611226,,,,,,,No Salary Baseline
P00365-2026,P00365,isaiah stewart,2025-26,2026,Isaiah Stewart,DET,15000000.0,15.0,,F,Unknown,4.282333333333335,1284.7000000000003,85.64666666666669,High-Cost Low-Return,4.161489016274904,1248.4467048824713,,,,15000000.0,15.0,83.22978032549808,Projected Value Risk
P00371-2026,P00371,ivica zubac,2025-26,2026,Ivica Zubac,LAC,18102000.0,18.102,,C,Center,5.1072,1532.1599999999999,84.64037122969836,High-Cost Low-Return,5.478840800815967,1643.65224024479,,,,18102000.0,18.102,90.79948294358579,Projected Value Risk
P00373-2026,P00373,jd davison,2025-26,2026,JD Davison,HOU,2270735.0,2.270735,,G,Unknown,0.6337333333333334,190.12,83.72619438199526,Insufficient Minutes / Context,1.0534084809697648,316.0225442909295,,,,2270735.0,2.270735,139.1719175909692,Projected Value Risk
P00375-2026,P00375,ja morant,2025-26,2026,Ja Morant,MEM,39446090.0,39.44609,,G,Unknown,2.394,718.2,18.207127753346406,High-Cost Low-Return,4.961259092549522,1488.377727764857,,,,39446090.0,39.44609,37.73194574582315,Projected Value Risk
P00376-2026,P00376,ja kobe walter,2025-26,2026,Ja'Kobe Walter,TOR,3638160.0,3.63816,,G,Unknown,3.7248,1117.44,307.1442707302593,Market Neutral,3.240493585162481,972.1480755487445,,,,3638160.0,3.63816,267.20871966838854,Projected Neutral Value
P00380-2026,P00380,jabari smith jr,2025-26,2026,Jabari Smith Jr.,HOU,12350392.0,12.350392,,F,Unknown,7.7847,2335.41,189.09602221532725,Market Neutral,6.459270740032069,1937.781222009622,,,,12350392.0,12.350392,156.90038194816992,Projected Value Risk
P00381-2026,P00381,jabari walker,2025-26,2026,Jabari Walker,PHI,724598.0,0.724598,,F,Unknown,2.1439999999999992,643.1999999999998,887.664608513962,Efficient Role Player,2.0814175467574896,624.4252640272465,,,,724598.0,0.724598,861.7540540095978,Projected Positive Value
P00386-2026,P00386,jacob toppin,2025-26,2026,Jacob Toppin,ATL,,,,F,Unknown,0.04566666666666666,13.7,,Salary Unavailable,0.5941379616094471,178.24138848283388,,,,,,,No Salary Baseline
P00387-2026,P00387,jaden hardy,2025-26,2026,Jaden Hardy,DAL,6000000.0,6.0,,G,Unknown,2.3939999999999997,718.1999999999999,119.69999999999999,Market Neutral,2.6721151688074176,801.6345506422249,,,,6000000.0,6.0,133.6057584403708,Projected Value Risk
P00388-2026,P00388,jaden ivey,2025-26,2026,Jaden Ivey,DET,10107163.0,10.107163,,G,Unknown,1.9856666666666665,595.6999999999999,58.938398440788966,Market Neutral,2.6428844558743165,792.8653367622948,,,,10107163.0,10.107163,78.44588404899523,Projected Value Risk
P00389-2026,P00389,jaden mcdaniels,2025-26,2026,Jaden McDaniels,MIN,24858622.0,24.858622,,F,Unknown,6.908233333333334,2072.4700000000003,83.37026887491994,High-Cost Low-Return,5.874937402297156,1762.481220689147,,,,24858622.0,24.858622,70.9001979550253,Projected Value Risk
P00392-2026,P00392,jae sean tate,2025-26,2026,Jae'Sean Tate,HOU,2296274.0,2.296274,,F,Unknown,0.9307333333333334,279.22,121.596987119133,Insufficient Minutes / Context,1.2158169072420886,364.74507217262624,,,,2296274.0,2.296274,158.84213825206672,Projected Value Risk
P00393-2026,P00393,jahmai mashack,2025-26,2026,Jahmai Mashack,MEM,,,,G,Unknown,1.6657333333333335,499.72,,Salary Unavailable,2.41627840610982,724.8835218329458,,,,,,,No Salary Baseline
P00395-2026,P00395,jahmir young,2025-26,2026,Jahmir Young,MIA,,,,G,Unknown,0.1474666666666667,44.24000000000001,,Salary Unavailable,0.40630620998650774,121.89186299595194,,,,,,,No Salary Baseline
P00396-2026,P00396,jahmyl telfort,2025-26,2026,Jahmyl Telfort,LAC,,,,F,Unknown,0.024800000000000003,7.44,,Salary Unavailable,0.3658216077381252,109.74648232143815,,,,,,,No Salary Baseline
P00397-2026,P00397,jaime jaquez jr,2025-26,2026,Jaime Jaquez Jr.,MIA,3861600.0,3.8616,,F,Unknown,7.3625,2208.75,571.977936606588,Efficient Role Player,6.222510449086712,1866.7531347260147,,,,3861600.0,3.8616,483.4144227071718,Projected Neutral Value
P00398-2026,P00398,jake laravia,2025-26,2026,Jake LaRavia,LAL,6000000.0,6.0,,F,Unknown,5.466666666666667,1640.0,273.3333333333333,Market Neutral,4.289376488036983,1286.812946411096,,,,6000000.0,6.0,214.46882440184933,Projected Value Risk
P00400-2026,P00400,jakob poeltl,2025-26,2026,Jakob Poeltl,TOR,19500000.0,19.5,,C,Center,3.940666666666666,1182.1999999999998,60.625641025641016,High-Cost Low-Return,4.329023996334822,1298.7071989004462,,,,19500000.0,19.5,66.60036917438185,Projected Value Risk
P00402-2026,P00402,jalen brunson,2025-26,2026,Jalen Brunson,NYK,34944001.0,34.944001,,G,Unknown,9.980133333333333,2994.04,85.68108729163555,Expensive but Worth It,8.733224945965352,2619.967483789606,,,,34944001.0,34.944001,74.97617355807671,Projected Value Risk
P00403-2026,P00403,jalen duren,2025-26,2026,Jalen Duren,DET,6483144.0,6.483144,,C,Center,8.866666666666667,2660.0,410.29475822224526,Bargain Star,7.7918255328787795,2337.547659863634,,,,6483144.0,6.483144,360.55772629200186,Projected Neutral Value
P00404-2026,P00404,jalen green,2025-26,2026,Jalen Green,PHO,33548499.0,33.548499,,G,Unknown,3.010133333333333,903.04,26.91744867631783,High-Cost Low-Return,4.614895450729909,1384.4686352189728,,,,33548499.0,33.548499,41.267677436745316,Projected Value Risk
P00406-2026,P00406,jalen johnson,2025-26,2026,Jalen Johnson,ATL,30000000.0,30.0,,F,Unknown,11.546399999999998,3463.9199999999996,115.46399999999998,Expensive but Worth It,9.68541901151798,2905.625703455394,,,,30000000.0,30.0,96.8541901151798,Projected Value Risk
P00408-2026,P00408,jalen pickett,2025-26,2026,Jalen Pickett,DEN,2221677.0,2.221677,,G,Unknown,1.985,595.5,268.04076380139867,Market Neutral,2.122723458827148,636.8170376481448,,,,2221677.0,2.221677,286.63799357338837,Projected Neutral Value
P00409-2026,P00409,jalen slawson,2025-26,2026,Jalen Slawson,IND,,,,F,Unknown,1.0088,302.64,,Salary Unavailable,2.692014058629181,807.6042175887544,,,,,,,No Salary Baseline
P00410-2026,P00410,jalen smith,2025-26,2026,Jalen Smith,CHI,9000000.0,9.0,,F,Unknown,4.052733333333333,1215.82,135.0911111111111,Market Neutral,4.154876422480155,1246.462926744046,,,,9000000.0,9.0,138.49588074933843,Projected Value Risk
P00411-2026,P00411,jalen suggs,2025-26,2026,Jalen Suggs,ORL,35000000.0,35.0,,G,Unknown,5.9907,1797.21,51.34885714285714,High-Cost Low-Return,5.6400106149905,1692.00318449715,,,,35000000.0,35.0,48.34294812849,Projected Value Risk
P00412-2026,P00412,jalen williams,2025-26,2026,Jalen Williams,OKC,6580997.0,6.580997,,G,Unknown,3.6816999999999998,1104.51,167.83323256339426,Market Neutral,5.177818539036908,1553.345561711073,,,,6580997.0,6.580997,236.0349900951289,Projected Value Risk
P00413-2026,P00413,jalen wilson,2025-26,2026,Jalen Wilson,BRK,2221677.0,2.221677,,F,Unknown,1.9386000000000005,581.5800000000002,261.7752265518345,Market Neutral,2.1621283528188675,648.6385058456602,,,,2221677.0,2.221677,291.95895976132454,Projected Neutral Value
P00414-2026,P00414,jamal cain,2025-26,2026,Jamal Cain,ORL,,,,F,Unknown,1.2733333333333334,382.0,,Salary Unavailable,1.671467883321967,501.4403649965899,,,,,,,No Salary Baseline
P00415-2026,P00415,jamal murray,2025-26,2026,Jamal Murray,DEN,46394100.0,46.3941,,G,Unknown,10.7325,3219.75,69.39998836058895,Expensive but Worth It,9.138249072635423,2741.4747217906274,,,,46394100.0,46.3941,59.09102066406348,Projected Value Risk
P00416-2026,P00416,jamal shead,2025-26,2026,Jamal Shead,TOR,1955377.0,1.955377,,G,Unknown,5.0949333333333335,1528.48,781.6804636650631,Efficient Role Player,3.898317804289276,1169.4953412867837,,,,1955377.0,1.955377,598.0920003082698,Projected Positive Value
P00417-2026,P00417,jamaree bouyea,2025-26,2026,Jamaree Bouyea,PHO,574210.0,0.57421,,G,Unknown,1.9258666666666662,577.7599999999999,1006.1824071332785,Efficient Role Player,2.2331406422395648,669.9421926718693,,,,574210.0,0.57421,1166.7198284109809,Projected Bargain
P00420-2026,P00420,james harden,2025-26,2026,James Harden,CLE,39446090.0,39.44609,,G,Unknown,9.883999999999999,2965.2,75.17094850212024,Expensive but Worth It,8.614466108752534,2584.3398326257616,,,,39446090.0,39.44609,65.51574142394752,Projected Value Risk
P00422-2026,P00422,james wiseman,2025-26,2026,James Wiseman,IND,2667947.0,2.667947,,C,Center,0.08666666666666666,25.999999999999996,9.745321027741555,Insufficient Minutes / Context,0.8418946173730054,252.56838521190147,,,,2667947.0,2.667947,94.66769212877972,Projected Value Risk
P00423-2026,P00423,jamir watkins,2025-26,2026,Jamir Watkins,WAS,1131970.0,1.13197,,G,Unknown,3.005,901.5,796.3991978586006,Efficient Role Player,3.156745245381378,947.0235736144132,,,,1131970.0,1.13197,836.6154346973976,Projected Positive Value
P00424-2026,P00424,jamison battle,2025-26,2026,Jamison Battle,TOR,1955377.0,1.955377,,F,Unknown,1.1183333333333334,335.5,171.57816625643036,Market Neutral,1.288409235852916,386.52277075587455,,,,1955377.0,1.955377,197.67173836854712,Projected Value Risk
P00426-2026,P00426,jarace walker,2025-26,2026,Jarace Walker,IND,6665520.0,6.66552,,F,Unknown,5.819066666666668,1745.7200000000003,261.9030473241398,Market Neutral,4.901228130067743,1470.3684390203234,,,,6665520.0,6.66552,220.5932078848047,Projected Value Risk
P00429-2026,P00429,jared mccain,2025-26,2026,Jared McCain,PHI,4221360.0,4.22136,,G,Unknown,3.0484999999999998,914.55,216.64818920916483,Market Neutral,2.9098918756348198,872.9675626904464,,,,4221360.0,4.22136,206.7977056423632,Projected Value Risk
P00431-2026,P00431,jaren jackson jr,2025-26,2026,Jaren Jackson Jr.,MEM,35000000.0,35.0,,F,Unknown,5.526400000000001,1657.92,47.36914285714286,High-Cost Low-Return,6.184097325155725,1855.2291975467172,,,,35000000.0,35.0,53.00654850133478,Projected Value Risk
P00432-2026,P00432,jarred vanderbilt,2025-26,2026,Jarred Vanderbilt,LAL,11571429.0,11.571429,,F,Unknown,3.0658333333333334,919.75,79.48456495736178,Market Neutral,2.765688938606163,829.706681581849,,,,11571429.0,11.571429,71.70304390078779,Projected Value Risk
P00434-2026,P00434,jarrett allen,2025-26,2026,Jarrett Allen,CLE,20000000.0,20.0,,C,Center,6.048,1814.4,90.72,High-Cost Low-Return,5.987393100193051,1796.2179300579148,,,,20000000.0,20.0,89.81089650289574,Projected Value Risk
P00437-2026,P00437,jase richardson,2025-26,2026,Jase Richardson,ORL,2983320.0,2.98332,,G,Unknown,1.4742000000000002,442.26000000000005,148.2442379630747,Market Neutral,1.6711144639098108,501.3343391729432,,,,2983320.0,2.98332,168.04578093296837,Projected Value Risk
P00440-2026,P00440,javon small,2025-26,2026,Javon Small,MEM,,,,G,Unknown,2.8112333333333335,843.37,,Salary Unavailable,3.3536992727300987,1006.1097818190294,,,,,,,No Salary Baseline
P00441-2026,P00441,javonte cooke,2025-26,2026,Javonte Cooke,POR,,,,G,Unknown,0.21533333333333332,64.6,,Salary Unavailable,0.4342522471375487,130.27567414126494,,,,,,,No Salary Baseline
P00442-2026,P00442,javonte green,2025-26,2026,Javonte Green,DET,2296274.0,2.296274,,G,Unknown,4.184733333333334,1255.42,546.7204697697226,Efficient Role Player,3.386417987213979,1015.9253961641933,,,,2296274.0,2.296274,442.42341992470995,Projected Neutral Value
P00444-2026,P00444,jaxson hayes,2025-26,2026,Jaxson Hayes,LAL,3449324.0,3.449324,,C,Center,3.7114000000000003,1113.42,322.7936836319233,Market Neutral,3.4726500405860987,1041.7950121758304,,,,3449324.0,3.449324,302.02874887248356,Projected Neutral Value
P00445-2026,P00445,jay huff,2025-26,2026,Jay Huff,IND,2349578.0,2.349578,,C,Center,6.245666666666667,1873.7,797.4623528139947,Efficient Role Player,4.943346865047118,1483.0040595141352,,,,2349578.0,2.349578,631.1789008554451,Projected Positive Value
P00447-2026,P00447,jaylen brown,2025-26,2026,Jaylen Brown,BOS,53142264.0,53.142264,,G,Unknown,10.704433333333332,3211.33,60.42892715297188,Expensive but Worth It,9.615437954739312,2884.6313864217946,,,,53142264.0,53.142264,54.28130398098573,Projected Value Risk
P00448-2026,P00448,jaylen clark,2025-26,2026,Jaylen Clark,MIN,2191897.0,2.191897,,G,Unknown,2.0762666666666667,622.88,284.1739370052516,Market Neutral,1.9887345622914954,596.6203686874484,,,,2191897.0,2.191897,272.1936152508299,Projected Neutral Value
P00454-2026,P00454,jaylen wells,2025-26,2026,Jaylen Wells,MEM,1955377.0,1.955377,,F,Unknown,4.747199999999999,1424.1599999999999,728.3301378711112,Efficient Role Player,4.347195352389822,1304.1586057169468,,,,1955377.0,1.955377,666.9601850266965,Projected Positive Value
P00455-2026,P00455,jaylin williams,2025-26,2026,Jaylin Williams,OKC,8450794.0,8.450794,,F,Unknown,4.2683333333333335,1280.5,151.52422364099752,Market Neutral,3.7505743040005104,1125.172291200153,,,,8450794.0,8.450794,133.1439733592078,Projected Value Risk
P00456-2026,P00456,jaylon tyson,2025-26,2026,Jaylon Tyson,CLE,3492480.0,3.49248,,G,Unknown,5.4384,1631.52,467.152281473337,Efficient Role Player,4.991041372923984,1497.312411877195,,,,3492480.0,3.49248,428.72469187431136,Projected Neutral Value
P00457-2026,P00457,jayson kent,2025-26,2026,Jayson Kent,POR,,,,G,Unknown,0.07333333333333333,22.0,,Salary Unavailable,0.4202292084222954,126.0687625266885,,,,,,,No Salary Baseline
P00458-2026,P00458,jayson tatum,2025-26,2026,Jayson Tatum,BOS,54126450.0,54.12645,,F,Unknown,2.354666666666667,706.4000000000001,13.050920575799818,Insufficient Minutes / Context,5.814956682748796,1744.487004824639,,,,54126450.0,54.12645,32.229843354305316,Projected Value Risk
P00461-2026,P00461,jeff green,2025-26,2026,Jeff Green,HOU,2296274.0,2.296274,,F,Unknown,0.411,123.3,53.69568265808,Insufficient Minutes / Context,0.6656231713380627,199.68695140141838,,,,2296274.0,2.296274,86.96129094412008,Projected Value Risk
P00463-2026,P00463,jerami grant,2025-26,2026,Jerami Grant,POR,32000000.0,32.0,,F,Unknown,5.272499999999999,1581.7499999999998,49.42968749999999,High-Cost Low-Return,5.494049969417475,1648.214990825243,,,,32000000.0,32.0,51.50671846328884,Projected Value Risk
P00464-2026,P00464,jeremiah fears,2025-26,2026,Jeremiah Fears,NOP,7520040.0,7.52004,,G,Unknown,7.226933333333335,2168.0800000000004,288.30697709054743,Market Neutral,5.884183189567741,1765.254956870324,,,,7520040.0,7.52004,234.74010203008547,Projected Value Risk
P00465-2026,P00465,jeremiah robinson earl,2025-26,2026,Jeremiah Robinson-Earl,DAL,,,,F,Unknown,0.8792666666666665,263.78,,Salary Unavailable,1.5903459003288236,477.10377009864686,,,,,,,No Salary Baseline
P00467-2026,P00467,jeremy sochan,2025-26,2026,Jeremy Sochan,NYK,778622.0,0.778622,,F,Unknown,1.3390666666666666,401.71999999999997,515.9371299552286,Insufficient Minutes / Context,1.587642604829637,476.29278144889093,,,,778622.0,0.778622,611.7124631064764,Projected Positive Value
P00468-2026,P00468,jericho sims,2025-26,2026,Jericho Sims,MIL,2461463.0,2.461463,,C,Center,3.2829999999999995,984.8999999999999,400.1278914206713,Efficient Role Player,2.864079714665184,859.2239143995549,,,,2461463.0,2.461463,349.07041641477235,Projected Neutral Value
P00471-2026,P00471,jett howard,2025-26,2026,Jett Howard,ORL,5529720.0,5.52972,,G,Unknown,1.7453333333333334,523.6,94.68833865005823,Market Neutral,1.8750105349870232,562.5031604961071,,,,5529720.0,5.52972,101.72362443235951,Projected Value Risk
P00472-2026,P00472,jevon carter,2025-26,2026,Jevon Carter,ORL,871000.0,0.871,,G,Unknown,2.3214,696.4200000000001,799.5637198622275,Efficient Role Player,2.428417206536711,728.5251619610128,,,,871000.0,0.871,836.4238369242397,Projected Positive Value
P00473-2026,P00473,jimmy butler iii,2025-26,2026,Jimmy Butler III,GSW,54126450.0,54.12645,,F,Unknown,4.720866666666666,1416.2599999999998,26.165765536073394,High-Cost Low-Return,6.057424075726402,1817.227222717921,,,,54126450.0,54.12645,33.57373747433872,Projected Value Risk
P00474-2026,P00474,joan beringer,2025-26,2026,Joan Beringer,MIN,4201080.0,4.20108,,F,Unknown,1.268,380.4,90.54814476277528,Insufficient Minutes / Context,1.6351427423955274,490.54282271865753,,,,4201080.0,4.20108,116.76588465791119,Projected Value Risk
P00475-2026,P00475,jock landale,2025-26,2026,Jock Landale,MEM,2296274.0,2.296274,,C,Center,5.007066666666667,1502.1200000000001,654.1553838958243,Efficient Role Player,4.53483193297006,1360.4495798910184,,,,2296274.0,2.296274,592.4596018989974,Projected Positive Value
P00477-2026,P00477,joe ingles,2025-26,2026,Joe Ingles,MIN,2296274.0,2.296274,,F,Unknown,0.44909999999999994,134.73,58.67331163441296,Insufficient Minutes / Context,0.6051612838496584,181.54838515489723,,,,2296274.0,2.296274,79.06216120327855,Projected Value Risk
P00481-2026,P00481,joel embiid,2025-26,2026,Joel Embiid,PHI,55224526.0,55.224526,,C,Center,5.6354,1690.62,30.613571948086978,High-Cost Low-Return,7.506345074601061,2251.903522380318,,,,55224526.0,55.224526,40.77723586763457,Projected Value Risk
P00483-2026,P00483,john collins,2025-26,2026,John Collins,LAC,26580000.0,26.58,,F,Unknown,5.7178,1715.3400000000001,64.5349887133183,High-Cost Low-Return,5.139711758258663,1541.9135274775997,,,,26580000.0,26.58,58.01029072526711,Projected Value Risk
P00484-2026,P00484,john konchar,2025-26,2026,John Konchar,MEM,6165000.0,6.165,,G,Unknown,3.4925333333333333,1047.76,169.9529602595296,Market Neutral,3.1676064606483982,950.2819381945197,,,,6165000.0,6.165,154.1414336081946,Projected Value Risk
P00485-2026,P00485,john poulakidas,2025-26,2026,John Poulakidas,DAL,,,,G,Unknown,0.6439333333333332,193.17999999999998,,Salary Unavailable,1.9891967546423377,596.7590263927012,,,,,,,No Salary Baseline
P00486-2026,P00486,john tonje,2025-26,2026,John Tonje,UTA,,,,G,Unknown,0.10099999999999999,30.299999999999997,,Salary Unavailable,0.5407830756266229,162.23492268798682,,,,,,,No Salary Baseline
P00488-2026,P00488,johni broome,2025-26,2026,Johni Broome,PHI,1272870.0,1.27287,,F,Unknown,0.16500000000000004,49.50000000000001,38.88849607579722,Insufficient Minutes / Context,0.7026688058646148,210.80064175938514,,,,1272870.0,1.27287,165.61050363303806,Projected Value Risk
P00490-2026,P00490,johnny furphy,2025-26,2026,Johnny Furphy,IND,1955377.0,1.955377,,G,Unknown,1.6076666666666666,482.29999999999995,246.65320293733637,Market Neutral,2.1959787002401305,658.793610072039,,,,1955377.0,1.955377,336.91385859199477,Projected Neutral Value
P00491-2026,P00491,johnny juzang,2025-26,2026,Johnny Juzang,MIN,,,,G,Unknown,0.24569999999999997,73.71,,Salary Unavailable,0.6153787251205838,184.61361753617496,,,,,,,No Salary Baseline
P00492-2026,P00492,jonas valanciunas,2025-26,2026,Jonas Valanciunas,DEN,10395000.0,10.395,,C,Center,3.8826666666666667,1164.8,112.05387205387206,Market Neutral,3.671470954426354,1101.441286327906,,,,10395000.0,10.395,105.95875770350227,Projected Value Risk
P00493-2026,P00493,jonathan isaac,2025-26,2026,Jonathan Isaac,ORL,15000000.0,15.0,,F,Unknown,1.5426666666666669,462.80000000000007,30.85333333333334,High-Cost Low-Return,1.680435653564477,504.13069606934283,,,,15000000.0,15.0,33.60871307128952,Projected Value Risk
P00494-2026,P00494,jonathan kuminga,2025-26,2026,Jonathan Kuminga,GSW,22500000.0,22.5,,F,Unknown,2.7803999999999998,834.1199999999999,37.071999999999996,High-Cost Low-Return,3.779390307303019,1133.8170921909061,,,,22500000.0,22.5,50.39187076404027,Projected Value Risk
P00495-2026,P00495,jonathan mogbo,2025-26,2026,Jonathan Mogbo,TOR,1955377.0,1.955377,,F,Unknown,0.7386666666666667,221.6,113.32852948561838,Insufficient Minutes / Context,0.9529201087036485,285.8760326110939,,,,1955377.0,1.955377,146.1999566380774,Projected Value Risk
P00497-2026,P00497,jordan clarkson,2025-26,2026,Jordan Clarkson,NYK,2296274.0,2.296274,,G,Unknown,3.1944,958.3199999999999,417.3369554330189,Efficient Role Player,2.9799611771779606,893.9883531533882,,,,2296274.0,2.296274,389.3212888154411,Projected Neutral Value
P00499-2026,P00499,jordan goodwin,2025-26,2026,Jordan Goodwin,PHO,2349578.0,2.349578,,G,Unknown,5.128666666666667,1538.6,654.8409969790318,Efficient Role Player,4.372294811109609,1311.6884433328828,,,,2349578.0,2.349578,558.265545273612,Projected Positive Value
P00501-2026,P00501,jordan hawkins,2025-26,2026,Jordan Hawkins,NOP,4741320.0,4.74132,,G,Unknown,1.5537999999999998,466.14,98.3143934600491,Market Neutral,1.7671304177583869,530.139125327516,,,,4741320.0,4.74132,111.81255965164047,Projected Value Risk
P00502-2026,P00502,jordan mclaughlin,2025-26,2026,Jordan McLaughlin,SAS,2296274.0,2.296274,,G,Unknown,0.7905333333333334,237.16000000000003,103.2803576576663,Insufficient Minutes / Context,0.9470789567061157,284.12368701183453,,,,2296274.0,2.296274,123.73248445605121,Projected Value Risk
P00503-2026,P00503,jordan miller,2025-26,2026,Jordan Miller,LAC,712637.0,0.712637,,G,Unknown,3.79,1137.0,1595.4826931523344,Efficient Role Player,3.6791349645750864,1103.7404893725256,,,,712637.0,0.712637,1548.8116521770912,Projected Bargain
P00505-2026,P00505,jordan poole,2025-26,2026,Jordan Poole,NOP,31848215.0,31.848215,,G,Unknown,2.8145,844.3499999999999,26.511689901616148,High-Cost Low-Return,3.687255881567289,1106.1767644701872,,,,31848215.0,31.848215,34.732771192049135,Projected Value Risk
P00507-2026,P00507,jordan walsh,2025-26,2026,Jordan Walsh,BOS,2221677.0,2.221677,,G,Unknown,3.2866666666666666,986.0,443.8088885107961,Efficient Role Player,2.8811511344630345,864.3453403389102,,,,2221677.0,2.221677,389.0508567802206,Projected Neutral Value
P00508-2026,P00508,jose alvarado,2025-26,2026,Jose Alvarado,NYK,4500000.0,4.5,,G,Unknown,4.071,1221.3,271.4,Market Neutral,3.5214584322377265,1056.4375296713185,,,,4500000.0,4.5,234.76389548251524,Projected Value Risk
P00510-2026,P00510,josh giddey,2025-26,2026,Josh Giddey,CHI,25000000.0,25.0,,G,Unknown,7.4718,2241.54,89.66159999999999,High-Cost Low-Return,7.213756899580603,2164.1270698741814,,,,25000000.0,25.0,86.56508279496725,Projected Value Risk
P00511-2026,P00511,josh green,2025-26,2026,Josh Green,CHO,13666667.0,13.666667,,G,Unknown,1.7709333333333332,531.28,38.874145393313526,Market Neutral,1.7339092568292336,520.1727770487697,,,,13666667.0,13.666667,38.06142178255823,Projected Value Risk
P00512-2026,P00512,josh hart,2025-26,2026,Josh Hart,NYK,19472240.0,19.47224,,G,Unknown,6.683599999999999,2005.08,102.97120413470664,Market Neutral,5.763578057784131,1729.07341733524,,,,19472240.0,19.47224,88.7968419316545,Projected Value Risk
P00514-2026,P00514,josh minott,2025-26,2026,Josh Minott,BRK,2378870.0,2.37887,,F,Unknown,2.5953666666666666,778.61,327.3024587304056,Market Neutral,2.806584901981392,841.9754705944173,,,,2378870.0,2.37887,353.9392529202593,Projected Neutral Value
P00515-2026,P00515,josh oduro,2025-26,2026,Josh Oduro,NOP,,,,C,Center,0.1879,56.370000000000005,,Salary Unavailable,2.2087338496173876,662.6201548852157,,,,,,,No Salary Baseline
P00516-2026,P00516,josh okogie,2025-26,2026,Josh Okogie,HOU,7750000.0,7.75,,G,Unknown,2.9822,894.6600000000001,115.44000000000001,Market Neutral,2.551952029520348,765.5856088561044,,,,7750000.0,7.75,98.78523985240057,Projected Value Risk
P00519-2026,P00519,jrue holiday,2025-26,2026,Jrue Holiday,POR,32400000.0,32.4,,G,Unknown,5.559699999999999,1667.9099999999999,51.4787037037037,High-Cost Low-Return,5.655818384894128,1696.745515468238,,,,32400000.0,32.4,52.36868874901969,Projected Value Risk
P00523-2026,P00523,julian champagnie,2025-26,2026,Julian Champagnie,SAS,3000000.0,3.0,,F,Unknown,6.398733333333333,1919.62,639.8733333333333,Efficient Role Player,5.075283947147086,1522.585184144126,,,,3000000.0,3.0,507.52839471470867,Projected Positive Value
P00524-2026,P00524,julian phillips,2025-26,2026,Julian Phillips,MIN,2221677.0,2.221677,,F,Unknown,0.9599999999999999,287.99999999999994,129.63180516339682,Insufficient Minutes / Context,1.1653386889243575,349.6016066773071,,,,2221677.0,2.221677,157.35933111667765,Projected Value Risk
P00525-2026,P00525,julian reese,2025-26,2026,Julian Reese,WAS,,,,F,Unknown,1.3259999999999998,397.79999999999995,,Salary Unavailable,3.747514939748659,1124.2544819245975,,,,,,,No Salary Baseline
P00526-2026,P00526,julian strawther,2025-26,2026,Julian Strawther,DEN,2674200.0,2.6742,,G,Unknown,2.3085,692.55,258.9746466232892,Market Neutral,2.443504929548239,733.051478864472,,,,2674200.0,2.6742,274.11991581200806,Projected Neutral Value
P00527-2026,P00527,julius randle,2025-26,2026,Julius Randle,MIN,30864198.0,30.864198,,F,Unknown,9.964533333333334,2989.36,96.85526252780002,Expensive but Worth It,8.22098118721751,2466.2943561652532,,,,30864198.0,30.864198,79.90793592515358,Projected Value Risk
P00529-2026,P00529,justin champagnie,2025-26,2026,Justin Champagnie,WAS,2349578.0,2.349578,,F,Unknown,4.8346,1450.38,617.2938289343874,Efficient Role Player,4.206302160229463,1261.8906480688388,,,,2349578.0,2.349578,537.0711881320129,Projected Positive Value
P00530-2026,P00530,justin edwards,2025-26,2026,Justin Edwards,PHI,2048494.0,2.048494,,F,Unknown,2.592,777.6,379.59593730809075,Efficient Role Player,2.452354535095556,735.706360528667,,,,2048494.0,2.048494,359.14499165175346,Projected Neutral Value
P00536-2026,P00536,jusuf nurkic,2025-26,2026,Jusuf Nurkic,UTA,19375000.0,19.375,,C,Center,4.5756000000000006,1372.68,70.848,High-Cost Low-Return,5.1957046850734,1558.7114055220195,,,,19375000.0,19.375,80.44962093016875,Projected Value Risk
P00539-2026,P00539,kj simpson,2025-26,2026,KJ Simpson,CHO,,,,G,Unknown,0.752,225.6,,Salary Unavailable,1.5700380554592666,471.0114166377799,,,,,,,No Salary Baseline
P00541-2026,P00541,kadary richmond,2025-26,2026,Kadary Richmond,WAS,,,,G,Unknown,0.2461000000000001,73.83000000000003,,Salary Unavailable,2.4247566783521246,727.4270035056371,,,,,,,No Salary Baseline
P00543-2026,P00543,kam jones,2025-26,2026,Kam Jones,IND,1272870.0,1.27287,,G,Unknown,1.4331333333333336,429.94000000000005,337.7721212692577,Market Neutral,1.8982038080491876,569.4611424147564,,,,1272870.0,1.27287,447.38358388111624,Projected Neutral Value
P00544-2026,P00544,karl anthony towns,2025-26,2026,Karl-Anthony Towns,NYK,54126450.0,54.12645,,C,Center,10.145,3043.5,56.229440504596184,Expensive but Worth It,8.46811261033386,2540.4337831001585,,,,54126450.0,54.12645,46.93516354943209,Projected Value Risk
P00545-2026,P00545,karlo matkovic,2025-26,2026,Karlo Matkovic,NOP,1955377.0,1.955377,,F,Unknown,3.0462666666666665,913.88,467.3676738552208,Efficient Role Player,2.8567320768504754,857.0196230551421,,,,1955377.0,1.955377,438.28868962616525,Projected Neutral Value
P00546-2026,P00546,kasparas jakucionis,2025-26,2026,Kasparas Jakucionis,MIA,3658800.0,3.6588,,G,Unknown,2.5475333333333334,764.26,208.8826937793812,Market Neutral,2.5560400844138864,766.8120253241658,,,,3658800.0,3.6588,209.58019714774403,Projected Value Risk
P00547-2026,P00547,kawhi leonard,2025-26,2026,Kawhi Leonard,LAC,50000000.0,50.0,,F,Unknown,9.940666666666665,2982.2,59.644,Expensive but Worth It,9.302387847505473,2790.716354251643,,,,50000000.0,50.0,55.814327085032865,Projected Value Risk
P00548-2026,P00548,keaton wallace,2025-26,2026,Keaton Wallace,ATL,2296274.0,2.296274,,G,Unknown,1.5582,467.46000000000004,203.57326695333398,Market Neutral,1.685115061527057,505.534518458117,,,,2296274.0,2.296274,220.1542666328657,Projected Value Risk
P00549-2026,P00549,keegan murray,2025-26,2026,Keegan Murray,SAC,11144093.0,11.144093,,F,Unknown,2.2992333333333335,689.77,61.89557104378077,Market Neutral,4.209999710432296,1262.999913129689,,,,11144093.0,11.144093,113.33357619410472,Projected Value Risk
P00553-2026,P00553,kel el ware,2025-26,2026,Kel'el Ware,MIA,4443360.0,4.44336,,C,Center,7.148166666666666,2144.45,482.61900903820526,Efficient Role Player,5.83297271121697,1749.8918133650905,,,,4443360.0,4.44336,393.82175051427083,Projected Neutral Value
P00555-2026,P00555,keldon johnson,2025-26,2026,Keldon Johnson,SAS,17500000.0,17.5,,F,Unknown,6.281199999999999,1884.3599999999997,107.67771428571427,Market Neutral,5.235982730761447,1570.7948192284343,,,,17500000.0,17.5,89.75970395591054,Projected Value Risk
P00557-2026,P00557,kelly olynyk,2025-26,2026,Kelly Olynyk,SAS,13445122.0,13.445122,,F,Unknown,1.1284,338.52000000000004,25.17790467055636,Insufficient Minutes / Context,1.4073363280933915,422.2008984280169,,,,13445122.0,13.445122,31.401790063936712,Projected Value Risk
P00558-2026,P00558,kelly oubre jr,2025-26,2026,Kelly Oubre Jr.,PHI,8382150.0,8.38215,,G,Unknown,4.466666666666667,1340.0,159.8635195027529,Market Neutral,4.791850903746388,1437.5552711239166,,,,8382150.0,8.38215,171.50197397134585,Projected Value Risk
P00562-2026,P00562,kennedy chandler,2025-26,2026,Kennedy Chandler,UTA,,,,G,Unknown,1.1231,336.93,,Salary Unavailable,3.850081520538111,1155.0244561614343,,,,,,,No Salary Baseline
P00564-2026,P00564,kenrich williams,2025-26,2026,Kenrich Williams,OKC,7163000.0,7.163,,G,Unknown,2.5872,776.1600000000001,108.35683372888455,Market Neutral,2.685750747599648,805.7252242798943,,,,7163000.0,7.163,112.4843256009904,Projected Value Risk
P00566-2026,P00566,kentavious caldwell pope,2025-26,2026,Kentavious Caldwell-Pope,MEM,21621500.0,21.6215,,G,Unknown,2.9325,879.75,40.68866637374835,High-Cost Low-Return,3.0534970823936605,916.0491247180983,,,,21621500.0,21.6215,42.36751033545768,Projected Value Risk
P00567-2026,P00567,keon ellis,2025-26,2026,Keon Ellis,CLE,2301587.0,2.301587,,G,Unknown,3.6671999999999993,1100.1599999999999,478.0006143587011,Efficient Role Player,3.1597903597578774,947.9371079273627,,,,2301587.0,2.301587,411.86238361937336,Projected Neutral Value
P00569-2026,P00569,keshad johnson,2025-26,2026,Keshad Johnson,MIA,1955377.0,1.955377,,F,Unknown,0.9632000000000002,288.96000000000004,147.77712942312405,Insufficient Minutes / Context,1.4807910049176172,444.237301475285,,,,1955377.0,1.955377,227.18754566269575,Projected Value Risk
P00570-2026,P00570,keshon gilbert,2025-26,2026,Keshon Gilbert,WAS,,,,G,Unknown,0.18346666666666667,55.04,,Salary Unavailable,1.30213758880759,390.64127664227647,,,,,,,No Salary Baseline
P00572-2026,P00572,kevin durant,2025-26,2026,Kevin Durant,HOU,54708609.0,54.708609,,F,Unknown,10.842,3252.6,59.45316577140537,Expensive but Worth It,9.14613268968371,2743.8398069051136,,,,54708609.0,54.708609,50.15371176600585,Projected Value Risk
P00573-2026,P00573,kevin huerter,2025-26,2026,Kevin Huerter,DET,17991071.0,17.991071,,G,Unknown,4.899,1469.7,81.69052303778913,High-Cost Low-Return,4.304765745938633,1291.4297237815904,,,,17991071.0,17.991071,71.78170347844163,Projected Value Risk
P00575-2026,P00575,kevin love,2025-26,2026,Kevin Love,UTA,4150000.0,4.15,,F,Unknown,2.1410666666666667,642.3199999999999,154.7759036144578,Market Neutral,2.6848633447405565,805.459003422167,,,,4150000.0,4.15,194.08650684871492,Projected Value Risk
P00576-2026,P00576,kevin mccullar jr,2025-26,2026,Kevin McCullar Jr.,NYK,,,,G,Unknown,0.4242000000000001,127.26000000000002,,Salary Unavailable,0.9624711565415994,288.7413469624797,,,,,,,No Salary Baseline
P00578-2026,P00578,kevin porter jr,2025-26,2026,Kevin Porter Jr.,MIL,5134000.0,5.134,,G,Unknown,5.059066666666666,1517.7199999999998,295.62134787689905,Market Neutral,6.136624814762661,1840.9874444287987,,,,5134000.0,5.134,358.58734796042046,Projected Neutral Value
P00580-2026,P00580,kevon looney,2025-26,2026,Kevon Looney,NOP,8000000.0,8.0,,F,Unknown,0.9954000000000001,298.62,37.3275,Insufficient Minutes / Context,1.7659256283872236,529.7776885161674,,,,8000000.0,8.0,66.22221106452092,Projected Value Risk
P00582-2026,P00582,keyonte george,2025-26,2026,Keyonte George,UTA,4278960.0,4.27896,,G,Unknown,6.8922,2067.66,483.2155477031802,Efficient Role Player,7.1930946318956375,2157.9283895686917,,,,4278960.0,4.27896,504.3114190290846,Projected Positive Value
P00583-2026,P00583,khaman maluach,2025-26,2026,Khaman Maluach,PHO,6016080.0,6.01608,,C,Center,1.3079333333333334,392.38,65.22187204957382,Insufficient Minutes / Context,1.549828622438453,464.9485867315352,,,,6016080.0,6.01608,77.28430917333799,Projected Value Risk
P00585-2026,P00585,khris middleton,2025-26,2026,Khris Middleton,DAL,33926296.0,33.926296,,F,Unknown,4.1034,1231.02,36.285128208514124,High-Cost Low-Return,3.834254752903947,1150.2764258711845,,,,33926296.0,33.926296,33.90515798928313,Projected Value Risk
P00586-2026,P00586,killian hayes,2025-26,2026,Killian Hayes,SAC,,,,G,Unknown,1.1967666666666668,359.03000000000003,,Salary Unavailable,2.017218055582582,605.1654166747751,,,,,,,No Salary Baseline
P00589-2026,P00589,klay thompson,2025-26,2026,Klay Thompson,DAL,16666667.0,16.666667,,G,Unknown,4.098599999999999,1229.58,73.77479852450402,High-Cost Low-Return,3.877455005964614,1163.2365017893846,,,,16666667.0,16.666667,69.79418871147931,Projected Value Risk
P00590-2026,P00590,kobe brown,2025-26,2026,Kobe Brown,LAC,2654880.0,2.65488,,G,Unknown,2.4908333333333332,747.25,281.4628156451516,Market Neutral,2.4155424513500448,724.6627354050133,,,,2654880.0,2.65488,272.9549868186183,Projected Neutral Value
P00591-2026,P00591,kobe bufkin,2025-26,2026,Kobe Bufkin,MEM,831410.0,0.83141,,G,Unknown,0.28586666666666666,85.76,103.15007036239642,Insufficient Minutes / Context,0.7513382990791032,225.40148972373086,,,,831410.0,0.83141,271.1075037872179,Projected Neutral Value
P00592-2026,P00592,kobe sanders,2025-26,2026,Kobe Sanders,LAC,,,,G,Unknown,3.0962666666666663,928.8799999999999,,Salary Unavailable,2.8270158436353316,848.1047530905998,,,,,,,No Salary Baseline
P00594-2026,P00594,koby brea,2025-26,2026,Koby Brea,PHO,,,,G,Unknown,0.2336,70.08,,Salary Unavailable,0.7252247809416766,217.56743428250275,,,,,,,No Salary Baseline
P00595-2026,P00595,kon knueppel,2025-26,2026,Kon Knueppel,CHO,10015680.0,10.01568,,G,Unknown,8.278199999999998,2483.4599999999996,247.95720310553048,Market Neutral,6.829478823623278,2048.8436470869838,,,,10015680.0,10.01568,204.5636089698337,Projected Value Risk
P00596-2026,P00596,kris dunn,2025-26,2026,Kris Dunn,LAC,5426000.0,5.426,,G,Unknown,5.6470666666666665,1694.12,312.2226317729451,Market Neutral,4.278726960216213,1283.6180880648649,,,,5426000.0,5.426,236.5680221276935,Projected Value Risk
P00597-2026,P00597,kris murray,2025-26,2026,Kris Murray,POR,3132000.0,3.132,,F,Unknown,2.9107999999999996,873.2399999999999,278.8122605363984,Market Neutral,2.790764354653081,837.2293063959244,,,,3132000.0,3.132,267.31459335757484,Projected Neutral Value
P00598-2026,P00598,kristaps porzingis,2025-26,2026,Kristaps Porzingis,GSW,30731707.0,30.731707,,C,Center,3.284266666666666,985.2799999999999,32.06069874348339,High-Cost Low-Return,4.849040143268841,1454.7120429806528,,,,30731707.0,30.731707,47.33586855362941,Projected Value Risk
P00599-2026,P00599,kyle anderson,2025-26,2026,Kyle Anderson,MEM,567470.0,0.56747,,F,Unknown,2.6731666666666665,801.9499999999999,1413.2024600419404,Efficient Role Player,2.9670399883709178,890.111996511276,,,,567470.0,0.56747,1568.5622085947732,Projected Bargain
P00600-2026,P00600,kyle filipowski,2025-26,2026,Kyle Filipowski,UTA,3000000.0,3.0,,F,Unknown,6.811933333333332,2043.5799999999997,681.1933333333333,Efficient Role Player,5.568691688524206,1670.6075065572622,,,,3000000.0,3.0,556.8691688524208,Projected Positive Value
P00602-2026,P00602,kyle kuzma,2025-26,2026,Kyle Kuzma,MIL,21810605.0,21.810605,,F,Unknown,5.531499999999999,1659.4499999999998,76.08454694402103,High-Cost Low-Return,4.970478023328341,1491.143406998503,,,,21810605.0,21.810605,68.36781496884214,Projected Value Risk
P00603-2026,P00603,kyle lowry,2025-26,2026,Kyle Lowry,PHI,2296274.0,2.296274,,G,Unknown,0.15960000000000002,47.88000000000001,20.851170200071948,Insufficient Minutes / Context,0.4465981593460033,133.9794478038014,,,,2296274.0,2.296274,58.34645508497741,Projected Value Risk
P00606-2026,P00606,kyshawn george,2025-26,2026,Kyshawn George,WAS,2966760.0,2.96676,,F,Unknown,4.9232000000000005,1476.9600000000003,497.8360231363509,Efficient Role Player,5.292219277057325,1587.6657831171976,,,,2966760.0,2.96676,535.1514052761928,Projected Positive Value
P00607-2026,P00607,lj cryer,2025-26,2026,LJ Cryer,GSW,,,,G,Unknown,0.6852,205.56,,Salary Unavailable,1.6994459878798656,509.83379636395944,,,,,,,No Salary Baseline
P00609-2026,P00609,lamelo ball,2025-26,2026,LaMelo Ball,CHO,37958760.0,37.95876,,G,Unknown,9.1704,2751.1200000000003,72.4765508673097,Expensive but Worth It,7.8351648677725025,2350.549460331751,,,,37958760.0,37.95876,61.923768329938895,Projected Value Risk
P00610-2026,P00610,lachlan olbrich,2025-26,2026,Lachlan Olbrich,CHI,,,,C,Center,1.0791666666666666,323.75,,Salary Unavailable,1.4992302076290895,449.76906228872684,,,,,,,No Salary Baseline
P00613-2026,P00613,landry shamet,2025-26,2026,Landry Shamet,NYK,2296274.0,2.296274,,G,Unknown,2.6112,783.36,341.1439575590718,Market Neutral,2.9104744622073935,873.1423386622181,,,,2296274.0,2.296274,380.2430975842683,Projected Neutral Value
P00615-2026,P00615,larry nance jr,2025-26,2026,Larry Nance Jr.,CLE,2296274.0,2.296274,,F,Unknown,1.1946666666666665,358.4,156.07893483094787,Insufficient Minutes / Context,1.6928040381369662,507.84121144108974,,,,2296274.0,2.296274,221.15880397595834,Projected Value Risk
P00616-2026,P00616,lauri markkanen,2025-26,2026,Lauri Markkanen,UTA,46394100.0,46.3941,,F,Unknown,5.7581999999999995,1727.4599999999998,37.23447593551766,High-Cost Low-Return,7.268895121411549,2180.6685364234645,,,,46394100.0,46.3941,47.00314342607065,Projected Value Risk
P00617-2026,P00617,lawson lovering,2025-26,2026,Lawson Lovering,MEM,,,,C,Center,0.155,46.5,,Salary Unavailable,2.44759239515576,734.2777185467273,,,,,,,No Salary Baseline
P00618-2026,P00618,lebron james,2025-26,2026,LeBron James,LAL,52627153.0,52.627153,,F,Unknown,8.283999999999999,2485.2,47.222771104490484,Expensive but Worth It,7.812357120186078,2343.7071360558243,,,,52627153.0,52.627153,44.53418059790968,Projected Value Risk
P00619-2026,P00619,leaky black,2025-26,2026,Leaky Black,WAS,,,,F,Unknown,0.9775,293.25,,Salary Unavailable,2.3460260661828944,703.8078198548685,,,,,,,No Salary Baseline
P00621-2026,P00621,leonard miller,2025-26,2026,Leonard Miller,MIN,2221677.0,2.221677,,F,Unknown,2.3199333333333336,695.9800000000001,313.26786026951714,Market Neutral,2.7186715217404194,815.6014565221254,,,,2221677.0,2.221677,367.1107260515932,Projected Neutral Value
P00623-2026,P00623,liam mcneeley,2025-26,2026,Liam McNeeley,CHO,2763960.0,2.76396,,G,Unknown,0.9176000000000001,275.28000000000003,99.59623149394348,Insufficient Minutes / Context,1.4026428727120033,420.79286181360084,,,,2763960.0,2.76396,152.24274657144127,Projected Value Risk
P00626-2026,P00626,lindy waters iii,2025-26,2026,Lindy Waters III,SAS,2296274.0,2.296274,,F,Unknown,0.5853333333333333,175.6,76.47171025757379,Insufficient Minutes / Context,0.8774275755106297,263.22827265318864,,,,2296274.0,2.296274,114.63278017047993,Projected Value Risk
P00628-2026,P00628,lonzo ball,2025-26,2026,Lonzo Ball,CLE,10000000.0,10.0,,G,Unknown,2.1641666666666666,649.25,64.925,Market Neutral,2.6207199171165696,786.2159751349709,,,,10000000.0,10.0,78.6215975134971,Projected Value Risk
P00631-2026,P00631,lucas williamson,2025-26,2026,Lucas Williamson,MEM,,,,G,Unknown,0.5711999999999998,171.35999999999996,,Salary Unavailable,2.737574512152511,821.2723536457531,,,,,,,No Salary Baseline
P00632-2026,P00632,luguentz dort,2025-26,2026,Luguentz Dort,OKC,18222222.0,18.222222,,G,Unknown,4.029599999999999,1208.8799999999999,66.3409764187924,High-Cost Low-Return,3.536414466973495,1060.924340092049,,,,18222222.0,18.222222,58.221458397996095,Projected Value Risk
P00633-2026,P00633,luka doncic,2025-26,2026,Luka Doncic,LAL,54126450.0,54.12645,,G,Unknown,12.264533333333334,3679.3600000000006,67.97711654837886,Expensive but Worth It,11.448758780656267,3434.627634196881,,,,54126450.0,54.12645,63.45562352965844,Projected Value Risk
P00634-2026,P00634,luka garza,2025-26,2026,Luka Garza,BOS,2461463.0,2.461463,,C,Center,3.7305999999999995,1119.1799999999998,454.68081380869825,Efficient Role Player,3.4032811662219418,1020.9843498665823,,,,2461463.0,2.461463,414.78760796590575,Projected Neutral Value
P00636-2026,P00636,luke kennard,2025-26,2026,Luke Kennard,LAL,11000000.0,11.0,,G,Unknown,4.1756,1252.68,113.88000000000001,Market Neutral,3.464088030308107,1039.2264090924325,,,,11000000.0,11.0,94.47512809931204,Projected Value Risk
P00637-2026,P00637,luke kornet,2025-26,2026,Luke Kornet,SAS,11000000.0,11.0,,C,Center,4.707866666666666,1412.36,128.39636363636362,Market Neutral,3.9391754367619876,1181.7526310285962,,,,11000000.0,11.0,107.43205736623601,Projected Value Risk
P00638-2026,P00638,luke travers,2025-26,2026,Luke Travers,CLE,,,,F,Unknown,0.33199999999999996,99.6,,Salary Unavailable,0.8996983832750969,269.90951498252923,,,,,,,No Salary Baseline
P00639-2026,P00639,mac mcclung,2025-26,2026,Mac McClung,CHI,,,,G,Unknown,0.42643333333333333,127.92999999999999,,Salary Unavailable,1.502514501102726,450.75435033081783,,,,,,,No Salary Baseline
P00641-2026,P00641,malachi smith,2025-26,2026,Malachi Smith,BRK,,,,G,Unknown,0.9865000000000002,295.95000000000005,,Salary Unavailable,2.389580124021118,716.8740372063356,,,,,,,No Salary Baseline
P00642-2026,P00642,malaki branham,2025-26,2026,Malaki Branham,WAS,4962033.0,4.962033,,G,Unknown,0.8138666666666665,244.15999999999997,49.20563809228999,Insufficient Minutes / Context,1.3708840707039391,411.2652212111817,,,,4962033.0,4.962033,82.88240348485827,Projected Value Risk
P00645-2026,P00645,malevy leons,2025-26,2026,Malevy Leons,GSW,,,,F,Unknown,0.8058333333333333,241.75,,Salary Unavailable,1.3464028683663427,403.92086050990287,,,,,,,No Salary Baseline
P00648-2026,P00648,malik monk,2025-26,2026,Malik Monk,SAC,18797618.0,18.797618,,G,Unknown,4.294533333333334,1288.3600000000001,68.53847120417066,High-Cost Low-Return,4.164644409572616,1249.3933228717854,,,,18797618.0,18.797618,66.46551296402477,Projected Value Risk
P00653-2026,P00653,marjon beauchamp,2025-26,2026,MarJon Beauchamp,PHI,,,,F,Unknown,0.6071333333333333,182.14,,Salary Unavailable,1.759306046789818,527.791814036945,,,,,,,No Salary Baseline
P00657-2026,P00657,marcus sasser,2025-26,2026,Marcus Sasser,DET,2886720.0,2.88672,,G,Unknown,1.3173333333333332,395.2,136.90278239663007,Insufficient Minutes / Context,1.7268903928140231,518.0671178442069,,,,2886720.0,2.88672,179.46566270514873,Projected Value Risk
P00658-2026,P00658,marcus smart,2025-26,2026,Marcus Smart,LAL,5134000.0,5.134,,G,Unknown,4.352400000000001,1305.7200000000003,254.32800934943518,Market Neutral,3.9301438003366194,1179.0431401009862,,,,5134000.0,5.134,229.6539034088403,Projected Value Risk
P00659-2026,P00659,mark sears,2025-26,2026,Mark Sears,MIL,,,,G,Unknown,0.07723333333333332,23.169999999999998,,Salary Unavailable,0.5013620400660258,150.408612019808,,,,,,,No Salary Baseline
P00660-2026,P00660,mark williams,2025-26,2026,Mark Williams,PHO,6276531.0,6.276531,,C,Center,5.42,1626.0,259.06029939149505,Market Neutral,5.15074898737622,1545.2246962128656,,,,6276531.0,6.276531,246.19088095205225,Projected Value Risk
P00661-2026,P00661,markelle fultz,2025-26,2026,Markelle Fultz,TOR,,,,G,Unknown,0.064,19.2,,Salary Unavailable,0.6704065216289541,201.12195648868672,,,,,,,No Salary Baseline
P00668-2026,P00668,marvin bagley iii,2025-26,2026,Marvin Bagley III,DAL,2296274.0,2.296274,,F,Unknown,4.5040000000000004,1351.2,588.4315199318548,Efficient Role Player,4.3722260752140905,1311.6678225642258,,,,2296274.0,2.296274,571.2157271145455,Projected Positive Value
P00670-2026,P00670,mason plumlee,2025-26,2026,Mason Plumlee,CHO,593864.0,0.593864,,C,Center,0.4826666666666667,144.8,243.82686945159165,Insufficient Minutes / Context,0.8658599133069762,259.7579739920922,,,,593864.0,0.593864,437.4031326904683,Projected Neutral Value
P00671-2026,P00671,matas buzelis,2025-26,2026,Matas Buzelis,CHI,5455560.0,5.45556,,F,Unknown,7.9335666666666675,2380.07,436.26502137269136,Bargain Star,6.6346778993858875,1990.4033698157662,,,,5455560.0,5.45556,364.8394243332978,Projected Neutral Value
P00672-2026,P00672,matisse thybulle,2025-26,2026,Matisse Thybulle,POR,11550000.0,11.55,,G,Unknown,1.615,484.5,41.94805194805195,Insufficient Minutes / Context,2.259685868647413,677.9057605942235,,,,11550000.0,11.55,58.69313944538731,Projected Value Risk
P00678-2026,P00678,max christie,2025-26,2026,Max Christie,DAL,7714286.0,7.714286,,G,Unknown,5.3746,1612.3799999999999,209.01221448102908,Market Neutral,4.536205138908638,1360.8615416725927,,,,7714286.0,7.714286,176.40797109059642,Projected Value Risk
P00679-2026,P00679,max shulga,2025-26,2026,Max Shulga,BOS,,,,G,Unknown,0.055,16.5,,Salary Unavailable,0.1423749176090486,42.712475282714855,,,,,,,No Salary Baseline
P00680-2026,P00680,max strus,2025-26,2026,Max Strus,CLE,15936452.0,15.936452,,G,Unknown,0.8311999999999999,249.35999999999999,15.647146554327149,Insufficient Minutes / Context,2.7121966350024262,813.6589905007278,,,,15936452.0,15.936452,51.056470442776586,Projected Value Risk
P00681-2026,P00681,maxi kleber,2025-26,2026,Maxi Kleber,LAL,11000000.0,11.0,,F,Unknown,1.0033333333333334,301.0,27.363636363636363,Insufficient Minutes / Context,1.261364943946258,378.40948318387746,,,,11000000.0,11.0,34.40086210762522,Projected Value Risk
P00682-2026,P00682,maxime raynaud,2025-26,2026,Maxime Raynaud,SAC,1272870.0,1.27287,,C,Center,6.240666666666667,1872.2,1470.8493404668193,Efficient Role Player,5.313167588704042,1593.9502766112125,,,,1272870.0,1.27287,1252.249072262849,Projected Bargain
P00688-2026,P00688,micah peavy,2025-26,2026,Micah Peavy,NOP,1272970.0,1.27297,,G,Unknown,2.069933333333333,620.98,487.8198229337691,Efficient Role Player,2.0290250442330793,608.7075132699237,,,,1272970.0,1.27297,478.1789934326211,Projected Neutral Value
P00689-2026,P00689,micah potter,2025-26,2026,Micah Potter,IND,1527805.0,1.527805,,C,Center,3.0315,909.4499999999999,595.2657570828737,Efficient Role Player,3.38366099700633,1015.0982991018986,,,,1527805.0,1.527805,664.4161389064041,Projected Positive Value
P00691-2026,P00691,michael porter jr,2025-26,2026,Michael Porter Jr.,BRK,38333050.0,38.33305,,F,Unknown,6.780800000000001,2034.2400000000002,53.067522672993675,High-Cost Low-Return,7.3200570595691765,2196.0171178707533,,,,38333050.0,38.33305,57.287826506650354,Projected Value Risk
P00692-2026,P00692,mikal bridges,2025-26,2026,Mikal Bridges,NYK,24900000.0,24.9,,G,Unknown,8.148066666666667,2444.42,98.1694779116466,Expensive but Worth It,6.409767387657716,1922.9302162973158,,,,24900000.0,24.9,77.22611310430987,Projected Value Risk
P00693-2026,P00693,mike conley,2025-26,2026,Mike Conley,MIN,725834.0,0.725834,,G,Unknown,2.3382,701.46,966.4193190178471,Efficient Role Player,2.2333993118127573,670.0197935438272,,,,725834.0,0.725834,923.1033453156331,Projected Bargain
P00695-2026,P00695,miles bridges,2025-26,2026,Miles Bridges,CHO,25000000.0,25.0,,F,Unknown,7.818066666666666,2345.4199999999996,93.81679999999999,Expensive but Worth It,6.5826061279247075,1974.7818383774131,,,,25000000.0,25.0,78.99127353509652,Projected Value Risk
P00696-2026,P00696,miles kelly,2025-26,2026,Miles Kelly,DAL,,,,G,Unknown,0.34019999999999995,102.05999999999999,,Salary Unavailable,0.8629106619307231,258.87319857921716,,,,,,,No Salary Baseline
P00697-2026,P00697,miles mcbride,2025-26,2026,Miles McBride,NYK,4333333.0,4.333333,,G,Unknown,2.9082666666666666,872.4799999999999,201.3415539493503,Market Neutral,3.6118518590631616,1083.5555577189489,,,,4333333.0,4.333333,250.0513017852422,Projected Neutral Value
P00699-2026,P00699,mitchell robinson,2025-26,2026,Mitchell Robinson,NYK,12954546.0,12.954546,,C,Center,4.6419999999999995,1392.6,107.49894284214976,Market Neutral,4.183652918417237,1255.0958755251704,,,,12954546.0,12.954546,96.88458982083743,Projected Value Risk
P00701-2026,P00701,mo bamba,2025-26,2026,Mo Bamba,TOR,,,,C,Center,0.15266666666666664,45.8,,Salary Unavailable,1.4188044415009888,425.6413324502966,,,,,,,No Salary Baseline
P00702-2026,P00702,mohamed diawara,2025-26,2026,Mohamed Diawara,NYK,1272870.0,1.27287,,F,Unknown,1.6053999999999997,481.61999999999995,378.3732824247566,Efficient Role Player,1.611526796929904,483.4580390789712,,,,1272870.0,1.27287,379.8172940512159,Projected Neutral Value
P00703-2026,P00703,monte morris,2025-26,2026,Monte Morris,IND,,,,PG,Guard,0.15180000000000002,45.540000000000006,,Salary Unavailable,0.9677993281837053,290.33979845511215,,,,,,,No Salary Baseline
P00705-2026,P00705,moritz wagner,2025-26,2026,Moritz Wagner,ORL,5000000.0,5.0,,F,Unknown,1.5528,465.84,93.16799999999999,Insufficient Minutes / Context,2.1784691344125786,653.5407403237734,,,,5000000.0,5.0,130.70814806475468,Projected Value Risk
P00707-2026,P00707,moses moody,2025-26,2026,Moses Moody,GSW,11574074.0,11.574074,,G,Unknown,4.452,1335.6,115.39584073853338,Market Neutral,4.324855676356459,1297.4567029069378,,,,11574074.0,11.574074,112.1002598486011,Projected Value Risk
P00709-2026,P00709,mouhamadou gueye,2025-26,2026,Mouhamadou Gueye,CHI,,,,F,Unknown,0.12733333333333335,38.2,,Salary Unavailable,2.04196154594031,612.5884637820927,,,,,,,No Salary Baseline
P00710-2026,P00710,mouhamed gueye,2025-26,2026,Mouhamed Gueye,ATL,2221677.0,2.221677,,F,Unknown,3.482966666666667,1044.89,470.3158920041032,Efficient Role Player,2.910351858797261,873.1055576391783,,,,2221677.0,2.221677,392.99392199639203,Projected Neutral Value
P00711-2026,P00711,moussa cisse,2025-26,2026,Moussa Cisse,DAL,,,,C,Center,2.0190666666666663,605.7199999999999,,Salary Unavailable,2.5257736258481587,757.7320877544473,,,,,,,No Salary Baseline
P00712-2026,P00712,moussa diabate,2025-26,2026,Moussa Diabate,CHO,2270735.0,2.270735,,F,Unknown,6.2269,1868.07,822.6719542350824,Efficient Role Player,5.057610713393103,1517.283214017931,,,,2270735.0,2.270735,668.1903498285493,Projected Positive Value
P00715-2026,P00715,myles turner,2025-26,2026,Myles Turner,MIL,25318251.0,25.318251,,C,Center,6.203033333333333,1860.9099999999999,73.50073273228865,High-Cost Low-Return,5.3224893183002235,1596.7467954900678,,,,25318251.0,25.318251,63.067026055238486,Projected Value Risk
P00716-2026,P00716,myron gardner,2025-26,2026,Myron Gardner,MIA,395029.0,0.395029,,F,Unknown,1.461,438.3,1109.5387933544118,Insufficient Minutes / Context,1.6856756195615916,505.702685868477,,,,395029.0,0.395029,1280.1659773547688,Projected Bargain
P00717-2026,P00717,n faly dante,2025-26,2026,N'Faly Dante,ATL,2048494.0,2.048494,,C,Center,0.05546666666666667,16.64,8.123040633753384,Insufficient Minutes / Context,0.3397605141345918,101.92815424037776,,,,2048494.0,2.048494,49.757604484259055,Projected Value Risk
P00718-2026,P00718,nae qwan tomlin,2025-26,2026,Nae'Qwan Tomlin,CLE,718150.0,0.71815,,F,Unknown,2.833066666666667,849.9200000000001,1183.4853442874053,Efficient Role Player,2.6596793710309683,797.9038113092904,,,,718150.0,0.71815,1111.0545308212636,Projected Bargain
P00719-2026,P00719,naji marshall,2025-26,2026,Naji Marshall,DAL,9000000.0,9.0,,F,Unknown,6.854866666666665,2056.4599999999996,228.4955555555555,Market Neutral,5.8811473400446905,1764.3442020134075,,,,9000000.0,9.0,196.03824466815638,Projected Value Risk
P00723-2026,P00723,nate williams,2025-26,2026,Nate Williams,GSW,,,,G,Unknown,0.5656,169.68,,Salary Unavailable,1.708114076628379,512.4342229885137,,,,,,,No Salary Baseline
P00725-2026,P00725,naz reid,2025-26,2026,Naz Reid,MIN,21551724.0,21.551724,,C,Center,7.3766,2212.98,102.68227265716655,Market Neutral,6.0963646406469065,1828.9093921940726,,,,21551724.0,21.551724,84.8613963409179,Projected Value Risk
P00726-2026,P00726,neemias queta,2025-26,2026,Neemias Queta,BOS,2349578.0,2.349578,,C,Center,7.126266666666665,2137.8799999999997,909.8995649431513,Efficient Role Player,5.731633504201551,1719.4900512604652,,,,2349578.0,2.349578,731.8293120128232,Projected Positive Value
P00729-2026,P00729,nic claxton,2025-26,2026,Nic Claxton,BRK,25352272.0,25.352272,,C,Center,6.791899999999999,2037.5699999999997,80.37031158390853,High-Cost Low-Return,5.809220367388188,1742.7661102164568,,,,25352272.0,25.352272,68.74200900875697,Projected Value Risk
P00730-2026,P00730,nick richards,2025-26,2026,Nick Richards,PHO,5000000.0,5.0,,C,Center,2.2191999999999994,665.7599999999999,133.152,Market Neutral,2.5206482981841387,756.1944894552415,,,,5000000.0,5.0,151.2388978910483,Projected Value Risk
P00731-2026,P00731,nick smith jr,2025-26,2026,Nick Smith Jr.,LAL,,,,G,Unknown,0.916,274.8,,Salary Unavailable,1.579272906342894,473.78187190286775,,,,,,,No Salary Baseline
P00732-2026,P00732,nickeil alexander walker,2025-26,2026,Nickeil Alexander-Walker,ATL,15161800.0,15.1618,,G,Unknown,8.769799999999998,2630.9399999999996,173.52425173792028,Expensive but Worth It,7.377845390309818,2213.353617092946,,,,15161800.0,15.1618,145.98224597956352,Projected Value Risk
P00733-2026,P00733,nicolas batum,2025-26,2026,Nicolas Batum,LAC,5601600.0,5.6016,,F,Unknown,2.602333333333333,780.6999999999999,139.37089403027704,Market Neutral,2.184284273021586,655.2852819064759,,,,5601600.0,5.6016,116.98180553885959,Projected Value Risk
P00734-2026,P00734,nigel hayes davis,2025-26,2026,Nigel Hayes-Davis,PHO,2296274.0,2.296274,,F,Unknown,0.36810000000000004,110.43,48.09095081858698,Insufficient Minutes / Context,0.7356131524039167,220.68394572117518,,,,2296274.0,2.296274,96.10523209389436,Projected Value Risk
P00736-2026,P00736,nikola jokic,2025-26,2026,Nikola Jokic,DEN,55224526.0,55.224526,,C,Center,13.4615,4038.45,73.12783454221046,Expensive but Worth It,11.83367643538396,3550.1029306151895,,,,55224526.0,55.224526,64.28489636317005,Projected Value Risk
P00737-2026,P00737,nikola jovic,2025-26,2026,Nikola Jovic,MIA,4445417.0,4.445417,,F,Unknown,2.5317333333333334,759.52,170.8546127393673,Market Neutral,2.8526901529414683,855.8070458824404,,,,4445417.0,4.445417,192.51445834720127,Projected Value Risk
P00738-2026,P00738,nikola topic,2025-26,2026,Nikola Topic,OKC,5182920.0,5.18292,,G,Unknown,0.43600000000000005,130.8,25.23673913546804,Insufficient Minutes / Context,1.6372785263844603,491.18355791533816,,,,5182920.0,5.18292,94.7696584001563,Projected Value Risk
P00739-2026,P00739,nikola vucevic,2025-26,2026,Nikola Vucevic,CHI,21481481.0,21.481481,,C,Center,6.9184,2075.52,96.61903664835772,Market Neutral,6.267421223792031,1880.2263671376095,,,,21481481.0,21.481481,87.52778112168382,Projected Value Risk
P00740-2026,P00740,nique clifford,2025-26,2026,Nique Clifford,SAC,3108120.0,3.10812,,G,Unknown,4.715,1414.5,455.09825875448826,Efficient Role Player,3.9550272445798362,1186.508173373951,,,,3108120.0,3.10812,381.7446473668813,Projected Neutral Value
P00741-2026,P00741,noah clowney,2025-26,2026,Noah Clowney,BRK,3398640.0,3.39864,,F,Unknown,4.9764,1492.92,439.2698255772898,Efficient Role Player,4.567053763257916,1370.1161289773754,,,,3398640.0,3.39864,403.136586686844,Projected Neutral Value
P00742-2026,P00742,noah penda,2025-26,2026,Noah Penda,ORL,1272870.0,1.27287,,F,Unknown,2.190866666666667,657.2600000000001,516.3606652682522,Efficient Role Player,2.1406243533641733,642.187306009252,,,,1272870.0,1.27287,504.5191622155067,Projected Positive Value
P00744-2026,P00744,nolan traore,2025-26,2026,Nolan Traore,BRK,3811560.0,3.81156,,G,Unknown,3.3712000000000004,1011.3600000000001,265.3401756761011,Market Neutral,3.349489435226995,1004.8468305680991,,,,3811560.0,3.81156,263.6313820504201,Projected Neutral Value
P00745-2026,P00745,norchad omier,2025-26,2026,Norchad Omier,LAC,,,,F,Unknown,0.10579999999999999,31.74,,Salary Unavailable,0.5476733146197023,164.30199438591035,,,,,,,No Salary Baseline
P00746-2026,P00746,norman powell,2025-26,2026,Norman Powell,MIA,20482758.0,20.482758,,G,Unknown,6.119,1835.6999999999998,89.62171988752685,High-Cost Low-Return,6.335818991484378,1900.745697445314,,,,20482758.0,20.482758,92.79735167721621,Projected Value Risk
P00748-2026,P00748,og anunoby,2025-26,2026,OG Anunoby,NYK,39568966.0,39.568966,,F,Unknown,6.999266666666665,2099.7799999999997,53.06633486455015,High-Cost Low-Return,6.247594175699778,1874.2782527099337,,,,39568966.0,39.568966,47.367380100605445,Projected Value Risk
P00749-2026,P00749,obi toppin,2025-26,2026,Obi Toppin,IND,14000000.0,14.0,,F,Unknown,1.6504000000000003,495.12000000000006,35.36571428571429,Insufficient Minutes / Context,3.0263127501280422,907.8938250384125,,,,14000000.0,14.0,64.84955893131517,Projected Value Risk
P00750-2026,P00750,ochai agbaji,2025-26,2026,Ochai Agbaji,BRK,6383525.0,6.383525,,G,Unknown,2.203066666666666,660.9199999999998,103.53527243960036,Market Neutral,2.1442844971942705,643.2853491582814,,,,6383525.0,6.383525,100.77274690054185,Projected Value Risk
P00751-2026,P00751,olivier sarr,2025-26,2026,Olivier Sarr,CLE,,,,F,Unknown,0.1628,48.839999999999996,,Salary Unavailable,1.338586164531883,401.57584935956476,,,,,,,No Salary Baseline
P00752-2026,P00752,olivier maxence prosper,2025-26,2026,Olivier-Maxence Prosper,MEM,527879.0,0.527879,,F,Unknown,3.1446666666666667,943.4,1787.1519799044856,Efficient Role Player,3.3646537195963786,1009.3961158789131,,,,527879.0,0.527879,1912.1732743278537,Projected Bargain
P00753-2026,P00753,omer yurtseven,2025-26,2026,Omer Yurtseven,GSW,,,,C,Center,0.27030000000000004,81.09000000000002,,Salary Unavailable,1.130028341716483,339.008502514945,,,,,,,No Salary Baseline
P00755-2026,P00755,onyeka okongwu,2025-26,2026,Onyeka Okongwu,ATL,15000000.0,15.0,,F,Unknown,8.354599999999998,2506.379999999999,167.09199999999996,Expensive but Worth It,6.926781668411232,2078.03450052337,,,,15000000.0,15.0,138.53563336822467,Projected Value Risk
P00756-2026,P00756,orlando robinson,2025-26,2026,Orlando Robinson,ORL,,,,C,Center,0.06799999999999999,20.4,,Salary Unavailable,0.7806168445955894,234.1850533786765,,,,,,,No Salary Baseline
P00757-2026,P00757,oscar tshiebwe,2025-26,2026,Oscar Tshiebwe,UTA,,,,C,Center,1.7208,516.24,,Salary Unavailable,2.8103603932240535,843.1081179672151,,,,,,,No Salary Baseline
P00759-2026,P00759,oso ighodaro,2025-26,2026,Oso Ighodaro,PHO,1955377.0,1.955377,,F,Unknown,5.3764666666666665,1612.9399999999998,824.8741802731647,Efficient Role Player,4.223648827375396,1267.0946482126183,,,,1955377.0,1.955377,648.0052942284881,Projected Positive Value
P00761-2026,P00761,ousmane dieng,2025-26,2026,Ousmane Dieng,MIL,6670882.0,6.670882,,F,Unknown,3.0095999999999994,902.8799999999999,135.34642045834417,Market Neutral,3.028254061008751,908.4762183026253,,,,6670882.0,6.670882,136.185322765809,Projected Value Risk
P00763-2026,P00763,p j washington,2025-26,2026,P.J. Washington,DAL,14152174.0,14.152174,,F,Unknown,5.581333333333333,1674.3999999999999,118.31397776765604,Market Neutral,5.523390830788613,1657.0172492365846,,,,14152174.0,14.152174,117.08570352771133,Projected Value Risk
P00765-2026,P00765,pj hall,2025-26,2026,PJ Hall,CHO,,,,C,Center,0.7112333333333334,213.37,,Salary Unavailable,1.532245852508151,459.6737557524457,,,,,,,No Salary Baseline
P00766-2026,P00766,pacome dadiet,2025-26,2026,Pacome Dadiet,NYK,2847600.0,2.8476,,F,Unknown,0.3460666666666667,103.82000000000001,36.458772299480266,Insufficient Minutes / Context,0.6211017065091395,186.33051195274192,,,,2847600.0,2.8476,65.43422951002314,Projected Value Risk
P00767-2026,P00767,paolo banchero,2025-26,2026,Paolo Banchero,ORL,15334769.0,15.334769,,F,Unknown,9.8112,2943.3599999999997,191.9402894168148,Expensive but Worth It,8.492150307664648,2547.645092299395,,,,15334769.0,15.334769,166.13521157699833,Projected Value Risk
P00769-2026,P00769,pascal siakam,2025-26,2026,Pascal Siakam,IND,45550512.0,45.550512,,F,Unknown,8.250133333333332,2475.04,54.33616201723485,Expensive but Worth It,7.990011371756304,2397.003411526892,,,,45550512.0,45.550512,52.62297406287973,Projected Value Risk
P00770-2026,P00770,pat connaughton,2025-26,2026,Pat Connaughton,CHO,1315814.0,1.315814,,G,Unknown,0.784,235.20000000000002,178.74866812482617,Insufficient Minutes / Context,1.0750497125575944,322.51491376727796,,,,1315814.0,1.315814,245.10676567301908,Projected Value Risk
P00771-2026,P00771,pat spencer,2025-26,2026,Pat Spencer,GSW,857804.0,0.857804,,G,Unknown,3.6146,1084.3799999999999,1264.1349305902047,Efficient Role Player,3.2446742598244613,973.402277947339,,,,857804.0,0.857804,1134.7607121759038,Projected Bargain
P00772-2026,P00772,patrick baldwin jr,2025-26,2026,Patrick Baldwin Jr.,PHI,,,,G,Unknown,0.2946,88.38,,Salary Unavailable,1.1740218437662753,352.20655312988237,,,,,,,No Salary Baseline
P00774-2026,P00774,patrick williams,2025-26,2026,Patrick Williams,CHI,18000000.0,18.0,,F,Unknown,3.6360000000000006,1090.8000000000002,60.60000000000001,High-Cost Low-Return,3.18317799042632,954.953397127896,,,,18000000.0,18.0,53.05296650710533,Projected Value Risk
P00776-2026,P00776,paul george,2025-26,2026,Paul George,PHI,51666090.0,51.66609,,F,Unknown,4.151400000000001,1245.42,24.105172270632444,High-Cost Low-Return,5.373316852122663,1611.9950556367996,,,,51666090.0,51.66609,31.20025253772445,Projected Value Risk
P00778-2026,P00778,paul reed,2025-26,2026,Paul Reed,DET,5335894.0,5.335894,,F,Unknown,4.225,1267.5,237.54220005120044,Market Neutral,3.8699376891734416,1160.9813067520324,,,,5335894.0,5.335894,217.5795296443356,Projected Value Risk
P00780-2026,P00780,payton pritchard,2025-26,2026,Payton Pritchard,BOS,7232143.0,7.232143,,G,Unknown,8.0264,2407.92,332.94695638623296,Bargain Star,6.581597692051204,1974.4793076153624,,,,7232143.0,7.232143,273.01441738850605,Projected Neutral Value
P00781-2026,P00781,payton sandfort,2025-26,2026,Payton Sandfort,OKC,,,,F,Unknown,0.16533333333333333,49.6,,Salary Unavailable,1.7372196616878592,521.1658985063576,,,,,,,No Salary Baseline
P00782-2026,P00782,pelle larsson,2025-26,2026,Pelle Larsson,MIA,1955377.0,1.955377,,G,Unknown,5.133333333333334,1540.0,787.5719106852541,Efficient Role Player,4.4992685573391675,1349.7805672017507,,,,1955377.0,1.955377,690.2917274785123,Projected Positive Value
P00783-2026,P00783,pete nance,2025-26,2026,Pete Nance,MIL,,,,F,Unknown,1.7765999999999997,532.9799999999999,,Salary Unavailable,2.158167849174745,647.4503547524233,,,,,,,No Salary Baseline
P00785-2026,P00785,peyton watson,2025-26,2026,Peyton Watson,DEN,4356476.0,4.356476,,G,Unknown,5.0274,1508.22,346.2018383666064,Market Neutral,5.16705833504847,1550.1175005145412,,,,4356476.0,4.356476,355.819130075442,Projected Neutral Value
P00787-2026,P00787,precious achiuwa,2025-26,2026,Precious Achiuwa,SAC,2111516.0,2.111516,,PF,Forward,5.874066666666666,1762.2199999999998,834.5757266343234,Efficient Role Player,5.011762609046238,1503.5287827138714,,,,2111516.0,2.111516,712.0612785855619,Projected Positive Value
P00788-2026,P00788,quentin grimes,2025-26,2026,Quentin Grimes,PHI,8741209.0,8.741209,,G,Unknown,6.1925,1857.75,212.52780936824644,Market Neutral,5.22894604371918,1568.683813115755,,,,8741209.0,8.741209,179.4584494108029,Projected Value Risk
P00789-2026,P00789,quenton jackson,2025-26,2026,Quenton Jackson,IND,601553.0,0.601553,,G,Unknown,2.7783,833.49,1385.5636992916668,Efficient Role Player,3.0603656190489765,918.1096857146925,,,,601553.0,0.601553,1526.2324112999063,Projected Bargain
P00792-2026,P00792,quinten post,2025-26,2026,Quinten Post,GSW,1935377.0,1.935377,,C,Center,3.685000000000001,1105.5000000000002,571.2065401211238,Efficient Role Player,3.354817997888252,1006.4453993664752,,,,1935377.0,1.935377,520.0255037475774,Projected Positive Value
P00794-2026,P00794,rj barrett,2025-26,2026,RJ Barrett,TOR,27705357.0,27.705357,,F,Unknown,6.0629,1818.87,65.65048051898411,High-Cost Low-Return,6.206042127555717,1861.8126382667156,,,,27705357.0,27.705357,67.20045651339976,Projected Value Risk
P00798-2026,P00798,rasheer fleming,2025-26,2026,Rasheer Fleming,PHO,1272870.0,1.27287,,F,Unknown,1.7251666666666665,517.55,406.60083119250197,Efficient Role Player,1.907967989394335,572.3903968183002,,,,1272870.0,1.27287,449.68488283823194,Projected Neutral Value
P00800-2026,P00800,rayj dennis,2025-26,2026,RayJ Dennis,ATL,,,,G,Unknown,0.5241666666666666,157.24999999999997,,Salary Unavailable,1.2272666590063115,368.17999770189346,,,,,,,No Salary Baseline
P00801-2026,P00801,rayan rupert,2025-26,2026,Rayan Rupert,MEM,,,,G,Unknown,2.6517333333333335,795.5200000000001,,Salary Unavailable,2.4685474065717172,740.564221971515,,,,,,,No Salary Baseline
P00804-2026,P00804,reed sheppard,2025-26,2026,Reed Sheppard,HOU,10603560.0,10.60356,,G,Unknown,7.429199999999999,2228.7599999999998,210.18978531738395,Market Neutral,5.926008667043691,1777.802600113108,,,,10603560.0,10.60356,167.66091766473787,Projected Value Risk
P00811-2026,P00811,riley minix,2025-26,2026,Riley Minix,CLE,,,,F,Unknown,0.1872,56.160000000000004,,Salary Unavailable,0.7426470240385162,222.79410721155443,,,,,,,No Salary Baseline
P00812-2026,P00812,rob dillingham,2025-26,2026,Rob Dillingham,MIN,6576120.0,6.57612,,G,Unknown,2.795,838.5,127.50679732121675,Market Neutral,2.657810733899319,797.3432201697956,,,,6576120.0,6.57612,121.24827712538632,Projected Value Risk
P00815-2026,P00815,robert williams iii,2025-26,2026,Robert Williams III,POR,13285713.0,13.285713,,C,Center,4.346333333333333,1303.8999999999999,98.1430202503998,Market Neutral,4.031420224823942,1209.4260674471816,,,,13285713.0,13.285713,91.0320784023546,Projected Value Risk
P00818-2026,P00818,rocco zikarsky,2025-26,2026,Rocco Zikarsky,MIN,,,,C,Center,0.15933333333333333,47.8,,Salary Unavailable,0.9173884564286724,275.2165369286013,,,,,,,No Salary Baseline
P00822-2026,P00822,ron harper jr,2025-26,2026,Ron Harper Jr.,BOS,,,,G,Unknown,0.8642000000000002,259.26000000000005,,Salary Unavailable,1.3873751041649591,416.2125312494874,,,,,,,No Salary Baseline
P00823-2026,P00823,ronald holland ii,2025-26,2026,Ronald Holland II,DET,8657280.0,8.65728,,F,Unknown,4.7059999999999995,1411.8,163.07662452872032,Market Neutral,3.900246656480113,1170.073996944034,,,,8657280.0,8.65728,135.1549212852113,Projected Value Risk
P00824-2026,P00824,royce o neale,2025-26,2026,Royce O'Neale,PHO,10125000.0,10.125,,F,Unknown,5.9306,1779.18,175.72148148148148,Market Neutral,4.754349779032578,1426.3049337097746,,,,10125000.0,10.125,140.86962308244688,Projected Value Risk
P00826-2026,P00826,rudy gobert,2025-26,2026,Rudy Gobert,MIN,35000000.0,35.0,,C,Center,8.372666666666667,2511.8,71.7657142857143,Expensive but Worth It,6.646148041621794,1993.8444124865377,,,,35000000.0,35.0,56.96698321390108,Projected Value Risk
P00827-2026,P00827,rui hachimura,2025-26,2026,Rui Hachimura,LAL,18259259.0,18.259259,,F,Unknown,4.252266666666667,1275.68,69.86482857820243,High-Cost Low-Return,3.973613650165504,1192.084095049652,,,,18259259.0,18.259259,65.28655379989144,Projected Value Risk
P00828-2026,P00828,russell westbrook,2025-26,2026,Russell Westbrook,SAC,2296274.0,2.296274,,G,Unknown,7.025066666666668,2107.5200000000004,917.7998792826991,Efficient Role Player,6.301504112704203,1890.4512338112618,,,,2296274.0,2.296274,823.2690148524357,Projected Positive Value
P00830-2026,P00830,ryan dunn,2025-26,2026,Ryan Dunn,PHO,2657760.0,2.65776,,F,Unknown,3.7776666666666667,1133.3,426.41171512852924,Efficient Role Player,3.3205741637042743,996.1722491112823,,,,2657760.0,2.65776,374.81648046147217,Projected Neutral Value
P00831-2026,P00831,ryan kalkbrenner,2025-26,2026,Ryan Kalkbrenner,CHO,2296274.0,2.296274,,C,Center,4.715,1414.5,615.9979166249324,Efficient Role Player,4.023548435458126,1207.0645306374377,,,,2296274.0,2.296274,525.6622383206176,Projected Positive Value
P00832-2026,P00832,ryan nembhard,2025-26,2026,Ryan Nembhard,DAL,321875.0,0.321875,,G,Unknown,3.398,1019.4000000000001,3167.0679611650485,Efficient Role Player,3.095522522437206,928.6567567311619,,,,321875.0,0.321875,2885.147205378367,Projected Bargain
P00833-2026,P00833,ryan rollins,2025-26,2026,Ryan Rollins,MIL,4000000.0,4.0,,G,Unknown,8.440933333333332,2532.2799999999997,633.0699999999999,Bargain Star,7.051223009032061,2115.36690270962,,,,4000000.0,4.0,528.841725677405,Projected Positive Value
P00835-2026,P00835,saddiq bey,2025-26,2026,Saddiq Bey,NOP,6118644.0,6.118644,,G,Unknown,7.264799999999998,2179.4399999999996,356.19656904372926,Market Neutral,6.39540717222807,1918.622151668421,,,,6118644.0,6.118644,313.5698288163883,Projected Neutral Value
P00836-2026,P00836,sam hauser,2025-26,2026,Sam Hauser,BOS,10044643.0,10.044643,,F,Unknown,4.682599999999999,1404.7799999999997,139.8536513443036,Market Neutral,3.8848325719032006,1165.4497715709608,,,,10044643.0,10.044643,116.02699783068057,Projected Value Risk
P00837-2026,P00837,sam merrill,2025-26,2026,Sam Merrill,CLE,8482143.0,8.482143,,G,Unknown,3.6087999999999996,1082.6399999999999,127.63755574505167,Market Neutral,3.8834210666827556,1165.0263200048264,,,,8482143.0,8.482143,137.35046909782426,Projected Value Risk
P00838-2026,P00838,sandro mamukelashvili,2025-26,2026,Sandro Mamukelashvili,TOR,2461463.0,2.461463,,F,Unknown,6.141333333333334,1842.4,748.4979461401614,Efficient Role Player,5.044520731475906,1513.3562194427716,,,,2461463.0,2.461463,614.8198122184942,Projected Positive Value
P00839-2026,P00839,santi aldama,2025-26,2026,Santi Aldama,MEM,18485916.0,18.485916,,F,Unknown,4.284233333333333,1285.2699999999998,69.52698475964078,High-Cost Low-Return,5.0109156143535065,1503.2746843060518,,,,18485916.0,18.485916,81.31999973958834,Projected Value Risk
P00841-2026,P00841,scoot henderson,2025-26,2026,Scoot Henderson,POR,10748040.0,10.74804,,G,Unknown,2.419,725.7,67.51928723748703,Market Neutral,3.771875339725021,1131.5626019175065,,,,10748040.0,10.74804,105.28083277672083,Projected Value Risk
P00842-2026,P00842,scottie barnes,2025-26,2026,Scottie Barnes,TOR,38661750.0,38.66175,,F,Unknown,11.213333333333333,3364.0,87.01106390683299,Expensive but Worth It,8.78738526622139,2636.215579866419,,,,38661750.0,38.66175,68.18665942091134,Projected Value Risk
P00845-2026,P00845,scotty pippen jr,2025-26,2026,Scotty Pippen Jr.,MEM,2270735.0,2.270735,,G,Unknown,0.843,252.89999999999998,111.37363012416682,Insufficient Minutes / Context,3.012959980577555,903.8879941732671,,,,2270735.0,2.270735,398.0596565311527,Projected Neutral Value
P00846-2026,P00846,sean pedulla,2025-26,2026,Sean Pedulla,LAC,,,,G,Unknown,0.07769999999999999,23.31,,Salary Unavailable,0.7128454059023666,213.85362177071005,,,,,,,No Salary Baseline
P00850-2026,P00850,seth curry,2025-26,2026,Seth Curry,GSW,1755198.0,1.755198,,G,Unknown,0.35800000000000004,107.4,61.1896777457586,Insufficient Minutes / Context,1.4294771092129084,428.8431327638723,,,,1755198.0,1.755198,244.3274962504927,Projected Value Risk
P00852-2026,P00852,shaedon sharpe,2025-26,2026,Shaedon Sharpe,POR,8399983.0,8.399983,,G,Unknown,5.243333333333333,1573.0,187.26228374509805,Market Neutral,5.927304192007273,1778.1912576021828,,,,8399983.0,8.399983,211.6898638487938,Projected Value Risk
P00853-2026,P00853,shai gilgeous alexander,2025-26,2026,Shai Gilgeous-Alexander,OKC,38333050.0,38.33305,,G,Unknown,11.460266666666666,3438.08,89.68970640217775,Expensive but Worth It,10.455044195104303,3136.5132585312917,,,,38333050.0,38.33305,81.82268978156687,Projected Value Risk
P00857-2026,P00857,sharife cooper,2025-26,2026,Sharife Cooper,WAS,,,,G,Unknown,2.0664,619.92,,Salary Unavailable,2.5631070050246754,768.9321015074025,,,,,,,No Salary Baseline
P00858-2026,P00858,sidy cissoko,2025-26,2026,Sidy Cissoko,POR,688243.0,0.688243,,G,Unknown,3.0225,906.75,1317.4852486694379,Efficient Role Player,2.594351507062002,778.3054521186004,,,,688243.0,0.688243,1130.8585079958682,Projected Bargain
P00859-2026,P00859,simone fontecchio,2025-26,2026,Simone Fontecchio,MIA,8307692.0,8.307692,,F,Unknown,3.57,1071.0,128.9166714413582,Market Neutral,3.2591155573438577,977.7346672031573,,,,8307692.0,8.307692,117.69028837409444,Projected Value Risk
P00860-2026,P00860,sion james,2025-26,2026,Sion James,CHO,2296274.0,2.296274,,G,Unknown,3.8813333333333335,1164.4,507.08234296081395,Efficient Role Player,3.0352380802536585,910.5714240760984,,,,2296274.0,2.296274,396.54301885406466,Projected Neutral Value
P00861-2026,P00861,skal labissiere,2025-26,2026,Skal Labissiere,WAS,,,,C,Center,0.121,36.3,,Salary Unavailable,1.5234604818424933,457.03814455274755,,,,,,,No Salary Baseline
P00865-2026,P00865,spencer jones,2025-26,2026,Spencer Jones,DEN,623967.0,0.623967,,F,Unknown,2.9994666666666667,899.84,1442.1275484120154,Efficient Role Player,2.735441154795032,820.6323464385098,,,,623967.0,0.623967,1315.1854928842547,Projected Bargain
P00867-2026,P00867,stanley umude,2025-26,2026,Stanley Umude,SAS,,,,G,Unknown,0.021666666666666667,6.5,,Salary Unavailable,0.5793842549153928,173.8152764746181,,,,,,,No Salary Baseline
P00868-2026,P00868,stephen curry,2025-26,2026,Stephen Curry,GSW,59606817.0,59.606817,,G,Unknown,5.6860333333333335,1705.81,28.617699884897394,High-Cost Low-Return,7.047495945108039,2114.2487835324114,,,,59606817.0,59.606817,35.46991585765117,Projected Value Risk
P00869-2026,P00869,stephon castle,2025-26,2026,Stephon Castle,SAS,9560520.0,9.56052,,G,Unknown,7.969600000000001,2390.88,250.07844761582007,Market Neutral,6.932943747932059,2079.883124379618,,,,9560520.0,9.56052,217.54916305594443,Projected Value Risk
P00871-2026,P00871,steven adams,2025-26,2026,Steven Adams,HOU,14130434.0,14.130434,,C,Center,2.2581333333333333,677.4399999999999,47.94191034755195,Market Neutral,3.018217978727139,905.4653936181412,,,,14130434.0,14.130434,64.07909294351053,Projected Value Risk
P00872-2026,P00872,svi mykhailiuk,2025-26,2026,Svi Mykhailiuk,UTA,3675000.0,3.675,,G,Unknown,2.7083333333333335,812.5,221.08843537414967,Market Neutral,2.9492126472516023,884.7637941754807,,,,3675000.0,3.675,240.75205283686552,Projected Value Risk
P00873-2026,P00873,t j mcconnell,2025-26,2026,T.J. McConnell,IND,10200000.0,10.2,,G,Unknown,4.142133333333333,1242.6399999999999,121.82745098039216,Market Neutral,4.00199447176655,1200.5983415299654,,,,10200000.0,10.2,117.70571975783976,Projected Value Risk
P00876-2026,P00876,taelon peter,2025-26,2026,Taelon Peter,IND,,,,G,Unknown,1.2375333333333334,371.26,,Salary Unavailable,1.662943517260996,498.8830551782987,,,,,,,No Salary Baseline
P00877-2026,P00877,taj gibson,2025-26,2026,Taj Gibson,MEM,960753.0,0.960753,,F,Unknown,0.278,83.4,86.80691082931826,Insufficient Minutes / Context,1.0047370379139295,301.4211113741791,,,,960753.0,0.960753,313.734239054345,Projected Neutral Value
P00879-2026,P00879,tari eason,2025-26,2026,Tari Eason,HOU,5675766.0,5.675766,,F,Unknown,4.802,1440.6,253.81596070028255,Market Neutral,4.500637128486062,1350.191138545819,,,,5675766.0,5.675766,237.8870338463247,Projected Value Risk
P00880-2026,P00880,taurean prince,2025-26,2026,Taurean Prince,MIL,3303774.0,3.303774,,F,Unknown,1.4577333333333335,437.32000000000005,132.36982917112368,Market Neutral,2.425835920308985,727.7507760926957,,,,3303774.0,3.303774,220.27861957043538,Projected Value Risk
P00881-2026,P00881,taylor hendricks,2025-26,2026,Taylor Hendricks,MEM,6127080.0,6.12708,,F,Unknown,3.2036999999999995,961.1099999999999,156.8626490922266,Market Neutral,3.1393958365407553,941.8187509622267,,,,6127080.0,6.12708,153.71412662511779,Projected Value Risk
P00883-2026,P00883,terance mann,2025-26,2026,Terance Mann,BRK,15500000.0,15.5,,G,Unknown,3.5993999999999997,1079.82,69.6658064516129,High-Cost Low-Return,3.246642818590588,973.992845577177,,,,15500000.0,15.5,62.83824810175336,Projected Value Risk
P00887-2026,P00887,terrence shannon jr,2025-26,2026,Terrence Shannon Jr.,MIN,2674080.0,2.67408,,G,Unknown,1.2283666666666666,368.51,137.80814336145514,Market Neutral,1.6231805577001617,486.9541673100486,,,,2674080.0,2.67408,182.101570375624,Projected Value Risk
P00891-2026,P00891,thanasis antetokounmpo,2025-26,2026,Thanasis Antetokounmpo,MIL,2296274.0,2.296274,,F,Unknown,0.5190666666666668,155.72000000000003,67.81420684116966,Insufficient Minutes / Context,0.8395397098637675,251.86191295912994,,,,2296274.0,2.296274,109.68286579002765,Projected Value Risk
P00894-2026,P00894,thomas bryant,2025-26,2026,Thomas Bryant,CLE,2296274.0,2.296274,,C,Center,2.556,766.8,333.9322746327311,Market Neutral,2.5506293701097253,765.1888110329171,,,,2296274.0,2.296274,333.23062101165505,Projected Neutral Value
P00895-2026,P00895,tidjane salaun,2025-26,2026,Tidjane Salaun,CHO,7863240.0,7.86324,,F,Unknown,1.5971666666666668,479.15000000000003,60.935441370223984,Market Neutral,2.1475721970442763,644.2716591132825,,,,7863240.0,7.86324,81.93462988707994,Projected Value Risk
P00897-2026,P00897,tim hardaway jr,2025-26,2026,Tim Hardaway Jr.,DEN,2296274.0,2.296274,,G,Unknown,5.338666666666667,1601.6,697.4777400257983,Efficient Role Player,4.597462644035223,1379.2387932105669,,,,2296274.0,2.296274,600.6420806970627,Projected Positive Value
P00900-2026,P00900,tobias harris,2025-26,2026,Tobias Harris,DET,26634146.0,26.634146,,F,Unknown,5.4746999999999995,1642.4099999999999,61.66557771366124,High-Cost Low-Return,5.072661093417604,1521.7983280252822,,,,26634146.0,26.634146,57.1371174440991,Projected Value Risk
P00901-2026,P00901,toby okani,2025-26,2026,Toby Okani,MEM,,,,F,Unknown,0.376,112.8,,Salary Unavailable,2.5528366323615406,765.8509897084621,,,,,,,No Salary Baseline
P00902-2026,P00902,tolu smith,2025-26,2026,Tolu Smith,DET,,,,F,Unknown,0.5005000000000001,150.15,,Salary Unavailable,1.304846911016719,391.45407330501524,,,,,,,No Salary Baseline
P00904-2026,P00904,tony bradley,2025-26,2026,Tony Bradley,ATL,,,,C,Center,1.1767,353.01000000000005,,Salary Unavailable,1.5534208710603845,466.02626131811496,,,,,,,No Salary Baseline
P00908-2026,P00908,toumani camara,2025-26,2026,Toumani Camara,POR,2221677.0,2.221677,,F,Unknown,7.098466666666667,2129.54,958.5281748877086,Efficient Role Player,5.672174998508927,1701.6524995526797,,,,2221677.0,2.221677,765.9315461035424,Projected Positive Value
P00909-2026,P00909,trae young,2025-26,2026,Trae Young,WAS,46394100.0,46.3941,,G,Unknown,1.635,490.5,10.572465033269316,Insufficient Minutes / Context,4.3185513817594146,1295.5654145278243,,,,46394100.0,46.3941,27.925219252616696,Projected Value Risk
P00910-2026,P00910,trayce jackson davis,2025-26,2026,Trayce Jackson-Davis,GSW,2221677.0,2.221677,,F,Unknown,1.7118999999999998,513.5699999999999,231.1632158950198,Insufficient Minutes / Context,1.956467331289959,586.940199386988,,,,2221677.0,2.221677,264.1879082274282,Projected Neutral Value
P00911-2026,P00911,tre johnson,2025-26,2026,Tre Johnson,WAS,8237640.0,8.23764,,G,Unknown,3.9319999999999995,1179.6,143.19635235334388,Market Neutral,3.9217519648464827,1176.525589453945,,,,8237640.0,8.23764,142.82313738570087,Projected Value Risk
P00912-2026,P00912,tre jones,2025-26,2026,Tre Jones,CHI,8000000.0,8.0,,G,Unknown,6.222666666666666,1866.8,233.35,Market Neutral,5.585397382428459,1675.6192147285376,,,,8000000.0,8.0,209.4524018410672,Projected Value Risk
P00913-2026,P00913,tre mann,2025-26,2026,Tre Mann,CHO,8000000.0,8.0,,G,Unknown,1.8974000000000002,569.22,71.1525,Market Neutral,2.0443558853302464,613.3067655990737,,,,8000000.0,8.0,76.66334569988422,Projected Value Risk
P00915-2026,P00915,trendon watford,2025-26,2026,Trendon Watford,PHI,2461463.0,2.461463,,F,Unknown,2.6694333333333335,800.83,325.3471614239174,Market Neutral,2.746995991632507,824.0987974897522,,,,2461463.0,2.461463,334.8004002049806,Projected Neutral Value
P00917-2026,P00917,trentyn flowers,2025-26,2026,Trentyn Flowers,CHI,,,,F,Unknown,0.019,5.7,,Salary Unavailable,0.6011216024600435,180.336480738013,,,,,,,No Salary Baseline
P00919-2026,P00919,trevon scott,2025-26,2026,Trevon Scott,BRK,,,,F,Unknown,0.44780000000000003,134.34,,Salary Unavailable,2.506610647321063,751.9831941963191,,,,,,,No Salary Baseline
P00922-2026,P00922,trevor keels,2025-26,2026,Trevor Keels,MIA,,,,G,Unknown,0.04426666666666666,13.28,,Salary Unavailable,0.5194269209362011,155.8280762808607,,,,,,,No Salary Baseline
P00923-2026,P00923,trey alexander,2025-26,2026,Trey Alexander,NOP,,,,G,Unknown,0.3162,94.86,,Salary Unavailable,1.369045562071754,410.7136686215261,,,,,,,No Salary Baseline
P00925-2026,P00925,trey jemison iii,2025-26,2026,Trey Jemison III,NYK,,,,F,Unknown,0.1464666666666667,43.940000000000005,,Salary Unavailable,0.30966588652934807,92.89976595880435,,,,,,,No Salary Baseline
P00927-2026,P00927,trey murphy iii,2025-26,2026,Trey Murphy III,NOP,25000000.0,25.0,,F,Unknown,8.346799999999998,2504.0399999999995,100.16159999999998,Expensive but Worth It,7.581978220719021,2274.593466215707,,,,25000000.0,25.0,90.98373864862828,Projected Value Risk
P00928-2026,P00928,tristan enaruna,2025-26,2026,Tristan Enaruna,CLE,,,,F,Unknown,0.2616,78.48,,Salary Unavailable,1.0760845168412159,322.8253550523646,,,,,,,No Salary Baseline
P00930-2026,P00930,tristan vukcevic,2025-26,2026,Tristan Vukcevic,WAS,2857143.0,2.857143,,F,Unknown,2.7031666666666663,810.9499999999999,283.8324858083757,Market Neutral,3.0643868475953715,919.3160542786109,,,,2857143.0,2.857143,321.7606029094836,Projected Neutral Value
P00931-2026,P00931,tristan da silva,2025-26,2026,Tristan da Silva,ORL,3809520.0,3.80952,,F,Unknown,4.9896,1496.88,392.93139293139296,Efficient Role Player,4.15366259800154,1246.0987794004625,,,,3809520.0,3.80952,327.1012566938781,Projected Neutral Value
P00932-2026,P00932,tristen newton,2025-26,2026,Tristen Newton,HOU,,,,G,Unknown,0.062000000000000006,18.6,,Salary Unavailable,2.359353630423427,707.8060891270276,,,,,,,No Salary Baseline
P00934-2026,P00934,ty jerome,2025-26,2026,Ty Jerome,MEM,8781000.0,8.781,,G,Unknown,1.7005,510.15,58.09702767338571,Insufficient Minutes / Context,4.610113009590524,1383.0339028771568,,,,8781000.0,8.781,157.50300681894507,Projected Value Risk
P00935-2026,P00935,tyty washington jr,2025-26,2026,TyTy Washington Jr.,LAC,,,,G,Unknown,0.26826666666666665,80.48,,Salary Unavailable,0.8690423537235968,260.7127061170793,,,,,,,No Salary Baseline
P00936-2026,P00936,tyler burton,2025-26,2026,Tyler Burton,MEM,,,,F,Unknown,0.8016000000000002,240.48000000000005,,Salary Unavailable,2.6089389662102778,782.6816898630836,,,,,,,No Salary Baseline
P00939-2026,P00939,tyler herro,2025-26,2026,Tyler Herro,MIA,31000000.0,31.0,,G,Unknown,3.719099999999999,1115.7299999999998,35.99129032258064,High-Cost Low-Return,5.437266385919492,1631.1799157758478,,,,31000000.0,31.0,52.61870696051122,Projected Value Risk
P00941-2026,P00941,tyler kolek,2025-26,2026,Tyler Kolek,NYK,2191897.0,2.191897,,G,Unknown,2.2671333333333337,680.1400000000001,310.2974272969944,Market Neutral,2.192164445423577,657.649333627073,,,,2191897.0,2.191897,300.03660465207673,Projected Neutral Value
P00942-2026,P00942,tyler smith,2025-26,2026,Tyler Smith,HOU,1955377.0,1.955377,,F,Unknown,0.3864,115.92,59.28268564067185,Insufficient Minutes / Context,1.2812958889181587,384.3887666754475,,,,1955377.0,1.955377,196.58038663411074,Projected Value Risk
P00945-2026,P00945,tyrese martin,2025-26,2026,Tyrese Martin,PHI,,,,G,Unknown,1.955,586.5,,Salary Unavailable,2.288871881206284,686.6615643618854,,,,,,,No Salary Baseline
P00946-2026,P00946,tyrese maxey,2025-26,2026,Tyrese Maxey,PHI,37958760.0,37.95876,,G,Unknown,11.391333333333334,3417.4,90.02928441287335,Expensive but Worth It,10.029128475945605,3008.7385427836834,,,,37958760.0,37.95876,79.26335166859201,Projected Value Risk
P00947-2026,P00947,tyrese proctor,2025-26,2026,Tyrese Proctor,CLE,1272870.0,1.27287,,G,Unknown,1.6516666666666666,495.5,389.2777738496469,Efficient Role Player,1.851362535456799,555.4087606370396,,,,1272870.0,1.27287,436.34366481811935,Projected Neutral Value
P00949-2026,P00949,tyson etienne,2025-26,2026,Tyson Etienne,BRK,,,,G,Unknown,1.0056,301.68,,Salary Unavailable,1.9129105715006887,573.8731714502061,,,,,,,No Salary Baseline
P00950-2026,P00950,tyus jones,2025-26,2026,Tyus Jones,ORL,514682.0,0.514682,,G,Unknown,2.081466666666667,624.44,1213.2540092717447,Efficient Role Player,1.8518812163565694,555.564364906971,,,,514682.0,0.514682,1079.4322803342084,Projected Bargain
P00955-2026,P00955,vj edgecombe,2025-26,2026,VJ Edgecombe,PHI,11108880.0,11.10888,,G,Unknown,8.23,2469.0,222.25462872944888,Market Neutral,6.784965015774839,2035.489504732452,,,,11108880.0,11.10888,183.23084818023528,Projected Value Risk
P00959-2026,P00959,victor wembanyama,2025-26,2026,Victor Wembanyama,SAS,13376880.0,13.37688,,F,Unknown,11.381333333333334,3414.4,255.2463653706993,Market Neutral,10.335117495332794,3100.535248599837,,,,13376880.0,13.37688,231.78313991004157,Projected Value Risk
P00960-2026,P00960,vince williams jr,2025-26,2026,Vince Williams Jr.,MEM,2301587.0,2.301587,,G,Unknown,2.664,799.2,347.2386661898942,Market Neutral,3.1140279420657393,934.2083826197222,,,,2301587.0,2.301587,405.8974883937571,Projected Neutral Value
P00961-2026,P00961,vit krejci,2025-26,2026,Vit Krejci,ATL,2349578.0,2.349578,,G,Unknown,3.447166666666667,1034.15,440.1428682086741,Efficient Role Player,3.22496028117532,967.4880843525962,,,,2349578.0,2.349578,411.7710007297464,Projected Neutral Value
P00962-2026,P00962,vladislav goldin,2025-26,2026,Vladislav Goldin,MIA,,,,C,Center,0.0915,27.45,,Salary Unavailable,0.22178586718411117,66.53576015523262,,,,,,,No Salary Baseline
P00964-2026,P00964,walker kessler,2025-26,2026,Walker Kessler,UTA,4878938.0,4.878938,,C,Center,0.6376666666666667,191.3,39.209352527127834,Insufficient Minutes / Context,4.221462460509724,1266.4387381529164,,,,4878938.0,4.878938,259.5726238277503,Projected Neutral Value
P00965-2026,P00965,walter clayton jr,2025-26,2026,Walter Clayton Jr.,MEM,3991320.0,3.99132,,G,Unknown,3.956,1186.8,297.3452391689967,Market Neutral,3.421190904396468,1026.3572713189412,,,,3991320.0,3.99132,257.14732753047645,Projected Neutral Value
P00968-2026,P00968,wendell carter jr,2025-26,2026,Wendell Carter Jr.,ORL,10850000.0,10.85,,C,Center,6.910799999999999,2073.24,191.08202764976957,Market Neutral,5.584511083801083,1675.353325140326,,,,10850000.0,10.85,154.4104447133941,Projected Value Risk
P00969-2026,P00969,wendell moore jr,2025-26,2026,Wendell Moore Jr.,DET,,,,F,Unknown,0.11099999999999997,33.29999999999999,,Salary Unavailable,0.4927173078501415,147.81519235504217,,,,,,,No Salary Baseline
P00974-2026,P00974,will richard,2025-26,2026,Will Richard,GSW,1272870.0,1.27287,,G,Unknown,3.3235000000000006,997.0500000000002,783.308586108558,Efficient Role Player,2.890669679020458,867.2009037061379,,,,1272870.0,1.27287,681.2957361758372,Projected Positive Value
P00975-2026,P00975,will riley,2025-26,2026,Will Riley,WAS,3512520.0,3.51252,,G,Unknown,4.410399999999999,1323.12,376.6868231355266,Market Neutral,3.888234168368792,1166.470250510638,,,,3512520.0,3.51252,332.089283622766,Projected Neutral Value
P00981-2026,P00981,xavier tillman,2025-26,2026,Xavier Tillman,CHO,2546675.0,2.546675,,F,Unknown,0.498,149.4,58.66472950023069,Insufficient Minutes / Context,0.951253970306262,285.3761910918785,,,,2546675.0,2.546675,112.0583470964605,Projected Value Risk
P00982-2026,P00982,yang hansen,2025-26,2026,Yang Hansen,POR,4422360.0,4.42236,,C,Center,0.7095,212.85,48.130410007326404,Insufficient Minutes / Context,0.953466685551175,286.0400056653521,,,,4422360.0,4.42236,64.68039817322699,Projected Value Risk
P00983-2026,P00983,yanic konan niederhauser,2025-26,2026,Yanic Konan Niederhauser,LAC,2743800.0,2.7438,,C,Center,1.3707666666666662,411.2299999999999,149.87608426270134,Insufficient Minutes / Context,1.7157855712614283,514.7356713784276,,,,2743800.0,2.7438,187.59955950813747,Projected Value Risk
P00985-2026,P00985,yuki kawamura,2025-26,2026,Yuki Kawamura,CHI,,,,G,Unknown,0.6095999999999999,182.87999999999997,,Salary Unavailable,1.2347876568639706,370.43629705919136,,,,,,,No Salary Baseline
P00988-2026,P00988,yves missi,2025-26,2026,Yves Missi,NOP,3353040.0,3.35304,,C,Center,4.2261999999999995,1267.86,378.1225395462028,Market Neutral,3.705866769145348,1111.7600307436046,,,,3353040.0,3.35304,331.56778050473736,Projected Neutral Value
P00990-2026,P00990,zaccharie risacher,2025-26,2026,Zaccharie Risacher,ATL,13197720.0,13.19772,,F,Unknown,4.2679,1280.3700000000001,97.01448432001892,Market Neutral,3.9301596186592733,1179.047885597782,,,,13197720.0,13.19772,89.33724049288679,Projected Value Risk
P00991-2026,P00991,zach collins,2025-26,2026,Zach Collins,CHI,18080496.0,18.080496,,F,Unknown,0.6489999999999999,194.7,10.768509890436633,Insufficient Minutes / Context,2.4836678798159504,745.1003639447846,,,,18080496.0,18.080496,41.210172770967375,Projected Value Risk
P00992-2026,P00992,zach edey,2025-26,2026,Zach Edey,MEM,6045000.0,6.045,,C,Center,1.2345666666666666,370.37,61.26881720430108,Insufficient Minutes / Context,4.071421857969992,1221.4265573909965,,,,6045000.0,6.045,202.0556753334982,Projected Value Risk
P00993-2026,P00993,zach lavine,2025-26,2026,Zach LaVine,SAC,47499660.0,47.49966,,G,Unknown,3.5242999999999998,1057.29,22.258896168941,High-Cost Low-Return,4.765082977163023,1429.5248931489073,,,,47499660.0,47.49966,30.095476328649664,Projected Value Risk
P00995-2026,P00995,zeke nnaji,2025-26,2026,Zeke Nnaji,DEN,8177778.0,8.177778,,F,Unknown,1.6674666666666667,500.24,61.170650511667105,Market Neutral,1.7777411246328547,533.3223373898563,,,,8177778.0,8.177778,65.21604491951925,Projected Value Risk
P00996-2026,P00996,ziaire williams,2025-26,2026,Ziaire Williams,BRK,6250000.0,6.25,,F,Unknown,3.5522666666666667,1065.68,170.5088,Market Neutral,3.5767996442874717,1073.0398932862413,,,,6250000.0,6.25,171.6863829257986,Projected Value Risk
P00997-2026,P00997,zion williamson,2025-26,2026,Zion Williamson,NOP,39446090.0,39.44609,,F,Unknown,7.262266666666666,2178.68,55.23183666619429,High-Cost Low-Return,7.037449154228014,2111.234746268404,,,,39446090.0,39.44609,53.52202832443986,Projected Value Risk
P00998-2026,P00998,zyon pullin,2025-26,2026,Zyon Pullin,MIN,,,,G,Unknown,0.13366666666666668,40.1,,Salary Unavailable,0.8808800333328417,264.2640099998523,,,,,,,No Salary Baseline
