Season,SeasonEndYear,PlayerKeyRaw,PlayerName,PlayoffTeam,Pos,PlayoffGames,PlayoffGamesStarted,PlayoffMinutes,PlayoffPoints,PlayoffRebounds,PlayoffAssists,PlayoffSteals,PlayoffBlocks,PlayoffTurnovers,PlayoffTS_Pct,PlayoffProductionScore,PlayoffEstimatedWinShares,PlayerKey,PlayerSeasonKey,PlayerKey_Fact,PlayerSeasonKey_Fact,Salary,SalaryMillions,ContractTier,PlayerValueTier,PlayoffValueScore,CostPerPlayoffPoint,CostPerPlayoffEstimatedWinShare
2021-22,2022,jayson tatum,Jayson Tatum,BOS,F,24,,984.0,614.4000000000001,160.8,148.8,28.799999999999997,21.6,100.80000000000001,0.5608131791097092,1080.9600000000003,3.603200000000001,P00458,P00458-2022,P00458,P00458-2022,28103500.0,28.1035,High-Salary Starter,Expensive but Worth It,38.4635365701781,45741.37369791666,7799594.804618115
2021-22,2022,stephen curry,Stephen Curry,GSW,G,22,,763.4000000000001,602.8,114.4,129.8,28.6,8.8,57.2,0.6063020003540449,989.78,3.2992666666666666,P00868,P00868-2022,P00868,P00868-2022,45780966.0,45.780966,Max / Supermax-Level,Expensive but Worth It,21.619902035269416,75947.18978102191,13876103.578573016
2021-22,2022,jaylen brown,Jaylen Brown,BOS,G,24,,919.1999999999999,554.4000000000001,165.60000000000002,84.0,26.400000000000002,9.600000000000001,74.4,0.5798192771084338,912.7200000000001,3.0424000000000007,P00447,P00447-2022,P00447,P00447-2022,26758928.0,26.758928,High-Salary Starter,Expensive but Worth It,34.10898971737583,48266.464646464636,8795335.26163555
2021-22,2022,jimmy butler iii,Jimmy Butler III,MIA,F,17,,629.0,465.79999999999995,125.80000000000001,78.19999999999999,35.7,10.2,25.5,0.6026746436741157,846.26,2.820866666666667,P00473,P00473-2022,P00473,P00473-2022,36016200.0,36.0162,Max / Supermax-Level,Expensive but Worth It,23.49664873029359,77321.16788321169,12767778.224186419
2021-22,2022,luka doncic,Luka Doncic,DAL,G,15,,552.0,475.5,147.0,96.0,27.0,9.0,58.5,0.5772032046613256,845.4,2.818,P00633,P00633-2022,P00633,P00633-2022,10174391.0,10.174391,Mid-Tier Rotation Contract,Expensive but Worth It,83.09096829480998,21397.247108307045,3610500.709723208
2021-22,2022,al horford,Al Horford,BOS,C,23,,814.1999999999999,276.0,213.9,75.89999999999999,18.400000000000002,29.900000000000002,29.900000000000002,0.6590509666080843,761.5300000000002,2.538433333333334,P00020,P00020-2022,P00020,P00020-2022,27000000.0,27.0,High-Salary Starter,High-Cost Low-Return,28.20481481481482,97826.08695652174,10636481.81949496
2021-22,2022,giannis antetokounmpo,Giannis Antetokounmpo,MIL,F,12,,447.59999999999997,380.4,170.39999999999998,81.6,8.399999999999999,15.600000000000001,54.0,0.5517265385686438,725.2799999999999,2.4175999999999997,P00323,P00323-2022,P00323,P00323-2022,39344970.0,39.34497,Max / Supermax-Level,Expensive but Worth It,18.433868420791775,103430.52050473187,16274391.958967572
2021-22,2022,andrew wiggins,Andrew Wiggins,GSW,F,22,,767.8,363.0,165.0,39.6,22.0,22.0,30.799999999999997,0.5420499342969776,721.6,2.4053333333333335,P00046,P00046-2022,P00046,P00046-2022,31579390.0,31.57939,High-Salary Starter,High-Cost Low-Return,22.850346380978227,86995.56473829201,13128903.824833702
2021-22,2022,klay thompson,Klay Thompson,GSW,G,22,,792.0,418.0,85.8,50.599999999999994,24.200000000000003,15.399999999999999,28.6,0.5486255486255486,687.0600000000001,2.2902,P00589,P00589-2022,P00589,P00589-2022,37980720.0,37.98072,Max / Supermax-Level,High-Cost Low-Return,18.08970446057895,90862.96650717703,16584018.8629814
2021-22,2022,marcus smart,Marcus Smart,BOS,G,21,,760.2,323.40000000000003,94.5,123.9,25.2,4.2,52.5,0.5266757865937073,658.3500000000001,2.1945000000000006,P00658,P00658-2022,P00658,P00658-2022,14339285.0,14.339285,Mid-Tier Rotation Contract,Market Neutral,45.912331054163445,44339.16202844774,6534192.298929139
2021-22,2022,draymond green,Draymond Green,GSW,F,22,,704.0,176.0,158.4,138.6,24.200000000000003,22.0,59.400000000000006,0.5387931034482758,653.1800000000001,2.1772666666666667,P00266,P00266-2022,P00266,P00266-2022,24026712.0,24.026712,High-Salary Starter,High-Cost Low-Return,27.18557578748187,136515.4090909091,11035263.786398849
2021-22,2022,jalen brunson,Jalen Brunson,DAL,G,18,,628.1999999999999,388.8,82.8,66.60000000000001,14.4,1.8,19.8,0.5538461538461538,616.8600000000001,2.0562000000000005,P00402,P00402-2022,P00402,P00402-2022,1802057.0,1.802057,Minimum / Two-Way / Replacement,Bargain Star,342.30881709069143,4634.9202674897115,876401.614628927
2021-22,2022,jordan poole,Jordan Poole,GSW,G,22,,605.0,374.0,61.599999999999994,83.6,17.6,8.8,52.8,0.6585063526495197,599.7199999999999,1.9990666666666663,P00505,P00505-2022,P00505,P00505-2022,2161440.0,2.16144,Minimum / Two-Way / Replacement,Bargain Star,277.4631726996817,5779.2513368983955,1081224.5714666846
2021-22,2022,bam adebayo,Bam Adebayo,MIA,C,18,,613.8000000000001,266.40000000000003,144.0,48.6,18.0,12.6,37.800000000000004,0.6408036023553862,566.1,1.887,P00066,P00066-2022,P00066,P00066-2022,28103500.0,28.1035,High-Salary Starter,Expensive but Worth It,20.1433985090825,105493.61861861861,14893216.746157922
2021-22,2022,ja morant,Ja Morant,MEM,G,9,,338.40000000000003,243.9,72.0,88.2,18.0,3.6,32.4,0.5492946327225555,495.0,1.65,P00375,P00375-2022,P00375,P00375-2022,9603360.0,9.60336,Mid-Tier Rotation Contract,Market Neutral,51.54445943919628,39374.16974169741,5820218.181818183
2021-22,2022,chris paul,Chris Paul,PHO,G,13,,448.5,227.5,54.6,107.9,19.5,2.6,31.2,0.6663113006396588,489.96999999999997,1.6332333333333333,P00152,P00152-2022,P00152,P00152-2022,30000000.0,30.0,High-Salary Starter,Expensive but Worth It,16.33233333333333,131868.13186813187,18368471.53907382
2021-22,2022,jrue holiday,Jrue Holiday,MIL,G,12,,463.20000000000005,229.20000000000002,67.19999999999999,78.0,21.6,7.199999999999999,33.599999999999994,0.46037408407250285,479.64,1.5988,P00519,P00519-2022,P00519,P00519-2022,32413333.0,32.413333,High-Salary Starter,Expensive but Worth It,14.797614302731532,141419.42844677137,20273538.27870903
2021-22,2022,james harden,James Harden,PHI,G,12,,478.79999999999995,223.20000000000002,68.4,103.19999999999999,9.600000000000001,8.399999999999999,50.400000000000006,0.5822689706987229,463.68000000000006,1.5456000000000003,P00420,P00420-2022,P00420,P00420-2022,44310840.0,44.31084,Max / Supermax-Level,Expensive but Worth It,10.464256601770584,198525.26881720428,28669021.73913043
2021-22,2022,derrick white,Derrick White,BOS,G,23,,584.1999999999999,195.5,69.0,62.1,20.7,13.799999999999999,29.900000000000002,0.4903091832025842,445.05000000000007,1.4835000000000003,P00243,P00243-2022,P00243,P00243-2022,15178571.0,15.178571,Mid-Tier Rotation Contract,Market Neutral,29.320942004356013,77639.74936061382,10231594.876980113
2021-22,2022,kevon looney,Kevon Looney,GSW,F,22,,448.79999999999995,127.6,167.2,48.400000000000006,8.8,11.0,19.8,0.6663602941176471,440.44,1.4681333333333333,P00580,P00580-2022,P00580,P00580-2022,5178572.0,5.178572,Low-Cost Rotation Contract,Market Neutral,85.05047337374087,40584.42006269593,3527317.2282263194
2021-22,2022,spencer dinwiddie,Spencer Dinwiddie,DAL,PG,18,,500.40000000000003,255.6,43.199999999999996,64.8,14.4,5.3999999999999995,28.8,0.5759247242050617,435.23999999999995,1.4507999999999999,P00864,P00864-2022,P00864,P00864-2022,17142857.0,17.142857,Mid-Tier Rotation Contract,High-Cost Low-Return,25.389000211575,67069.08059467918,11816140.749931073
2021-22,2022,dorian finney smith,Dorian Finney-Smith,DAL,F,18,,687.6,210.6,99.0,34.199999999999996,16.2,7.2,18.0,0.6309318377911993,432.9,1.4429999999999998,P00263,P00263-2022,P00263,P00263-2022,4000000.0,4.0,Low-Cost Rotation Contract,Market Neutral,108.225,18993.35232668566,2772002.7720027724
2021-22,2022,deandre ayton,Deandre Ayton,PHO,C,13,,396.5,232.7,115.7,22.099999999999998,5.2,10.4,19.5,0.6532846715328468,431.98999999999995,1.4399666666666666,P00228,P00228-2022,P00228,P00228-2022,12632950.0,12.63295,Mid-Tier Rotation Contract,Market Neutral,34.19549669712933,54288.568972926514,8773085.025116323
2021-22,2022,robert williams iii,Robert Williams III,BOS,C,17,,394.4,130.9,105.4,17.0,11.899999999999999,37.400000000000006,10.2,0.7258672699849171,420.58,1.4019333333333333,P00815,P00815-2022,P00815,P00815-2022,3661976.0,3.661976,Low-Cost Rotation Contract,Efficient Role Player,114.8505615547453,27975.370511841098,2612089.970992439
2021-22,2022,tobias harris,Tobias Harris,PHI,F,12,,465.59999999999997,202.79999999999998,91.19999999999999,34.8,13.200000000000001,9.600000000000001,18.0,0.5912398544640358,414.84,1.3827999999999998,P00900,P00900-2022,P00900,P00900-2022,35995950.0,35.99595,Max / Supermax-Level,Expensive but Worth It,11.524629854191929,177494.8224852071,26031204.80185132
2021-22,2022,grant williams,Grant Williams,BOS,F,24,,655.2,206.39999999999998,91.19999999999999,19.200000000000003,7.199999999999999,19.200000000000003,19.200000000000003,0.5916345624656026,404.64000000000004,1.3488000000000002,P00330,P00330-2022,P00330,P00330-2022,2617800.0,2.6178,Minimum / Two-Way / Replacement,Market Neutral,154.57254182901676,12683.139534883723,1940836.298932384
2021-22,2022,jaren jackson jr,Jaren Jackson Jr.,MEM,F,12,,332.4,184.8,81.6,10.8,9.600000000000001,30.0,16.799999999999997,0.515532940546331,400.92,1.3364,P00431,P00431-2022,P00431,P00431-2022,9180560.0,9.18056,Mid-Tier Rotation Contract,Market Neutral,43.6705386163807,49678.354978354975,6869619.8742891345
2021-22,2022,joel embiid,Joel Embiid,PHI,C,10,,385.0,236.0,107.0,21.0,4.0,8.0,32.0,0.5895283772981614,399.9,1.333,P00481,P00481-2022,P00481,P00481-2022,31579390.0,31.57939,High-Salary Starter,Expensive but Worth It,12.66332250242959,133810.9745762712,23690465.11627907
2021-22,2022,reggie bullock jr,Reggie Bullock Jr.,DAL,SF,18,,707.4,190.79999999999998,82.8,30.599999999999998,21.599999999999998,1.8,7.2,0.5995475113122172,399.05999999999995,1.3301999999999998,P00805,P00805-2022,P00805,P00805-2022,9536000.0,9.536,Mid-Tier Rotation Contract,Market Neutral,41.847734899328856,49979.035639413,7168846.789956398
2021-22,2022,max strus,Max Strus,MIA,G,18,,523.8000000000001,196.20000000000002,73.8,37.800000000000004,14.4,7.2,19.8,0.5170777988614802,386.46,1.2882,P00680,P00680-2022,P00680,P00680-2022,1669178.0,1.669178,Minimum / Two-Way / Replacement,Efficient Role Player,231.5271349131129,8507.533129459734,1295744.4496196243
2021-22,2022,tyrese maxey,Tyrese Maxey,PHI,G,12,,484.79999999999995,249.60000000000002,42.0,46.8,9.600000000000001,2.4000000000000004,21.6,0.610042233693102,384.59999999999997,1.2819999999999998,P00946,P00946-2022,P00946,P00946-2022,2602920.0,2.60292,Minimum / Two-Way / Replacement,Bargain Star,147.75713429532985,10428.365384615383,2030358.8143525745
2021-22,2022,mikal bridges,Mikal Bridges,PHO,G,13,,500.5,172.9,61.1,36.4,14.3,13.0,10.4,0.5726834309335171,372.32000000000005,1.2410666666666668,P00692,P00692-2022,P00692,P00692-2022,5557725.0,5.557725,Low-Cost Rotation Contract,Market Neutral,66.99143984274143,32144.15847310584,4478184.088955737
2021-22,2022,desmond bane,Desmond Bane,MEM,G,12,,428.40000000000003,225.60000000000002,45.599999999999994,26.400000000000002,10.8,9.600000000000001,15.600000000000001,0.6448957189901207,365.52000000000004,1.2184000000000001,P00244,P00244-2022,P00244,P00244-2022,2033160.0,2.03316,Minimum / Two-Way / Replacement,Bargain Star,179.7792598713333,9012.234042553191,1668713.0663164805
2021-22,2022,p j tucker,P.J. Tucker,MIA,PF,18,,509.40000000000003,142.20000000000002,102.60000000000001,32.4,14.4,5.3999999999999995,12.6,0.6080665024630543,360.72,1.2024000000000001,P00762,P00762-2022,P00762,P00762-2022,7000000.0,7.0,Low-Cost Rotation Contract,Market Neutral,51.53142857142858,49226.44163150492,5821689.953426479
2021-22,2022,devin booker,Devin Booker,PHO,G,10,,366.0,233.0,48.0,44.0,5.0,4.0,32.0,0.5874344493747479,351.6,1.1720000000000002,P00245,P00245-2022,P00245,P00245-2022,31650600.0,31.6506,High-Salary Starter,Expensive but Worth It,11.10879414608254,135839.48497854077,27005631.399317402
2021-22,2022,tyler herro,Tyler Herro,MIA,G,15,,381.0,189.0,58.5,42.0,9.0,6.0,27.0,0.48867514737821904,340.2,1.134,P00939,P00939-2022,P00939,P00939-2022,4004280.0,4.00428,Low-Cost Rotation Contract,Efficient Role Player,84.95909376966647,21186.666666666668,3531111.1111111115
2021-22,2022,maxi kleber,Maxi Kleber,DAL,F,18,,457.2,156.6,82.8,19.8,3.6,14.4,10.799999999999999,0.6767268201617921,328.85999999999996,1.0961999999999998,P00681,P00681-2022,P00681,P00681-2022,8975000.0,8.975,Low-Cost Rotation Contract,Market Neutral,36.64178272980501,57311.62196679438,8187374.566684913
2021-22,2022,brandon clarke,Brandon Clarke,MEM,F,12,,296.4,147.60000000000002,82.80000000000001,24.0,9.600000000000001,9.600000000000001,12.0,0.6419624217118999,328.56000000000006,1.0952000000000002,P00091,P00091-2022,P00091,P00091-2022,2726880.0,2.72688,Minimum / Two-Way / Replacement,Efficient Role Player,120.4893504664672,18474.796747967477,2489846.6033601165
2021-22,2022,victor oladipo,Victor Oladipo,MIA,SG,15,,367.5,159.0,51.0,31.5,19.5,4.5,25.5,0.49812030075187974,313.95,1.0465,P00958,P00958-2022,P00958,P00958-2022,1669178.0,1.669178,Minimum / Two-Way / Replacement,Insufficient Minutes / Context,188.0865911244936,10497.974842767295,1595010.033444816
2021-22,2022,gabe vincent,Gabe Vincent,MIA,G,18,,423.0,144.0,34.199999999999996,57.6,14.4,5.3999999999999995,25.2,0.513874614594039,305.64,1.0188,P00309,P00309-2022,P00309,P00309-2022,1669178.0,1.669178,Minimum / Two-Way / Replacement,Efficient Role Player,183.10809272588062,11591.513888888889,1638376.521397723
2021-22,2022,bobby portis,Bobby Portis,MIL,F,12,,297.6,127.19999999999999,120.0,9.600000000000001,4.800000000000001,3.5999999999999996,15.600000000000001,0.5100076982294072,295.19999999999993,0.9839999999999998,P00080,P00080-2022,P00080,P00080-2022,4347600.0,4.3476,Low-Cost Rotation Contract,Efficient Role Player,67.89953077560031,34179.24528301887,4418292.68292683
2021-22,2022,nikola jokic,Nikola Jokic,DEN,C,5,,171.0,155.0,66.0,29.0,8.0,5.0,24.0,0.643046797212081,292.7,0.9756666666666667,P00736,P00736-2022,P00736,P00736-2022,31579390.0,31.57939,High-Salary Starter,Expensive but Worth It,9.268703417007105,203738.0,32366986.675777245
2021-22,2022,otto porter jr,Otto Porter Jr.,GSW,SF,19,,370.5,102.60000000000001,64.6,34.2,17.1,5.7,11.4,0.6250000000000002,288.4200000000001,0.9614000000000003,P00760,P00760-2022,P00760,P00760-2022,1669178.0,1.669178,Minimum / Two-Way / Replacement,Efficient Role Player,172.79163756052384,16268.791423001949,1736195.1320990217
2021-22,2022,brook lopez,Brook Lopez,MIL,C,12,,332.4,127.19999999999999,70.80000000000001,8.399999999999999,6.0,18.0,10.8,0.567694944301628,285.96,0.9531999999999999,P00101,P00101-2022,P00101,P00101-2022,13302325.0,13.302325,Mid-Tier Rotation Contract,Insufficient Minutes / Context,21.496993946546937,104578.02672955976,13955439.571968108
2021-22,2022,jae crowder,Jae Crowder,PHO,PF,13,,383.5,122.2,61.1,31.2,13.0,6.5,19.5,0.5233853006681515,281.32,0.9377333333333333,P00391,P00391-2022,P00391,P00391-2022,9720900.0,9.7209,Mid-Tier Rotation Contract,Market Neutral,28.93970722875454,79549.09983633387,10366379.92321911
2021-22,2022,tyus jones,Tyus Jones,MEM,G,12,,261.6,110.39999999999999,39.599999999999994,54.0,14.399999999999999,2.4000000000000004,13.200000000000001,0.5184851217312894,276.12,0.9204,P00950,P00950-2022,P00950,P00950-2022,8376286.0,8.376286,Low-Cost Rotation Contract,Market Neutral,32.96449046749359,75872.15579710146,9100701.868752716
2021-22,2022,pascal siakam,Pascal Siakam,TOR,F,6,,259.79999999999995,136.8,43.2,34.8,7.199999999999999,6.0,13.200000000000001,0.5577299412915852,267.24,0.8908,P00769,P00769-2022,P00769,P00769-2022,33003936.0,33.003936,High-Salary Starter,Expensive but Worth It,8.097216041141275,241256.84210526315,37049770.99236641
2021-22,2022,dillon brooks,Dillon Brooks,MEM,F,11,,335.5,160.6,29.700000000000003,29.700000000000003,11.0,3.3,22.0,0.4394413676860101,261.69,0.8723,P00255,P00255-2022,P00255,P00255-2022,12200000.0,12.2,Mid-Tier Rotation Contract,High-Cost Low-Return,21.45,75965.1307596513,13986013.986013986
2021-22,2022,brandon ingram,Brandon Ingram,NOP,F,6,,235.79999999999998,162.0,37.2,37.2,4.199999999999999,1.7999999999999998,22.799999999999997,0.5836071243299327,257.64,0.8588,P00093,P00093-2022,P00093,P00093-2022,29467800.0,29.4678,High-Salary Starter,High-Cost Low-Return,8.743102640848655,181900.0,34312761.993479274
2021-22,2022,karl anthony towns,Karl-Anthony Towns,MIN,C,6,,222.0,130.8,64.80000000000001,13.200000000000001,4.199999999999999,12.0,27.0,0.6429919773478056,249.96000000000004,0.8332000000000002,P00544,P00544-2022,P00544,P00544-2022,31650600.0,31.6506,High-Salary Starter,Expensive but Worth It,7.8974806164812055,241977.06422018347,37986797.887662016
2021-22,2022,payton pritchard,Payton Pritchard,BOS,G,24,,309.6,115.19999999999999,45.599999999999994,38.400000000000006,7.199999999999999,2.4000000000000004,9.600000000000001,0.5415162454873645,246.72,0.8224,P00780,P00780-2022,P00780,P00780-2022,2137440.0,2.13744,Minimum / Two-Way / Replacement,Market Neutral,115.42780148214688,18554.166666666668,2599027.2373540853
2021-22,2022,donovan mitchell,Donovan Mitchell,UTA,G,6,,229.20000000000002,153.0,25.799999999999997,34.2,4.199999999999999,3.0,16.200000000000003,0.5043512658227849,240.66000000000003,0.8022000000000001,P00260,P00260-2022,P00260,P00260-2022,28103500.0,28.1035,High-Salary Starter,Expensive but Worth It,8.563346202430303,183683.0065359477,35033034.1560708
2021-22,2022,anthony edwards,Anthony Edwards,MIN,G,6,,226.79999999999998,151.2,25.200000000000003,18.0,7.199999999999999,7.199999999999999,15.0,0.6055363321799306,236.64,0.7888,P00050,P00050-2022,P00050,P00050-2022,10245480.0,10.24548,Mid-Tier Rotation Contract,Expensive but Worth It,23.09701448834022,67761.11111111111,12988691.68356998
2021-22,2022,cj mccollum,CJ McCollum,NOP,G,6,,234.0,133.2,40.2,28.799999999999997,4.199999999999999,4.800000000000001,15.0,0.48915917503966144,236.64,0.7888,P00112,P00112-2022,P00112,P00112-2022,30864198.0,30.864198,High-Salary Starter,Expensive but Worth It,7.667135883459535,231713.19819819822,39128040.06085193
2021-22,2022,cameron johnson,Cameron Johnson,PHO,F,13,,319.8,140.4,45.5,19.5,5.2,1.3,11.700000000000001,0.6206896551724138,232.05,0.7735000000000001,P00123,P00123-2022,P00123,P00123-2022,4437000.0,4.437,Low-Cost Rotation Contract,Market Neutral,52.298850574712645,31602.5641025641,5736263.736263736
2021-22,2022,kyle lowry,Kyle Lowry,MIA,G,10,,295.0,78.0,36.0,47.0,12.0,7.0,19.0,0.4133107248834252,229.7,0.7656666666666666,P00603,P00603-2022,P00603,P00603-2022,26894128.0,26.894128,High-Salary Starter,High-Cost Low-Return,8.540897849523137,344796.5128205128,35125112.755768396
2021-22,2022,jonas valanciunas,Jonas Valanciunas,NOP,C,6,,175.2,87.0,85.80000000000001,18.0,4.199999999999999,1.2000000000000002,12.0,0.549575500303214,221.16,0.7372,P00492,P00492-2022,P00492,P00492-2022,14000000.0,14.0,Mid-Tier Rotation Contract,Expensive but Worth It,15.797142857142857,160919.54022988505,18990775.908844277
2021-22,2022,nikola vucevic,Nikola Vucevic,CHI,C,5,,181.0,97.0,62.0,16.0,2.0,6.0,8.0,0.5203862660944206,211.39999999999998,0.7046666666666666,P00739,P00739-2022,P00739,P00739-2022,24000000.0,24.0,High-Salary Starter,Expensive but Worth It,8.808333333333332,247422.68041237115,34058656.57521287
2021-22,2022,kyle anderson,Kyle Anderson,MEM,F,12,,220.79999999999998,72.0,51.599999999999994,21.6,10.8,7.199999999999999,9.600000000000001,0.6048387096774194,210.72,0.7024,P00599,P00599-2022,P00599,P00599-2022,9937150.0,9.93715,Mid-Tier Rotation Contract,Market Neutral,21.205275154345056,138015.97222222222,14147423.120728929
2021-22,2022,pat connaughton,Pat Connaughton,MIL,G,12,,318.0,114.0,51.599999999999994,10.8,4.800000000000001,3.5999999999999996,7.199999999999999,0.635366506153023,210.12000000000003,0.7004000000000001,P00770,P00770-2022,P00770,P00770-2022,5333334.0,5.333334,Low-Cost Rotation Contract,Market Neutral,39.397495075313124,46783.63157894737,7614697.31581953
2021-22,2022,gary payton ii,Gary Payton II,GSW,G,12,,202.79999999999998,78.0,37.2,15.600000000000001,14.399999999999999,7.199999999999999,6.0,0.7454128440366972,204.83999999999997,0.6828,P00317,P00317-2022,P00317,P00317-2022,1669178.0,1.669178,Minimum / Two-Way / Replacement,Efficient Role Player,122.71908687988936,21399.71794871795,2444607.4985354426
2021-22,2022,danny green,Danny Green,PHI,F,12,,319.20000000000005,103.19999999999999,37.2,9.600000000000001,12.0,3.5999999999999996,13.200000000000001,0.5776464266523372,195.84,0.6528,P00201,P00201-2022,P00201,P00201-2022,10000000.0,10.0,Mid-Tier Rotation Contract,Market Neutral,19.584,96899.22480620156,15318627.450980391
2021-22,2022,demar derozan,DeMar DeRozan,CHI,G,5,,203.0,104.0,27.0,24.0,9.0,2.0,11.0,0.4805914972273567,194.4,0.648,P00225,P00225-2022,P00225,P00225-2022,26000000.0,26.0,High-Salary Starter,Expensive but Worth It,7.476923076923077,250000.0,40123456.790123455
2021-22,2022,grayson allen,Grayson Allen,MIL,G,12,,304.79999999999995,99.60000000000001,34.8,15.600000000000001,8.399999999999999,3.5999999999999996,9.600000000000001,0.576709282934964,191.16000000000003,0.6372000000000001,P00331,P00331-2022,P00331,P00331-2022,4054695.0,4.054695,Low-Cost Rotation Contract,Market Neutral,47.1453463207467,40709.7891566265,6363300.376647834
2021-22,2022,rudy gobert,Rudy Gobert,UTA,C,6,,196.79999999999998,72.0,79.19999999999999,3.0,1.2000000000000002,6.0,7.800000000000001,0.6887052341597797,185.33999999999995,0.6177999999999998,P00826,P00826-2022,P00826,P00826-2022,35344828.0,35.344828,Max / Supermax-Level,Expensive but Worth It,5.243765792268106,490900.3888888889,57210793.13693754
2021-22,2022,daniel theis,Daniel Theis,BOS,C,16,,200.0,68.8,52.8,11.2,4.8,8.0,11.2,0.6286549707602338,176.16,0.5871999999999999,P00198,P00198-2022,P00198,P00198-2022,8280351.0,8.280351,Low-Cost Rotation Contract,Market Neutral,21.2744604667121,120353.93895348838,14101415.190735696
2021-22,2022,wesley matthews,Wesley Matthews,MIL,SG,12,,345.6,74.4,37.2,14.399999999999999,9.600000000000001,3.5999999999999996,6.0,0.548478414720453,174.24000000000004,0.5808000000000001,P00972,P00972-2022,P00972,P00972-2022,1237494.0,1.237494,Minimum / Two-Way / Replacement,Market Neutral,140.8006826699766,16632.983870967742,2130671.4876033054
2021-22,2022,kyrie irving,Kyrie Irving,BRK,G,4,,170.0,85.2,21.2,21.2,7.2,5.2,9.2,0.587359364659166,170.44,0.5681333333333334,P00605,P00605-2022,P00605,P00605-2022,35328700.0,35.3287,Max / Supermax-Level,High-Cost Low-Return,4.824406219306117,414656.10328638495,62183818.35249941
2021-22,2022,og anunoby,OG Anunoby,TOR,F,6,,217.20000000000002,103.80000000000001,24.0,15.0,6.0,1.2000000000000002,10.2,0.5810048361096186,166.50000000000003,0.555,P00748,P00748-2022,P00748,P00748-2022,16071429.0,16.071429,Mid-Tier Rotation Contract,High-Cost Low-Return,10.359999723733344,154830.72254335257,28957529.729729727
2021-22,2022,javale mcgee,JaVale McGee,PHO,C,12,,133.2,81.6,48.0,7.199999999999999,3.5999999999999996,4.800000000000001,9.600000000000001,0.7258753202391117,165.60000000000002,0.552,P00378,P00378-2022,P00378,P00378-2022,5000000.0,5.0,Low-Cost Rotation Contract,Market Neutral,33.120000000000005,61274.50980392157,9057971.014492752
2021-22,2022,kevin durant,Kevin Durant,BRK,F,4,,176.0,105.2,23.2,25.2,4.0,1.2,21.2,0.5264211369095276,165.23999999999998,0.5508,P00572,P00572-2022,P00572,P00572-2022,42018900.0,42.0189,Max / Supermax-Level,Expensive but Worth It,3.932516082048792,399419.2015209125,76287037.03703704
2021-22,2022,patrick beverley,Patrick Beverley,MIN,PG,6,,193.79999999999998,66.0,19.200000000000003,28.799999999999997,7.199999999999999,7.199999999999999,12.0,0.5596255596255597,163.44,0.5448,P00773,P00773-2022,P00773,P00773-2022,14320988.0,14.320988,Mid-Tier Rotation Contract,High-Cost Low-Return,11.412620414178129,216984.66666666666,26286688.69309839
2021-22,2022,d angelo russell,D'Angelo Russell,MIN,G,6,,196.20000000000002,72.0,15.0,40.2,9.0,0.0,16.799999999999997,0.4549590536851683,160.5,0.535,P00178,P00178-2022,P00178,P00178-2022,30013500.0,30.0135,High-Salary Starter,Expensive but Worth It,5.347593582887701,416854.1666666667,56100000.0
2021-22,2022,caleb martin,Caleb Martin,MIA,F,17,,209.10000000000002,76.5,37.400000000000006,5.1,10.2,1.7000000000000002,10.2,0.4614438063986874,154.53,0.5151,P00116,P00116-2022,P00116,P00116-2022,1782621.0,1.782621,Minimum / Two-Way / Replacement,Efficient Role Player,86.68696262413603,23302.235294117647,3460728.0139778685
2021-22,2022,paul reed,Paul Reed,PHI,F,12,,140.39999999999998,44.400000000000006,45.599999999999994,9.600000000000001,9.600000000000001,6.0,9.600000000000001,0.5667892156862746,150.72000000000003,0.5024000000000001,P00778,P00778-2022,P00778,P00778-2022,1517981.0,1.517981,Minimum / Two-Way / Replacement,Insufficient Minutes / Context,99.28978030686815,34188.76126126126,3021458.996815286
2021-22,2022,de anthony melton,De'Anthony Melton,MEM,G,10,,170.0,56.0,31.0,16.0,10.0,5.0,14.0,0.41941282204913116,148.2,0.49399999999999994,P00221,P00221-2022,P00221,P00221-2022,8805976.0,8.805976,Low-Cost Rotation Contract,Market Neutral,16.82948034380289,157249.57142857142,17825862.34817814
2021-22,2022,aaron gordon,Aaron Gordon,DEN,F,5,,160.0,69.0,36.0,13.0,2.0,6.0,8.0,0.520205066344994,147.7,0.4923333333333333,P00005,P00005-2022,P00005,P00005-2022,16409091.0,16.409091,Mid-Tier Rotation Contract,High-Cost Low-Return,9.001107983373362,237812.91304347827,33329230.196343943
2021-22,2022,bojan bogdanovic,Bojan Bogdanovic,UTA,SF,6,,214.20000000000002,108.0,25.200000000000003,10.2,1.7999999999999998,0.0,12.0,0.5897771952817824,146.94000000000003,0.48980000000000007,P00083,P00083-2022,P00083,P00083-2022,18700000.0,18.7,Mid-Tier Rotation Contract,High-Cost Low-Return,7.857754010695189,173148.14814814815,38178848.509595744
2021-22,2022,herbert jones,Herbert Jones,NOP,F,6,,226.20000000000002,64.19999999999999,19.799999999999997,10.8,10.8,4.800000000000001,7.800000000000001,0.5992383512544802,143.16,0.4772,P00345,P00345-2022,P00345,P00345-2022,1700000.0,1.7,Minimum / Two-Way / Replacement,Efficient Role Player,84.21176470588236,26479.750778816204,3562447.611064543
2021-22,2022,jordan clarkson,Jordan Clarkson,UTA,G,6,,169.8,105.0,19.200000000000003,7.800000000000001,3.0,1.2000000000000002,10.2,0.6471893491124261,142.14,0.47379999999999994,P00497,P00497-2022,P00497,P00497-2022,12420000.0,12.42,Mid-Tier Rotation Contract,Market Neutral,11.444444444444443,118285.71428571429,26213592.23300971
2021-22,2022,zach lavine,Zach LaVine,CHI,G,4,,153.2,77.2,21.2,24.0,3.2,1.2,12.0,0.552312271062271,139.83999999999997,0.46613333333333323,P00993,P00993-2022,P00993,P00993-2022,19500000.0,19.5,Mid-Tier Rotation Contract,Expensive but Worth It,7.17128205128205,252590.67357512953,41833524.027459964
2021-22,2022,gary trent jr,Gary Trent Jr.,TOR,G,6,,199.20000000000002,91.80000000000001,10.2,7.800000000000001,6.0,3.0,3.0,0.5063542494042892,139.74,0.46580000000000005,P00318,P00318-2022,P00318,P00318-2022,16000000.0,16.0,Mid-Tier Rotation Contract,High-Cost Low-Return,8.73375,174291.93899782133,34349506.225848
2021-22,2022,de andre hunter,De'Andre Hunter,ATL,F,5,,175.0,106.0,19.0,3.0,4.0,1.0,11.0,0.6725888324873097,137.3,0.4576666666666667,P00220,P00220-2022,P00220,P00220-2022,7775400.0,7.7754,Low-Cost Rotation Contract,Market Neutral,17.65825552383157,73352.83018867925,16989220.68463219
2021-22,2022,dwight powell,Dwight Powell,DAL,F,18,,248.4,57.6,46.800000000000004,3.6,3.6,5.3999999999999995,9.0,0.6472491909385114,137.16,0.4572,P00275,P00275-2022,P00275,P00275-2022,11080125.0,11.080125,Mid-Tier Rotation Contract,Market Neutral,12.378921717940907,192363.28125,24234744.09448819
2021-22,2022,fred vanvleet,Fred VanVleet,TOR,G,4,,140.0,55.2,12.0,25.2,7.2,4.0,4.0,0.4872881355932204,137.0,0.45666666666666667,P00305,P00305-2022,P00305,P00305-2022,19675926.0,19.675926,Mid-Tier Rotation Contract,Expensive but Worth It,6.9628235031987815,356447.9347826087,43085969.343065694
2021-22,2022,davis bertans,Davis Bertans,DAL,SF,18,,192.6,73.8,25.2,5.3999999999999995,7.2,1.8,3.6,0.6015258215962441,135.54,0.4518,P00216,P00216-2022,P00216,P00216-2022,16000000.0,16.0,Mid-Tier Rotation Contract,High-Cost Low-Return,8.47125,216802.16802168023,35413899.95573263
2021-22,2022,chris boucher,Chris Boucher,TOR,F,6,,130.2,67.19999999999999,34.8,1.2000000000000002,1.2000000000000002,7.199999999999999,1.7999999999999998,0.7227671657201857,134.15999999999997,0.4471999999999999,P00147,P00147-2022,P00147,P00147-2022,7020000.0,7.02,Low-Cost Rotation Contract,Market Neutral,19.111111111111107,104464.28571428574,15697674.418604655
2021-22,2022,monte morris,Monte Morris,DEN,PG,5,,156.0,70.0,11.0,27.0,6.0,0.0,8.0,0.6218905472636815,133.7,0.44566666666666666,P00703,P00703-2022,P00703,P00703-2022,8449074.0,8.449074,Low-Cost Rotation Contract,Market Neutral,15.824219316815073,120701.05714285714,18958281.226626776
2021-22,2022,jonathan kuminga,Jonathan Kuminga,GSW,F,16,,137.6,83.2,27.2,8.0,3.2,1.6,11.2,0.5772646536412079,131.04000000000002,0.4368000000000001,P00494,P00494-2022,P00494,P00494-2022,5466360.0,5.46636,Low-Cost Rotation Contract,Market Neutral,23.972076482339258,65701.44230769231,12514560.439560438
2021-22,2022,scottie barnes,Scottie Barnes,TOR,F,4,,133.2,51.2,36.0,17.2,4.0,1.2,5.2,0.5220228384991844,130.6,0.4353333333333333,P00842,P00842-2022,P00842,P00842-2022,7280520.0,7.28052,Low-Cost Rotation Contract,Market Neutral,17.938279133908015,142197.65625,16724012.251148546
2021-22,2022,trae young,Trae Young,ATL,G,5,,186.0,77.0,25.0,30.0,3.0,0.0,31.0,0.4609674329501916,130.0,0.43333333333333335,P00909,P00909-2022,P00909,P00909-2022,8326471.0,8.326471,Low-Cost Rotation Contract,Market Neutral,15.612856875379737,108135.98701298701,19214933.076923076
2021-22,2022,cameron payne,Cameron Payne,PHO,PG,13,,171.6,54.6,19.5,27.3,6.5,1.3,13.0,0.3547297297297297,129.35,0.43116666666666664,P00125,P00125-2022,P00125,P00125-2022,6500000.0,6.5,Low-Cost Rotation Contract,Market Neutral,19.9,119047.61904761904,15075376.884422112
2021-22,2022,will barton,Will Barton,DEN,G,5,,172.0,69.0,28.0,14.0,4.0,1.0,10.0,0.5026223776223776,128.6,0.42866666666666664,P00973,P00973-2022,P00973,P00973-2022,15625000.0,15.625,Mid-Tier Rotation Contract,High-Cost Low-Return,8.2304,226449.27536231885,36450233.281493
2021-22,2022,mike conley,Mike Conley,UTA,G,6,,174.0,55.199999999999996,19.200000000000003,28.799999999999997,4.800000000000001,1.7999999999999998,13.200000000000001,0.43396226415094336,128.04000000000002,0.42680000000000007,P00693,P00693-2022,P00693,P00693-2022,21000000.0,21.0,High-Salary Starter,High-Cost Low-Return,6.097142857142858,380434.7826086957,49203373.94564198
2021-22,2022,shake milton,Shake Milton,PHI,SG,12,,158.39999999999998,60.0,19.200000000000003,10.8,6.0,3.5999999999999996,4.800000000000001,0.6332320162107395,123.24000000000002,0.41080000000000005,P00854,P00854-2022,P00854,P00854-2022,1846738.0,1.846738,Minimum / Two-Way / Replacement,Efficient Role Player,66.73388428678027,30778.966666666667,4495467.380720545
2021-22,2022,nic claxton,Nic Claxton,BRK,C,4,,98.0,42.0,25.2,6.0,5.2,9.2,2.0,0.6235154394299287,122.44,0.40813333333333335,P00729,P00729-2022,P00729,P00729-2022,1782621.0,1.782621,Minimum / Two-Way / Replacement,Efficient Role Player,68.68537956189229,42443.357142857145,4367741.751061744
2021-22,2022,duncan robinson,Duncan Robinson,MIA,F,13,,158.6,72.8,23.400000000000002,5.2,3.9,1.3,2.6,0.606060606060606,121.68,0.4056,P00272,P00272-2022,P00272,P00272-2022,15650000.0,15.65,Mid-Tier Rotation Contract,High-Cost Low-Return,7.775079872204473,214972.5274725275,38584812.62327416
2021-22,2022,larry nance jr,Larry Nance Jr.,NOP,F,6,,130.2,55.199999999999996,34.8,10.8,3.0,1.7999999999999998,6.0,0.6308283049917717,121.56,0.4052,P00615,P00615-2022,P00615,P00615-2022,10690909.0,10.690909,Mid-Tier Rotation Contract,High-Cost Low-Return,11.370408259952452,193675.88768115942,26384276.900296148
2021-22,2022,dewayne dedmon,Dewayne Dedmon,MIA,C,14,,138.6,53.199999999999996,42.0,5.6000000000000005,1.4000000000000001,2.8000000000000003,7.0,0.5283648498331479,117.60000000000001,0.392,P00252,P00252-2022,P00252,P00252-2022,1669178.0,1.669178,Minimum / Two-Way / Replacement,Efficient Role Player,70.45384015365647,31375.526315789477,4258107.142857143
2021-22,2022,nemanja bjelica,Nemanja Bjelica,GSW,PF,15,,150.0,43.5,31.5,16.5,4.5,1.5,7.5,0.5753968253968255,116.55,0.3885,P00727,P00727-2022,P00727,P00727-2022,1669178.0,1.669178,Minimum / Two-Way / Replacement,Efficient Role Player,69.8247880094274,38371.90804597701,4296468.468468469
2021-22,2022,patrick williams,Patrick Williams,CHI,F,5,,153.0,59.0,27.0,4.0,5.0,3.0,7.0,0.5690586419753086,114.4,0.38133333333333336,P00774,P00774-2022,P00774,P00774-2022,7422000.0,7.422,Low-Cost Rotation Contract,Insufficient Minutes / Context,15.41363513877661,125796.61016949153,19463286.713286713
2021-22,2022,jaden mcdaniels,Jaden McDaniels,MIN,F,6,,130.2,55.800000000000004,16.799999999999997,4.199999999999999,1.7999999999999998,10.8,6.0,0.7066869300911854,114.06000000000002,0.38020000000000004,P00389,P00389-2022,P00389,P00389-2022,2063280.0,2.06328,Minimum / Two-Way / Replacement,Efficient Role Player,55.2809119460277,36976.344086021505,5426827.98527091
2021-22,2022,precious achiuwa,Precious Achiuwa,TOR,PF,6,,166.8,61.199999999999996,28.799999999999997,6.0,1.2000000000000002,4.800000000000001,9.0,0.5397967823878069,113.75999999999999,0.3792,P00787,P00787-2022,P00787,P00787-2022,2711280.0,2.71128,Minimum / Two-Way / Replacement,Efficient Role Player,41.95804195804195,44301.96078431373,7150000.0
2021-22,2022,jarred vanderbilt,Jarred Vanderbilt,MIN,F,6,,129.0,33.0,43.2,4.199999999999999,7.199999999999999,1.7999999999999998,4.800000000000001,0.5240091463414634,113.34,0.3778,P00432,P00432-2022,P00432,P00432-2022,4050000.0,4.05,Low-Cost Rotation Contract,Market Neutral,27.985185185185188,122727.27272727272,10719957.649550026
2021-22,2022,bruce brown,Bruce Brown,BRK,G,4,,139.2,56.0,19.2,11.2,5.2,3.2,9.2,0.673076923076923,111.83999999999999,0.37279999999999996,P00103,P00103-2022,P00103,P00103-2022,4736102.0,4.736102,Low-Cost Rotation Contract,Market Neutral,23.614356278644337,84573.25,12704136.266094422
2021-22,2022,landry shamet,Landry Shamet,PHO,G,12,,192.0,51.599999999999994,20.4,15.600000000000001,6.0,0.0,7.199999999999999,0.5042213883677298,110.27999999999999,0.3676,P00613,P00613-2022,P00613,P00613-2022,3768342.0,3.768342,Low-Cost Rotation Contract,Market Neutral,29.264859718146596,73029.88372093024,10251202.39390642
2021-22,2022,ziaire williams,Ziaire Williams,MEM,F,10,,168.0,69.0,16.0,5.0,5.0,0.0,2.0,0.5977130977130978,108.7,0.36233333333333334,P00996,P00996-2022,P00996,P00996-2022,4373040.0,4.37304,Low-Cost Rotation Contract,Market Neutral,24.856850154583544,63377.391304347824,12069107.635694573
2021-22,2022,kevin huerter,Kevin Huerter,ATL,G,5,,154.0,46.0,15.0,19.0,6.0,3.0,11.0,0.4716981132075472,108.5,0.3616666666666667,P00573,P00573-2022,P00573,P00573-2022,4253357.0,4.253357,Low-Cost Rotation Contract,Market Neutral,25.509262448461296,92464.28260869565,11760434.101382488
2021-22,2022,bogdan bogdanovic,Bogdan Bogdanovic,ATL,G,4,,107.2,57.2,19.2,12.0,1.2,1.2,4.0,0.5335820895522388,101.44,0.33813333333333334,P00082,P00082-2022,P00082,P00082-2022,18000000.0,18.0,Mid-Tier Rotation Contract,High-Cost Low-Return,5.635555555555555,314685.31468531466,53233438.485804416
2021-22,2022,royce o neale,Royce O'Neale,UTA,F,6,,187.8,37.2,34.2,9.0,3.0,1.2000000000000002,3.0,0.5225893459204316,101.34,0.3378,P00824,P00824-2022,P00824,P00824-2022,8800000.0,8.8,Low-Cost Rotation Contract,Market Neutral,11.51590909090909,236559.13978494622,26050917.702782713
2021-22,2022,delon wright,Delon Wright,ATL,G,5,,137.0,41.0,24.0,14.0,4.0,1.0,5.0,0.6219660194174758,100.8,0.33599999999999997,P00231,P00231-2022,P00231,P00231-2022,8526316.0,8.526316,Low-Cost Rotation Contract,Market Neutral,11.822221930315509,207958.92682926828,25375940.476190478
2021-22,2022,steven adams,Steven Adams,MEM,C,7,,114.10000000000001,23.8,44.800000000000004,14.700000000000001,0.7000000000000001,0.7000000000000001,4.2,0.458963282937365,99.60999999999999,0.3320333333333333,P00871,P00871-2022,P00871,P00871-2022,17073171.0,17.073171,Mid-Tier Rotation Contract,High-Cost Low-Return,5.834299908318144,717360.1260504201,51420051.19967876
2021-22,2022,georges niang,Georges Niang,PHI,F,12,,198.0,57.599999999999994,18.0,10.8,3.5999999999999996,0.0,7.199999999999999,0.5870841487279843,98.99999999999999,0.32999999999999996,P00321,P00321-2022,P00321,P00321-2022,3300000.0,3.3,Minimum / Two-Way / Replacement,Market Neutral,29.999999999999996,57291.66666666667,10000000.000000002
2021-22,2022,seth curry,Seth Curry,BRK,G,4,,132.0,58.0,10.0,12.0,1.2,3.2,3.2,0.7141449960598896,97.99999999999999,0.3266666666666666,P00850,P00850-2022,P00850,P00850-2022,8207518.0,8.207518,Low-Cost Rotation Contract,Market Neutral,11.940272321059787,141508.93103448275,25125055.10204082
2021-22,2022,xavier tillman,Xavier Tillman,MEM,F,9,,138.6,39.6,29.7,6.3,6.3,0.9,9.9,0.7078507078507079,96.39,0.3213,P00981,P00981-2022,P00981,P00981-2022,1517981.0,1.517981,Minimum / Two-Way / Replacement,Market Neutral,63.49881849641069,38332.85353535353,4724497.3544973545
2021-22,2022,alex caruso,Alex Caruso,CHI,G,4,,113.2,25.2,11.2,17.2,5.2,4.0,1.2,0.5431034482758621,90.83999999999999,0.30279999999999996,P00025,P00025-2022,P00025,P00025-2022,8650651.0,8.650651,Low-Cost Rotation Contract,Market Neutral,10.500943801801736,343279.8015873016,28568860.634081908
2021-22,2022,jose alvarado,Jose Alvarado,NOP,G,6,,117.0,48.0,7.800000000000001,9.0,7.199999999999999,1.2000000000000002,7.199999999999999,0.6184291898577613,88.85999999999999,0.29619999999999996,P00508,P00508-2022,P00508,P00508-2022,150000.0,0.15,Minimum / Two-Way / Replacement,Efficient Role Player,592.4,3125.0,506414.5847400406
2021-22,2022,john collins,John Collins,ATL,F,5,,122.0,47.0,23.0,6.0,2.0,1.0,5.0,0.5414746543778802,87.6,0.292,P00483,P00483-2022,P00483,P00483-2022,23000000.0,23.0,High-Salary Starter,High-Cost Low-Return,3.808695652173913,489361.7021276596,78767123.28767124
2021-22,2022,demarcus cousins,DeMarcus Cousins,DEN,C,5,,57.0,53.0,17.0,6.0,3.0,1.0,7.0,0.7443820224719101,87.4,0.29133333333333333,P00226,P00226-2022,P00226,P00226-2022,431684.0,0.431684,Minimum / Two-Way / Replacement,Efficient Role Player,202.46291268613152,8144.981132075472,1481752.8604118994
2021-22,2022,matisse thybulle,Matisse Thybulle,PHI,G,9,,136.79999999999998,27.0,9.0,3.6,7.2,7.2,1.8,0.5296610169491526,84.60000000000001,0.28200000000000003,P00672,P00672-2022,P00672,P00672-2022,2840160.0,2.84016,Minimum / Two-Way / Replacement,Market Neutral,29.787054250464767,105191.11111111111,10071489.361702127
2021-22,2022,jordan mclaughlin,Jordan McLaughlin,MIN,G,5,,83.0,31.0,12.0,17.0,5.0,0.0,2.0,0.8262260127931769,83.9,0.2796666666666667,P00502,P00502-2022,P00502,P00502-2022,2000000.0,2.0,Minimum / Two-Way / Replacement,Market Neutral,41.95,64516.12903225807,7151370.679380215
2021-22,2022,malik beasley,Malik Beasley,MIN,SG,6,,118.80000000000001,51.0,19.799999999999997,4.199999999999999,1.7999999999999998,1.2000000000000002,7.199999999999999,0.5490956072351422,82.85999999999999,0.27619999999999995,P00646,P00646-2022,P00646,P00646-2022,14491964.0,14.491964,Mid-Tier Rotation Contract,High-Cost Low-Return,5.717651520525443,284156.1568627451,52469094.85879798
2021-22,2022,onyeka okongwu,Onyeka Okongwu,ATL,F,5,,108.0,26.0,27.0,2.0,4.0,4.0,4.0,0.6372549019607844,81.4,0.27133333333333337,P00755,P00755-2022,P00755,P00755-2022,6104280.0,6.10428,Low-Cost Rotation Contract,Market Neutral,13.334906000380062,234780.0,22497346.437346436
2021-22,2022,danilo gallinari,Danilo Gallinari,ATL,PF,5,,112.0,51.0,21.0,4.0,1.0,0.0,5.0,0.511637239165329,80.2,0.26733333333333337,P00199,P00199-2022,P00199,P00199-2022,20475000.0,20.475,High-Salary Starter,High-Cost Low-Return,3.916971916971917,401470.5882352941,76589775.56109725
2021-22,2022,bones hyland,Bones Hyland,DEN,G,5,,87.0,46.0,10.0,16.0,1.0,0.0,6.0,0.5455407969639469,79.0,0.2633333333333333,P00085,P00085-2022,P00085,P00085-2022,2096880.0,2.09688,Minimum / Two-Way / Replacement,Efficient Role Player,37.67502193735454,45584.34782608696,7962835.443037976
2021-22,2022,hassan whiteside,Hassan Whiteside,UTA,C,6,,64.80000000000001,10.8,31.200000000000003,0.0,1.7999999999999998,7.800000000000001,0.0,0.38994800693240905,77.04,0.25680000000000003,P00340,P00340-2022,P00340,P00340-2022,1669178.0,1.669178,Minimum / Two-Way / Replacement,Efficient Role Player,46.15445446800761,154553.5185185185,6499914.330218067
2021-22,2022,goran dragic,Goran Dragic,BRK,PG,4,,79.2,42.0,18.0,6.0,3.2,0.0,5.2,0.6386861313868613,76.99999999999999,0.2566666666666666,P00325,P00325-2022,P00325,P00325-2022,460463.0,0.460463,Minimum / Two-Way / Replacement,Insufficient Minutes / Context,167.2229907723313,10963.404761904761,1794011.6883116888
2021-22,2022,jevon carter,Jevon Carter,MIL,G,11,,126.5,23.1,16.5,9.9,7.699999999999999,0.0,5.5,0.5872483221476511,75.35000000000001,0.2511666666666667,P00472,P00472-2022,P00472,P00472-2022,441277.0,0.441277,Minimum / Two-Way / Replacement,Efficient Role Player,170.75442409189696,19102.90043290043,1756909.0909090906
2021-22,2022,frank ntilikina,Frank Ntilikina,DAL,PG,12,,124.80000000000001,22.799999999999997,12.0,9.600000000000001,8.399999999999999,1.2000000000000002,6.0,0.4647749510763209,74.39999999999998,0.24799999999999991,P00303,P00303-2022,P00303,P00303-2022,1669178.0,1.669178,Minimum / Two-Way / Replacement,Market Neutral,44.572837648231626,73209.56140350878,6730556.451612906
2021-22,2022,coby white,Coby White,CHI,G,5,,98.0,42.0,17.0,9.0,1.0,0.0,6.0,0.4449152542372881,72.9,0.24300000000000002,P00160,P00160-2022,P00160,P00160-2022,5837760.0,5.83776,Low-Cost Rotation Contract,Market Neutral,12.48766650222003,138994.2857142857,24023703.7037037
2021-22,2022,thaddeus young,Thaddeus Young,TOR,F,6,,87.0,19.799999999999997,18.0,10.2,4.800000000000001,1.2000000000000002,3.0,0.4987908101571946,71.69999999999999,0.23899999999999996,P00890,P00890-2022,P00890,P00890-2022,14190000.0,14.19,Mid-Tier Rotation Contract,High-Cost Low-Return,5.0528541226215635,716666.6666666667,59372384.9372385
2021-22,2022,damion lee,Damion Lee,GSW,SG,16,,124.8,32.0,25.6,6.4,1.6,0.0,6.4,0.45703839122486284,70.71999999999998,0.2357333333333333,P00194,P00194-2022,P00194,P00194-2022,1910860.0,1.91086,Minimum / Two-Way / Replacement,Market Neutral,37.00951404079838,59714.375,8106023.75565611
2021-22,2022,moses moody,Moses Moody,GSW,G,13,,105.3,41.6,7.8,3.9,2.6,2.6,2.6,0.6611570247933884,69.81,0.23270000000000002,P00707,P00707-2022,P00707,P00707-2022,3562200.0,3.5622,Low-Cost Rotation Contract,Market Neutral,19.597439784402898,85629.80769230769,15308122.045552213
2021-22,2022,trey murphy iii,Trey Murphy III,NOP,F,6,,120.0,31.200000000000003,15.0,3.0,3.0,1.2000000000000002,1.2000000000000002,0.6416584402764066,65.1,0.21699999999999997,P00927,P00927-2022,P00927,P00927-2022,3053760.0,3.05376,Minimum / Two-Way / Replacement,Market Neutral,21.317981766740015,97876.92307692306,14072626.7281106
2021-22,2022,josh green,Josh Green,DAL,G,16,,121.6,22.4,12.8,6.4,4.8,0.0,0.0,0.3465346534653465,61.76,0.20586666666666667,P00511,P00511-2022,P00511,P00511-2022,2957520.0,2.95752,Minimum / Two-Way / Replacement,Market Neutral,20.88236089696773,132032.14285714287,14366191.70984456
2021-22,2022,khris middleton,Khris Middleton,MIL,F,2,,71.0,29.0,10.0,14.0,3.0,0.0,11.0,0.5726698262243286,60.0,0.2,P00585,P00585-2022,P00585,P00585-2022,35500000.0,35.5,Max / Supermax-Level,Expensive but Worth It,1.6901408450704225,1224137.9310344828,177500000.0
2021-22,2022,torrey craig,Torrey Craig,PHO,SF,9,,69.3,19.8,15.299999999999999,5.3999999999999995,3.6,1.8,3.6,0.44212218649517687,58.86,0.19619999999999999,P00906,P00906-2022,P00906,P00906-2022,4878049.0,4.878049,Low-Cost Rotation Contract,Market Neutral,12.066299457016525,246366.1111111111,24862635.066258922
2021-22,2022,bismack biyombo,Bismack Biyombo,PHO,C,9,,86.39999999999999,25.2,18.900000000000002,5.3999999999999995,0.9,1.8,6.3,0.6340579710144929,57.780000000000015,0.19260000000000005,P00075,P00075-2022,P00075,P00075-2022,863368.0,0.863368,Minimum / Two-Way / Replacement,Efficient Role Player,66.9239536327499,34260.63492063492,4482699.896157839
2021-22,2022,naz reid,Naz Reid,MIN,C,5,,54.0,24.0,14.0,0.0,1.0,6.0,5.0,0.5976095617529881,56.8,0.18933333333333333,P00725,P00725-2022,P00725,P00725-2022,1782621.0,1.782621,Minimum / Two-Way / Replacement,Efficient Role Player,31.863194700387798,74275.875,9415251.760563381
2021-22,2022,jeff green,Jeff Green,DEN,F,5,,113.0,19.0,18.0,2.0,3.0,2.0,2.0,0.4947916666666667,56.599999999999994,0.18866666666666665,P00461,P00461-2022,P00461,P00461-2022,4500000.0,4.5,Low-Cost Rotation Contract,Market Neutral,12.577777777777776,236842.1052631579,23851590.10600707
2021-22,2022,jaxson hayes,Jaxson Hayes,NOP,C,6,,82.80000000000001,34.8,15.0,1.2000000000000002,0.0,1.7999999999999998,4.199999999999999,0.580929487179487,55.8,0.186,P00444,P00444-2022,P00444,P00444-2022,5348280.0,5.34828,Low-Cost Rotation Contract,Market Neutral,10.433260786645425,153686.20689655174,28754193.548387095
2021-22,2022,taurean prince,Taurean Prince,MIN,F,5,,65.0,30.0,8.0,6.0,2.0,1.0,4.0,0.49867021276595747,53.6,0.17866666666666667,P00880,P00880-2022,P00880,P00880-2022,13000000.0,13.0,Mid-Tier Rotation Contract,High-Cost Low-Return,4.1230769230769235,433333.3333333333,72761194.02985075
2021-22,2022,austin rivers,Austin Rivers,DEN,SG,5,,108.0,21.0,3.0,6.0,7.0,1.0,4.0,0.56941431670282,53.6,0.17866666666666667,P00062,P00062-2022,P00062,P00062-2022,1669178.0,1.669178,Minimum / Two-Way / Replacement,Market Neutral,32.11161421969376,79484.66666666667,9342414.179104477
2021-22,2022,andre drummond,Andre Drummond,BRK,C,4,,60.0,15.2,12.0,3.2,5.2,3.2,6.0,0.5634638196915777,53.6,0.17866666666666667,P00042,P00042-2022,P00042,P00042-2022,1669178.0,1.669178,Minimum / Two-Way / Replacement,Efficient Role Player,32.11161421969376,109814.34210526316,9342414.179104477
2021-22,2022,ayo dosunmu,Ayo Dosunmu,CHI,G,5,,86.0,20.0,13.0,11.0,1.0,0.0,3.0,0.37821482602118,52.1,0.17366666666666666,P00064,P00064-2022,P00064,P00064-2022,925258.0,0.925258,Minimum / Two-Way / Replacement,Efficient Role Player,56.30861878524693,46262.9,5327781.190019194
2021-22,2022,javonte green,Javonte Green,CHI,G,5,,72.0,7.0,15.0,2.0,9.0,0.0,4.0,0.19574944071588368,51.0,0.17,P00442,P00442-2022,P00442,P00442-2022,1669178.0,1.669178,Minimum / Two-Way / Replacement,Efficient Role Player,30.55396129112653,238454.0,9818694.117647057
2021-22,2022,aaron nesmith,Aaron Nesmith,BOS,G,15,,52.5,12.0,15.0,3.0,1.5,4.5,1.5,0.3246753246753247,51.0,0.17,P00008,P00008-2022,P00008,P00008-2022,3631200.0,3.6312,Low-Cost Rotation Contract,Market Neutral,14.044943820224718,302600.0,21360000.0
2021-22,2022,furkan korkmaz,Furkan Korkmaz,PHI,SG,9,,61.199999999999996,27.900000000000002,11.700000000000001,3.6,0.9,0.9,1.8,0.5766369047619048,50.94000000000001,0.16980000000000003,P00307,P00307-2022,P00307,P00307-2022,4629630.0,4.62963,Low-Cost Rotation Contract,Market Neutral,11.003039119756874,165936.55913978492,27265194.346289746
2021-22,2022,aaron holiday,Aaron Holiday,PHO,G,6,,19.799999999999997,21.0,3.0,9.0,3.0,1.2000000000000002,0.0,0.7328308207705193,50.7,0.169,P00007,P00007-2022,P00007,P00007-2022,3980551.0,3.980551,Low-Cost Rotation Contract,Market Neutral,12.736930138566244,189550.04761904763,23553556.21301775
2021-22,2022,john konchar,John Konchar,MEM,G,8,,56.0,8.8,19.2,4.8,3.2,0.8,0.8,0.35900783289817234,50.24,0.16746666666666668,P00484,P00484-2022,P00484,P00484-2022,2200000.0,2.2,Minimum / Two-Way / Replacement,Efficient Role Player,22.836363636363636,249999.99999999997,13136942.675159235
2021-22,2022,danuel house jr,Danuel House Jr.,UTA,SF,6,,112.19999999999999,25.799999999999997,16.799999999999997,4.199999999999999,0.0,1.2000000000000002,6.0,0.5032771535580522,49.85999999999999,0.1662,P00204,P00204-2022,P00204,P00204-2022,565986.0,0.565986,Minimum / Two-Way / Replacement,Efficient Role Player,88.09405179633417,21937.44186046512,3405451.2635379066
2021-22,2022,devonte graham,Devonte' Graham,NOP,PG,6,,60.0,24.0,9.0,4.199999999999999,1.2000000000000002,1.2000000000000002,4.199999999999999,0.5599104143337066,44.099999999999994,0.147,P00251,P00251-2022,P00251,P00251-2022,11000000.0,11.0,Mid-Tier Rotation Contract,Market Neutral,4.009090909090909,458333.3333333333,74829931.97278912
2021-22,2022,trey burke,Trey Burke,DAL,PG,10,,37.0,32.0,3.0,4.0,1.0,0.0,1.0,0.6493506493506493,43.6,0.14533333333333334,P00924,P00924-2022,P00924,P00924-2022,3150000.0,3.15,Minimum / Two-Way / Replacement,Insufficient Minutes / Context,13.841269841269842,98437.5,21674311.926605504
2021-22,2022,omer yurtseven,Omer Yurtseven,MIA,C,9,,37.800000000000004,25.2,7.2,2.6999999999999997,0.0,0.9,0.0,0.6566604127579737,40.59,0.1353,P00753,P00753-2022,P00753,P00753-2022,1489065.0,1.489065,Minimum / Two-Way / Replacement,Efficient Role Player,27.258716039931098,59089.880952380954,11005654.101995565
2021-22,2022,andre iguodala,Andre Iguodala,GSW,F,7,,60.89999999999999,11.200000000000001,7.0,11.9,0.0,2.1,4.2,0.5420054200542006,39.55,0.13183333333333333,P00043,P00043-2022,P00043,P00043-2022,1669178.0,1.669178,Minimum / Two-Way / Replacement,Market Neutral,23.694297432628513,149033.75,12661274.336283186
2021-22,2022,juancho hernangomez,Juancho Hernangomez,UTA,PF,6,,55.800000000000004,13.799999999999999,12.0,4.800000000000001,1.7999999999999998,0.0,1.7999999999999998,0.3833333333333333,39.0,0.13,P00521,P00521-2022,P00521,P00521-2022,6907815.0,6.907815,Low-Cost Rotation Contract,Insufficient Minutes / Context,5.645779454139984,500566.3043478261,53137038.46153846
2021-22,2022,jamychal green,JaMychal Green,DEN,F,5,,69.0,20.0,12.0,2.0,0.0,1.0,2.0,0.5241090146750524,38.4,0.128,P00377,P00377-2022,P00377,P00377-2022,8200000.0,8.2,Low-Cost Rotation Contract,Market Neutral,4.682926829268293,410000.0,64062500.0
2021-22,2022,sterling brown,Sterling Brown,DAL,SF,9,,26.099999999999998,10.799999999999999,8.1,2.6999999999999997,3.6,1.8,2.6999999999999997,0.41322314049586767,38.06999999999999,0.12689999999999999,P00870,P00870-2022,P00870,P00870-2022,3000000.0,3.0,Minimum / Two-Way / Replacement,Market Neutral,12.689999999999998,277777.7777777778,23640661.938534282
2021-22,2022,khem birch,Khem Birch,TOR,C,6,,63.0,18.0,9.0,3.0,1.2000000000000002,1.2000000000000002,3.0,0.5555555555555555,37.5,0.125,P00584,P00584-2022,P00584,P00584-2022,6350000.0,6.35,Low-Cost Rotation Contract,Market Neutral,5.905511811023622,352777.77777777775,50800000.0
2021-22,2022,naji marshall,Naji Marshall,NOP,F,6,,55.800000000000004,18.0,6.0,4.800000000000001,1.2000000000000002,1.2000000000000002,3.0,0.7470119521912352,36.6,0.12200000000000001,P00719,P00719-2022,P00719,P00719-2022,1517981.0,1.517981,Minimum / Two-Way / Replacement,Market Neutral,24.110973721014954,84332.27777777778,12442467.213114753
2021-22,2022,juan toscano anderson,Juan Toscano-Anderson,GSW,F,14,,49.0,11.200000000000001,9.799999999999999,8.4,1.4000000000000001,1.4000000000000001,8.4,0.5076142131979696,35.56000000000001,0.11853333333333337,P00520,P00520-2022,P00520,P00520-2022,1701593.0,1.701593,Minimum / Two-Way / Replacement,Efficient Role Player,20.898064343236022,151927.94642857142,14355396.512935879
2021-22,2022,bryn forbes,Bryn Forbes,DEN,SG,5,,76.0,20.0,3.0,7.0,1.0,0.0,2.0,0.5813953488372093,35.1,0.117,P00106,P00106-2022,P00106,P00106-2022,4500000.0,4.5,Low-Cost Rotation Contract,Market Neutral,7.800000000000001,225000.0,38461538.46153846
2021-22,2022,patty mills,Patty Mills,BRK,PG,4,,72.0,25.2,4.0,0.0,0.0,1.2,1.2,0.7875,32.4,0.108,P00775,P00775-2022,P00775,P00775-2022,5890000.0,5.89,Low-Cost Rotation Contract,Market Neutral,5.500848896434635,233730.15873015873,54537037.03703704
2021-22,2022,derrick jones jr,Derrick Jones Jr.,CHI,F,5,,59.0,19.0,7.0,2.0,1.0,0.0,3.0,0.5185589519650655,30.4,0.10133333333333333,P00240,P00240-2022,P00240,P00240-2022,9720900.0,9.7209,Mid-Tier Rotation Contract,Market Neutral,3.1272824532707872,511626.3157894737,95929934.21052632
2021-22,2022,troy brown jr,Troy Brown Jr.,CHI,F,3,,36.900000000000006,12.0,8.100000000000001,3.0,2.0999999999999996,0.0,3.0,0.3508771929824561,29.519999999999996,0.09839999999999999,P00933,P00933-2022,P00933,P00933-2022,5170564.0,5.170564,Low-Cost Rotation Contract,Market Neutral,5.70924177710594,430880.3333333333,52546382.11382114
2021-22,2022,ish wainright,Ish Wainright,PHO,F,7,,25.900000000000002,13.299999999999999,11.200000000000001,0.7000000000000001,0.7000000000000001,0.7000000000000001,2.8000000000000003,0.5588235294117646,29.190000000000005,0.09730000000000001,P00370,P00370-2022,P00370,P00370-2022,5318.0,0.005318,Minimum / Two-Way / Replacement,Insufficient Minutes / Context,5488.905603610381,399.8496240601504,54655.70400822199
2021-22,2022,kevin knox ii,Kevin Knox II,ATL,F,2,,9.0,22.0,2.0,0.0,2.0,0.0,3.0,0.9259259259259258,27.4,0.09133333333333332,P00574,P00574-2022,P00574,P00574-2022,5845979.0,5.845979,Low-Cost Rotation Contract,Insufficient Minutes / Context,4.6869822830359125,265726.3181818182,64007069.3430657
2021-22,2022,clint capela,Clint Capela,ATL,C,2,,40.0,4.0,15.0,0.0,1.0,1.0,1.0,0.3333333333333333,27.0,0.09,P00159,P00159-2022,P00159,P00159-2022,18603448.0,18.603448,Mid-Tier Rotation Contract,Expensive but Worth It,1.4513438584073233,4650862.0,206704977.7777778
2021-22,2022,marquese chriss,Marquese Chriss,DAL,SF,8,,30.4,14.4,8.8,0.0,0.0,0.0,0.8,0.665680473372781,24.16,0.08053333333333333,P00667,P00667-2022,P00667,P00667-2022,958529.0,0.958529,Minimum / Two-Way / Replacement,Insufficient Minutes / Context,25.205288520222133,66564.51388888889,11902264.072847683
2021-22,2022,blake griffin,Blake Griffin,BRK,PF,2,,25.0,8.0,4.0,4.0,1.0,1.0,1.0,0.5076142131979695,23.8,0.07933333333333334,P00076,P00076-2022,P00076,P00076-2022,1669178.0,1.669178,Minimum / Two-Way / Replacement,Efficient Role Player,14.258515269192381,208647.25,21040058.82352941
2021-22,2022,deandre jordan,DeAndre Jordan,PHI,C,3,,30.900000000000002,9.899999999999999,6.8999999999999995,0.8999999999999999,0.0,2.0999999999999996,2.0999999999999996,0.9705882352941175,23.729999999999997,0.07909999999999999,P00222,P00222-2022,P00222,P00222-2022,374126.0,0.374126,Minimum / Two-Way / Replacement,Efficient Role Player,63.427829127085516,37790.50505050505,4729785.082174463
2021-22,2022,nik stauskas,Nik Stauskas,BOS,G,13,,23.400000000000002,13.0,3.9,3.9,0.0,0.0,0.0,0.4844961240310077,23.53,0.07843333333333334,P00735,P00735-2022,P00735,P00735-2022,432536.0,0.432536,Minimum / Two-Way / Replacement,Insufficient Minutes / Context,54.400096176965626,33272.0,5514696.132596685
2021-22,2022,jarrett culver,Jarrett Culver,MEM,G,3,,21.9,6.8999999999999995,6.8999999999999995,0.8999999999999999,2.0999999999999996,0.0,2.0999999999999996,0.31873614190687366,20.729999999999997,0.0691,P00435,P00435-2022,P00435,P00435-2022,6395160.0,6.39516,Low-Cost Rotation Contract,Insufficient Minutes / Context,3.241513894883005,926834.7826086957,92549348.7698987
2021-22,2022,luca vildoza,Luca Vildoza,MIL,G,7,,16.8,4.8999999999999995,2.1,4.2,2.1,0.0,0.0,0.38888888888888884,20.020000000000003,0.06673333333333334,,,,,,,,,,,
2021-22,2022,serge ibaka,Serge Ibaka,MIL,F,6,,22.200000000000003,9.0,10.2,0.0,0.0,0.0,1.7999999999999998,0.2648305084745762,19.439999999999998,0.0648,P00849,P00849-2022,P00849,P00849-2022,9720900.0,9.7209,Mid-Tier Rotation Contract,Market Neutral,1.9998148319600033,1080100.0,150013888.8888889
2021-22,2022,eric paschall,Eric Paschall,UTA,F,4,,24.0,8.0,5.2,0.0,1.2,0.0,0.0,0.6127450980392156,17.84,0.05946666666666667,P00294,P00294-2022,P00294,P00294-2022,1782621.0,1.782621,Minimum / Two-Way / Replacement,Market Neutral,10.007735800262648,222827.625,29976810.538116593
2021-22,2022,tony bradley,Tony Bradley,CHI,C,2,,8.0,10.0,4.0,1.0,0.0,0.0,0.0,1.0,16.3,0.05433333333333334,P00904,P00904-2022,P00904,P00904-2022,1669178.0,1.669178,Minimum / Two-Way / Replacement,Market Neutral,9.765285667556126,166917.8,30721067.484662574
2021-22,2022,haywood highsmith,Haywood Highsmith,MIA,F,8,,31.2,8.8,4.8,3.2,0.0,0.0,3.2,0.6111111111111112,16.16,0.05386666666666667,P00343,P00343-2022,P00343,P00343-2022,290967.0,0.290967,Minimum / Two-Way / Replacement,Insufficient Minutes / Context,55.53894427890449,33064.431818181816,5401615.099009901
2021-22,2022,george hill,George Hill,MIL,PG,5,,76.0,5.0,6.0,3.0,0.0,0.0,1.0,0.4251700680272109,15.7,0.05233333333333333,P00319,P00319-2022,P00319,P00319-2022,4000000.0,4.0,Low-Cost Rotation Contract,Market Neutral,3.925,800000.0,76433121.01910828
2021-22,2022,tristan thompson,Tristan Thompson,CHI,C,5,,38.0,4.0,8.0,2.0,1.0,0.0,5.0,0.4,14.600000000000001,0.04866666666666667,P00929,P00929-2022,P00929,P00929-2022,1000000.0,1.0,Minimum / Two-Way / Replacement,Efficient Role Player,14.600000000000001,250000.0,20547945.20547945
2021-22,2022,luke kornet,Luke Kornet,BOS,C,9,,18.900000000000002,7.2,5.3999999999999995,0.9,0.0,0.0,0.9,1.0,14.129999999999999,0.047099999999999996,P00637,P00637-2022,P00637,P00637-2022,565986.0,0.565986,Minimum / Two-Way / Replacement,Insufficient Minutes / Context,24.965281826758964,78609.16666666667,12016687.898089172
2021-22,2022,jaden springer,Jaden Springer,PHI,G,5,,13.0,6.0,4.0,2.0,0.0,0.0,0.0,0.5,13.8,0.046,P00390,P00390-2022,P00390,P00390-2022,2023800.0,2.0238,Minimum / Two-Way / Replacement,Insufficient Minutes / Context,6.818855618144085,337300.0,43995652.17391305
2021-22,2022,dalano banton,Dalano Banton,TOR,F,4,,8.0,7.2,2.0,1.2,1.2,0.0,1.2,0.7758620689655171,13.799999999999999,0.046,P00188,P00188-2022,P00188,P00188-2022,925258.0,0.925258,Minimum / Two-Way / Replacement,Efficient Role Player,14.914758910487668,128508.05555555555,20114304.347826086
2021-22,2022,thanasis antetokounmpo,Thanasis Antetokounmpo,MIL,F,8,,20.0,4.8,4.0,0.8,0.8,0.0,0.0,0.5208333333333333,13.200000000000001,0.044000000000000004,P00891,P00891-2022,P00891,P00891-2022,1669178.0,1.669178,Minimum / Two-Way / Replacement,Insufficient Minutes / Context,7.908084098879808,347745.4166666667,37935863.63636363
2021-22,2022,greg monroe,Greg Monroe,MIN,C,2,,7.0,4.0,2.0,1.0,2.0,0.0,1.0,0.4,12.9,0.043000000000000003,P00333,P00333-2022,P00333,P00333-2022,,,Salary Unavailable,Salary Unavailable,,,
2021-22,2022,charles bassey,Charles Bassey,PHI,C,3,,12.0,2.0999999999999996,5.1,0.8999999999999999,0.0,0.8999999999999999,0.0,0.4206730769230769,12.269999999999998,0.04089999999999999,P00139,P00139-2022,P00139,P00139-2022,925258.0,0.925258,Minimum / Two-Way / Replacement,Insufficient Minutes / Context,13.261166074759686,440599.0476190477,22622444.987775065
2021-22,2022,jordan nwora,Jordan Nwora,MIL,SF,8,,20.0,4.0,3.2,2.4,0.0,0.0,0.0,0.2029220779220779,11.44,0.03813333333333333,P00504,P00504-2022,P00504,P00504-2022,1517981.0,1.517981,Minimum / Two-Way / Replacement,Efficient Role Player,7.536326212251668,379495.25,39807194.055944055
2021-22,2022,timothe luwawu cabarrot,Timothe Luwawu-Cabarrot,ATL,SG,4,,22.0,5.2,3.2,2.0,0.0,0.0,1.2,0.65,10.84,0.03613333333333333,P00899,P00899-2022,P00899,P00899-2022,1669178.0,1.669178,Minimum / Two-Way / Replacement,Market Neutral,6.494214517564933,320995.76923076925,46194963.099631004
2021-22,2022,nickeil alexander walker,Nickeil Alexander-Walker,UTA,G,1,,5.0,5.0,1.0,1.0,1.0,0.0,0.0,1.0245901639344261,10.7,0.035666666666666666,P00732,P00732-2022,P00732,P00732-2022,3261480.0,3.26148,Minimum / Two-Way / Replacement,Market Neutral,3.280719182702331,652296.0,91443364.48598132
2021-22,2022,jaylen nowell,Jaylen Nowell,MIN,G,1,,12.0,6.0,0.0,1.0,1.0,0.0,0.0,0.3,10.5,0.035,P00452,P00452-2022,P00452,P00452-2022,1782621.0,1.782621,Minimum / Two-Way / Replacement,Efficient Role Player,5.89020324567028,297103.5,50932028.57142857
2021-22,2022,malachi flynn,Malachi Flynn,TOR,PG,6,,36.0,0.0,3.0,3.0,1.2000000000000002,0.0,1.2000000000000002,0.0,10.5,0.035,P00640,P00640-2022,P00640,P00640-2022,2048040.0,2.04804,Minimum / Two-Way / Replacement,Market Neutral,5.126852991152517,,58515428.57142857
2021-22,2022,malik fitts,Malik Fitts,BOS,F,9,,16.2,8.1,1.8,0.0,0.0,0.0,0.0,1.125,10.26,0.0342,P00647,P00647-2022,P00647,P00647-2022,231062.0,0.231062,Minimum / Two-Way / Replacement,Insufficient Minutes / Context,44.4036665483723,28526.172839506173,6756198.830409356
2021-22,2022,sam hauser,Sam Hauser,BOS,F,7,,14.700000000000001,4.8999999999999995,0.7000000000000001,2.1,0.0,0.0,0.0,0.47814207650273216,8.89,0.029633333333333334,P00836,P00836-2022,P00836,P00836-2022,313737.0,0.313737,Minimum / Two-Way / Replacement,Insufficient Minutes / Context,28.3358354290377,64027.959183673476,10587300.337457817
2021-22,2022,elfrid payton,Elfrid Payton,PHO,G,2,,8.0,4.0,0.0,3.0,0.0,0.0,0.0,0.6666666666666666,8.5,0.028333333333333332,P00284,P00284-2022,P00284,P00284-2022,,,Salary Unavailable,Salary Unavailable,,,
2021-22,2022,boban marjanovic,Boban Marjanovic,DAL,C,3,,6.0,3.9000000000000004,3.0,0.0,0.8999999999999999,0.0,2.0999999999999996,0.4042288557213931,8.1,0.027,P00079,P00079-2022,P00079,P00079-2022,3500000.0,3.5,Low-Cost Rotation Contract,Insufficient Minutes / Context,2.314285714285714,897435.8974358974,129629629.62962963
2021-22,2022,skylar mays,Skylar Mays,ATL,PG,2,,9.0,2.0,1.0,1.0,1.0,0.0,0.0,1.0,7.7,0.025666666666666667,P00862,P00862-2022,P00862,P00862-2022,,,Salary Unavailable,Salary Unavailable,,,
2021-22,2022,vlatko cancar,Vlatko Cancar,DEN,SF,2,,9.0,5.0,2.0,1.0,0.0,0.0,2.0,0.8333333333333334,6.9,0.023,P00963,P00963-2022,P00963,P00963-2022,1782621.0,1.782621,Minimum / Two-Way / Replacement,Insufficient Minutes / Context,3.8707049900118986,356524.2,77505260.86956522
2021-22,2022,gorgui dieng,Gorgui Dieng,ATL,C,2,,10.0,3.0,3.0,0.0,0.0,0.0,0.0,0.6147540983606558,6.6,0.022,P00327,P00327-2022,P00327,P00327-2022,4000000.0,4.0,Low-Cost Rotation Contract,Insufficient Minutes / Context,1.65,1333333.3333333333,181818181.81818184
2021-22,2022,rayjon tucker,Rayjon Tucker,MIL,G,8,,19.2,2.4,3.2,0.0,0.0,0.0,0.0,0.37499999999999994,6.24,0.0208,P00802,P00802-2022,P00802,P00802-2022,28779.0,0.028779,Minimum / Two-Way / Replacement,Insufficient Minutes / Context,216.8247680600438,11991.25,1383605.7692307692
2021-22,2022,facundo campazzo,Facundo Campazzo,DEN,G,4,,13.2,0.0,3.2,2.0,0.0,0.0,2.0,0.0,4.84,0.016133333333333333,P00299,P00299-2022,P00299,P00299-2022,,,Salary Unavailable,Salary Unavailable,,,
2021-22,2022,isaiah joe,Isaiah Joe,PHI,G,7,,14.700000000000001,4.8999999999999995,2.1,0.0,0.0,0.0,2.8000000000000003,0.5,4.619999999999999,0.015399999999999997,P00360,P00360-2022,P00360,P00360-2022,1517981.0,1.517981,Minimum / Two-Way / Replacement,Market Neutral,3.043516354947789,309792.04081632657,98570194.80519482
2021-22,2022,willy hernangomez,Willy Hernangomez,NOP,C,1,,2.0,2.0,2.0,0.0,0.0,0.0,0.0,0.25,4.4,0.014666666666666668,P00977,P00977-2022,P00977,P00977-2022,2327220.0,2.32722,Minimum / Two-Way / Replacement,Market Neutral,1.8906678354431468,1163610.0,158674090.9090909
2021-22,2022,juwan morgan,Juwan Morgan,BOS,F,9,,15.299999999999999,0.9,2.6999999999999997,0.0,0.0,0.0,0.0,0.26595744680851063,4.14,0.0138,P00537,P00537-2022,P00537,P00537-2022,19816.0,0.019816,Minimum / Two-Way / Replacement,Insufficient Minutes / Context,208.9220831651191,22017.777777777777,1435942.0289855073
2021-22,2022,kessler edwards,Kessler Edwards,BRK,F,2,,7.0,0.0,0.0,1.0,1.0,0.0,1.0,,3.5,0.011666666666666667,P00571,P00571-2022,P00571,P00571-2022,5318.0,0.005318,Minimum / Two-Way / Replacement,Efficient Role Player,658.1421587062806,,455828.5714285714
2021-22,2022,isaac bonga,Isaac Bonga,TOR,G,1,,3.0,2.0,1.0,0.0,0.0,0.0,0.0,1.1363636363636365,3.2,0.010666666666666668,P00353,P00353-2022,P00353,P00353-2022,1669178.0,1.669178,Minimum / Two-Way / Replacement,Insufficient Minutes / Context,1.9171112966981354,834589.0,156485437.49999997
2021-22,2022,zeke nnaji,Zeke Nnaji,DEN,F,2,,9.0,3.0,0.0,0.0,0.0,0.0,0.0,1.5,3.0,0.01,P00995,P00995-2022,P00995,P00995-2022,2498760.0,2.49876,Minimum / Two-Way / Replacement,Market Neutral,1.2005954953657014,832920.0,249876000.0
2021-22,2022,yuta watanabe,Yuta Watanabe,TOR,SF,4,,10.0,4.0,0.0,0.0,0.0,0.0,1.2,0.3333333333333333,2.8,0.009333333333333332,P00987,P00987-2022,P00987,P00987-2022,1762796.0,1.762796,Minimum / Two-Way / Replacement,Insufficient Minutes / Context,1.5883857235891163,440699.0,188871000.00000003
2021-22,2022,paul millsap,Paul Millsap,PHI,PF,1,,6.0,0.0,1.0,1.0,0.0,0.0,0.0,,2.7,0.009000000000000001,P00777,P00777-2022,P00777,P00777-2022,1669178.0,1.669178,Minimum / Two-Way / Replacement,Insufficient Minutes / Context,1.6175626565890517,,185464222.2222222
2021-22,2022,armoni brooks,Armoni Brooks,TOR,G,4,,8.0,0.0,2.0,0.0,0.0,0.0,0.0,0.0,2.4,0.008,P00057,P00057-2022,P00057,P00057-2022,136926.0,0.136926,Minimum / Two-Way / Replacement,Efficient Role Player,17.52771570045134,,17115750.0
2021-22,2022,svi mykhailiuk,Svi Mykhailiuk,TOR,G,3,,5.1,0.8999999999999999,0.8999999999999999,0.0,0.0,0.0,0.0,0.18028846153846156,1.9799999999999998,0.006599999999999999,P00872,P00872-2022,P00872,P00872-2022,1729217.0,1.729217,Minimum / Two-Way / Replacement,Market Neutral,1.145026911023891,1921352.2222222225,262002575.75757578
2021-22,2022,garrett temple,Garrett Temple,NOP,G,1,,2.0,0.0,1.0,0.0,0.0,0.0,0.0,,1.2,0.004,P00313,P00313-2022,P00313,P00313-2022,4910000.0,4.91,Low-Cost Rotation Contract,Market Neutral,0.24439918533604887,,1227500000.0
2021-22,2022,jared butler,Jared Butler,UTA,G,1,,5.0,0.0,1.0,0.0,0.0,0.0,0.0,0.0,1.2,0.004,P00427,P00427-2022,P00427,P00427-2022,925258.0,0.925258,Minimum / Two-Way / Replacement,Insufficient Minutes / Context,1.2969355574337103,,231314500.0
2021-22,2022,markieff morris,Markieff Morris,MIA,PF,1,,3.0,0.0,1.0,0.0,0.0,0.0,1.0,0.0,0.19999999999999996,0.0006666666666666665,P00662,P00662-2022,P00662,P00662-2022,1669178.0,1.669178,Minimum / Two-Way / Replacement,Insufficient Minutes / Context,0.11981945604363342,,2503767000.0000005
2021-22,2022,josh okogie,Josh Okogie,MIN,G,1,,2.0,0.0,0.0,0.0,0.0,0.0,0.0,,0.0,0.0,P00516,P00516-2022,P00516,P00516-2022,4087904.0,4.087904,Low-Cost Rotation Contract,Market Neutral,0.0,,
2021-22,2022,cam thomas,Cam Thomas,BRK,G,1,,0.0,0.0,0.0,0.0,0.0,0.0,0.0,,0.0,0.0,P00121,P00121-2022,P00121,P00121-2022,2036280.0,2.03628,Minimum / Two-Way / Replacement,Market Neutral,0.0,,
2021-22,2022,day ron sharpe,Day'Ron Sharpe,BRK,C,1,,0.0,0.0,0.0,0.0,0.0,0.0,0.0,,0.0,0.0,P00218,P00218-2022,P00218,P00218-2022,2009040.0,2.00904,Minimum / Two-Way / Replacement,Insufficient Minutes / Context,0.0,,
2021-22,2022,jalen johnson,Jalen Johnson,ATL,F,2,,9.0,0.0,0.0,0.0,0.0,0.0,1.0,0.0,-1.0,-0.0033333333333333335,P00406,P00406-2022,P00406,P00406-2022,2659580.0,2.65958,Minimum / Two-Way / Replacement,Insufficient Minutes / Context,-0.3759992179216267,,
2022-23,2023,nikola jokic,Nikola Jokic,DEN,C,20,,790.0,600.0,270.0,190.0,22.0,20.0,70.0,0.6307821698906644,1265.0,4.216666666666667,P00736,P00736-2023,P00736,P00736-2023,33047804.0,33.047804,High-Salary Starter,Expensive but Worth It,38.27788375893297,55079.67333333333,7837423.873517786
2022-23,2023,jimmy butler iii,Jimmy Butler III,MIA,F,22,,873.4000000000001,591.8,143.0,129.8,39.6,13.2,41.8,0.5641778523489932,1074.7,3.5823333333333336,P00473,P00473-2023,P00473,P00473-2023,37653300.0,37.6533,Max / Supermax-Level,Expensive but Worth It,28.541987023713727,63625.04224400136,10510830.929561738
2022-23,2023,jayson tatum,Jayson Tatum,BOS,F,20,,800.0,544.0,210.0,106.0,22.0,22.0,56.0,0.585298674470649,1031.0,3.4366666666666665,P00458,P00458-2023,P00458,P00458-2023,28103500.0,28.1035,High-Salary Starter,Expensive but Worth It,36.685822050634265,51660.845588235294,8177546.071774976
2022-23,2023,jamal murray,Jamal Murray,DEN,G,20,,800.0,522.0,114.0,142.0,30.0,6.0,50.0,0.585096843615495,929.8,3.099333333333333,P00415,P00415-2023,P00415,P00415-2023,31650000.0,31.65,High-Salary Starter,High-Cost Low-Return,29.377567140600316,60632.183908045976,10211873.521187354
2022-23,2023,anthony davis,Anthony Davis,LAL,F,16,,608.0,361.6,225.6,41.6,22.4,49.6,33.6,0.5981367774719458,877.1199999999998,2.9237333333333324,P00049,P00049-2023,P00049,P00049-2023,37980720.0,37.98072,Max / Supermax-Level,Expensive but Worth It,23.093822339334267,105035.17699115044,12990487.04852244
2022-23,2023,bam adebayo,Bam Adebayo,MIA,C,23,,851.0,411.7,227.70000000000002,85.10000000000001,18.400000000000002,16.099999999999998,62.1,0.529460482725982,853.99,2.8466333333333336,P00066,P00066-2023,P00066,P00066-2023,30351780.0,30.35178,High-Salary Starter,Expensive but Worth It,28.136405838471415,73723.05076512024,10662342.650382321
2022-23,2023,lebron james,LeBron James,LAL,F,16,,619.2,392.0,158.4,104.0,17.6,17.6,40.0,0.5846697212676595,803.68,2.678933333333333,P00618,P00618-2023,P00618,P00618-2023,44474988.0,44.474988,Max / Supermax-Level,Expensive but Worth It,18.07038149172744,113456.60204081633,16601752.438781606
2022-23,2023,jaylen brown,Jaylen Brown,BOS,G,20,,752.0,454.0,112.0,68.0,22.0,8.0,66.0,0.5695503813729426,714.4,2.381333333333333,P00447,P00447-2023,P00447,P00447-2023,28741071.0,28.741071,High-Salary Starter,Expensive but Worth It,24.856415406370903,63306.32378854626,12069318.72900336
2022-23,2023,stephen curry,Stephen Curry,GSW,G,13,,492.7,396.5,67.60000000000001,79.3,13.0,6.5,41.6,0.589258114374034,613.4699999999999,2.0448999999999997,P00868,P00868-2023,P00868,P00868-2023,48070014.0,48.070014,Max / Supermax-Level,Expensive but Worth It,12.762010013144575,121235.84867591425,23507268.815100987
2022-23,2023,devin booker,Devin Booker,PHO,G,11,,458.70000000000005,370.70000000000005,52.8,79.2,18.7,8.8,31.9,0.6854051415554834,603.4600000000002,2.011533333333334,P00245,P00245-2023,P00245,P00245-2023,33833400.0,33.8334,High-Salary Starter,High-Cost Low-Return,17.836221012372395,91268.95063393579,16819706.359990716
2022-23,2023,marcus smart,Marcus Smart,BOS,G,20,,680.0,298.0,80.0,102.0,26.0,6.0,46.0,0.5888397091368953,597.0,1.99,P00658,P00658-2023,P00658,P00658-2023,17207141.0,17.207141,Mid-Tier Rotation Contract,High-Cost Low-Return,34.69489789152073,57742.08389261745,8646804.522613065
2022-23,2023,michael porter jr,Michael Porter Jr.,DEN,F,20,,654.0,268.0,162.0,32.0,10.0,12.0,10.0,0.5420711974110033,566.4,1.888,P00691,P00691-2023,P00691,P00691-2023,30913750.0,30.91375,High-Salary Starter,High-Cost Low-Return,18.321944118717397,115349.81343283581,16373808.262711866
2022-23,2023,caleb martin,Caleb Martin,MIA,F,23,,694.6,292.09999999999997,124.2,36.800000000000004,20.7,9.200000000000001,23.0,0.6573498964803312,563.04,1.8767999999999998,P00116,P00116-2023,P00116,P00116-2023,6479000.0,6.479,Low-Cost Rotation Contract,Market Neutral,86.90229973761382,22180.760013693944,3452152.6001705034
2022-23,2023,kevin durant,Kevin Durant,PHO,F,11,,466.4,319.0,95.69999999999999,60.5,8.8,15.399999999999999,38.5,0.5984810962522702,558.6899999999999,1.8622999999999998,P00572,P00572-2023,P00572,P00572-2023,44119845.0,44.119845,Max / Supermax-Level,High-Cost Low-Return,12.663009128885198,138306.72413793104,23691051.38806852
2022-23,2023,al horford,Al Horford,BOS,C,20,,618.0,134.0,144.0,60.0,22.0,34.0,12.0,0.5008971291866029,552.8,1.8426666666666665,P00020,P00020-2023,P00020,P00020-2023,26500000.0,26.5,High-Salary Starter,High-Cost Low-Return,20.860377358490563,197761.19402985074,14381331.403762665
2022-23,2023,aaron gordon,Aaron Gordon,DEN,F,20,,714.0,266.0,120.0,52.0,12.0,14.0,20.0,0.5864197530864197,546.0,1.82,P00005,P00005-2023,P00005,P00005-2023,19690909.0,19.690909,Mid-Tier Rotation Contract,High-Cost Low-Return,27.728531983972907,74025.97368421052,10819180.769230768
2022-23,2023,kyle lowry,Kyle Lowry,MIA,G,23,,598.0,211.6,80.5,101.2,23.0,13.799999999999999,39.1,0.5598831548198637,531.3,1.771,P00603,P00603-2023,P00603,P00603-2023,28333334.0,28.333334,High-Salary Starter,High-Cost Low-Return,18.751764264664367,133900.44423440454,15998494.635798985
2022-23,2023,jalen brunson,Jalen Brunson,NYK,G,11,,443.29999999999995,305.8,53.900000000000006,61.599999999999994,16.5,1.1,23.1,0.5882850854917895,492.5799999999999,1.641933333333333,P00402,P00402-2023,P00402,P00402-2023,27733332.0,27.733332,High-Salary Starter,Expensive but Worth It,17.761298930831675,90691.07913669065,16890656.5430996
2022-23,2023,derrick white,Derrick White,BOS,G,20,,594.0,268.0,60.0,42.0,12.0,20.0,18.0,0.6735022114997989,481.0,1.6033333333333333,P00243,P00243-2023,P00243,P00243-2023,16892857.0,16.892857,Mid-Tier Rotation Contract,Market Neutral,28.473573179480535,63033.048507462685,10536085.446985448
2022-23,2023,james harden,James Harden,PHI,G,11,,426.79999999999995,223.3,68.2,91.30000000000001,19.8,4.4,35.2,0.5398936170212766,479.49000000000007,1.5983000000000003,P00420,P00420-2023,P00420,P00420-2023,33000000.0,33.0,High-Salary Starter,Expensive but Worth It,14.530000000000001,147783.25123152707,20646937.370956637
2022-23,2023,austin reaves,Austin Reaves,LAL,G,16,,579.2,270.4,70.4,73.6,9.6,3.2,25.6,0.617509500146156,478.08,1.5936,P00061,P00061-2023,P00061,P00061-2023,1563518.0,1.563518,Minimum / Two-Way / Replacement,Efficient Role Player,305.7719834373509,5782.241124260356,981123.2429718876
2022-23,2023,gabe vincent,Gabe Vincent,MIA,G,22,,671.0,279.4,30.799999999999997,77.0,19.8,4.4,30.799999999999997,0.5354131534569984,473.65999999999997,1.5788666666666666,P00309,P00309-2023,P00309,P00309-2023,1815677.0,1.815677,Minimum / Two-Way / Replacement,Efficient Role Player,260.87239084925346,6498.486041517538,1149987.5438077946
2022-23,2023,bruce brown,Bruce Brown,DEN,G,20,,532.0,240.0,80.0,38.0,22.0,10.0,24.0,0.6060606060606061,465.0,1.55,P00103,P00103-2023,P00103,P00103-2023,6479000.0,6.479,Low-Cost Rotation Contract,Market Neutral,71.77033492822966,26995.833333333332,4180000.0
2022-23,2023,kentavious caldwell pope,Kentavious Caldwell-Pope,DEN,G,20,,672.0,212.0,66.0,32.0,26.0,14.0,16.0,0.5960413855150697,443.2,1.4773333333333334,P00566,P00566-2023,P00566,P00566-2023,14004703.0,14.004703,Mid-Tier Rotation Contract,Market Neutral,31.646511889613084,66059.91981132075,9479717.73465704
2022-23,2023,robert williams iii,Robert Williams III,BOS,C,20,,418.0,154.0,120.0,20.0,10.0,26.0,16.0,0.7831570382424736,420.0,1.4,P00815,P00815-2023,P00815,P00815-2023,10937502.0,10.937502,Mid-Tier Rotation Contract,Market Neutral,38.399992978286996,71022.74025974025,7812501.428571429
2022-23,2023,joel embiid,Joel Embiid,PHI,C,9,,335.7,213.29999999999998,88.2,24.3,6.3,25.2,35.1,0.5618243883937037,414.9899999999999,1.3832999999999998,P00481,P00481-2023,P00481,P00481-2023,33616770.0,33.61677,High-Salary Starter,Expensive but Worth It,12.344731513467828,157603.2348804501,24301865.105183262
2022-23,2023,andrew wiggins,Andrew Wiggins,GSW,F,13,,442.0,217.1,72.8,24.7,10.4,15.6,16.900000000000002,0.5392663394471712,402.61,1.3420333333333334,P00046,P00046-2023,P00046,P00046-2023,33616770.0,33.61677,High-Salary Starter,High-Cost Low-Return,11.97646293799196,154844.63380930448,25049131.914259456
2022-23,2023,d angelo russell,D'Angelo Russell,LAL,G,16,,473.6,212.8,46.4,73.6,11.2,4.8,28.8,0.5153440793552387,398.08,1.3269333333333333,P00178,P00178-2023,P00178,P00178-2023,31377750.0,31.37775,High-Salary Starter,High-Cost Low-Return,12.686696783548852,147451.8327067669,23646817.22266881
2022-23,2023,malcolm brogdon,Malcolm Brogdon,BOS,G,19,,473.09999999999997,226.1,66.5,55.1,3.8000000000000003,5.7,19.0,0.5364226469527587,398.04999999999995,1.326833333333333,P00643,P00643-2023,P00643,P00643-2023,22600000.0,22.6,High-Salary Starter,High-Cost Low-Return,17.612831858407077,99955.77178239718,17033036.0507474
2022-23,2023,draymond green,Draymond Green,GSW,F,12,,367.20000000000005,112.80000000000001,82.80000000000001,81.6,18.0,12.0,27.599999999999998,0.5321557971014494,396.96,1.3232,P00266,P00266-2023,P00266,P00266-2023,25806468.0,25.806468,High-Salary Starter,High-Cost Low-Return,15.382190232309203,228780.74468085103,19503074.365175333
2022-23,2023,max strus,Max Strus,MIA,G,23,,646.3000000000001,213.9,82.8,32.199999999999996,6.8999999999999995,6.8999999999999995,6.8999999999999995,0.5354675264854906,396.06,1.3202,P00680,P00680-2023,P00680,P00680-2023,1815677.0,1.815677,Minimum / Two-Way / Replacement,Efficient Role Player,218.13351163230024,8488.438522674147,1375304.4993182851
2022-23,2023,tyrese maxey,Tyrese Maxey,PHI,G,11,,423.5,225.5,52.8,25.299999999999997,15.399999999999999,5.5,7.699999999999999,0.5471919709587871,381.81,1.2727,P00946,P00946-2023,P00946,P00946-2023,2726880.0,2.72688,Minimum / Two-Way / Replacement,Efficient Role Player,140.0171624713959,12092.594235033259,2142594.484167518
2022-23,2023,kevon looney,Kevon Looney,GSW,F,13,,325.0,84.5,170.29999999999998,42.9,7.8,5.2,13.0,0.5891950688905003,379.21000000000004,1.2640333333333336,P00580,P00580-2023,P00580,P00580-2023,8000000.0,8.0,Low-Cost Rotation Contract,Market Neutral,47.401250000000005,94674.55621301776,6328947.021439306
2022-23,2023,klay thompson,Klay Thompson,GSW,G,13,,468.0,240.5,54.6,28.6,6.5,3.9,26.0,0.5258071850841292,354.11999999999995,1.1804,P00589,P00589-2023,P00589,P00589-2023,40600080.0,40.60008,Max / Supermax-Level,High-Cost Low-Return,8.72215030118167,168815.30145530147,34395188.071840055
2022-23,2023,kevin love,Kevin Love,MIA,F,20,,360.0,138.0,112.0,24.0,10.0,8.0,10.0,0.5431360201511335,352.4,1.1746666666666665,P00575,P00575-2023,P00575,P00575-2023,3114138.0,3.114138,Minimum / Two-Way / Replacement,Efficient Role Player,113.16133067962947,22566.217391304348,2651082.2928490355
2022-23,2023,de aaron fox,De'Aaron Fox,SAC,G,7,,270.2,191.79999999999998,37.800000000000004,53.9,14.700000000000001,4.2,28.0,0.5229806077263703,346.71000000000004,1.1557000000000002,P00219,P00219-2023,P00219,P00219-2023,28103550.0,28.10355,High-Salary Starter,Expensive but Worth It,12.336875590450319,146525.2867570386,24317340.140174784
2022-23,2023,rj barrett,RJ Barrett,NYK,F,11,,377.29999999999995,212.3,49.5,30.799999999999997,8.8,2.2,25.299999999999997,0.5515546410608139,325.59999999999997,1.0853333333333333,P00794,P00794-2023,P00794,P00794-2023,10900635.0,10.900635,Mid-Tier Rotation Contract,Market Neutral,29.869819510514752,51345.43099387659,10043582.616707617
2022-23,2023,tobias harris,Tobias Harris,PHI,F,11,,391.6,168.3,80.3,17.6,6.6,5.5,7.699999999999999,0.5969101123595506,319.66,1.0655333333333334,P00900,P00900-2023,P00900,P00900-2023,37633050.0,37.63305,Max / Supermax-Level,High-Cost Low-Return,8.494129495217635,223606.95187165774,35318510.29218544
2022-23,2023,duncan robinson,Duncan Robinson,MIA,F,23,,418.59999999999997,207.0,34.5,39.1,6.8999999999999995,2.3000000000000003,20.7,0.6399317406143344,313.95,1.0465,P00272,P00272-2023,P00272,P00272-2023,16902000.0,16.902,Mid-Tier Rotation Contract,High-Cost Low-Return,18.574724884629035,81652.17391304347,16150979.455327282
2022-23,2023,trae young,Trae Young,ATL,G,6,,229.79999999999998,175.2,22.200000000000003,61.199999999999996,10.2,4.199999999999999,24.0,0.5220251716247138,312.84000000000003,1.0428000000000002,P00909,P00909-2023,P00909,P00909-2023,37095000.0,37.095,High-Salary Starter,Expensive but Worth It,8.433481601293977,211729.45205479453,35572497.12313003
2022-23,2023,julius randle,Julius Randle,NYK,F,10,,330.0,166.0,83.0,36.0,5.0,3.0,35.0,0.4848130841121496,308.6,1.0286666666666668,P00527,P00527-2023,P00527,P00527-2023,23760000.0,23.76,High-Salary Starter,Expensive but Worth It,12.988215488215488,143132.53012048194,23097861.309138037
2022-23,2023,rui hachimura,Rui Hachimura,LAL,F,16,,388.8,195.2,57.6,9.6,8.0,4.8,9.6,0.6685664182376151,307.5199999999999,1.0250666666666663,P00827,P00827-2023,P00827,P00827-2023,6263188.0,6.263188,Low-Cost Rotation Contract,Market Neutral,49.09959592463134,32086.004098360656,6110029.916753383
2022-23,2023,deandre ayton,Deandre Ayton,PHO,C,10,,319.0,134.0,97.0,10.0,6.0,7.0,17.0,0.5531704095112285,287.4,0.958,P00228,P00228-2023,P00228,P00228-2023,30913750.0,30.91375,High-Salary Starter,Expensive but Worth It,9.296833933120375,230699.62686567163,32269050.104384135
2022-23,2023,domantas sabonis,Domantas Sabonis,SAC,F,7,,242.90000000000003,114.79999999999998,77.0,32.9,9.799999999999999,6.3,25.900000000000002,0.5170239596469104,278.94999999999993,0.9298333333333331,P00257,P00257-2023,P00257,P00257-2023,18500000.0,18.5,Mid-Tier Rotation Contract,Expensive but Worth It,15.078378378378375,161149.82578397216,19896038.716615885
2022-23,2023,anthony edwards,Anthony Edwards,MIN,G,5,,199.0,158.0,25.0,26.0,9.0,10.0,8.0,0.6023177798109179,276.0,0.92,P00050,P00050-2023,P00050,P00050-2023,10733400.0,10.7334,Mid-Tier Rotation Contract,Market Neutral,25.714125999217398,67932.91139240506,11666739.130434781
2022-23,2023,mitchell robinson,Mitchell Robinson,NYK,C,11,,298.1,71.5,102.30000000000001,8.8,7.699999999999999,16.5,9.9,0.5681818181818181,270.15999999999997,0.9005333333333332,P00699,P00699-2023,P00699,P00699-2023,17045454.0,17.045454,Mid-Tier Rotation Contract,High-Cost Low-Return,15.849387173847054,238397.95804195805,18928176.636067517
2022-23,2023,josh hart,Josh Hart,NYK,G,11,,353.1,114.4,81.4,24.200000000000003,8.8,3.3,20.9,0.5543710021321961,263.78000000000003,0.8792666666666668,P00512,P00512-2023,P00512,P00512-2023,12960000.0,12.96,Mid-Tier Rotation Contract,Market Neutral,20.353395061728396,113286.71328671328,14739555.690348016
2022-23,2023,dennis schroder,Dennis Schroder,LAL,G,16,,417.6,118.4,30.4,46.4,16.0,3.2,20.8,0.514460511679644,261.28000000000003,0.8709333333333334,P00233,P00233-2023,P00233,P00233-2023,1836090.0,1.83609,Minimum / Two-Way / Replacement,Efficient Role Player,142.30239258424152,15507.516891891892,2108186.6197183095
2022-23,2023,jordan poole,Jordan Poole,GSW,G,13,,283.40000000000003,133.9,28.6,45.5,10.4,2.6,15.6,0.44611919611919604,259.87,0.8662333333333333,P00505,P00505-2023,P00505,P00505-2023,3901399.0,3.901399,Low-Cost Rotation Contract,Bargain Star,66.60943933189094,29136.661687826734,4503866.163851157
2022-23,2023,chris paul,Chris Paul,PHO,G,7,,249.90000000000003,86.8,35.0,51.800000000000004,11.9,4.8999999999999995,7.0,0.4674306393244873,249.89999999999998,0.833,P00152,P00152-2023,P00152,P00152-2023,28400000.0,28.4,High-Salary Starter,High-Cost Low-Return,8.799295774647886,327188.9400921659,34093637.454982
2022-23,2023,russell westbrook,Russell Westbrook,LAC,G,5,,192.0,118.0,38.0,37.0,6.0,7.0,20.0,0.5086206896551724,238.10000000000002,0.7936666666666667,P00828,P00828-2023,P00828,P00828-2023,495955.0,0.495955,Minimum / Two-Way / Replacement,Bargain Star,480.0838785776936,4203.0084745762715,624890.8021839563
2022-23,2023,dejounte murray,Dejounte Murray,ATL,G,5,,190.0,115.0,36.0,34.0,10.0,1.0,10.0,0.537584143605086,232.2,0.7739999999999999,P00230,P00230-2023,P00230,P00230-2023,16571120.0,16.57112,Mid-Tier Rotation Contract,Expensive but Worth It,14.01232988476337,144096.69565217392,21409715.762273904
2022-23,2023,ja morant,Ja Morant,MEM,G,5,,187.0,123.0,34.0,35.0,9.0,1.0,17.0,0.5236716621253407,229.3,0.7643333333333334,P00375,P00375-2023,P00375,P00375-2023,9603360.0,9.60336,Low-Cost Rotation Contract,Market Neutral,23.877059695773145,78076.09756097561,12564361.098996947
2022-23,2023,malik monk,Malik Monk,SAC,G,7,,205.1,133.0,37.800000000000004,25.2,4.8999999999999995,2.8000000000000003,14.0,0.5799755799755799,225.26000000000002,0.7508666666666667,P00648,P00648-2023,P00648,P00648-2023,9472219.0,9.472219,Low-Cost Rotation Contract,Market Neutral,23.781122459267465,71219.69172932331,12615047.944597354
2022-23,2023,donovan mitchell,Donovan Mitchell,CLE,G,5,,207.0,116.0,25.0,36.0,10.0,3.0,19.0,0.5182273052180129,220.0,0.7333333333333333,P00260,P00260-2023,P00260,P00260-2023,30913750.0,30.91375,High-Salary Starter,Expensive but Worth It,7.116574339897295,266497.8448275862,42155113.63636364
2022-23,2023,de anthony melton,De'Anthony Melton,PHI,G,11,,273.9,86.9,36.3,17.6,13.2,8.8,7.699999999999999,0.5124545926310327,215.16000000000003,0.7172000000000001,P00221,P00221-2023,P00221,P00221-2023,8250000.0,8.25,Low-Cost Rotation Contract,Market Neutral,26.080000000000002,94936.70886075949,11503067.484662576
2022-23,2023,jaren jackson jr,Jaren Jackson Jr.,MEM,F,6,,220.20000000000002,108.0,46.8,9.0,6.0,12.0,18.0,0.5474452554744524,213.66,0.7121999999999999,P00431,P00431-2023,P00431,P00431-2023,28946605.0,28.946605,High-Salary Starter,Expensive but Worth It,7.381176479936075,268024.1203703704,40643927.26762146
2022-23,2023,desmond bane,Desmond Bane,MEM,G,6,,231.0,141.0,36.0,19.200000000000003,3.0,0.0,16.799999999999997,0.5487577059592751,205.2,0.6839999999999999,P00244,P00244-2023,P00244,P00244-2023,2130240.0,2.13024,Minimum / Two-Way / Replacement,Efficient Role Player,96.32717440288417,15108.08510638298,3114385.964912281
2022-23,2023,jarred vanderbilt,Jarred Vanderbilt,LAL,F,15,,247.5,69.0,48.0,12.0,10.5,12.0,13.5,0.5030621172353456,198.6,0.662,P00432,P00432-2023,P00432,P00432-2023,4374000.0,4.374,Low-Cost Rotation Contract,Efficient Role Player,45.40466392318245,63391.30434782609,6607250.755287008
2022-23,2023,jrue holiday,Jrue Holiday,MIL,G,5,,191.0,89.0,33.0,40.0,5.0,2.0,12.0,0.4905202821869489,197.6,0.6586666666666666,P00519,P00519-2023,P00519,P00519-2023,33665040.0,33.66504,High-Salary Starter,Expensive but Worth It,5.869590530710791,378258.8764044944,51110890.68825911
2022-23,2023,khris middleton,Khris Middleton,MIL,F,5,,173.0,119.0,32.0,31.0,3.0,0.0,17.0,0.5997983870967741,195.9,0.653,P00585,P00585-2023,P00585,P00585-2023,37948276.0,37.948276,Max / Supermax-Level,High-Cost Low-Return,5.162289849478274,318893.0756302521,58113745.78866769
2022-23,2023,donte divincenzo,Donte DiVincenzo,GSW,G,13,,235.3,71.5,39.0,36.4,10.4,2.6,16.900000000000002,0.5192598187311178,194.99999999999997,0.6499999999999999,P00262,P00262-2023,P00262,P00262-2023,4500000.0,4.5,Low-Cost Rotation Contract,Market Neutral,43.33333333333333,62937.06293706294,6923076.923076924
2022-23,2023,isaiah hartenstein,Isaiah Hartenstein,NYK,C,11,,220.0,34.1,50.599999999999994,14.3,8.8,15.399999999999999,5.5,0.5615942028985508,183.36999999999998,0.6112333333333333,P00358,P00358-2023,P00358,P00358-2023,7804879.0,7.804879,Low-Cost Rotation Contract,Market Neutral,23.494278386634818,228882.08211143693,12769066.368544474
2022-23,2023,p j tucker,P.J. Tucker,PHI,PF,11,,293.7,53.900000000000006,49.5,16.5,13.2,3.3,5.5,0.5177514792899409,182.05,0.6068333333333333,P00762,P00762-2023,P00762,P00762-2023,10490000.0,10.49,Mid-Tier Rotation Contract,Market Neutral,17.354623450905624,194619.66604823744,17286459.763801154
2022-23,2023,gary payton ii,Gary Payton II,GSW,G,12,,190.8,81.6,44.400000000000006,9.600000000000001,8.399999999999999,6.0,10.8,0.7007419620774937,181.67999999999998,0.6055999999999999,P00317,P00317-2023,P00317,P00317-2023,8300000.0,8.3,Low-Cost Rotation Contract,Insufficient Minutes / Context,21.88915662650602,101715.6862745098,13705416.11624835
2022-23,2023,brook lopez,Brook Lopez,MIL,C,5,,182.0,95.0,32.0,6.0,7.0,9.0,11.0,0.6531903190319032,179.4,0.598,P00101,P00101-2023,P00101,P00101-2023,13906976.0,13.906976,Mid-Tier Rotation Contract,Expensive but Worth It,12.90000069030104,146389.2210526316,23255812.709030103
2022-23,2023,rudy gobert,Rudy Gobert,MIN,C,5,,177.0,75.0,61.0,10.0,2.0,5.0,8.0,0.6478921907394609,176.2,0.5873333333333333,P00826,P00826-2023,P00826,P00826-2023,38172414.0,38.172414,Max / Supermax-Level,Expensive but Worth It,4.615898800636501,508965.52,64992759.36435869
2022-23,2023,jeff green,Jeff Green,DEN,F,20,,344.0,82.0,32.0,14.0,6.0,8.0,10.0,0.5790960451977402,173.4,0.5780000000000001,P00461,P00461-2023,P00461,P00461-2023,4500000.0,4.5,Low-Cost Rotation Contract,Market Neutral,38.53333333333333,54878.04878048781,7785467.12802768
2022-23,2023,karl anthony towns,Karl-Anthony Towns,MIN,C,5,,180.0,91.0,51.0,10.0,3.0,4.0,18.0,0.5527210884353742,170.2,0.5673333333333332,P00544,P00544-2023,P00544,P00544-2023,33833400.0,33.8334,High-Salary Starter,High-Cost Low-Return,5.0305319595429365,371795.6043956044,59635840.18801411
2022-23,2023,grant williams,Grant Williams,BOS,F,15,,265.5,76.5,33.0,18.0,4.5,6.0,4.5,0.6696428571428572,170.1,0.567,P00330,P00330-2023,P00330,P00330-2023,4306281.0,4.306281,Low-Cost Rotation Contract,Market Neutral,39.50044133209142,56291.25490196078,7594851.851851853
2022-23,2023,christian braun,Christian Braun,DEN,G,19,,247.0,60.800000000000004,39.9,11.4,11.4,3.8000000000000003,9.5,0.5633802816901409,161.88000000000002,0.5396000000000001,P00155,P00155-2023,P00155,P00155-2023,2808600.0,2.8086,Minimum / Two-Way / Replacement,Market Neutral,57.6372569963683,46194.07894736842,5204966.641957005
2022-23,2023,de andre hunter,De'Andre Hunter,ATL,F,6,,223.79999999999998,100.19999999999999,34.2,7.199999999999999,4.199999999999999,1.7999999999999998,9.0,0.5586031576130586,161.04,0.5367999999999999,P00220,P00220-2023,P00220,P00220-2023,9835881.0,9.835881,Low-Cost Rotation Contract,Market Neutral,16.37270723385124,98162.48502994013,18323176.2295082
2022-23,2023,darius garland,Darius Garland,CLE,G,5,,189.0,103.0,9.0,25.0,8.0,1.0,18.0,0.5659340659340659,160.3,0.5343333333333333,P00209,P00209-2023,P00209,P00209-2023,8920795.0,8.920795,Low-Cost Rotation Contract,Market Neutral,17.9692504984141,86609.66019417475,16695187.149095446
2022-23,2023,xavier tillman,Xavier Tillman,MEM,F,6,,183.0,52.199999999999996,48.0,19.200000000000003,4.199999999999999,4.199999999999999,4.199999999999999,0.553998981151299,159.6,0.532,P00981,P00981-2023,P00981,P00981-2023,1901625.0,1.901625,Minimum / Two-Way / Replacement,Efficient Role Player,83.92821928613685,36429.597701149425,3574483.0827067667
2022-23,2023,obi toppin,Obi Toppin,NYK,F,11,,174.9,77.0,38.5,6.6,7.699999999999999,3.3,7.699999999999999,0.5287009063444108,158.4,0.528,P00749,P00749-2023,P00749,P00749-2023,5348280.0,5.34828,Low-Cost Rotation Contract,Market Neutral,29.616998362090243,69458.18181818182,10129318.181818182
2022-23,2023,paul reed,Paul Reed,PHI,F,11,,157.3,50.599999999999994,60.5,6.6,5.5,4.4,5.5,0.6110520722635494,157.29999999999998,0.5243333333333333,P00778,P00778-2023,P00778,P00778-2023,1782621.0,1.782621,Minimum / Two-Way / Replacement,Efficient Role Player,88.24085433751762,35229.66403162056,3399785.7596948505
2022-23,2023,norman powell,Norman Powell,LAC,G,5,,167.0,109.0,15.0,11.0,4.0,2.0,8.0,0.6079875055778671,153.5,0.5116666666666667,P00746,P00746-2023,P00746,P00746-2023,16758621.0,16.758621,Mid-Tier Rotation Contract,High-Cost Low-Return,9.159464850956411,153748.81651376147,32753005.211726382
2022-23,2023,bogdan bogdanovic,Bogdan Bogdanovic,ATL,G,6,,157.2,79.80000000000001,18.0,15.0,6.0,4.800000000000001,3.0,0.6979429051217465,153.3,0.511,P00082,P00082-2023,P00082,P00082-2023,18000000.0,18.0,Mid-Tier Rotation Contract,High-Cost Low-Return,8.516666666666667,225563.90977443606,35225048.92367906
2022-23,2023,mikal bridges,Mikal Bridges,BRK,G,4,,157.2,94.0,21.2,16.0,2.0,2.0,8.0,0.5377082189273293,147.44,0.49146666666666666,P00692,P00692-2023,P00692,P00692-2023,20100000.0,20.1,Mid-Tier Rotation Contract,Expensive but Worth It,7.335323383084576,213829.78723404257,40897992.40368964
2022-23,2023,kevin huerter,Kevin Huerter,SAC,G,7,,182.70000000000002,63.699999999999996,30.800000000000004,7.700000000000001,2.8000000000000003,9.1,4.2,0.4219213649851631,143.71,0.47903333333333337,P00573,P00573-2023,P00573,P00573-2023,14508929.0,14.508929,Mid-Tier Rotation Contract,Market Neutral,9.90493509203884,227769.68602825748,30287931.946280703
2022-23,2023,keegan murray,Keegan Murray,SAC,F,7,,193.9,67.89999999999999,44.1,4.8999999999999995,4.2,2.1,4.2,0.5577276908923642,142.87,0.47623333333333334,P00549,P00549-2023,P00549,P00549-2023,8008440.0,8.00844,Low-Cost Rotation Contract,Market Neutral,17.839928875036836,117944.62444771724,16816210.541051306
2022-23,2023,moses moody,Moses Moody,GSW,G,12,,160.8,69.6,31.200000000000003,8.399999999999999,4.800000000000001,3.5999999999999996,2.4000000000000004,0.7178217821782177,142.44,0.4748,P00707,P00707-2023,P00707,P00707-2023,3562200.0,3.5622,Minimum / Two-Way / Replacement,Market Neutral,39.98652518106788,51181.03448275862,7502527.379949452
2022-23,2023,evan mobley,Evan Mobley,CLE,C,5,,188.0,49.0,50.0,10.0,3.0,6.0,12.0,0.4755434782608695,139.0,0.4633333333333333,P00298,P00298-2023,P00298,P00298-2023,8478720.0,8.47872,Low-Cost Rotation Contract,Market Neutral,16.39398399758454,173035.10204081633,18299395.68345324
2022-23,2023,harrison barnes,Harrison Barnes,SAC,F,7,,196.70000000000002,74.89999999999999,23.8,4.8999999999999995,7.700000000000001,2.1,2.8000000000000003,0.5230739147438404,137.41,0.45803333333333335,P00337,P00337-2023,P00337,P00337-2023,18352273.0,18.352273,Mid-Tier Rotation Contract,High-Cost Low-Return,7.4873559258844935,245023.6715620828,40067548.9411251
2022-23,2023,clint capela,Clint Capela,ATL,C,6,,151.2,49.800000000000004,49.800000000000004,3.0,6.0,3.0,4.199999999999999,0.6157270029673592,136.86,0.45620000000000005,P00159,P00159-2023,P00159,P00159-2023,18706896.0,18.706896,Mid-Tier Rotation Contract,High-Cost Low-Return,7.316018648951703,375640.4819277108,41005909.688733004
2022-23,2023,jarrett allen,Jarrett Allen,CLE,C,5,,191.0,47.0,37.0,12.0,4.0,5.0,3.0,0.6081780538302277,133.4,0.4446666666666667,P00434,P00434-2023,P00434,P00434-2023,20000000.0,20.0,Mid-Tier Rotation Contract,High-Cost Low-Return,6.67,425531.91489361704,44977511.24437781
2022-23,2023,haywood highsmith,Haywood Highsmith,MIA,F,18,,160.20000000000002,59.4,23.400000000000002,5.3999999999999995,10.799999999999999,1.8,1.8,0.7075471698113207,131.57999999999998,0.43859999999999993,P00343,P00343-2023,P00343,P00343-2023,1752638.0,1.752638,Minimum / Two-Way / Replacement,Market Neutral,75.07540062465837,29505.690235690236,3995982.6721386234
2022-23,2023,torrey craig,Torrey Craig,PHO,SF,11,,182.60000000000002,71.5,25.299999999999997,5.5,5.5,2.2,3.3,0.730008984725966,129.91,0.4330333333333333,P00906,P00906-2023,P00906,P00906-2023,5121951.0,5.121951,Low-Cost Rotation Contract,Market Neutral,25.363382039383037,71635.67832167832,11828075.590793626
2022-23,2023,lonnie walker iv,Lonnie Walker IV,LAL,G,13,,179.4,80.60000000000001,11.700000000000001,10.4,6.5,1.3,3.9,0.6204963971176943,129.74,0.4324666666666667,P00627,P00627-2023,P00627,P00627-2023,6479000.0,6.479,Low-Cost Rotation Contract,Market Neutral,20.024695169007565,80384.61538461538,14981501.464467395
2022-23,2023,quentin grimes,Quentin Grimes,NYK,G,9,,242.1,45.9,25.2,12.6,9.0,5.3999999999999995,9.9,0.453091684434968,128.33999999999997,0.4277999999999999,P00788,P00788-2023,P00788,P00788-2023,2277000.0,2.277,Minimum / Two-Way / Replacement,Efficient Role Player,56.36363636363635,49607.8431372549,5322580.645161292
2022-23,2023,giannis antetokounmpo,Giannis Antetokounmpo,MIL,F,3,,90.9,69.9,33.0,15.899999999999999,0.8999999999999999,2.0999999999999996,14.100000000000001,0.5240194314501619,128.25,0.4275,P00323,P00323-2023,P00323,P00323-2023,42492492.0,42.492492,Max / Supermax-Level,Expensive but Worth It,3.0181802469951635,607904.0343347639,99397642.10526316
2022-23,2023,spencer dinwiddie,Spencer Dinwiddie,BRK,PG,4,,159.2,66.0,13.2,26.0,5.2,1.2,12.0,0.5420499342969777,128.04,0.42679999999999996,P00864,P00864-2023,P00864,P00864-2023,19500000.0,19.5,Mid-Tier Rotation Contract,Expensive but Worth It,6.566153846153846,295454.54545454547,45688847.23523899
2022-23,2023,cameron johnson,Cameron Johnson,BRK,F,4,,152.0,74.0,23.2,11.2,3.2,1.2,5.2,0.6339089912280702,126.64,0.42213333333333336,P00123,P00123-2023,P00123,P00123-2023,5887899.0,5.887899,Low-Cost Rotation Contract,Market Neutral,21.508521121031457,79566.2027027027,13947960.360075805
2022-23,2023,caris levert,Caris LeVert,CLE,G,5,,170.0,75.0,23.0,13.0,2.0,1.0,5.0,0.5456926658905704,126.1,0.42033333333333334,P00126,P00126-2023,P00126,P00126-2023,18796296.0,18.796296,Mid-Tier Rotation Contract,High-Cost Low-Return,6.708768578660391,250617.28,44717595.559080094
2022-23,2023,mike conley,Mike Conley,MIN,G,5,,183.0,60.0,13.0,32.0,3.0,0.0,7.0,0.6404782237403928,125.6,0.41866666666666663,P00693,P00693-2023,P00693,P00693-2023,22680000.0,22.68,High-Salary Starter,High-Cost Low-Return,5.537918871252204,378000.0,54171974.522293
2022-23,2023,john collins,John Collins,ATL,F,6,,163.8,67.80000000000001,25.799999999999997,4.800000000000001,1.7999999999999998,6.0,9.0,0.5411877394636017,120.36000000000001,0.40120000000000006,P00483,P00483-2023,P00483,P00483-2023,23500000.0,23.5,High-Salary Starter,High-Cost Low-Return,5.121702127659575,346607.6696165191,58574277.16849451
2022-23,2023,cody zeller,Cody Zeller,MIA,C,21,,174.3,46.2,48.3,6.3,2.1,4.2,12.6,0.5478087649402392,119.91,0.3997,P00163,P00163-2023,P00163,P00163-2023,517060.0,0.51706,Minimum / Two-Way / Replacement,Insufficient Minutes / Context,231.90732216764013,11191.77489177489,1293620.215161371
2022-23,2023,bobby portis,Bobby Portis,MIL,F,5,,107.0,48.0,41.0,6.0,3.0,2.0,4.0,0.5671077504725898,117.19999999999999,0.3906666666666666,P00080,P00080-2023,P00080,P00080-2023,10843350.0,10.84335,Mid-Tier Rotation Contract,Market Neutral,10.80846786279148,225903.125,27756015.35836178
2022-23,2023,onyeka okongwu,Onyeka Okongwu,ATL,F,6,,130.8,36.0,37.8,7.199999999999999,1.7999999999999998,7.800000000000001,7.199999999999999,0.6063055780113177,113.75999999999999,0.3792,P00755,P00755-2023,P00755,P00755-2023,6395160.0,6.39516,Low-Cost Rotation Contract,Market Neutral,17.788452517216143,177643.33333333334,16864873.41772152
2022-23,2023,kawhi leonard,Kawhi Leonard,LAC,F,2,,80.0,69.0,13.0,12.0,4.0,1.0,6.0,0.6701631701631701,111.6,0.372,P00547,P00547-2023,P00547,P00547-2023,42492492.0,42.492492,Max / Supermax-Level,High-Cost Low-Return,2.6263463201922823,615833.2173913043,114227129.03225806
2022-23,2023,nic claxton,Nic Claxton,BRK,C,4,,117.2,42.0,32.0,6.0,1.2,7.2,3.2,0.7094594594594594,111.39999999999999,0.3713333333333333,P00729,P00729-2023,P00729,P00729-2023,8500000.0,8.5,Low-Cost Rotation Contract,Market Neutral,13.105882352941176,202380.95238095237,22890484.739676844
2022-23,2023,cameron payne,Cameron Payne,PHO,PG,7,,151.9,56.699999999999996,14.0,20.3,2.8000000000000003,2.1,9.1,0.5723572639909552,109.55000000000001,0.3651666666666667,P00125,P00125-2023,P00125,P00125-2023,6000000.0,6.0,Low-Cost Rotation Contract,Market Neutral,18.258333333333336,105820.10582010583,16430853.491556365
2022-23,2023,ivica zubac,Ivica Zubac,LAC,C,5,,130.0,46.0,48.0,3.0,3.0,1.0,11.0,0.6209503239740821,109.1,0.36366666666666664,P00371,P00371-2023,P00371,P00371-2023,10123457.0,10.123457,Mid-Tier Rotation Contract,Market Neutral,10.776950996087601,220075.15217391305,27837186.984417967
2022-23,2023,josh okogie,Josh Okogie,PHO,G,10,,175.0,41.0,21.0,13.0,6.0,2.0,3.0,0.47986891385767794,106.7,0.3556666666666667,P00516,P00516-2023,P00516,P00516-2023,1836090.0,1.83609,Minimum / Two-Way / Replacement,Efficient Role Player,58.11261975175509,44782.68292682927,5162389.878163074
2022-23,2023,trey lyles,Trey Lyles,SAC,PF,7,,118.29999999999998,46.199999999999996,39.9,4.8999999999999995,2.1,0.0,2.8000000000000003,0.5492676431424767,104.92999999999998,0.3497666666666666,P00926,P00926-2023,P00926,P00926-2023,2700000.0,2.7,Minimum / Two-Way / Replacement,Efficient Role Player,38.86296296296295,58441.558441558445,7719432.002287241
2022-23,2023,mason plumlee,Mason Plumlee,LAC,C,5,,91.0,41.0,34.0,9.0,2.0,2.0,3.0,0.9250902527075813,104.3,0.3476666666666667,P00670,P00670-2023,P00670,P00670-2023,9080417.0,9.080417,Low-Cost Rotation Contract,Market Neutral,11.486256633368269,221473.58536585365,26118169.70278044
2022-23,2023,immanuel quickley,Immanuel Quickley,NYK,G,8,,175.2,72.0,12.8,8.0,4.0,0.0,8.8,0.4787234042553191,102.56,0.34186666666666665,P00352,P00352-2023,P00352,P00352-2023,2316240.0,2.31624,Minimum / Two-Way / Replacement,Efficient Role Player,44.27865851552516,32170.0,6775273.010920437
2022-23,2023,kyle anderson,Kyle Anderson,MIN,F,4,,104.0,34.0,16.0,18.0,7.2,2.0,6.0,0.550518134715026,101.80000000000001,0.3393333333333334,P00599,P00599-2023,P00599,P00599-2023,8780488.0,8.780488,Low-Cost Rotation Contract,Market Neutral,11.593888631246921,258249.64705882352,25875701.375245575
2022-23,2023,tyus jones,Tyus Jones,MEM,G,6,,120.0,27.0,18.0,22.200000000000003,7.800000000000001,0.0,7.800000000000001,0.3617363344051447,97.50000000000001,0.32500000000000007,P00950,P00950-2023,P00950,P00950-2023,1500000.0,1.5,Minimum / Two-Way / Replacement,Efficient Role Player,65.00000000000001,55555.555555555555,4615384.615384614
2022-23,2023,dillon brooks,Dillon Brooks,MEM,F,6,,166.8,63.0,18.0,10.8,1.2000000000000002,0.0,7.199999999999999,0.39390756302521,97.19999999999999,0.32399999999999995,P00255,P00255-2023,P00255,P00255-2023,11400000.0,11.4,Mid-Tier Rotation Contract,Market Neutral,8.526315789473683,180952.38095238095,35185185.18518519
2022-23,2023,pat connaughton,Pat Connaughton,MIL,G,4,,88.0,48.0,20.0,7.2,4.0,1.2,2.0,0.7556675062972292,96.39999999999999,0.3213333333333333,P00770,P00770-2023,P00770,P00770-2023,5728393.0,5.728393,Low-Cost Rotation Contract,Market Neutral,16.8284543326549,119341.52083333333,17826949.170124482
2022-23,2023,jock landale,Jock Landale,PHO,C,7,,112.70000000000002,42.699999999999996,28.0,2.8000000000000003,2.8000000000000003,2.8000000000000003,2.1,0.6380753138075314,95.20000000000002,0.3173333333333334,P00475,P00475-2023,P00475,P00475-2023,1563518.0,1.563518,Minimum / Two-Way / Replacement,Efficient Role Player,60.88833003521547,36616.34660421546,4927052.521008402
2022-23,2023,terance mann,Terance Mann,LAC,G,5,,133.0,53.0,16.0,11.0,4.0,1.0,9.0,0.716991341991342,94.7,0.31566666666666665,P00883,P00883-2023,P00883,P00883-2023,1930681.0,1.930681,Minimum / Two-Way / Replacement,Efficient Role Player,49.05005021544211,36427.943396226416,6116201.689545935
2022-23,2023,bismack biyombo,Bismack Biyombo,PHO,C,8,,78.4,27.2,27.2,6.4,0.0,10.4,6.4,0.5644090305444887,94.24,0.3141333333333333,P00075,P00075-2023,P00075,P00075-2023,1836090.0,1.83609,Minimum / Two-Way / Replacement,Efficient Role Player,51.326460031915644,67503.30882352941,5844938.455008489
2022-23,2023,davion mitchell,Davion Mitchell,SAC,G,7,,140.0,49.699999999999996,9.1,11.9,6.3,0.7000000000000001,6.3,0.5074328187535735,93.17,0.31056666666666666,P00215,P00215-2023,P00215,P00215-2023,4833600.0,4.8336,Low-Cost Rotation Contract,Market Neutral,19.275488248924198,97255.53319919518,15563808.092733713
2022-23,2023,saddiq bey,Saddiq Bey,ATL,G,6,,133.2,45.0,24.0,6.0,3.0,0.0,1.7999999999999998,0.5095108695652173,90.0,0.3,P00835,P00835-2023,P00835,P00835-2023,2959080.0,2.95908,Minimum / Two-Way / Replacement,Efficient Role Player,30.414858672290034,65757.33333333333,9863600.0
2022-23,2023,eric gordon,Eric Gordon,LAC,G,5,,149.0,51.0,7.0,13.0,3.0,2.0,4.0,0.5467409948542024,89.9,0.2996666666666667,P00293,P00293-2023,P00293,P00293-2023,,,Salary Unavailable,Salary Unavailable,,,
2022-23,2023,landry shamet,Landry Shamet,PHO,G,10,,184.0,48.0,17.0,11.0,2.0,1.0,4.0,0.5132591958939264,89.9,0.2996666666666667,P00613,P00613-2023,P00613,P00613-2023,9500000.0,9.5,Low-Cost Rotation Contract,Market Neutral,9.463157894736844,197916.66666666666,31701890.989988875
2022-23,2023,santi aldama,Santi Aldama,MEM,F,6,,100.80000000000001,39.0,25.799999999999997,7.199999999999999,3.0,0.0,1.7999999999999998,0.5770596590909091,87.96,0.29319999999999996,P00839,P00839-2023,P00839,P00839-2023,2094240.0,2.09424,Minimum / Two-Way / Replacement,Efficient Role Player,42.00091680036672,53698.46153846154,7142701.227830833
2022-23,2023,grayson allen,Grayson Allen,MIL,G,5,,149.0,58.0,12.0,9.0,2.0,0.0,4.0,0.6578947368421053,87.9,0.29300000000000004,P00331,P00331-2023,P00331,P00331-2023,8500000.0,8.5,Low-Cost Rotation Contract,Market Neutral,10.341176470588236,146551.72413793104,29010238.907849826
2022-23,2023,luke kennard,Luke Kennard,MEM,G,5,,107.0,36.0,20.0,7.0,4.0,0.0,1.0,0.7269789983844911,81.5,0.27166666666666667,P00636,P00636-2023,P00636,P00636-2023,14415545.0,14.415545,Mid-Tier Rotation Contract,High-Cost Low-Return,5.65361906192239,400431.80555555556,53063355.82822086
2022-23,2023,troy brown jr,Troy Brown Jr.,LAL,F,12,,123.60000000000001,21.6,24.0,10.8,2.4000000000000004,1.2000000000000002,0.0,0.39130434782608703,77.39999999999999,0.25799999999999995,P00933,P00933-2023,P00933,P00933-2023,1836090.0,1.83609,Minimum / Two-Way / Replacement,Efficient Role Player,42.15479633351306,85004.16666666666,7116627.906976745
2022-23,2023,royce o neale,Royce O'Neale,BRK,F,4,,118.0,20.0,17.2,14.0,5.2,1.2,4.0,0.3324468085106383,76.84,0.2561333333333333,P00824,P00824-2023,P00824,P00824-2023,9200000.0,9.2,Low-Cost Rotation Contract,Market Neutral,8.35217391304348,460000.0,35918792.29567934
2022-23,2023,nickeil alexander walker,Nickeil Alexander-Walker,MIN,G,5,,148.0,42.0,10.0,7.0,3.0,1.0,4.0,0.5781938325991189,72.5,0.24166666666666667,P00732,P00732-2023,P00732,P00732-2023,5009633.0,5.009633,Low-Cost Rotation Contract,Market Neutral,14.472118017427624,119276.97619047618,20729515.862068966
2022-23,2023,sam hauser,Sam Hauser,BOS,F,15,,103.5,30.0,16.5,4.5,1.5,1.5,0.0,0.51440329218107,65.55,0.2185,P00836,P00836-2023,P00836,P00836-2023,1563518.0,1.563518,Minimum / Two-Way / Replacement,Efficient Role Player,41.92468522907955,52117.26666666667,7155688.787185355
2022-23,2023,bones hyland,Bones Hyland,LAC,G,5,,82.0,43.0,4.0,4.0,4.0,1.0,4.0,0.44421487603305787,64.8,0.216,P00085,P00085-2023,P00085,P00085-2023,2201520.0,2.20152,Minimum / Two-Way / Replacement,Efficient Role Player,29.43420909190014,51198.13953488372,10192222.222222222
2022-23,2023,joe ingles,Joe Ingles,MIL,F,5,,89.0,34.0,6.0,10.0,3.0,1.0,6.0,0.7391304347826086,62.2,0.20733333333333334,P00477,P00477-2023,P00477,P00477-2023,6479000.0,6.479,Low-Cost Rotation Contract,Market Neutral,9.600246951690076,190558.82352941178,31249196.141479097
2022-23,2023,dorian finney smith,Dorian Finney-Smith,BRK,F,4,,101.2,25.2,18.0,3.2,3.2,2.0,5.2,0.5431034482758621,61.999999999999986,0.2066666666666666,P00263,P00263-2023,P00263,P00263-2023,12939648.0,12.939648,Mid-Tier Rotation Contract,High-Cost Low-Return,4.791475007666359,513478.09523809527,62611200.000000015
2022-23,2023,taurean prince,Taurean Prince,MIN,F,5,,100.0,39.0,7.0,4.0,3.0,1.0,5.0,0.5275974025974026,60.400000000000006,0.20133333333333336,P00880,P00880-2023,P00880,P00880-2023,8000000.0,8.0,Low-Cost Rotation Contract,Market Neutral,7.550000000000001,205128.20512820513,39735099.33774834
2022-23,2023,jalen johnson,Jalen Johnson,ATL,F,6,,55.800000000000004,25.799999999999997,15.0,7.800000000000001,3.0,0.0,4.800000000000001,0.5203291384317521,59.7,0.199,P00406,P00406-2023,P00406,P00406-2023,2792640.0,2.79264,Minimum / Two-Way / Replacement,Market Neutral,21.37762117566174,108241.86046511629,14033366.834170854
2022-23,2023,cedi osman,Cedi Osman,CLE,SF,5,,93.0,30.0,15.0,5.0,2.0,1.0,5.0,0.5179558011049724,59.5,0.19833333333333333,P00134,P00134-2023,P00134,P00134-2023,7426088.0,7.426088,Low-Cost Rotation Contract,Market Neutral,8.012293956117945,247536.26666666666,37442460.50420168
2022-23,2023,georges niang,Georges Niang,PHI,F,11,,157.3,48.400000000000006,4.4,2.2,0.0,2.2,5.5,0.6666666666666669,58.080000000000005,0.19360000000000002,P00321,P00321-2023,P00321,P00321-2023,3465000.0,3.465,Minimum / Two-Way / Replacement,Market Neutral,16.761904761904763,71590.90909090909,17897727.27272727
2022-23,2023,isaac okoro,Isaac Okoro,CLE,F,5,,75.0,32.0,7.0,4.0,2.0,2.0,4.0,0.62402496099844,54.4,0.18133333333333332,P00355,P00355-2023,P00355,P00355-2023,7040880.0,7.04088,Low-Cost Rotation Contract,Market Neutral,7.726306938905364,220027.5,38828382.35294118
2022-23,2023,jonathan kuminga,Jonathan Kuminga,GSW,F,10,,61.0,34.0,9.0,5.0,2.0,0.0,4.0,0.6080114449213162,54.3,0.181,P00494,P00494-2023,P00494,P00494-2023,5739860.0,5.73986,Low-Cost Rotation Contract,Market Neutral,9.460161049224196,168819.41176470587,31711933.70165746
2022-23,2023,nicolas batum,Nicolas Batum,LAC,F,5,,92.0,22.0,11.0,6.0,2.0,2.0,2.0,0.5789473684210527,54.2,0.18066666666666667,P00733,P00733-2023,P00733,P00733-2023,10843350.0,10.84335,Mid-Tier Rotation Contract,Market Neutral,4.9984552744308735,492879.54545454547,60018542.43542435
2022-23,2023,payton pritchard,Payton Pritchard,BOS,G,10,,57.0,32.0,6.0,11.0,1.0,0.0,5.0,0.6611570247933884,53.7,0.17900000000000002,P00780,P00780-2023,P00780,P00780-2023,2239200.0,2.2392,Minimum / Two-Way / Replacement,Market Neutral,23.981779206859596,69975.0,12509497.206703909
2022-23,2023,david roddy,David Roddy,MEM,F,6,,76.19999999999999,22.799999999999997,16.799999999999997,4.199999999999999,0.0,1.7999999999999998,1.2000000000000002,0.38870703764320785,53.45999999999999,0.17819999999999994,P00214,P00214-2023,P00214,P00214-2023,2588640.0,2.58864,Minimum / Two-Way / Replacement,Market Neutral,20.651770814018167,113536.84210526317,14526599.326599332
2022-23,2023,malik beasley,Malik Beasley,LAL,SG,11,,91.30000000000001,33.0,7.699999999999999,2.2,1.1,0.0,2.2,0.4518072289156626,46.639999999999986,0.15546666666666661,P00646,P00646-2023,P00646,P00646-2023,15558035.0,15.558035,Mid-Tier Rotation Contract,High-Cost Low-Return,2.9978078851217385,471455.6060606061,100073123.92795886
2022-23,2023,alex len,Alex Len,SAC,C,7,,53.9,18.900000000000002,20.3,0.7000000000000001,0.0,2.8000000000000003,7.0,0.795990566037736,45.71,0.15236666666666668,P00028,P00028-2023,P00028,P00028-2023,3918000.0,3.918,Low-Cost Rotation Contract,Insufficient Minutes / Context,11.666666666666666,207301.58730158728,25714285.714285713
2022-23,2023,terence davis,Terence Davis,SAC,G,4,,58.0,24.0,9.2,6.0,1.2,0.0,2.0,0.574712643678161,45.64,0.15213333333333334,P00884,P00884-2023,P00884,P00884-2023,4000000.0,4.0,Low-Cost Rotation Contract,Market Neutral,11.41,166666.66666666666,26292725.679228745
2022-23,2023,marcus morris sr,Marcus Morris Sr.,LAC,F,3,,68.1,26.099999999999998,12.0,0.0,0.8999999999999999,0.8999999999999999,0.8999999999999999,0.42348130841121495,45.00000000000001,0.15000000000000002,P00656,P00656-2023,P00656,P00656-2023,16372093.0,16.372093,Mid-Tier Rotation Contract,High-Cost Low-Return,2.7485795493587784,627283.2567049809,109147286.66666666
2022-23,2023,jalen mcdaniels,Jalen McDaniels,PHI,F,8,,102.4,19.2,16.0,4.8,0.8,0.0,3.2,0.48,44.79999999999999,0.1493333333333333,P00407,P00407-2023,P00407,P00407-2023,1930681.0,1.930681,Minimum / Two-Way / Replacement,Efficient Role Player,23.204247620399222,100556.30208333334,12928667.41071429
2022-23,2023,damion lee,Damion Lee,PHO,SG,8,,88.8,16.8,11.2,4.8,2.4,0.0,0.8,0.39893617021276595,43.84,0.14613333333333334,P00194,P00194-2023,P00194,P00194-2023,1836090.0,1.83609,Minimum / Two-Way / Replacement,Efficient Role Player,23.876825210093187,109291.07142857142,12564484.489051094
2022-23,2023,victor oladipo,Victor Oladipo,MIA,SG,2,,45.0,23.0,7.0,2.0,2.0,1.0,2.0,0.5659448818897638,41.4,0.13799999999999998,P00958,P00958-2023,P00958,P00958-2023,8750000.0,8.75,Low-Cost Rotation Contract,Market Neutral,4.731428571428571,380434.7826086957,63405797.10144928
2022-23,2023,terrence ross,Terrence Ross,PHO,G,6,,69.0,22.200000000000003,7.800000000000001,1.2000000000000002,1.2000000000000002,1.7999999999999998,1.2000000000000002,0.41111111111111115,41.16,0.1372,P00886,P00886-2023,P00886,P00886-2023,580373.0,0.580373,Minimum / Two-Way / Replacement,Efficient Role Player,70.91990840373346,26142.927927927925,4230123.90670554
2022-23,2023,t j warren,T.J. Warren,PHO,SF,6,,81.0,16.200000000000003,7.199999999999999,3.0,1.2000000000000002,3.0,1.2000000000000002,0.3848346636259978,40.74,0.1358,P00874,P00874-2023,P00874,P00874-2023,1836090.0,1.83609,Minimum / Two-Way / Replacement,Market Neutral,22.18845481430649,113338.88888888888,13520544.918998526
2022-23,2023,seth curry,Seth Curry,BRK,G,3,,57.900000000000006,24.900000000000002,3.0,6.0,0.0,0.0,0.8999999999999999,0.6157270029673592,36.6,0.12200000000000001,P00850,P00850-2023,P00850,P00850-2023,8496500.0,8.4965,Low-Cost Rotation Contract,Market Neutral,4.307656093685636,341224.89959839353,69643442.6229508
2022-23,2023,danuel house jr,Danuel House Jr.,PHI,SF,7,,42.0,20.3,11.9,0.7000000000000001,0.0,0.0,0.7000000000000001,0.4763469119579501,34.92999999999999,0.1164333333333333,P00204,P00204-2023,P00204,P00204-2023,4105000.0,4.105,Low-Cost Rotation Contract,Market Neutral,8.509135200974418,202216.7487684729,35256226.73919268
2022-23,2023,shaquille harrison,Shaquille Harrison,LAL,G,8,,28.0,10.4,3.2,8.8,2.4,0.0,0.0,0.6298449612403101,34.64,0.11546666666666666,P00856,P00856-2023,P00856,P00856-2023,12260.0,0.01226,Minimum / Two-Way / Replacement,Insufficient Minutes / Context,2825.448613376835,1178.8461538461538,106177.82909930716
2022-23,2023,wenyen gabriel,Wenyen Gabriel,LAL,F,10,,37.0,10.0,9.0,0.0,2.0,3.0,2.0,0.4416961130742049,33.8,0.11266666666666665,P00970,P00970-2023,P00970,P00970-2023,1878720.0,1.87872,Minimum / Two-Way / Replacement,Efficient Role Player,17.99097257707375,187872.0,16675029.585798819
2022-23,2023,jamychal green,JaMychal Green,GSW,F,7,,49.0,23.099999999999998,4.8999999999999995,2.8000000000000003,0.0,0.7000000000000001,2.1,0.5,33.18,0.1106,P00377,P00377-2023,P00377,P00377-2023,1836090.0,1.83609,Minimum / Two-Way / Replacement,Efficient Role Player,18.071009591033118,79484.41558441559,16601175.40687161
2022-23,2023,john konchar,John Konchar,MEM,G,5,,49.0,4.0,10.0,4.0,2.0,2.0,1.0,0.2222222222222222,33.0,0.11,P00484,P00484-2023,P00484,P00484-2023,2300000.0,2.3,Minimum / Two-Way / Replacement,Efficient Role Player,14.347826086956523,575000.0,20909090.90909091
2022-23,2023,luke kornet,Luke Kornet,BOS,C,8,,32.0,16.8,10.4,0.0,0.0,0.8,0.0,0.9275618374558303,31.68,0.1056,P00637,P00637-2023,P00637,P00637-2023,2133278.0,2.133278,Minimum / Two-Way / Replacement,Market Neutral,14.850385181865656,126980.83333333333,20201496.21212121
2022-23,2023,max christie,Max Christie,LAL,G,9,,33.300000000000004,12.6,7.2,2.6999999999999997,0.0,0.9,0.0,0.54858934169279,27.990000000000002,0.09330000000000001,P00678,P00678-2023,P00678,P00678-2023,1017781.0,1.017781,Minimum / Two-Way / Replacement,Market Neutral,27.501004636557376,80776.26984126984,10908692.390139334
2022-23,2023,wesley matthews,Wesley Matthews,MIL,SG,2,,41.0,12.0,3.0,1.0,2.0,1.0,0.0,0.6666666666666666,26.1,0.08700000000000001,P00972,P00972-2023,P00972,P00972-2023,1836090.0,1.83609,Minimum / Two-Way / Replacement,Market Neutral,14.214989461300917,153007.5,21104482.758620687
2022-23,2023,tristan thompson,Tristan Thompson,CLE,C,6,,31.799999999999997,10.8,10.2,1.7999999999999998,0.0,0.0,1.2000000000000002,0.41821561338289964,24.54,0.0818,P00929,P00929-2023,,,,,,,,,
2022-23,2023,jaylen nowell,Jaylen Nowell,MIN,G,5,,62.0,16.0,5.0,3.0,0.0,0.0,2.0,0.2976190476190476,24.5,0.08166666666666667,P00452,P00452-2023,P00452,P00452-2023,1930681.0,1.930681,Minimum / Two-Way / Replacement,Efficient Role Player,12.689822917405827,120667.5625,23640991.836734693
2022-23,2023,day ron sharpe,Day'Ron Sharpe,BRK,C,2,,20.0,6.0,6.0,5.0,0.0,1.0,2.0,0.7731958762886598,21.7,0.07233333333333333,P00218,P00218-2023,P00218,P00218-2023,2109480.0,2.10948,Minimum / Two-Way / Replacement,Market Neutral,10.28689534861672,351580.0,29163317.972350232
2022-23,2023,jae crowder,Jae Crowder,MIL,PF,4,,41.2,7.2,4.0,3.2,2.0,0.0,1.2,0.2556818181818182,21.6,0.07200000000000001,P00391,P00391-2023,P00391,P00391-2023,10183000.0,10.183,Mid-Tier Rotation Contract,Insufficient Minutes / Context,2.1211823627614654,1414305.5555555555,141430555.55555555
2022-23,2023,danny green,Danny Green,CLE,F,4,,40.0,3.2,7.2,1.2,2.0,1.2,2.0,0.3076923076923077,21.240000000000002,0.0708,P00201,P00201-2023,P00201,P00201-2023,2000000.0,2.0,Minimum / Two-Way / Replacement,Insufficient Minutes / Context,10.620000000000001,625000.0,28248587.570621468
2022-23,2023,austin rivers,Austin Rivers,MIN,SG,4,,46.0,10.0,5.2,1.2,1.2,0.0,1.2,0.625,20.44,0.06813333333333334,P00062,P00062-2023,P00062,P00062-2023,1836090.0,1.83609,Minimum / Two-Way / Replacement,Market Neutral,11.132351899961332,183609.0,26948483.365949117
2022-23,2023,jevon carter,Jevon Carter,MIL,G,4,,49.2,5.2,4.0,4.0,1.2,0.0,0.0,0.28260869565217395,19.6,0.06533333333333334,P00472,P00472-2023,P00472,P00472-2023,2100000.0,2.1,Minimum / Two-Way / Replacement,Efficient Role Player,9.333333333333334,403846.1538461538,32142857.142857138
2022-23,2023,tyler herro,Tyler Herro,MIA,G,1,,19.0,12.0,2.0,2.0,0.0,1.0,1.0,0.6666666666666666,19.4,0.06466666666666666,P00939,P00939-2023,P00939,P00939-2023,5722116.0,5.722116,Low-Cost Rotation Contract,Efficient Role Player,3.39035419764297,476843.0,88486329.89690723
2022-23,2023,shake milton,Shake Milton,PHI,SG,6,,21.0,7.800000000000001,3.0,1.7999999999999998,1.7999999999999998,0.0,1.2000000000000002,0.6974248927038627,18.3,0.061000000000000006,P00854,P00854-2023,P00854,P00854-2023,1977718.0,1.977718,Minimum / Two-Way / Replacement,Efficient Role Player,9.253088660769635,253553.58974358972,32421606.557377048
2022-23,2023,anthony lamb,Anthony Lamb,GSW,F,6,,31.200000000000003,4.800000000000001,6.0,0.0,1.2000000000000002,1.2000000000000002,1.7999999999999998,0.5,17.400000000000002,0.05800000000000001,P00052,P00052-2023,P00052,P00052-2023,,,Salary Unavailable,Salary Unavailable,,,
2022-23,2023,joe harris,Joe Harris,BRK,SF,4,,44.0,7.2,5.2,0.0,2.0,0.0,3.2,0.2556818181818182,16.240000000000002,0.05413333333333334,P00476,P00476-2023,P00476,P00476-2023,18642857.0,18.642857,Mid-Tier Rotation Contract,High-Cost Low-Return,0.8711111177862922,2589285.6944444445,344387752.4630542
2022-23,2023,mike muscala,Mike Muscala,BOS,C,6,,21.0,9.0,4.199999999999999,1.2000000000000002,0.0,0.0,1.2000000000000002,0.7440476190476192,14.64,0.0488,P00694,P00694-2023,P00694,P00694-2023,3500000.0,3.5,Minimum / Two-Way / Replacement,Market Neutral,4.182857142857143,388888.8888888889,71721311.47540984
2022-23,2023,deandre jordan,DeAndre Jordan,DEN,C,4,,14.0,5.2,4.0,1.2,0.0,1.2,2.0,0.6372549019607843,13.4,0.04466666666666667,P00222,P00222-2023,P00222,P00222-2023,1836090.0,1.83609,Minimum / Two-Way / Replacement,Market Neutral,7.298117194690892,353094.23076923075,41106492.53731343
2022-23,2023,peyton watson,Peyton Watson,DEN,G,5,,14.0,5.0,4.0,1.0,0.0,1.0,1.0,0.5,13.3,0.044333333333333336,P00785,P00785-2023,P00785,P00785-2023,2193960.0,2.19396,Minimum / Two-Way / Replacement,Insufficient Minutes / Context,6.062097759302813,438792.0,49487819.54887218
2022-23,2023,kenneth lofton jr,Kenneth Lofton Jr.,MEM,F,4,,12.0,7.2,3.2,1.2,0.0,0.0,0.0,0.4054054054054054,12.84,0.0428,P00563,P00563-2023,P00563,P00563-2023,1000000.0,1.0,Minimum / Two-Way / Replacement,Insufficient Minutes / Context,12.84,138888.88888888888,23364485.98130841
2022-23,2023,omer yurtseven,Omer Yurtseven,MIA,C,8,,16.0,4.0,4.8,0.8,0.0,0.8,0.8,0.2777777777777778,12.56,0.04186666666666667,P00753,P00753-2023,P00753,P00753-2023,1752638.0,1.752638,Minimum / Two-Way / Replacement,Insufficient Minutes / Context,7.1663401113065,438159.5,41862372.61146496
2022-23,2023,jaden springer,Jaden Springer,PHI,G,4,,17.2,9.2,0.0,0.0,1.2,0.0,1.2,0.9426229508196721,11.6,0.03866666666666667,P00390,P00390-2023,P00390,P00390-2023,2125200.0,2.1252,Minimum / Two-Way / Replacement,Insufficient Minutes / Context,5.458309806135893,231000.00000000003,54962068.96551724
2022-23,2023,pj dozier,PJ Dozier,SAC,G,3,,6.0,8.100000000000001,2.0999999999999996,0.0,0.0,0.0,0.0,0.6750000000000002,10.620000000000001,0.0354,P00764,P00764-2023,P00764,P00764-2023,539450.0,0.53945,Minimum / Two-Way / Replacement,Insufficient Minutes / Context,19.68671795347113,66598.76543209875,15238700.56497175
2022-23,2023,reggie jackson,Reggie Jackson,DEN,PG,6,,18.0,3.0,1.7999999999999998,1.7999999999999998,1.2000000000000002,0.0,1.2000000000000002,0.8333333333333334,10.260000000000002,0.03420000000000001,P00806,P00806-2023,P00806,P00806-2023,580373.0,0.580373,Minimum / Two-Way / Replacement,Efficient Role Player,17.67828620559537,193457.66666666666,16969970.760233913
2022-23,2023,miles mcbride,Miles McBride,NYK,G,8,,20.0,3.2,2.4,0.8,0.0,0.8,0.0,0.4,9.68,0.032266666666666666,P00697,P00697-2023,P00697,P00697-2023,1563518.0,1.563518,Minimum / Two-Way / Replacement,Market Neutral,6.191166331311823,488599.375,48456136.36363637
2022-23,2023,zeke nnaji,Zeke Nnaji,DEN,F,5,,12.0,5.0,2.0,0.0,1.0,0.0,1.0,0.625,9.4,0.03133333333333333,P00995,P00995-2023,P00995,P00995-2023,2498760.0,2.49876,Minimum / Two-Way / Replacement,Market Neutral,3.761865885479198,499752.0,79747659.57446809
2022-23,2023,ricky rubio,Ricky Rubio,CLE,PG,3,,17.1,0.0,6.0,3.0,0.8999999999999999,0.0,5.1,0.0,9.299999999999999,0.030999999999999996,P00810,P00810-2023,P00810,P00810-2023,5853659.0,5.853659,Low-Cost Rotation Contract,Market Neutral,1.588749874223968,,188827709.67741936
2022-23,2023,lamar stevens,Lamar Stevens,CLE,F,2,,9.0,5.0,3.0,0.0,0.0,0.0,0.0,0.8680555555555556,8.6,0.028666666666666667,P00611,P00611-2023,P00611,P00611-2023,1782621.0,1.782621,Minimum / Two-Way / Replacement,Efficient Role Player,4.8243569440728,356524.2,62184453.488372095
2022-23,2023,ziaire williams,Ziaire Williams,MEM,F,4,,12.0,5.2,2.0,2.0,0.0,0.0,2.0,0.3611111111111111,8.6,0.028666666666666667,P00996,P00996-2023,P00996,P00996-2023,4591680.0,4.59168,Low-Cost Rotation Contract,Market Neutral,1.8729528190117777,883015.3846153846,160174883.72093022
2022-23,2023,robert covington,Robert Covington,LAC,PF,2,,12.0,0.0,2.0,2.0,0.0,1.0,0.0,0.0,8.4,0.028,P00814,P00814-2023,P00814,P00814-2023,12307692.0,12.307692,Mid-Tier Rotation Contract,High-Cost Low-Return,0.6825000170625005,,439560428.57142854
2022-23,2023,robin lopez,Robin Lopez,CLE,C,2,,6.0,8.0,1.0,0.0,0.0,0.0,1.0,1.0309278350515465,8.2,0.02733333333333333,P00817,P00817-2023,P00817,P00817-2023,1836090.0,1.83609,Minimum / Two-Way / Replacement,Insufficient Minutes / Context,4.46601201466159,229511.25,67174024.3902439
2022-23,2023,ish wainright,Ish Wainright,PHO,F,6,,21.0,3.0,1.2000000000000002,0.0,0.0,1.2000000000000002,0.0,0.3571428571428572,8.040000000000001,0.026800000000000004,P00370,P00370-2023,P00370,P00370-2023,474851.0,0.474851,Minimum / Two-Way / Replacement,Efficient Role Player,16.931626973513797,158283.66666666666,17718320.895522386
2022-23,2023,josh minott,Josh Minott,MIN,F,1,,6.0,0.0,0.0,0.0,2.0,1.0,1.0,0.0,8.0,0.02666666666666667,P00514,P00514-2023,P00514,P00514-2023,1017781.0,1.017781,Minimum / Two-Way / Replacement,Insufficient Minutes / Context,7.8602371237034285,,38166787.5
2022-23,2023,nikola jovic,Nikola Jovic,MIA,F,7,,13.299999999999999,2.1,4.8999999999999995,0.0,0.0,0.0,0.0,0.25,7.979999999999999,0.026599999999999995,P00737,P00737-2023,P00737,P00737-2023,2239920.0,2.23992,Minimum / Two-Way / Replacement,Insufficient Minutes / Context,3.5626272366870237,1066628.5714285714,84207518.7969925
2022-23,2023,cam thomas,Cam Thomas,BRK,G,2,,16.0,6.0,1.0,1.0,0.0,0.0,1.0,0.42857142857142855,7.699999999999999,0.025666666666666664,P00121,P00121-2023,P00121,P00121-2023,2138160.0,2.13816,Minimum / Two-Way / Replacement,Efficient Role Player,3.601227223407041,356360.0,83304935.06493507
2022-23,2023,mo bamba,Mo Bamba,LAL,C,3,,9.899999999999999,0.0,3.0,0.8999999999999999,0.0,0.8999999999999999,0.0,0.0,7.649999999999999,0.025499999999999995,P00701,P00701-2023,P00701,P00701-2023,10300000.0,10.3,Mid-Tier Rotation Contract,Market Neutral,0.7427184466019415,,403921568.62745106
2022-23,2023,marjon beauchamp,MarJon Beauchamp,MIL,F,2,,5.0,5.0,1.0,0.0,0.0,0.0,0.0,0.8333333333333334,6.2,0.020666666666666667,P00653,P00653-2023,P00653,P00653-2023,2485200.0,2.4852,Minimum / Two-Way / Replacement,Market Neutral,2.494769032673427,497040.0,120251612.90322581
2022-23,2023,dean wade,Dean Wade,CLE,F,2,,11.0,2.0,3.0,0.0,0.0,0.0,0.0,0.5319148936170213,5.6,0.018666666666666665,P00227,P00227-2023,P00227,P00227-2023,1930681.0,1.930681,Minimum / Two-Way / Replacement,Market Neutral,2.9005309525499032,965340.5,103429339.2857143
2022-23,2023,goran dragic,Goran Dragic,MIL,PG,2,,7.0,4.0,0.0,1.0,0.0,0.0,0.0,0.5319148936170213,5.5,0.018333333333333333,P00325,P00325-2023,P00325,P00325-2023,390433.0,0.390433,Minimum / Two-Way / Replacement,Efficient Role Player,14.086924004886884,97608.25,21296345.454545453
2022-23,2023,jordan mclaughlin,Jordan McLaughlin,MIN,G,2,,14.0,0.0,2.0,2.0,0.0,0.0,0.0,0.0,5.4,0.018000000000000002,P00502,P00502-2023,P00502,P00502-2023,2160000.0,2.16,Minimum / Two-Way / Replacement,Market Neutral,2.5,,119999999.99999999
2022-23,2023,ish smith,Ish Smith,DEN,PG,4,,12.0,2.0,1.2,1.2,0.0,0.0,0.0,0.5,5.24,0.01746666666666667,P00369,P00369-2023,P00369,P00369-2023,4750000.0,4.75,Low-Cost Rotation Contract,Insufficient Minutes / Context,1.1031578947368421,2375000.0,271946564.88549614
2022-23,2023,vlatko cancar,Vlatko Cancar,DEN,SF,5,,10.0,0.0,3.0,1.0,0.0,0.0,0.0,0.0,5.1,0.016999999999999998,P00963,P00963-2023,P00963,P00963-2023,2234359.0,2.234359,Minimum / Two-Way / Replacement,Market Neutral,2.2825338273750995,,131432882.3529412
2022-23,2023,patrick baldwin jr,Patrick Baldwin Jr.,GSW,G,3,,11.100000000000001,0.0,3.0,0.8999999999999999,0.0,0.0,0.0,0.0,4.949999999999999,0.016499999999999997,P00772,P00772-2023,P00772,P00772-2023,2226000.0,2.226,Minimum / Two-Way / Replacement,Insufficient Minutes / Context,2.223719676549865,,134909090.90909094
2022-23,2023,furkan korkmaz,Furkan Korkmaz,PHI,SG,3,,11.100000000000001,2.0999999999999996,0.8999999999999999,0.8999999999999999,0.0,0.0,0.8999999999999999,0.3472222222222222,3.6299999999999994,0.012099999999999998,P00307,P00307-2023,P00307,P00307-2023,5000000.0,5.0,Low-Cost Rotation Contract,Insufficient Minutes / Context,0.7259999999999999,2380952.3809523815,413223140.49586785
2022-23,2023,yuta watanabe,Yuta Watanabe,BRK,SF,1,,5.0,3.0,1.0,0.0,0.0,0.0,1.0,0.5208333333333334,3.2,0.010666666666666668,P00987,P00987-2023,P00987,P00987-2023,1762796.0,1.762796,Minimum / Two-Way / Replacement,Market Neutral,1.8152979698161331,587598.6666666666,165262124.99999997
2022-23,2023,blake griffin,Blake Griffin,BOS,PF,1,,6.0,0.0,2.0,0.0,0.0,0.0,0.0,0.0,2.4,0.008,P00076,P00076-2023,P00076,P00076-2023,1836090.0,1.83609,Minimum / Two-Way / Replacement,Market Neutral,1.3071254677058313,,229511250.0
2022-23,2023,chimezie metu,Chimezie Metu,SAC,PF,3,,6.0,2.0999999999999996,0.8999999999999999,0.0,0.0,0.0,0.8999999999999999,0.47297297297297297,2.28,0.007599999999999999,P00146,P00146-2023,P00146,P00146-2023,1910680.0,1.91068,Minimum / Two-Way / Replacement,Market Neutral,1.1932924403877152,909847.6190476192,251405263.15789476
2022-23,2023,nathan knight,Nathan Knight,MIN,F,2,,5.0,2.0,1.0,0.0,0.0,0.0,1.0,0.25,2.2,0.007333333333333334,P00724,P00724-2023,P00724,P00724-2023,1836090.0,1.83609,Minimum / Two-Way / Replacement,Insufficient Minutes / Context,1.1981983453970122,918045.0,250375909.09090906
2022-23,2023,justin champagnie,Justin Champagnie,BOS,F,4,,10.0,2.0,0.0,0.0,0.0,0.0,0.0,0.25,2.0,0.006666666666666667,P00529,P00529-2023,P00529,P00529-2023,28241.0,0.028241,Minimum / Two-Way / Replacement,Insufficient Minutes / Context,70.81902198930634,14120.5,4236150.0
2022-23,2023,derrick rose,Derrick Rose,NYK,PG,1,,3.0,0.0,0.0,1.0,0.0,0.0,0.0,0.0,1.5,0.005,P00241,P00241-2023,P00241,P00241-2023,,,Salary Unavailable,Salary Unavailable,,,
2022-23,2023,edmond sumner,Edmond Sumner,BRK,PG,1,,4.0,0.0,0.0,1.0,0.0,0.0,0.0,,1.5,0.005,P00282,P00282-2023,P00282,P00282-2023,1968175.0,1.968175,Minimum / Two-Way / Replacement,Market Neutral,0.7621273514804324,,393635000.0
2022-23,2023,kessler edwards,Kessler Edwards,SAC,F,6,,7.199999999999999,0.0,1.2000000000000002,0.0,0.0,0.0,0.0,,1.4400000000000002,0.0048000000000000004,P00571,P00571-2023,P00571,P00571-2023,1637966.0,1.637966,Minimum / Two-Way / Replacement,Insufficient Minutes / Context,0.8791391274299956,,341242916.6666666
2022-23,2023,udonis haslem,Udonis Haslem,MIA,PF,2,,3.0,0.0,1.0,0.0,0.0,0.0,0.0,0.0,1.2,0.004,P00952,P00952-2023,P00952,P00952-2023,1836090.0,1.83609,Minimum / Two-Way / Replacement,Insufficient Minutes / Context,0.6535627338529156,,459022500.0
2022-23,2023,meyers leonard,Meyers Leonard,MIL,C,2,,5.0,0.0,1.0,0.0,0.0,0.0,0.0,0.0,1.2,0.004,P00686,P00686-2023,P00686,P00686-2023,284911.0,0.284911,Minimum / Two-Way / Replacement,Insufficient Minutes / Context,4.2118415926377,,71227750.0
2022-23,2023,montrezl harrell,Montrezl Harrell,PHI,C,2,,7.0,0.0,1.0,0.0,0.0,0.0,0.0,0.0,1.2,0.004,P00704,P00704-2023,P00704,P00704-2023,2463490.0,2.46349,Minimum / Two-Way / Replacement,Market Neutral,0.487113810082444,,615872500.0
2022-23,2023,david duke jr,David Duke Jr.,BRK,G,1,,5.0,2.0,0.0,0.0,0.0,0.0,1.0,0.3333333333333333,1.0,0.0033333333333333335,P00211,P00211-2023,P00211,P00211-2023,28241.0,0.028241,Minimum / Two-Way / Replacement,Insufficient Minutes / Context,35.40951099465317,14120.5,8472300.0
2022-23,2023,raul neto,Raul Neto,CLE,PG,2,,7.0,1.0,0.0,1.0,0.0,0.0,2.0,0.26595744680851063,0.5,0.0016666666666666668,P00799,P00799-2023,P00799,P00799-2023,1836090.0,1.83609,Minimum / Two-Way / Replacement,Market Neutral,0.2723178057720482,1836090.0,1101654000.0
2022-23,2023,aaron holiday,Aaron Holiday,ATL,G,1,,4.0,0.0,0.0,1.0,0.0,0.0,1.0,,0.5,0.0016666666666666668,P00007,P00007-2023,P00007,P00007-2023,1836090.0,1.83609,Minimum / Two-Way / Replacement,Market Neutral,0.2723178057720482,,1101654000.0
2022-23,2023,dewayne dedmon,Dewayne Dedmon,PHI,C,1,,5.0,0.0,1.0,0.0,0.0,0.0,1.0,0.0,0.19999999999999996,0.0006666666666666665,P00252,P00252-2023,P00252,P00252-2023,580373.0,0.580373,Minimum / Two-Way / Replacement,Insufficient Minutes / Context,0.34460596891998757,,870559500.0000001
2022-23,2023,patty mills,Patty Mills,BRK,PG,1,,5.0,0.0,0.0,0.0,0.0,0.0,0.0,0.0,0.0,0.0,P00775,P00775-2023,P00775,P00775-2023,6479000.0,6.479,Low-Cost Rotation Contract,Market Neutral,0.0,,
2022-23,2023,thanasis antetokounmpo,Thanasis Antetokounmpo,MIL,F,2,,5.0,0.0,0.0,0.0,0.0,0.0,0.0,,0.0,0.0,P00891,P00891-2023,P00891,P00891-2023,1878720.0,1.87872,Minimum / Two-Way / Replacement,Insufficient Minutes / Context,0.0,,
2022-23,2023,daquan jeffries,DaQuan Jeffries,SAC,G,2,,5.0,0.0,0.0,0.0,0.0,0.0,0.0,,0.0,0.0,P00183,P00183-2023,,,,,,,,,
2022-23,2023,thomas bryant,Thomas Bryant,DEN,C,1,,0.0,0.0,0.0,0.0,0.0,0.0,0.0,,0.0,0.0,P00894,P00894-2023,P00894,P00894-2023,1836090.0,1.83609,Minimum / Two-Way / Replacement,Efficient Role Player,0.0,,
2022-23,2023,amir coffey,Amir Coffey,LAC,G,1,,1.0,0.0,0.0,0.0,0.0,0.0,0.0,,0.0,0.0,P00040,P00040-2023,P00040,P00040-2023,3395062.0,3.395062,Minimum / Two-Way / Replacement,Market Neutral,0.0,,
2022-23,2023,jason preston,Jason Preston,LAC,G,1,,1.0,0.0,0.0,0.0,0.0,0.0,0.0,,0.0,0.0,P00438,P00438-2023,P00438,P00438-2023,1563518.0,1.563518,Minimum / Two-Way / Replacement,Insufficient Minutes / Context,0.0,,
2022-23,2023,brandon boston,Brandon Boston,LAC,SG,1,,1.0,0.0,0.0,0.0,0.0,0.0,1.0,,-1.0,-0.0033333333333333335,P00090,P00090-2023,P00090,P00090-2023,1563518.0,1.563518,Minimum / Two-Way / Replacement,Insufficient Minutes / Context,-0.639583298689238,,
2022-23,2023,wendell moore jr,Wendell Moore Jr.,MIN,F,1,,2.0,0.0,0.0,0.0,0.0,0.0,1.0,,-1.0,-0.0033333333333333335,P00969,P00969-2023,P00969,P00969-2023,2306520.0,2.30652,Minimum / Two-Way / Replacement,Insufficient Minutes / Context,-0.4335535785512374,,
2023-24,2024,luka doncic,Luka Doncic,DAL,G,22,,899.8,635.8,209.0,178.2,41.8,8.8,90.19999999999999,0.5561970746728253,1215.5,4.051666666666667,P00633,P00633-2024,P00633,P00633-2024,40064220.0,40.06422,High-Salary Starter,Expensive but Worth It,30.338791070935613,63013.87228688267,9888330.728095435
2023-24,2024,jayson tatum,Jayson Tatum,BOS,F,19,,767.6,475.0,184.29999999999998,119.7,20.900000000000002,13.299999999999999,49.4,0.5490161630358398,928.9100000000001,3.096366666666667,P00458,P00458-2024,P00458,P00458-2024,32600060.0,32.60006,High-Salary Starter,Expensive but Worth It,28.494119335976684,68631.7052631579,10528488.228138356
2023-24,2024,kyrie irving,Kyrie Irving,DAL,G,22,,880.0,486.20000000000005,81.4,112.19999999999999,22.0,6.6,50.599999999999994,0.5651595744680851,787.38,2.6246,P00605,P00605-2024,P00605,P00605-2024,37037037.0,37.037037,High-Salary Starter,Expensive but Worth It,21.259260021259262,76176.54668860551,14111497.752038406
2023-24,2024,anthony edwards,Anthony Edwards,MIN,G,16,,649.6,441.6,112.0,104.0,24.0,9.6,52.8,0.5969890984599412,780.0,2.6,P00050,P00050-2024,P00050,P00050-2024,9219512.0,9.219512,Low-Cost Rotation Contract,Bargain Star,84.60317639371802,20877.518115942028,3545966.1538461535
2023-24,2024,jaylen brown,Jaylen Brown,BOS,G,19,,706.8000000000001,454.09999999999997,112.10000000000001,62.699999999999996,22.8,11.4,51.300000000000004,0.5922878667724029,733.97,2.4465666666666666,P00447,P00447-2024,P00447,P00447-2024,31830357.0,31.830357,High-Salary Starter,Expensive but Worth It,23.05880515257809,70095.47896939001,13010214.450181888
2023-24,2024,nikola jokic,Nikola Jokic,DEN,C,12,,482.40000000000003,344.4,160.8,104.39999999999999,16.799999999999997,8.399999999999999,39.599999999999994,0.6267470300489167,729.96,2.4332000000000003,P00736,P00736-2024,P00736,P00736-2024,47607350.0,47.60735,Max / Supermax-Level,Expensive but Worth It,15.332926533402933,138232.72357723577,19565736.47871116
2023-24,2024,pascal siakam,Pascal Siakam,IND,F,17,,601.8,367.20000000000005,127.5,64.6,13.600000000000001,6.800000000000001,18.700000000000003,0.5766766339171294,659.5999999999999,2.1986666666666665,P00769,P00769-2024,P00769,P00769-2024,37893408.0,37.893408,High-Salary Starter,Expensive but Worth It,17.406721506811948,103195.55555555555,17234721.649484538
2023-24,2024,derrick white,Derrick White,BOS,G,19,,676.4,317.3,81.7,77.89999999999999,17.1,22.8,15.200000000000001,0.6148748159057438,636.6899999999999,2.1222999999999996,P00243,P00243-2024,P00243,P00243-2024,18357143.0,18.357143,Mid-Tier Rotation Contract,Expensive but Worth It,34.68350167561477,57854.216829498895,8649645.667436274
2023-24,2024,jalen brunson,Jalen Brunson,NYK,G,13,,517.4,421.2,42.9,97.5,10.4,2.6,35.1,0.5355725998413119,622.83,2.0761000000000003,P00402,P00402-2024,P00402,P00402-2024,26346666.0,26.346666,High-Salary Starter,Expensive but Worth It,23.639803229752108,62551.43874643875,12690460.960454697
2023-24,2024,tyrese haliburton,Tyrese Haliburton,IND,G,15,,522.0,280.5,72.0,122.99999999999999,19.5,10.5,31.5,0.6286982248520709,609.9,2.033,P00944,P00944-2024,P00944,P00944-2024,5808435.0,5.808435,Low-Cost Rotation Contract,Bargain Star,105.00246624090653,20707.433155080213,2857075.750122971
2023-24,2024,jrue holiday,Jrue Holiday,BOS,G,19,,720.1,250.79999999999998,115.89999999999999,83.60000000000001,20.900000000000002,11.4,28.5,0.6152125279642058,583.6800000000001,1.9456000000000002,P00519,P00519-2024,P00519,P00519-2024,36861707.0,36.861707,High-Salary Starter,High-Cost Low-Return,15.834318253357068,146976.50318979268,18946189.864309207
2023-24,2024,p j washington,P.J. Washington,DAL,F,22,,785.4000000000001,286.0,145.2,30.799999999999997,15.399999999999999,17.6,33.0,0.5555555555555556,572.4399999999999,1.9081333333333332,P00763,P00763-2024,P00763,P00763-2024,16847826.0,16.847826,Mid-Tier Rotation Contract,Market Neutral,33.97708404633333,58908.48251748252,8829480.469568864
2023-24,2024,karl anthony towns,Karl-Anthony Towns,MIN,C,16,,521.6,305.6,144.0,41.6,12.8,3.2,27.2,0.5826012689116643,561.5999999999999,1.8719999999999997,P00544,P00544-2024,P00544,P00544-2024,36016200.0,36.0162,High-Salary Starter,High-Cost Low-Return,15.592983157579088,117854.05759162303,19239423.07692308
2023-24,2024,shai gilgeous alexander,Shai Gilgeous-Alexander,OKC,G,10,,399.0,302.0,72.0,64.0,13.0,17.0,22.0,0.5815744877522724,552.4,1.8413333333333333,P00853,P00853-2024,P00853,P00853-2024,33386850.0,33.38685,High-Salary Starter,Expensive but Worth It,16.54543630201711,110552.48344370861,18131888.12454743
2023-24,2024,myles turner,Myles Turner,IND,C,17,,550.8,289.0,112.19999999999999,35.7,8.5,25.5,32.3,0.6354665071770335,546.8900000000001,1.822966666666667,P00715,P00715-2024,P00715,P00715-2024,20975000.0,20.975,Mid-Tier Rotation Contract,Expensive but Worth It,26.073420738974974,72577.85467128028,11505970.121962367
2023-24,2024,josh hart,Josh Hart,NYK,G,13,,548.6,188.5,149.5,58.5,13.0,10.4,33.800000000000004,0.5522547227300427,492.05,1.6401666666666668,P00512,P00512-2024,P00512,P00512-2024,12960000.0,12.96,Mid-Tier Rotation Contract,Market Neutral,37.966820987654316,68753.31564986738,7901636.012600345
2023-24,2024,al horford,Al Horford,BOS,C,19,,575.7,174.79999999999998,133.0,39.9,15.200000000000001,15.200000000000001,11.4,0.6081438392384981,474.05000000000007,1.580166666666667,P00020,P00020-2024,P00020,P00020-2024,10000000.0,10.0,Low-Cost Rotation Contract,Market Neutral,47.40500000000001,57208.237986270025,6328446.366417044
2023-24,2024,andrew nembhard,Andrew Nembhard,IND,G,17,,554.2,253.3,56.099999999999994,93.5,6.800000000000001,3.4000000000000004,23.799999999999997,0.6558098591549297,467.66999999999996,1.5589,P00045,P00045-2024,P00045,P00045-2024,2131905.0,2.131905,Minimum / Two-Way / Replacement,Efficient Role Player,219.36718568604132,8416.521910777734,1367570.0814677016
2023-24,2024,daniel gafford,Daniel Gafford,DAL,F,22,,444.4,198.0,121.0,15.399999999999999,6.6,33.0,19.8,0.6502890173410405,465.3,1.551,P00196,P00196-2024,P00196,P00196-2024,12402000.0,12.402,Mid-Tier Rotation Contract,Market Neutral,37.51814223512337,62636.36363636364,7996131.528046422
2023-24,2024,dereck lively ii,Dereck Lively II,DAL,C,21,,462.0,165.9,155.4,27.3,8.4,21.0,21.0,0.6838642659279779,460.53,1.5351,P00236,P00236-2024,P00236,P00236-2024,4775640.0,4.77564,Low-Cost Rotation Contract,Market Neutral,96.4331482272533,28786.25678119349,3110963.455149502
2023-24,2024,rudy gobert,Rudy Gobert,MIN,C,15,,511.5,181.5,147.0,24.0,13.5,15.0,22.5,0.6553292894280763,456.9,1.523,P00826,P00826-2024,P00826,P00826-2024,41000000.0,41.0,Max / Supermax-Level,Expensive but Worth It,11.143902439024389,225895.31680440772,26920551.543007225
2023-24,2024,evan mobley,Evan Mobley,CLE,C,12,,422.40000000000003,192.0,111.60000000000001,27.599999999999998,9.600000000000001,26.400000000000002,21.6,0.591715976331361,453.71999999999997,1.5124,P00298,P00298-2024,P00298,P00298-2024,8882760.0,8.88276,Low-Cost Rotation Contract,Market Neutral,51.07871877659646,46264.375,5873287.490081989
2023-24,2024,donovan mitchell,Donovan Mitchell,CLE,G,10,,382.0,296.0,54.0,47.0,13.0,3.0,28.0,0.583596214511041,451.3,1.5043333333333333,P00260,P00260-2024,P00260,P00260-2024,33162030.0,33.16203,High-Salary Starter,Expensive but Worth It,13.60893769169137,112033.88513513513,22044336.36162198
2023-24,2024,jamal murray,Jamal Murray,DEN,G,12,,462.0,247.20000000000002,51.599999999999994,67.19999999999999,9.600000000000001,6.0,31.200000000000003,0.4731716280779126,425.52,1.4183999999999999,P00415,P00415-2024,P00415,P00415-2024,33833400.0,33.8334,High-Salary Starter,High-Cost Low-Return,12.576921030697477,136866.50485436892,23853214.89001692
2023-24,2024,mike conley,Mike Conley,MIN,G,15,,474.0,174.0,58.5,85.5,21.0,3.0,19.5,0.5504935459377374,424.95,1.4164999999999999,P00693,P00693-2024,P00693,P00693-2024,24360000.0,24.36,Mid-Tier Rotation Contract,High-Cost Low-Return,17.444581280788178,140000.0,17197317.33145076
2023-24,2024,t j mcconnell,T.J. McConnell,IND,G,17,,348.5,200.60000000000002,52.7,86.69999999999999,15.3,1.7000000000000002,20.4,0.5223087818696884,424.49,1.4149666666666667,P00873,P00873-2024,P00873,P00873-2024,8700000.0,8.7,Low-Cost Rotation Contract,Market Neutral,48.79195402298851,43369.89032901295,6148554.736271761
2023-24,2024,derrick jones jr,Derrick Jones Jr.,DAL,F,22,,646.8,200.2,77.0,26.4,11.0,22.0,17.6,0.5747852450732693,413.5999999999999,1.3786666666666663,P00240,P00240-2024,P00240,P00240-2024,2019706.0,2.019706,Minimum / Two-Way / Replacement,Efficient Role Player,204.78228019325581,10088.441558441558,1464970.5029013543
2023-24,2024,donte divincenzo,Donte DiVincenzo,NYK,G,13,,465.4,231.4,52.0,33.800000000000004,15.6,11.700000000000001,15.6,0.5664460285132383,410.8,1.3693333333333333,P00262,P00262-2024,P00262,P00262-2024,10960000.0,10.96,Mid-Tier Rotation Contract,Market Neutral,37.481751824817515,47363.872082973205,8003894.839337878
2023-24,2024,jalen williams,Jalen Williams,OKC,G,10,,377.0,187.0,68.0,54.0,17.0,5.0,19.0,0.543984175005818,396.6,1.322,P00412,P00412-2024,P00412,P00412-2024,4558680.0,4.55868,Low-Cost Rotation Contract,Bargain Star,86.99886809339546,24377.9679144385,3448320.726172466
2023-24,2024,aaron gordon,Aaron Gordon,DEN,F,12,,445.20000000000005,171.60000000000002,87.6,52.800000000000004,9.600000000000001,7.199999999999999,18.0,0.6613022567517574,388.32000000000005,1.2944000000000002,P00005,P00005-2024,P00005,P00005-2024,22266182.0,22.266182,Mid-Tier Rotation Contract,High-Cost Low-Return,17.439900563105073,129756.30536130535,17201932.94190358
2023-24,2024,jaden mcdaniels,Jaden McDaniels,MIN,F,16,,537.6,195.2,60.8,17.6,14.4,17.6,17.6,0.6244881244881244,372.9599999999999,1.2431999999999996,P00389,P00389-2024,P00389,P00389-2024,3901399.0,3.901399,Minimum / Two-Way / Replacement,Efficient Role Player,95.59647705861408,19986.675204918032,3138190.9588159597
2023-24,2024,aaron nesmith,Aaron Nesmith,IND,G,17,,559.3,178.5,83.30000000000001,37.400000000000006,10.2,8.5,23.799999999999997,0.566465256797583,366.86000000000007,1.222866666666667,P00008,P00008-2024,P00008,P00008-2024,5634257.0,5.634257,Low-Cost Rotation Contract,Market Neutral,65.11240080102844,31564.464985994397,4607417.270893527
2023-24,2024,darius garland,Darius Garland,CLE,G,12,,432.0,188.39999999999998,43.2,69.6,13.200000000000001,2.4000000000000004,27.599999999999998,0.5201431221839384,363.84,1.2127999999999999,P00209,P00209-2024,P00209,P00209-2024,34005250.0,34.00525,High-Salary Starter,High-Cost Low-Return,10.699524338153667,180494.95753715502,28038629.61741425
2023-24,2024,chet holmgren,Chet Holmgren,OKC,C,10,,345.0,156.0,72.0,21.0,7.0,25.0,19.0,0.5841821449970042,350.9,1.1696666666666666,P00144,P00144-2024,P00144,P00144-2024,10386000.0,10.386,Low-Cost Rotation Contract,Bargain Star,33.785865588291934,66576.92307692308,8879452.835565688
2023-24,2024,michael porter jr,Michael Porter Jr.,DEN,F,12,,442.79999999999995,189.60000000000002,81.6,13.200000000000001,10.8,9.600000000000001,18.0,0.5999392466585663,350.52000000000004,1.1684,P00691,P00691-2024,P00691,P00691-2024,33386850.0,33.38685,High-Salary Starter,Expensive but Worth It,10.498744266080807,176090.98101265822,28574845.943170145
2023-24,2024,joel embiid,Joel Embiid,PHI,C,6,,247.79999999999998,198.0,64.80000000000001,34.2,7.199999999999999,9.0,25.200000000000003,0.590974212034384,350.46000000000004,1.1682000000000001,P00481,P00481-2024,P00481,P00481-2024,46900000.0,46.9,Max / Supermax-Level,High-Cost Low-Return,7.4724946695095955,236868.68686868687,40147235.06248929
2023-24,2024,obi toppin,Obi Toppin,IND,F,17,,343.4,185.3,74.80000000000001,28.9,6.800000000000001,6.800000000000001,13.600000000000001,0.6366822429906542,345.6099999999999,1.152033333333333,P00749,P00749-2024,P00749,P00749-2024,6803012.0,6.803012,Low-Cost Rotation Contract,Market Neutral,50.80249748199767,36713.50242849433,5905221.49243367
2023-24,2024,isaiah hartenstein,Isaiah Hartenstein,NYK,C,13,,387.40000000000003,110.5,101.39999999999999,45.5,3.9,11.700000000000001,19.5,0.6490531459987783,327.72999999999996,1.0924333333333331,P00358,P00358-2024,P00358,P00358-2024,9245121.0,9.245121,Low-Cost Rotation Contract,Market Neutral,35.44896816385637,83666.25339366516,8462869.740335034
2023-24,2024,naz reid,Naz Reid,MIN,C,16,,361.6,177.6,59.2,16.0,8.0,12.8,14.4,0.570049301561216,320.64,1.0688,P00725,P00725-2024,P00725,P00725-2024,12950400.0,12.9504,Mid-Tier Rotation Contract,Market Neutral,24.75908080059303,72918.91891891892,12116766.467065869
2023-24,2024,paolo banchero,Paolo Banchero,ORL,F,7,,261.8,189.0,60.199999999999996,28.0,7.700000000000001,4.2,32.199999999999996,0.5537325676784249,306.74000000000007,1.0224666666666669,P00767,P00767-2024,P00767,P00767-2024,11608080.0,11.60808,Mid-Tier Rotation Contract,Market Neutral,26.424697279825782,61418.4126984127,11353015.583230095
2023-24,2024,tyrese maxey,Tyrese Maxey,PHI,G,6,,267.0,178.8,31.200000000000003,40.8,4.800000000000001,1.7999999999999998,13.200000000000001,0.5943832774852401,284.03999999999996,0.9467999999999999,P00946,P00946-2024,P00946,P00946-2024,4343920.0,4.34392,Low-Cost Rotation Contract,Bargain Star,65.38794452936517,24294.854586129753,4588001.689902831
2023-24,2024,anthony davis,Anthony Davis,LAL,F,5,,208.0,139.0,78.0,20.0,2.0,8.0,11.0,0.6654538490999617,281.6,0.9386666666666668,P00049,P00049-2024,P00049,P00049-2024,40600080.0,40.60008,High-Salary Starter,Expensive but Worth It,6.935946924242515,292086.90647482016,43252926.13636363
2023-24,2024,lebron james,LeBron James,LAL,F,5,,204.0,139.0,34.0,44.0,12.0,5.0,19.0,0.6369134897360703,277.8,0.926,P00618,P00618-2024,P00618,P00618-2024,47607350.0,47.60735,Max / Supermax-Level,Expensive but Worth It,5.835233425090874,342498.92086330935,51411825.05399568
2023-24,2024,franz wagner,Franz Wagner,ORL,F,7,,259.0,132.29999999999998,48.300000000000004,30.800000000000004,4.8999999999999995,9.1,9.1,0.5408653846153846,269.35999999999996,0.8978666666666665,P00304,P00304-2024,P00304,P00304-2024,5508720.0,5.50872,Low-Cost Rotation Contract,Bargain Star,48.897021449628944,41638.095238095244,6135343.035343037
2023-24,2024,josh green,Josh Green,DAL,G,22,,398.20000000000005,110.0,55.0,22.0,17.6,2.2,6.6,0.5819366852886406,261.8,0.8726666666666667,P00511,P00511-2024,P00511,P00511-2024,4765339.0,4.765339,Low-Cost Rotation Contract,Market Neutral,54.938378990455874,43321.263636363634,5460663.483575248
2023-24,2024,og anunoby,OG Anunoby,NYK,F,9,,324.0,135.9,54.0,9.9,8.1,9.0,9.9,0.5845462991638278,256.95,0.8564999999999999,P00748,P00748-2024,P00748,P00748-2024,18642857.0,18.642857,Mid-Tier Rotation Contract,High-Cost Low-Return,13.782758726304664,137180.69904341426,21766324.57676591
2023-24,2024,max strus,Max Strus,CLE,G,12,,433.20000000000005,114.0,63.599999999999994,34.8,9.600000000000001,0.0,15.600000000000001,0.5412488605287148,255.72,0.8524,P00680,P00680-2024,P00680,P00680-2024,14487684.0,14.487684,Mid-Tier Rotation Contract,Market Neutral,17.650854339451357,127084.94736842105,16996344.43923041
2023-24,2024,khris middleton,Khris Middleton,MIL,F,6,,229.79999999999998,148.2,55.199999999999996,28.200000000000003,3.0,1.2000000000000002,13.799999999999999,0.5825471698113207,255.54000000000002,0.8518000000000001,P00585,P00585-2024,P00585,P00585-2024,29320988.0,29.320988,High-Salary Starter,High-Cost Low-Return,8.715258844620108,197847.42240215925,34422385.536510915
2023-24,2024,james harden,James Harden,LAC,G,6,,241.79999999999998,127.19999999999999,27.0,48.0,6.0,6.0,13.799999999999999,0.6187251926219938,253.8,0.8460000000000001,P00420,P00420-2024,P00420,P00420-2024,35640000.0,35.64,High-Salary Starter,Expensive but Worth It,7.121212121212121,280188.67924528307,42127659.57446808
2023-24,2024,kentavious caldwell pope,Kentavious Caldwell-Pope,DEN,G,12,,420.0,97.19999999999999,34.8,31.200000000000003,16.799999999999997,4.800000000000001,9.600000000000001,0.5331753554502369,240.95999999999998,0.8031999999999999,P00566,P00566-2024,P00566,P00566-2024,14704938.0,14.704938,Mid-Tier Rotation Contract,Market Neutral,16.38633226471271,151285.3703703704,18307940.737051796
2023-24,2024,nickeil alexander walker,Nickeil Alexander-Walker,MIN,G,16,,377.6,116.8,28.8,36.8,9.6,6.4,14.4,0.5024779735682819,240.16,0.8005333333333333,P00732,P00732-2024,P00732,P00732-2024,4687500.0,4.6875,Low-Cost Rotation Contract,Market Neutral,51.23413333333333,40132.70547945206,5855471.352431713
2023-24,2024,miles mcbride,Miles McBride,NYK,G,13,,347.09999999999997,143.0,28.6,24.7,6.5,2.6,10.4,0.5557801131770412,231.27,0.7709,P00697,P00697-2024,P00697,P00697-2024,1836096.0,1.836096,Minimum / Two-Way / Replacement,Efficient Role Player,125.95746627627315,12839.832167832168,2381756.3886366584
2023-24,2024,luguentz dort,Luguentz Dort,OKC,G,10,,350.0,107.0,46.0,20.0,13.0,2.0,11.0,0.5384460547504025,226.2,0.754,P00632,P00632-2024,P00632,P00632-2024,15277778.0,15.277778,Mid-Tier Rotation Contract,Market Neutral,14.805817966460829,142782.9719626168,20262305.0397878
2023-24,2024,paul george,Paul George,LAC,F,6,,222.0,117.0,40.8,28.799999999999997,7.199999999999999,3.0,13.799999999999999,0.552470534904805,225.95999999999995,0.7531999999999999,P00776,P00776-2024,P00776,P00776-2024,45640084.0,45.640084,Max / Supermax-Level,Expensive but Worth It,4.950911133292392,390086.18803418806,60594907.06319704
2023-24,2024,caris levert,Caris LeVert,CLE,G,11,,278.3,111.1,39.6,25.299999999999997,8.8,5.5,14.3,0.4876400154499806,225.17,0.7505666666666666,P00126,P00126-2024,P00126,P00126-2024,15384616.0,15.384616,Mid-Tier Rotation Contract,Market Neutral,14.636049414558023,138475.39153915393,20497334.458409205
2023-24,2024,payton pritchard,Payton Pritchard,BOS,G,19,,355.3,121.60000000000001,36.1,39.9,3.8000000000000003,0.0,13.299999999999999,0.5551700208188758,222.87,0.7429,P00780,P00780-2024,P00780,P00780-2024,4037278.0,4.037278,Minimum / Two-Way / Replacement,Efficient Role Player,55.20303531240604,33201.29934210526,5434483.779781936
2023-24,2024,kyle anderson,Kyle Anderson,MIN,F,15,,231.0,64.5,40.5,37.5,10.5,4.5,10.5,0.5178227360308285,203.85,0.6795,P00599,P00599-2024,P00599,P00599-2024,9219512.0,9.219512,Low-Cost Rotation Contract,Market Neutral,22.11071475366592,142938.17054263566,13568082.413539367
2023-24,2024,bam adebayo,Bam Adebayo,MIA,C,5,,193.0,113.0,47.0,19.0,2.0,0.0,8.0,0.5318147590361446,195.9,0.653,P00066,P00066-2024,P00066,P00066-2024,32600060.0,32.60006,High-Salary Starter,Expensive but Worth It,6.009191394126269,288496.1061946903,49923522.20520674
2023-24,2024,jalen suggs,Jalen Suggs,ORL,G,7,,231.70000000000002,102.89999999999999,35.699999999999996,23.099999999999998,9.1,2.8000000000000003,20.3,0.540759270158917,195.79,0.6526333333333333,P00411,P00411-2024,P00411,P00411-2024,7252080.0,7.25208,Low-Cost Rotation Contract,Market Neutral,26.997771673781866,70476.96793002916,11112028.1934726
2023-24,2024,ben sheppard,Ben Sheppard,IND,G,17,,334.9,88.4,51.0,17.0,8.5,1.7000000000000002,10.2,0.5882352941176471,195.5,0.6516666666666666,P00070,P00070-2024,P00070,P00070-2024,2537160.0,2.53716,Minimum / Two-Way / Replacement,Market Neutral,77.05465954058869,28700.904977375565,3893340.1534526856
2023-24,2024,sam hauser,Sam Hauser,BOS,F,19,,283.1,102.60000000000001,41.800000000000004,11.4,5.7,3.8000000000000003,3.8000000000000003,0.6016042780748663,194.56,0.6485333333333333,P00836,P00836-2024,P00836,P00836-2024,1927896.0,1.927896,Minimum / Two-Way / Replacement,Efficient Role Player,100.91830679663218,18790.409356725144,2972701.480263158
2023-24,2024,bobby portis,Bobby Portis,MIL,F,6,,187.2,99.0,67.80000000000001,6.0,3.0,1.2000000000000002,9.0,0.510267194458189,192.96,0.6432,P00080,P00080-2024,P00080,P00080-2024,11710818.0,11.710818,Mid-Tier Rotation Contract,Market Neutral,16.4770727373613,118291.09090909091,18207117.53731343
2023-24,2024,ivica zubac,Ivica Zubac,LAC,C,6,,192.0,97.19999999999999,55.800000000000004,6.0,4.800000000000001,3.0,7.800000000000001,0.6158759124087592,188.76,0.6292,P00371,P00371-2024,P00371,P00371-2024,10933333.0,10.933333,Mid-Tier Rotation Contract,Market Neutral,17.264634672702275,112482.84979423869,17376562.30133503
2023-24,2024,kristaps porzingis,Kristaps Porzingis,BOS,C,7,,165.20000000000002,86.10000000000001,30.800000000000004,7.700000000000001,4.8999999999999995,11.200000000000001,4.8999999999999995,0.6172219991971097,178.01,0.5933666666666666,P00598,P00598-2024,P00598,P00598-2024,36016200.0,36.0162,High-Salary Starter,High-Cost Low-Return,4.9424980980780875,418306.6202090592,60698050.67131061
2023-24,2024,devin booker,Devin Booker,PHO,G,4,,166.0,110.0,13.2,24.0,7.2,1.2,11.2,0.660042242703533,175.84,0.5861333333333334,P00245,P00245-2024,P00245,P00245-2024,36016200.0,36.0162,High-Salary Starter,Expensive but Worth It,4.8822474330995504,327420.0,61447111.010009095
2023-24,2024,damian lillard,Damian Lillard,MIL,G,4,,156.0,125.2,13.2,20.0,4.0,0.0,9.2,0.639297385620915,173.84,0.5794666666666667,P00192,P00192-2024,P00192,P00192-2024,45640084.0,45.640084,Max / Supermax-Level,Expensive but Worth It,3.808932516425693,364537.41214057506,78762225.03451449
2023-24,2024,kevin durant,Kevin Durant,PHO,F,4,,168.0,107.2,26.0,13.2,2.0,6.0,10.0,0.6523855890944499,172.2,0.574,P00572,P00572-2024,P00572,P00572-2024,47649433.0,47.649433,Max / Supermax-Level,Expensive but Worth It,3.6138939995361534,444490.97947761195,83012949.47735192
2023-24,2024,isaiah jackson,Isaiah Jackson,IND,F,15,,154.5,57.0,48.0,7.5,3.0,13.5,4.5,0.5542590431738623,170.85,0.5695,P00359,P00359-2024,P00359,P00359-2024,2696280.0,2.69628,Minimum / Two-Way / Replacement,Efficient Role Player,63.36508077796075,47303.15789473684,4734468.832309043
2023-24,2024,kelly oubre jr,Kelly Oubre Jr.,PHI,G,6,,223.79999999999998,79.19999999999999,24.0,10.2,10.8,7.199999999999999,7.800000000000001,0.5743125652627915,169.49999999999997,0.565,P00558,P00558-2024,P00558,P00558-2024,2019706.0,2.019706,Minimum / Two-Way / Replacement,Efficient Role Player,83.92310564012782,25501.33838383839,3574700.8849557526
2023-24,2024,brook lopez,Brook Lopez,MIL,C,6,,199.79999999999998,106.19999999999999,25.799999999999997,10.8,0.0,7.800000000000001,9.0,0.6507352941176471,167.75999999999996,0.5591999999999999,P00101,P00101-2024,P00101,P00101-2024,25000000.0,25.0,High-Salary Starter,High-Cost Low-Return,6.710399999999998,235404.8964218456,44706723.89127325
2023-24,2024,josh giddey,Josh Giddey,OKC,G,10,,181.0,87.0,36.0,21.0,2.0,4.0,12.0,0.5539989811512991,167.7,0.5589999999999999,P00510,P00510-2024,P00510,P00510-2024,6587040.0,6.58704,Low-Cost Rotation Contract,Efficient Role Player,25.45908329082562,75713.10344827586,11783613.59570662
2023-24,2024,jarrett allen,Jarrett Allen,CLE,C,4,,127.2,68.0,55.2,5.2,5.2,4.0,5.2,0.6990131578947368,164.44000000000003,0.5481333333333335,P00434,P00434-2024,P00434,P00434-2024,20000000.0,20.0,Mid-Tier Rotation Contract,Expensive but Worth It,8.222000000000001,294117.64705882355,36487472.63439552
2023-24,2024,austin reaves,Austin Reaves,LAL,G,5,,174.0,84.0,19.0,18.0,7.0,3.0,4.0,0.5885650224215246,159.8,0.5326666666666667,P00061,P00061-2024,P00061,P00061-2024,12015150.0,12.01515,Mid-Tier Rotation Contract,Market Neutral,13.299875573754802,143037.5,22556602.002503127
2023-24,2024,patrick beverley,Patrick Beverley,MIL,PG,6,,210.0,49.199999999999996,19.799999999999997,33.0,6.0,4.199999999999999,6.0,0.5394736842105262,147.05999999999997,0.4901999999999999,P00773,P00773-2024,P00773,P00773-2024,2019706.0,2.019706,Minimum / Two-Way / Replacement,Efficient Role Player,72.81257767219584,41050.93495934959,4120167.278661771
2023-24,2024,isaac okoro,Isaac Okoro,CLE,F,12,,262.79999999999995,66.0,21.6,13.200000000000001,10.8,3.5999999999999996,10.8,0.44700910273081923,144.12,0.4804,P00355,P00355-2024,P00355,P00355-2024,8920795.0,8.920795,Low-Cost Rotation Contract,Market Neutral,16.15551080368958,135163.5606060606,18569514.98751041
2023-24,2024,precious achiuwa,Precious Achiuwa,NYK,PF,9,,183.6,46.800000000000004,37.800000000000004,5.3999999999999995,3.6,11.700000000000001,3.6,0.48005908419497795,142.56,0.4752,P00787,P00787-2024,P00787,P00787-2024,4379527.0,4.379527,Low-Cost Rotation Contract,Efficient Role Player,32.55146046593616,93579.63675213675,9216176.346801346
2023-24,2024,wendell carter jr,Wendell Carter Jr.,ORL,C,7,,184.79999999999998,53.199999999999996,44.1,9.1,4.8999999999999995,4.2,4.8999999999999995,0.5132360886007563,142.17,0.47389999999999993,P00968,P00968-2024,P00968,P00968-2024,13050000.0,13.05,Mid-Tier Rotation Contract,Market Neutral,10.894252873563216,245300.75187969927,27537455.159316316
2023-24,2024,cj mccollum,CJ McCollum,NOP,G,4,,148.0,71.2,19.2,19.2,7.2,3.2,16.0,0.47542735042735046,138.24,0.46080000000000004,P00112,P00112-2024,P00112,P00112-2024,35802469.0,35.802469,High-Salary Starter,High-Cost Low-Return,3.8611862215424306,502843.66573033703,77696330.29513888
2023-24,2024,tyler herro,Tyler Herro,MIA,G,5,,185.0,84.0,18.0,27.0,2.0,0.0,14.0,0.5097087378640777,138.1,0.4603333333333333,P00939,P00939-2024,P00939,P00939-2024,27000000.0,27.0,High-Salary Starter,High-Cost Low-Return,5.114814814814815,321428.5714285714,58653149.89138306
2023-24,2024,christian braun,Christian Braun,DEN,G,12,,204.0,61.199999999999996,32.400000000000006,9.600000000000001,2.4000000000000004,4.800000000000001,1.2000000000000002,0.5027602523659306,134.88000000000002,0.44960000000000006,P00155,P00155-2024,P00155,P00155-2024,2949120.0,2.94912,Minimum / Two-Way / Replacement,Efficient Role Player,45.735677083333336,48188.23529411765,6559430.604982206
2023-24,2024,aaron wiggins,Aaron Wiggins,OKC,G,10,,157.0,62.0,32.0,10.0,6.0,3.0,9.0,0.5979938271604938,133.4,0.4446666666666667,P00009,P00009-2024,P00009,P00009-2024,1836096.0,1.836096,Minimum / Two-Way / Replacement,Efficient Role Player,72.65415315974764,29614.451612903227,4129151.4242878556
2023-24,2024,kyle lowry,Kyle Lowry,PHI,G,6,,175.2,42.0,21.0,24.0,6.0,4.199999999999999,4.199999999999999,0.546875,129.60000000000002,0.43200000000000005,P00603,P00603-2024,P00603,P00603-2024,2795839.0,2.795839,Minimum / Two-Way / Replacement,Efficient Role Player,46.35460053314945,66567.59523809524,6471849.537037036
2023-24,2024,tobias harris,Tobias Harris,PHI,F,6,,217.79999999999998,54.0,43.2,9.0,1.2000000000000002,3.0,3.0,0.510899182561308,128.94,0.4298,P00900,P00900-2024,P00900,P00900-2024,39270150.0,39.27015,High-Salary Starter,High-Cost Low-Return,3.2834099182203276,727225.0,91368427.17543043
2023-24,2024,alec burks,Alec Burks,NYK,SG,6,,121.19999999999999,88.80000000000001,19.799999999999997,6.0,1.2000000000000002,1.2000000000000002,0.0,0.6960120391271634,128.76,0.42919999999999997,P00021,P00021-2024,P00021,P00021-2024,10489600.0,10.4896,Low-Cost Rotation Contract,Market Neutral,12.275015253203172,118126.12612612611,24439888.164026096
2023-24,2024,jaden hardy,Jaden Hardy,DAL,G,19,,129.2,79.8,15.200000000000001,17.1,3.8000000000000003,0.0,7.6000000000000005,0.5313765182186234,127.49000000000001,0.4249666666666667,P00387,P00387-2024,P00387,P00387-2024,1719864.0,1.719864,Minimum / Two-Way / Replacement,Efficient Role Player,74.12795430336352,21552.18045112782,4047056.2397050746
2023-24,2024,jonathan isaac,Jonathan Isaac,ORL,F,7,,147.0,44.1,34.300000000000004,2.8000000000000003,4.8999999999999995,9.1,4.2,0.5495464061409631,127.26,0.4242,P00493,P00493-2024,P00493,P00493-2024,17400000.0,17.4,Mid-Tier Rotation Contract,High-Cost Low-Return,7.313793103448277,394557.8231292517,41018387.55304102
2023-24,2024,d angelo russell,D'Angelo Russell,LAL,G,5,,185.0,71.0,14.0,21.0,4.0,1.0,9.0,0.4805089334055225,125.30000000000001,0.4176666666666667,P00178,P00178-2024,P00178,P00178-2024,17307693.0,17.307693,Mid-Tier Rotation Contract,Expensive but Worth It,7.239555265973346,243770.32394366196,41439009.57701516
2023-24,2024,jaylin williams,Jaylin Williams,OKC,F,10,,127.0,44.0,32.0,15.0,4.0,3.0,3.0,0.6329113924050633,122.9,0.4096666666666667,P00455,P00455-2024,P00455,P00455-2024,2000000.0,2.0,Minimum / Two-Way / Replacement,Efficient Role Player,61.45,45454.545454545456,4882017.900732302
2023-24,2024,nikola jovic,Nikola Jovic,MIA,F,5,,128.0,47.0,33.0,11.0,5.0,3.0,6.0,0.6013306038894576,121.1,0.4036666666666667,P00737,P00737-2024,P00737,P00737-2024,2352000.0,2.352,Minimum / Two-Way / Replacement,Efficient Role Player,51.48809523809524,50042.55319148936,5826589.595375722
2023-24,2024,tim hardaway jr,Tim Hardaway Jr.,DAL,G,14,,177.79999999999998,61.60000000000001,25.2,5.6000000000000005,5.6000000000000005,1.4000000000000001,1.4000000000000001,0.5041246562786436,119.84,0.3994666666666667,P00897,P00897-2024,P00897,P00897-2024,17897728.0,17.897728,Mid-Tier Rotation Contract,High-Cost Low-Return,6.695821950138028,290547.53246753244,44804058.74499332
2023-24,2024,jusuf nurkic,Jusuf Nurkic,PHO,C,4,,104.0,31.2,33.2,11.2,6.0,6.0,6.0,0.5043973098810139,117.84,0.39280000000000004,P00536,P00536-2024,P00536,P00536-2024,16875000.0,16.875,Mid-Tier Rotation Contract,Expensive but Worth It,6.9831111111111115,540865.3846153846,42960794.29735234
2023-24,2024,brandon ingram,Brandon Ingram,NOP,F,4,,145.2,57.2,18.0,13.2,4.0,5.2,9.2,0.4493464052287582,116.99999999999999,0.38999999999999996,P00093,P00093-2024,P00093,P00093-2024,33833400.0,33.8334,High-Salary Starter,High-Cost Low-Return,3.458121264785685,591493.0069930069,86752307.6923077
2023-24,2024,trey murphy iii,Trey Murphy III,NOP,F,4,,168.0,46.0,26.0,9.2,5.2,6.0,8.0,0.4791666666666667,116.6,0.38866666666666666,P00927,P00927-2024,P00927,P00927-2024,3359280.0,3.35928,Minimum / Two-Way / Replacement,Efficient Role Player,34.709818770688955,73027.82608695653,8643087.478559177
2023-24,2024,isaiah joe,Isaiah Joe,OKC,G,10,,173.0,64.0,22.0,10.0,5.0,0.0,5.0,0.5925925925925926,115.4,0.3846666666666667,P00360,P00360-2024,P00360,P00360-2024,1997238.0,1.997238,Minimum / Two-Way / Replacement,Efficient Role Player,57.77979389536951,31206.84375,5192126.516464471
2023-24,2024,jonas valanciunas,Jonas Valanciunas,NOP,C,4,,89.2,58.0,44.0,5.2,2.0,0.0,10.0,0.5850548741123306,114.6,0.382,P00492,P00492-2024,P00492,P00492-2024,15435000.0,15.435,Mid-Tier Rotation Contract,Market Neutral,7.424684159378036,266120.6896551724,40405759.162303664
2023-24,2024,luke kornet,Luke Kornet,BOS,C,13,,132.6,39.0,41.6,6.5,1.3,5.2,6.5,0.7352941176470589,111.67000000000002,0.37223333333333336,P00637,P00637-2024,P00637,P00637-2024,2413304.0,2.413304,Minimum / Two-Way / Replacement,Efficient Role Player,46.27266187765819,61879.58974358974,6483309.751947703
2023-24,2024,maxi kleber,Maxi Kleber,DAL,F,13,,218.4,48.1,24.7,13.0,2.6,3.9,5.2,0.5745341614906833,111.53999999999999,0.37179999999999996,P00681,P00681-2024,P00681,P00681-2024,11000000.0,11.0,Mid-Tier Rotation Contract,Market Neutral,10.139999999999999,228690.2286902287,29585798.81656805
2023-24,2024,mitchell robinson,Mitchell Robinson,NYK,C,6,,115.19999999999999,16.799999999999997,40.8,3.0,6.0,7.199999999999999,3.0,0.48746518105849573,106.85999999999999,0.35619999999999996,P00699,P00699-2024,P00699,P00699-2024,15681818.0,15.681818,Mid-Tier Rotation Contract,High-Cost Low-Return,6.814260948571141,933441.5476190478,44025317.23750702
2023-24,2024,bradley beal,Bradley Beal,PHO,G,4,,154.0,66.0,11.2,18.0,3.2,1.2,13.2,0.5366900858704138,106.43999999999998,0.35479999999999995,P00087,P00087-2024,P00087,P00087-2024,46741590.0,46.74159,Max / Supermax-Level,High-Cost Low-Return,2.277201096496717,708205.9090909091,131740670.80045098
2023-24,2024,nicolas batum,Nicolas Batum,PHI,F,6,,169.8,37.8,34.8,7.800000000000001,1.2000000000000002,4.800000000000001,4.800000000000001,0.586373790022338,104.46000000000001,0.3482,P00733,P00733-2024,P00733,P00733-2024,11710818.0,11.710818,Mid-Tier Rotation Contract,Market Neutral,8.919957598179735,309810.0,33632446.86961516
2023-24,2024,moritz wagner,Moritz Wagner,ORL,F,7,,105.0,44.1,30.800000000000004,2.1,6.3,2.8000000000000003,7.700000000000001,0.5116959064327485,103.81000000000002,0.3460333333333334,P00705,P00705-2024,P00705,P00705-2024,8000000.0,8.0,Low-Cost Rotation Contract,Market Neutral,12.976250000000002,181405.89569160997,23119160.003853187
2023-24,2024,russell westbrook,Russell Westbrook,LAC,G,6,,114.0,37.8,25.200000000000003,10.2,7.199999999999999,3.0,10.2,0.3398791540785498,103.73999999999998,0.34579999999999994,P00828,P00828-2024,P00828,P00828-2024,3835738.0,3.835738,Minimum / Two-Way / Replacement,Efficient Role Player,27.04564284630493,101474.55026455027,11092359.745517641
2023-24,2024,terance mann,Terance Mann,LAC,G,6,,187.2,55.800000000000004,30.0,10.8,0.0,0.0,4.800000000000001,0.562137330754352,103.20000000000002,0.3440000000000001,P00883,P00883-2024,P00883,P00883-2024,10576923.0,10.576923,Low-Cost Rotation Contract,Market Neutral,9.757090980051572,189550.59139784944,30746869.186046503
2023-24,2024,cason wallace,Cason Wallace,OKC,G,10,,198.0,42.0,13.0,10.0,9.0,2.0,4.0,0.501432664756447,101.6,0.33866666666666667,P00131,P00131-2024,P00131,P00131-2024,5291000.0,5.291,Low-Cost Rotation Contract,Market Neutral,19.2024192024192,125976.19047619047,15623031.496062992
2023-24,2024,norman powell,Norman Powell,LAC,G,6,,178.8,76.80000000000001,16.799999999999997,1.7999999999999998,3.0,0.0,7.199999999999999,0.5663716814159293,101.46000000000001,0.3382,P00746,P00746-2024,P00746,P00746-2024,18000000.0,18.0,Mid-Tier Rotation Contract,High-Cost Low-Return,5.636666666666667,234374.99999999997,53222945.00295683
2023-24,2024,herbert jones,Herbert Jones,NOP,F,4,,141.2,52.0,20.0,10.0,5.2,1.2,11.2,0.559380378657487,98.99999999999999,0.32999999999999996,P00345,P00345-2024,P00345,P00345-2024,12015150.0,12.01515,Mid-Tier Rotation Contract,Market Neutral,8.239597508145964,231060.57692307694,36409545.45454546
2023-24,2024,marcus morris sr,Marcus Morris Sr.,CLE,F,9,,137.70000000000002,54.9,25.2,2.6999999999999997,3.6,0.0,2.6999999999999997,0.5614874815905744,97.28999999999999,0.3243,P00656,P00656-2024,P00656,P00656-2024,17116279.0,17.116279,Mid-Tier Rotation Contract,High-Cost Low-Return,5.684062523168733,311771.9307832423,52779152.019734815
2023-24,2024,caleb martin,Caleb Martin,MIA,F,5,,176.0,58.0,18.0,7.0,3.0,0.0,3.0,0.6144067796610169,96.1,0.3203333333333333,P00116,P00116-2024,P00116,P00116-2024,6802950.0,6.80295,Low-Cost Rotation Contract,Market Neutral,14.126224652540442,117292.24137931035,21237096.77419355
2023-24,2024,jaime jaquez jr,Jaime Jaquez Jr.,MIA,F,4,,122.0,51.2,13.2,12.0,3.2,2.0,7.2,0.4640371229698376,93.44000000000001,0.3114666666666667,P00397,P00397-2024,P00397,P00397-2024,3510600.0,3.5106,Minimum / Two-Way / Replacement,Efficient Role Player,26.61653278641828,68566.40625,11271190.068493148
2023-24,2024,pat connaughton,Pat Connaughton,MIL,G,6,,124.19999999999999,27.0,22.799999999999997,13.200000000000001,6.0,1.2000000000000002,3.0,0.5193905817174514,92.75999999999999,0.3092,P00770,P00770-2024,P00770,P00770-2024,9423869.0,9.423869,Low-Cost Rotation Contract,Market Neutral,9.843090985241835,349032.18518518517,30478230.918499354
2023-24,2024,malik beasley,Malik Beasley,MIL,SG,6,,130.8,52.800000000000004,15.0,4.199999999999999,4.199999999999999,0.0,3.0,0.6470588235294119,86.7,0.28900000000000003,P00646,P00646-2024,P00646,P00646-2024,2019760.0,2.01976,Minimum / Two-Way / Replacement,Efficient Role Player,42.925892185210124,38253.0303030303,6988788.9273356395
2023-24,2024,dante exum,Dante Exum,DAL,G,21,,144.9,42.0,16.8,12.6,2.1,0.0,4.2,0.44802867383512546,83.16,0.2772,P00203,P00203-2024,P00203,P00203-2024,3000000.0,3.0,Minimum / Two-Way / Replacement,Market Neutral,27.72,71428.57142857143,10822510.822510822
2023-24,2024,reggie jackson,Reggie Jackson,DEN,PG,12,,117.60000000000001,42.0,15.600000000000001,12.0,2.4000000000000004,1.2000000000000002,8.399999999999999,0.42808219178082196,81.12,0.27040000000000003,P00806,P00806-2024,P00806,P00806-2024,5000000.0,5.0,Low-Cost Rotation Contract,Market Neutral,16.224,119047.61904761905,18491124.26035503
2023-24,2024,justin holiday,Justin Holiday,DEN,F,12,,150.0,34.8,20.4,3.5999999999999996,6.0,0.0,3.5999999999999996,0.4782321899736147,79.08,0.2636,P00531,P00531-2024,P00531,P00531-2024,2019706.0,2.019706,Minimum / Two-Way / Replacement,Market Neutral,39.15421353404902,58037.528735632186,7662010.62215478
2023-24,2024,cole anthony,Cole Anthony,ORL,G,7,,102.89999999999999,35.699999999999996,14.700000000000001,9.1,4.2,0.7000000000000001,4.8999999999999995,0.3940049443757725,76.78999999999999,0.2559666666666666,P00165,P00165-2024,P00165,P00165-2024,5539771.0,5.539771,Low-Cost Rotation Contract,Market Neutral,13.861583809150233,155175.65826330535,21642548.508920435
2023-24,2024,gary harris,Gary Harris,ORL,G,6,,159.0,25.200000000000003,12.0,4.199999999999999,7.199999999999999,3.0,1.7999999999999998,0.4346026490066225,74.7,0.249,P00316,P00316-2024,P00316,P00316-2024,13000000.0,13.0,Mid-Tier Rotation Contract,Market Neutral,5.746153846153846,515873.0158730158,52208835.341365464
2023-24,2024,larry nance jr,Larry Nance Jr.,NOP,F,4,,84.0,25.2,33.2,7.2,2.0,0.0,7.2,0.6350806451612903,74.64,0.2488,P00615,P00615-2024,P00615,P00615-2024,10375000.0,10.375,Low-Cost Rotation Contract,Market Neutral,7.19421686746988,411706.34920634923,41700160.77170418
2023-24,2024,markelle fultz,Markelle Fultz,ORL,G,7,,105.7,44.800000000000004,14.0,7.700000000000001,2.8000000000000003,0.0,7.700000000000001,0.584795321637427,73.85000000000001,0.2461666666666667,P00661,P00661-2024,P00661,P00661-2024,17000000.0,17.0,Mid-Tier Rotation Contract,High-Cost Low-Return,4.344117647058824,379464.2857142857,69058903.18212593
2023-24,2024,delon wright,Delon Wright,MIA,G,4,,107.2,32.0,12.0,7.2,4.0,1.2,0.0,0.7662835249042146,72.8,0.24266666666666667,P00231,P00231-2024,P00231,P00231-2024,661628.0,0.661628,Minimum / Two-Way / Replacement,Efficient Role Player,110.03161897622229,20675.875,2726489.010989011
2023-24,2024,tristan thompson,Tristan Thompson,CLE,C,10,,87.0,15.0,20.0,10.0,1.0,5.0,2.0,0.4443127962085308,70.0,0.23333333333333334,P00929,P00929-2024,P00929,P00929-2024,2019796.0,2.019796,Minimum / Two-Way / Replacement,Market Neutral,34.65696535689743,134653.06666666668,8656268.57142857
2023-24,2024,naji marshall,Naji Marshall,NOP,F,4,,84.0,36.0,11.2,5.2,2.0,2.0,2.0,0.5874673629242819,67.24,0.22413333333333332,P00719,P00719-2024,P00719,P00719-2024,1930681.0,1.930681,Minimum / Two-Way / Replacement,Efficient Role Player,34.827089508831335,53630.02777777778,8613984.235574063
2023-24,2024,eric gordon,Eric Gordon,PHO,G,4,,118.0,32.0,7.2,5.2,5.2,2.0,4.0,0.5076142131979695,66.03999999999999,0.22013333333333332,P00293,P00293-2024,P00293,P00293-2024,3196448.0,3.196448,Minimum / Two-Way / Replacement,Efficient Role Player,20.660433080719596,99889.0,14520508.782556027
2023-24,2024,rui hachimura,Rui Hachimura,LAL,F,5,,152.0,39.0,19.0,4.0,0.0,0.0,2.0,0.4696531791907514,65.8,0.21933333333333332,P00827,P00827-2024,P00827,P00827-2024,15740741.0,15.740741,Mid-Tier Rotation Contract,High-Cost Low-Return,4.180235225266713,403608.74358974356,71766296.35258359
2023-24,2024,taurean prince,Taurean Prince,LAL,F,5,,111.0,37.0,12.0,3.0,1.0,2.0,1.0,0.568880688806888,63.900000000000006,0.21300000000000002,P00880,P00880-2024,P00880,P00880-2024,7455000.0,7.455,Low-Cost Rotation Contract,Market Neutral,8.571428571428573,201486.48648648648,35000000.0
2023-24,2024,mason plumlee,Mason Plumlee,LAC,C,6,,66.0,19.200000000000003,19.799999999999997,4.199999999999999,3.0,1.7999999999999998,1.7999999999999998,0.4479283314669653,61.85999999999999,0.20619999999999997,P00670,P00670-2024,P00670,P00670-2024,5000000.0,5.0,Low-Cost Rotation Contract,Market Neutral,12.371999999999998,260416.66666666663,24248302.618816685
2023-24,2024,sam merrill,Sam Merrill,CLE,G,10,,125.0,33.0,12.0,9.0,0.0,0.0,0.0,0.5441952506596306,60.9,0.20299999999999999,P00837,P00837-2024,P00837,P00837-2024,1997238.0,1.997238,Minimum / Two-Way / Replacement,Efficient Role Player,30.49210960336224,60522.36363636364,9838610.837438425
2023-24,2024,kawhi leonard,Kawhi Leonard,LAC,F,2,,59.0,24.0,16.0,4.0,4.0,1.0,4.0,0.47393364928909953,60.2,0.2006666666666667,P00547,P00547-2024,P00547,P00547-2024,45640084.0,45.640084,Max / Supermax-Level,Expensive but Worth It,1.3190159772712076,1901670.1666666667,227442279.06976742
2023-24,2024,georges niang,Georges Niang,CLE,F,10,,121.0,28.0,12.0,4.0,4.0,2.0,7.0,0.31446540880503143,59.400000000000006,0.198,P00321,P00321-2024,P00321,P00321-2024,8800000.0,8.8,Low-Cost Rotation Contract,Market Neutral,6.75,314285.71428571426,44444444.44444444
2023-24,2024,cameron payne,Cameron Payne,PHI,PG,5,,61.0,28.0,6.0,7.0,1.0,4.0,3.0,0.56,57.7,0.19233333333333336,P00125,P00125-2024,P00125,P00125-2024,6500000.0,6.5,Low-Cost Rotation Contract,Market Neutral,8.876923076923077,232142.85714285713,33795493.93414211
2023-24,2024,peyton watson,Peyton Watson,DEN,G,10,,90.0,18.0,15.0,4.0,0.0,6.0,3.0,0.33783783783783783,57.0,0.19,P00785,P00785-2024,P00785,P00785-2024,2303520.0,2.30352,Minimum / Two-Way / Replacement,Efficient Role Player,24.744738487184833,127973.33333333333,12123789.47368421
2023-24,2024,andre jackson jr,Andre Jackson Jr.,MIL,G,5,,60.0,12.0,11.0,10.0,5.0,1.0,3.0,0.5454545454545454,55.2,0.184,P00044,P00044-2024,P00044,P00044-2024,1119563.0,1.119563,Minimum / Two-Way / Replacement,Efficient Role Player,49.30495202145837,93296.91666666667,6084581.521739131
2023-24,2024,haywood highsmith,Haywood Highsmith,MIA,F,5,,126.0,24.0,14.0,8.0,1.0,1.0,4.0,0.42194092827004215,54.8,0.18266666666666664,P00343,P00343-2024,P00343,P00343-2024,1902137.0,1.902137,Minimum / Two-Way / Replacement,Efficient Role Player,28.809701929987167,79255.70833333333,10413158.759124089
2023-24,2024,joe ingles,Joe Ingles,ORL,F,7,,67.89999999999999,11.200000000000001,13.299999999999999,11.9,2.8000000000000003,0.0,0.0,0.43668122270742366,53.41,0.17803333333333332,P00477,P00477-2024,P00477,P00477-2024,11000000.0,11.0,Mid-Tier Rotation Contract,Market Neutral,4.8554545454545455,982142.857142857,61786182.3628534
2023-24,2024,royce o neale,Royce O'Neale,PHO,F,4,,104.0,20.0,19.2,4.0,1.2,0.0,2.0,0.45454545454545453,50.64,0.1688,P00824,P00824-2024,P00824,P00824-2024,9500000.0,9.5,Low-Cost Rotation Contract,Market Neutral,5.330526315789474,475000.0,56279620.85308056
2023-24,2024,xavier tillman,Xavier Tillman,BOS,F,8,,68.8,12.0,14.4,3.2,3.2,3.2,3.2,0.7183908045977011,50.08,0.16693333333333332,P00981,P00981-2024,P00981,P00981-2024,1930681.0,1.930681,Minimum / Two-Way / Replacement,Efficient Role Player,25.939033947089133,160890.08333333334,11565581.07028754
2023-24,2024,monte morris,Monte Morris,MIN,PG,9,,66.60000000000001,20.7,6.3,9.0,1.8,0.9,0.0,0.3394332939787485,49.86,0.1662,P00703,P00703-2024,P00703,P00703-2024,9800926.0,9.800926,Low-Cost Rotation Contract,Insufficient Minutes / Context,5.087274406520363,473474.68599033816,58970673.88688328
2023-24,2024,bojan bogdanovic,Bojan Bogdanovic,NYK,SF,4,,51.2,24.0,12.0,4.0,0.0,1.2,1.2,0.441696113074205,46.8,0.156,P00083,P00083-2024,P00083,P00083-2024,20000000.0,20.0,Mid-Tier Rotation Contract,High-Cost Low-Return,2.34,833333.3333333334,128205128.20512821
2023-24,2024,oshae brissett,Oshae Brissett,BOS,SF,10,,55.0,16.0,14.0,0.0,3.0,2.0,1.0,0.6269592476489029,46.8,0.156,P00758,P00758-2024,P00758,P00758-2024,2165000.0,2.165,Minimum / Two-Way / Replacement,Market Neutral,21.61662817551963,135312.5,13878205.128205128
2023-24,2024,spencer dinwiddie,Spencer Dinwiddie,LAL,PG,5,,73.0,15.0,7.0,8.0,2.0,1.0,1.0,0.45072115384615385,43.4,0.14466666666666667,P00864,P00864-2024,P00864,P00864-2024,1554654.0,1.554654,Minimum / Two-Way / Replacement,Efficient Role Player,27.916179419986697,103643.6,10746456.221198156
2023-24,2024,jose alvarado,Jose Alvarado,NOP,G,4,,62.0,7.2,4.0,9.2,5.2,1.2,4.0,0.18,41.0,0.13666666666666666,P00508,P00508-2024,P00508,P00508-2024,1836096.0,1.836096,Minimum / Two-Way / Replacement,Efficient Role Player,22.329987103070863,255013.3333333333,13434848.780487806
2023-24,2024,paul reed,Paul Reed,PHI,F,6,,43.2,9.0,16.200000000000003,1.7999999999999998,1.2000000000000002,3.0,3.0,0.4595588235294118,40.74,0.1358,P00778,P00778-2024,P00778,P00778-2024,7723000.0,7.723,Low-Cost Rotation Contract,Market Neutral,5.275152142949631,858111.1111111111,56870397.64359352
2023-24,2024,jalen smith,Jalen Smith,IND,F,7,,42.0,13.299999999999999,14.0,2.1,2.1,0.7000000000000001,4.2,0.5997474747474747,37.449999999999996,0.12483333333333332,P00410,P00410-2024,P00410,P00410-2024,5604192.0,5.604192,Low-Cost Rotation Contract,Market Neutral,6.682497673170369,421367.81954887224,44893393.85847797
2023-24,2024,luka garza,Luka Garza,MIN,C,7,,25.900000000000002,28.699999999999996,6.3,0.7000000000000001,0.0,0.0,0.0,0.9386446886446885,37.309999999999995,0.12436666666666665,P00634,P00634-2024,P00634,P00634-2024,,,Salary Unavailable,Salary Unavailable,,,
2023-24,2024,amir coffey,Amir Coffey,LAC,G,6,,112.19999999999999,16.799999999999997,10.2,1.7999999999999998,1.7999999999999998,1.2000000000000002,4.800000000000001,0.3783783783783783,35.94,0.11979999999999999,P00040,P00040-2024,P00040,P00040-2024,3666667.0,3.666667,Minimum / Two-Way / Replacement,Market Neutral,9.801817290743882,218253.98809523814,30606569.2821369
2023-24,2024,dean wade,Dean Wade,CLE,F,3,,63.0,11.100000000000001,6.0,5.1,0.8999999999999999,2.0999999999999996,2.0999999999999996,0.430232558139535,32.849999999999994,0.10949999999999999,P00227,P00227-2024,P00227,P00227-2024,5709877.0,5.709877,Low-Cost Rotation Contract,Market Neutral,5.753188728934091,514403.33333333326,52144995.43378996
2023-24,2024,buddy hield,Buddy Hield,PHI,G,4,,51.2,22.0,5.2,2.0,0.0,1.2,2.0,0.6084070796460177,32.84,0.10946666666666668,P00109,P00109-2024,P00109,P00109-2024,19279841.0,19.279841,Mid-Tier Rotation Contract,High-Cost Low-Return,1.7033335492756398,876356.4090909091,176125222.28989035
2023-24,2024,doug mcdermott,Doug McDermott,IND,F,10,,64.0,13.0,3.0,7.0,0.0,2.0,1.0,0.5909090909090909,32.1,0.107,P00264,P00264-2024,P00264,P00264-2024,13750000.0,13.75,Mid-Tier Rotation Contract,Market Neutral,2.3345454545454545,1057692.3076923077,128504672.89719626
2023-24,2024,kevin love,Kevin Love,MIA,F,5,,32.0,9.0,14.0,4.0,0.0,0.0,2.0,0.5,29.8,0.09933333333333333,P00575,P00575-2024,P00575,P00575-2024,3835738.0,3.835738,Minimum / Two-Way / Replacement,Market Neutral,7.769039491226982,426193.1111111111,38614812.08053692
2023-24,2024,aj green,AJ Green,MIL,G,6,,67.19999999999999,16.799999999999997,9.0,1.7999999999999998,0.0,0.0,1.2000000000000002,0.47945205479452035,29.099999999999994,0.09699999999999998,P00002,P00002-2024,P00002,P00002-2024,1801769.0,1.801769,Minimum / Two-Way / Replacement,Market Neutral,16.150794025205226,107248.15476190478,18574938.1443299
2023-24,2024,duncan robinson,Duncan Robinson,MIA,F,5,,60.0,13.0,5.0,6.0,2.0,0.0,5.0,0.40625,29.0,0.09666666666666666,P00272,P00272-2024,P00272,P00272-2024,18154000.0,18.154,Mid-Tier Rotation Contract,High-Cost Low-Return,1.597444089456869,1396461.5384615385,187800000.0
2023-24,2024,drew eubanks,Drew Eubanks,PHO,F,3,,36.900000000000006,17.1,3.9000000000000004,0.0,2.0999999999999996,0.8999999999999999,2.0999999999999996,0.6418918918918919,28.68,0.0956,P00267,P00267-2024,P00267,P00267-2024,2346614.0,2.346614,Minimum / Two-Way / Replacement,Efficient Role Player,12.221865206633897,137228.88888888888,24546171.548117153
2023-24,2024,jericho sims,Jericho Sims,NYK,C,5,,27.0,7.0,8.0,1.0,2.0,1.0,0.0,0.9308510638297873,27.1,0.09033333333333333,P00468,P00468-2024,P00468,P00468-2024,1927896.0,1.927896,Minimum / Two-Way / Replacement,Market Neutral,14.056774846775967,275413.71428571426,21342022.140221402
2023-24,2024,josh okogie,Josh Okogie,PHO,G,4,,29.2,14.0,4.0,2.0,2.0,0.0,2.0,0.5912162162162162,25.8,0.08600000000000001,P00516,P00516-2024,P00516,P00516-2024,2815937.0,2.815937,Minimum / Two-Way / Replacement,Market Neutral,9.162136794963809,201138.35714285713,32743453.48837209
2023-24,2024,dwight powell,Dwight Powell,DAL,F,13,,44.199999999999996,6.5,11.700000000000001,2.6,1.3,0.0,2.6,0.5952380952380952,25.739999999999995,0.08579999999999999,P00275,P00275-2024,P00275,P00275-2024,4000000.0,4.0,Minimum / Two-Way / Replacement,Market Neutral,6.434999999999999,615384.6153846154,46620046.62004663
2023-24,2024,jae crowder,Jae Crowder,MIL,PF,4,,42.0,9.2,6.0,2.0,0.0,2.0,0.0,0.3571428571428571,25.4,0.08466666666666667,P00391,P00391-2024,P00391,P00391-2024,2019760.0,2.01976,Minimum / Two-Way / Replacement,Efficient Role Player,12.575751574444487,219539.13043478262,23855433.07086614
2023-24,2024,patty mills,Patty Mills,MIA,PG,3,,51.900000000000006,18.0,0.8999999999999999,3.0,0.8999999999999999,0.0,0.8999999999999999,0.4783163265306122,25.38,0.0846,P00775,P00775-2024,P00775,P00775-2024,475908.0,0.475908,Minimum / Two-Way / Replacement,Insufficient Minutes / Context,53.329635139564786,26439.333333333332,5625390.070921986
2023-24,2024,gordon hayward,Gordon Hayward,OKC,SF,7,,46.199999999999996,0.0,13.299999999999999,2.8000000000000003,0.7000000000000001,0.7000000000000001,0.0,0.0,24.36,0.0812,P00326,P00326-2024,P00326,P00326-2024,31500000.0,31.5,High-Salary Starter,High-Cost Low-Return,0.7733333333333333,,387931034.48275864
2023-24,2024,danilo gallinari,Danilo Gallinari,MIL,PF,3,,36.900000000000006,11.100000000000001,9.0,2.0999999999999996,0.0,0.0,0.8999999999999999,0.565403422982885,24.15,0.0805,P00199,P00199-2024,P00199,P00199-2024,661628.0,0.661628,Minimum / Two-Way / Replacement,Efficient Role Player,36.500873602689126,59606.12612612612,8218981.366459627
2023-24,2024,gabe vincent,Gabe Vincent,LAL,G,5,,69.0,7.0,8.0,3.0,2.0,0.0,3.0,0.2916666666666667,24.1,0.08033333333333334,P00309,P00309-2024,P00309,P00309-2024,10500000.0,10.5,Low-Cost Rotation Contract,Insufficient Minutes / Context,2.2952380952380955,1500000.0,130705394.19087136
2023-24,2024,kenrich williams,Kenrich Williams,OKC,G,7,,30.800000000000004,4.2,7.700000000000001,2.8000000000000003,0.7000000000000001,0.0,0.0,0.2727272727272727,19.740000000000002,0.06580000000000001,P00564,P00564-2024,P00564,P00564-2024,6175000.0,6.175,Low-Cost Rotation Contract,Market Neutral,3.196761133603239,1470238.0952380951,93844984.8024316
2023-24,2024,jarace walker,Jarace Walker,IND,F,9,,30.599999999999998,8.1,3.6,3.6,1.8,0.9,6.3,0.36525974025974023,19.619999999999997,0.06539999999999999,P00426,P00426-2024,P00426,P00426-2024,6059520.0,6.05952,Low-Cost Rotation Contract,Insufficient Minutes / Context,3.2378802281368815,748088.8888888889,92653211.00917433
2023-24,2024,grayson allen,Grayson Allen,PHO,G,2,,43.0,7.0,8.0,2.0,1.0,0.0,3.0,0.5177514792899408,19.6,0.06533333333333334,P00331,P00331-2024,P00331,P00331-2024,8925000.0,8.925,Low-Cost Rotation Contract,Market Neutral,2.196078431372549,1275000.0,136607142.85714284
2023-24,2024,bones hyland,Bones Hyland,LAC,G,3,,12.0,11.100000000000001,2.0999999999999996,3.9000000000000004,0.0,0.0,0.8999999999999999,0.6441504178272982,18.570000000000004,0.06190000000000001,P00085,P00085-2024,P00085,P00085-2024,2306400.0,2.3064,Minimum / Two-Way / Replacement,Market Neutral,8.051508844953176,207783.78378378376,37260096.93053311
2023-24,2024,a j lawson,A.J. Lawson,DAL,G,10,,30.0,11.0,3.0,0.0,0.0,1.0,0.0,0.5566801619433198,17.6,0.05866666666666667,P00001,P00001-2024,P00001,P00001-2024,1000000.0,1.0,Minimum / Two-Way / Replacement,Insufficient Minutes / Context,17.6,90909.09090909091,17045454.545454543
2023-24,2024,thomas bryant,Thomas Bryant,MIA,C,2,,18.0,12.0,5.0,1.0,0.0,0.0,2.0,0.7211538461538461,17.5,0.058333333333333334,P00894,P00894-2024,P00894,P00894-2024,2528233.0,2.528233,Minimum / Two-Way / Replacement,Insufficient Minutes / Context,6.921830385095044,210686.08333333334,43341137.14285714
2023-24,2024,josh minott,Josh Minott,MIN,F,5,,18.0,6.0,5.0,3.0,0.0,0.0,0.0,0.3333333333333333,16.5,0.055,P00514,P00514-2024,P00514,P00514-2024,1719864.0,1.719864,Minimum / Two-Way / Replacement,Insufficient Minutes / Context,9.593781833912448,286644.0,31270254.545454547
2023-24,2024,daquan jeffries,DaQuan Jeffries,NYK,G,4,,20.0,8.0,4.0,0.0,1.2,0.0,0.0,0.5,16.4,0.05466666666666666,P00183,P00183-2024,P00183,P00183-2024,,,Salary Unavailable,Salary Unavailable,,,
2023-24,2024,jaxson hayes,Jaxson Hayes,LAL,C,4,,24.0,1.2,12.0,1.2,0.0,0.0,2.0,0.20833333333333334,15.399999999999999,0.05133333333333333,P00444,P00444-2024,P00444,P00444-2024,2165000.0,2.165,Minimum / Two-Way / Replacement,Efficient Role Player,7.113163972286373,1804166.6666666667,42175324.67532468
2023-24,2024,svi mykhailiuk,Svi Mykhailiuk,BOS,G,8,,32.0,8.0,4.8,0.8,0.8,0.0,2.4,0.3333333333333333,14.959999999999999,0.04986666666666666,P00872,P00872-2024,P00872,P00872-2024,2019706.0,2.019706,Minimum / Two-Way / Replacement,Insufficient Minutes / Context,7.407018645287978,252463.25,40502125.6684492
2023-24,2024,wendell moore jr,Wendell Moore Jr.,MIN,F,6,,18.0,7.199999999999999,1.7999999999999998,1.7999999999999998,1.2000000000000002,0.0,1.2000000000000002,0.5,14.46,0.0482,P00969,P00969-2024,P00969,P00969-2024,2421720.0,2.42172,Minimum / Two-Way / Replacement,Insufficient Minutes / Context,5.970962786779644,336350.00000000006,50243153.52697095
2023-24,2024,mamadi diakite,Mamadi Diakite,NYK,F,4,,15.2,2.0,3.2,1.2,1.2,1.2,1.2,0.24509803921568626,13.639999999999999,0.04546666666666666,P00651,P00651-2024,P00651,P00651-2024,,,Salary Unavailable,Salary Unavailable,,,
2023-24,2024,deandre jordan,DeAndre Jordan,DEN,C,2,,13.0,4.0,3.0,0.0,1.0,1.0,0.0,0.6944444444444444,13.6,0.04533333333333333,P00222,P00222-2024,P00222,P00222-2024,2019706.0,2.019706,Minimum / Two-Way / Replacement,Insufficient Minutes / Context,6.733653313898162,504926.5,44552338.23529412
2023-24,2024,anthony black,Anthony Black,ORL,G,2,,11.0,6.0,2.0,2.0,1.0,0.0,1.0,0.42857142857142855,13.4,0.04466666666666667,P00048,P00048-2024,P00048,P00048-2024,7245480.0,7.24548,Low-Cost Rotation Contract,Market Neutral,1.8494288853188472,1207580.0,162212238.80597016
2023-24,2024,shake milton,Shake Milton,NYK,SG,4,,22.0,5.2,1.2,2.0,1.2,0.0,0.0,0.30092592592592593,13.24,0.04413333333333334,P00854,P00854-2024,P00854,P00854-2024,552938.0,0.552938,Minimum / Two-Way / Replacement,Efficient Role Player,23.94481840640361,106334.23076923077,12528806.64652568
2023-24,2024,dyson daniels,Dyson Daniels,NOP,G,3,,17.1,3.9000000000000004,2.0999999999999996,0.0,2.0999999999999996,0.0,0.8999999999999999,0.325,11.819999999999999,0.0394,P00279,P00279-2024,P00279,P00279-2024,5784120.0,5.78412,Low-Cost Rotation Contract,Market Neutral,2.043526067923902,1483107.6923076923,146805076.14213198
2023-24,2024,p j tucker,P.J. Tucker,LAC,PF,2,,31.0,11.0,3.0,0.0,0.0,0.0,3.0,0.9166666666666666,11.6,0.03866666666666667,P00762,P00762-2024,P00762,P00762-2024,11014500.0,11.0145,Mid-Tier Rotation Contract,Insufficient Minutes / Context,1.053157201870262,1001318.1818181818,284857758.62068963
2023-24,2024,jaden springer,Jaden Springer,BOS,G,4,,22.0,4.0,3.2,1.2,0.0,1.2,2.0,0.625,11.24,0.03746666666666667,P00390,P00390-2024,P00390,P00390-2024,2226240.0,2.22624,Minimum / Two-Way / Replacement,Market Neutral,5.048871640074744,556560.0,59419217.08185053
2023-24,2024,julian strawther,Julian Strawther,DEN,G,3,,15.899999999999999,6.8999999999999995,2.0999999999999996,0.0,0.8999999999999999,0.0,0.8999999999999999,0.4471228615863141,11.219999999999997,0.03739999999999999,P00526,P00526-2024,P00526,P00526-2024,2431080.0,2.43108,Minimum / Two-Way / Replacement,Market Neutral,4.615232736067919,352330.4347826087,65002139.03743318
2023-24,2024,neemias queta,Neemias Queta,BOS,C,3,,12.899999999999999,3.9000000000000004,3.0,0.0,0.0,0.8999999999999999,0.0,0.65,10.2,0.033999999999999996,P00726,P00726-2024,P00726,P00726-2024,,,Salary Unavailable,Salary Unavailable,,,
2023-24,2024,jordan mclaughlin,Jordan McLaughlin,MIN,G,6,,30.0,4.199999999999999,4.199999999999999,1.7999999999999998,0.0,0.0,1.7999999999999998,0.21446078431372545,10.139999999999997,0.03379999999999999,P00502,P00502-2024,P00502,P00502-2024,2320000.0,2.32,Minimum / Two-Way / Replacement,Market Neutral,4.370689655172413,552380.9523809524,68639053.2544379
2023-24,2024,kendall brown,Kendall Brown,IND,G,7,,25.2,4.2,2.8000000000000003,2.1,0.0,0.7000000000000001,2.8000000000000003,0.33333333333333337,10.01,0.03336666666666666,P00560,P00560-2024,P00560,P00560-2024,1100000.0,1.1,Minimum / Two-Way / Replacement,Insufficient Minutes / Context,9.1,261904.7619047619,32967032.967032973
2023-24,2024,bol bol,Bol Bol,PHO,C,3,,12.899999999999999,2.0999999999999996,3.9000000000000004,0.0,0.8999999999999999,0.0,0.0,0.3499999999999999,9.48,0.0316,P00084,P00084-2024,P00084,P00084-2024,2019706.0,2.019706,Minimum / Two-Way / Replacement,Insufficient Minutes / Context,4.693752457040778,961764.761904762,63914746.835443035
2023-24,2024,jalen pickett,Jalen Pickett,DEN,G,3,,11.100000000000001,3.9000000000000004,0.8999999999999999,0.8999999999999999,0.0,0.8999999999999999,0.0,0.65,9.03,0.0301,P00408,P00408-2024,P00408,P00408-2024,2019706.0,2.019706,Minimum / Two-Way / Replacement,Insufficient Minutes / Context,4.4709477518015,517873.3333333333,67099867.109634556
2023-24,2024,brandon boston,Brandon Boston,LAC,SG,3,,9.899999999999999,5.1,2.0999999999999996,0.8999999999999999,0.0,0.0,0.0,0.5286069651741293,8.969999999999999,0.029899999999999996,P00090,P00090-2024,P00090,P00090-2024,1836096.0,1.836096,Minimum / Two-Way / Replacement,Insufficient Minutes / Context,4.8853654710864785,360018.8235294118,61407892.97658864
2023-24,2024,nassir little,Nassir Little,PHO,SF,4,,14.0,7.2,1.2,0.0,0.0,0.0,0.0,0.6923076923076923,8.64,0.028800000000000003,P00720,P00720-2024,P00720,P00720-2024,6250000.0,6.25,Low-Cost Rotation Contract,Insufficient Minutes / Context,1.3824,868055.5555555555,217013888.88888887
2023-24,2024,zeke nnaji,Zeke Nnaji,DEN,F,3,,14.100000000000001,5.1,2.0999999999999996,0.0,0.0,0.8999999999999999,2.0999999999999996,0.6498470948012232,8.219999999999999,0.027399999999999997,P00995,P00995-2024,P00995,P00995-2024,4306281.0,4.306281,Low-Cost Rotation Contract,Market Neutral,1.9088396693109433,844368.8235294118,157163540.14598542
2023-24,2024,chuma okeke,Chuma Okeke,ORL,F,2,,10.0,6.0,0.0,1.0,0.0,0.0,0.0,0.872093023255814,7.5,0.025,P00158,P00158-2024,P00158,P00158-2024,5266713.0,5.266713,Low-Cost Rotation Contract,Insufficient Minutes / Context,1.4240381049812283,877785.5,210668520.0
2023-24,2024,markieff morris,Markieff Morris,DAL,PF,1,,12.0,3.0,4.0,0.0,0.0,0.0,1.0,0.3,6.8,0.022666666666666665,P00662,P00662-2024,P00662,P00662-2024,2019706.0,2.019706,Minimum / Two-Way / Replacement,Insufficient Minutes / Context,3.366826656949081,673235.3333333334,89104676.47058824
2023-24,2024,marjon beauchamp,MarJon Beauchamp,MIL,F,4,,10.0,3.2,1.2,2.0,0.0,0.0,1.2,0.3278688524590164,6.44,0.02146666666666667,P00653,P00653-2024,P00653,P00653-2024,2609400.0,2.6094,Minimum / Two-Way / Replacement,Market Neutral,2.4680003065838894,815437.5,121555900.621118
2023-24,2024,damian jones,Damian Jones,CLE,C,2,,9.0,0.0,2.0,2.0,0.0,1.0,2.0,,6.4,0.021333333333333336,P00191,P00191-2024,P00191,P00191-2024,2586665.0,2.586665,Minimum / Two-Way / Replacement,Insufficient Minutes / Context,2.4742283983430404,,121249921.87499999
2023-24,2024,thanasis antetokounmpo,Thanasis Antetokounmpo,MIL,F,2,,5.0,0.0,0.0,0.0,1.0,1.0,0.0,,6.0,0.02,P00891,P00891-2024,P00891,P00891-2024,2019706.0,2.019706,Minimum / Two-Way / Replacement,Insufficient Minutes / Context,2.9707294031903655,,100985300.0
2023-24,2024,jett howard,Jett Howard,ORL,G,2,,10.0,5.0,1.0,1.0,0.0,0.0,2.0,0.8333333333333334,5.7,0.019,P00471,P00471-2024,P00471,P00471-2024,5026800.0,5.0268,Low-Cost Rotation Contract,Insufficient Minutes / Context,1.1339221771305803,1005360.0,264568421.0526316
2023-24,2024,goga bitadze,Goga Bitadze,ORL,C,2,,10.0,0.0,3.0,2.0,0.0,0.0,1.0,0.0,5.6,0.018666666666666665,P00324,P00324-2024,P00324,P00324-2024,2062585.0,2.062585,Minimum / Two-Way / Replacement,Efficient Role Player,2.7150396226094924,,110495625.00000001
2023-24,2024,caleb houstan,Caleb Houstan,ORL,G,3,,14.100000000000001,3.0,2.0999999999999996,0.0,0.0,0.0,0.0,0.7142857142857144,5.52,0.0184,P00114,P00114-2024,P00114,P00114-2024,2000000.0,2.0,Minimum / Two-Way / Replacement,Market Neutral,2.76,666666.6666666666,108695652.17391305
2023-24,2024,hunter tyson,Hunter Tyson,DEN,F,3,,14.100000000000001,0.8999999999999999,3.0,0.8999999999999999,0.0,0.0,0.8999999999999999,0.09328358208955223,4.949999999999999,0.016499999999999997,P00349,P00349-2024,P00349,P00349-2024,1119563.0,1.119563,Minimum / Two-Way / Replacement,Insufficient Minutes / Context,4.421367980185125,1243958.888888889,67852303.03030305
2023-24,2024,t j warren,T.J. Warren,MIN,SF,3,,11.100000000000001,0.0,3.0,0.8999999999999999,0.0,0.0,0.0,0.0,4.949999999999999,0.016499999999999997,P00874,P00874-2024,P00874,P00874-2024,,,Salary Unavailable,Salary Unavailable,,,
2023-24,2024,olivier maxence prosper,Olivier-Maxence Prosper,DAL,F,3,,9.0,0.0,3.0,0.8999999999999999,0.0,0.0,0.0,0.0,4.949999999999999,0.016499999999999997,P00752,P00752-2024,P00752,P00752-2024,2733360.0,2.73336,Minimum / Two-Way / Replacement,Insufficient Minutes / Context,1.8109579418737376,,165658181.81818184
2023-24,2024,jeremiah robinson earl,Jeremiah Robinson-Earl,NOP,F,1,,5.0,2.0,1.0,1.0,0.0,0.0,0.0,0.3472222222222222,4.7,0.015666666666666666,P00465,P00465-2024,P00465,P00465-2024,2196970.0,2.19697,Minimum / Two-Way / Replacement,Insufficient Minutes / Context,2.139310049750338,1098485.0,140232127.65957448
2023-24,2024,leonard miller,Leonard Miller,MIN,F,3,,6.8999999999999995,0.0,3.9000000000000004,0.0,0.0,0.0,0.0,0.0,4.680000000000001,0.015600000000000003,P00621,P00621-2024,P00621,P00621-2024,1800000.0,1.8,Minimum / Two-Way / Replacement,Insufficient Minutes / Context,2.6,,115384615.38461536
2023-24,2024,jordan walsh,Jordan Walsh,BOS,G,3,,11.100000000000001,2.0999999999999996,2.0999999999999996,0.0,0.0,0.0,0.0,0.3499999999999999,4.619999999999999,0.015399999999999997,P00507,P00507-2024,P00507,P00507-2024,1119563.0,1.119563,Minimum / Two-Way / Replacement,Insufficient Minutes / Context,4.126610114839449,533125.2380952382,72698896.10389611
2023-24,2024,daniel theis,Daniel Theis,LAC,C,1,,4.0,3.0,1.0,0.0,0.0,0.0,0.0,1.5,4.2,0.014,P00198,P00198-2024,P00198,P00198-2024,1741126.0,1.741126,Minimum / Two-Way / Replacement,Efficient Role Player,2.412232084294876,580375.3333333334,124366142.85714285
2023-24,2024,matt ryan,Matt Ryan,NOP,F,1,,3.0,0.0,1.0,0.0,1.0,0.0,1.0,0.0,3.2,0.010666666666666668,P00674,P00674-2024,P00674,P00674-2024,,,Salary Unavailable,Salary Unavailable,,,
2023-24,2024,de anthony melton,De'Anthony Melton,PHI,G,1,,7.0,0.0,1.0,1.0,0.0,0.0,0.0,0.0,2.7,0.009000000000000001,P00221,P00221-2024,P00221,P00221-2024,8000000.0,8.0,Low-Cost Rotation Contract,Market Neutral,0.3375,,888888888.8888888
2023-24,2024,orlando robinson,Orlando Robinson,MIA,C,1,,2.0,0.0,1.0,1.0,0.0,0.0,0.0,0.0,2.7,0.009000000000000001,P00756,P00756-2024,P00756,P00756-2024,1801769.0,1.801769,Minimum / Two-Way / Replacement,Insufficient Minutes / Context,1.498527280689145,,200196555.55555552
2023-24,2024,kobe brown,Kobe Brown,LAC,G,3,,9.899999999999999,0.0,2.0999999999999996,0.0,0.0,0.0,0.0,,2.5199999999999996,0.008399999999999998,P00590,P00590-2024,P00590,P00590-2024,2413320.0,2.41332,Minimum / Two-Way / Replacement,Insufficient Minutes / Context,1.0442046641141662,,287300000.00000006
2023-24,2024,jordan hawkins,Jordan Hawkins,NOP,G,3,,12.0,0.0,2.0999999999999996,0.0,0.0,0.0,0.0,0.0,2.5199999999999996,0.008399999999999998,P00501,P00501-2024,P00501,P00501-2024,4310160.0,4.31016,Low-Cost Rotation Contract,Market Neutral,0.5846650704382204,,513114285.71428585
2023-24,2024,chris livingston,Chris Livingston,MIL,F,2,,6.0,2.0,0.0,0.0,0.0,0.0,0.0,0.43103448275862066,2.0,0.006666666666666667,P00150,P00150-2024,P00150,P00150-2024,1119563.0,1.119563,Minimum / Two-Way / Replacement,Insufficient Minutes / Context,1.7864113051253032,559781.5,167934450.0
2023-24,2024,ousmane dieng,Ousmane Dieng,OKC,F,4,,7.2,2.0,0.0,0.0,0.0,0.0,0.0,0.5,2.0,0.006666666666666667,P00761,P00761-2024,P00761,P00761-2024,4798440.0,4.79844,Low-Cost Rotation Contract,Insufficient Minutes / Context,0.416802127358058,2399220.0,719766000.0
2023-24,2024,e j liddell,E.J. Liddell,NOP,F,1,,3.0,0.0,1.0,0.0,0.0,0.0,0.0,,1.2,0.004,P00280,P00280-2024,P00280,P00280-2024,1801769.0,1.801769,Minimum / Two-Way / Replacement,Insufficient Minutes / Context,0.6660121247507311,,450442250.0
2023-24,2024,lindy waters iii,Lindy Waters III,OKC,F,3,,9.0,0.0,0.8999999999999999,0.0,0.0,0.0,0.0,0.0,1.0799999999999998,0.0035999999999999995,P00626,P00626-2024,P00626,P00626-2024,766095.0,0.766095,Minimum / Two-Way / Replacement,Insufficient Minutes / Context,1.40974683296458,,212804166.6666667
2023-24,2024,james johnson,James Johnson,IND,PF,1,,1.0,1.0,0.0,0.0,0.0,0.0,1.0,0.5681818181818182,0.0,0.0,P00421,P00421-2024,P00421,P00421-2024,777703.0,0.777703,Minimum / Two-Way / Replacement,Insufficient Minutes / Context,0.0,777703.0,
2023-24,2024,thaddeus young,Thaddeus Young,PHO,F,1,,4.0,0.0,0.0,0.0,0.0,0.0,0.0,,0.0,0.0,P00890,P00890-2024,P00890,P00890-2024,638413.0,0.638413,Minimum / Two-Way / Replacement,Insufficient Minutes / Context,0.0,,
2023-24,2024,david roddy,David Roddy,PHO,F,2,,3.0,0.0,0.0,0.0,0.0,0.0,0.0,,0.0,0.0,P00214,P00214-2024,P00214,P00214-2024,2718240.0,2.71824,Minimum / Two-Way / Replacement,Market Neutral,0.0,,
2023-24,2024,isaiah thomas,Isaiah Thomas,PHO,G,1,,4.0,0.0,0.0,0.0,0.0,0.0,1.0,0.0,-1.0,-0.0033333333333333335,P00366,P00366-2024,P00366,P00366-2024,,,Salary Unavailable,Salary Unavailable,,,
2024-25,2025,shai gilgeous alexander,Shai Gilgeous-Alexander,OKC,G,23,,851.0,687.6999999999999,121.89999999999999,149.5,39.1,20.7,59.800000000000004,0.5742049469964664,1177.83,3.9261,P00853,P00853-2025,P00853,P00853-2025,35859950.0,35.85995,High-Salary Starter,Expensive but Worth It,32.84527725219918,52144.75788861423,9133733.221262831
2024-25,2025,tyrese haliburton,Tyrese Haliburton,IND,G,23,,772.8000000000001,397.90000000000003,121.89999999999999,197.79999999999998,29.900000000000002,16.099999999999998,52.9,0.5792927939994643,925.9800000000001,3.0866000000000002,P00944,P00944-2025,P00944,P00944-2025,42176000.0,42.176,High-Salary Starter,Expensive but Worth It,21.955140364188168,105996.48152802211,13664226.009201061
2024-25,2025,jalen williams,Jalen Williams,OKC,G,23,,795.8000000000001,492.2,126.5,110.39999999999999,32.199999999999996,9.200000000000001,41.4,0.5441415785191213,892.4000000000001,2.974666666666667,P00412,P00412-2025,P00412,P00412-2025,4775760.0,4.77576,Low-Cost Rotation Contract,Bargain Star,186.8603112384207,9702.885006095083,1605477.364410578
2024-25,2025,pascal siakam,Pascal Siakam,IND,F,23,,770.5,471.5,144.9,78.2,27.599999999999998,16.099999999999998,29.900000000000002,0.5982955872052299,863.88,2.8796,P00769,P00769-2025,P00769,P00769-2025,42176000.0,42.176,High-Salary Starter,Expensive but Worth It,20.48273899848255,89450.68928950159,14646478.67759411
2024-25,2025,nikola jokic,Nikola Jokic,DEN,C,14,,562.8000000000001,366.8,177.79999999999998,112.0,28.0,12.6,54.6,0.5882881264594935,815.3599999999999,2.717866666666666,P00736,P00736-2025,P00736,P00736-2025,51415938.0,51.415938,Max / Supermax-Level,Expensive but Worth It,15.85811776885214,140174.31297709924,18917755.83791209
2024-25,2025,chet holmgren,Chet Holmgren,OKC,C,23,,685.4,349.59999999999997,200.1,23.0,16.099999999999998,43.699999999999996,27.599999999999998,0.5651397977394407,776.0199999999999,2.586733333333333,P00144,P00144-2025,P00144,P00144-2025,10880640.0,10.88064,Low-Cost Rotation Contract,Market Neutral,71.32117228398329,31123.112128146455,4206324.579263422
2024-25,2025,jalen brunson,Jalen Brunson,NYK,G,18,,680.4,529.1999999999999,61.199999999999996,126.0,7.2,5.3999999999999995,55.800000000000004,0.582593532022828,773.64,2.5787999999999998,P00402,P00402-2025,P00402,P00402-2025,24960001.0,24.960001,Mid-Tier Rotation Contract,Expensive but Worth It,30.995191065897796,47165.534769463346,9678920.815883357
2024-25,2025,karl anthony towns,Karl-Anthony Towns,NYK,C,18,,639.0,385.2,208.79999999999998,23.400000000000002,12.6,12.6,39.6,0.5886883802816901,706.8599999999999,2.3562,P00544,P00544-2025,P00544,P00544-2025,49205800.0,49.2058,Max / Supermax-Level,Expensive but Worth It,14.365379691012032,127740.91381100727,20883541.295306
2024-25,2025,anthony edwards,Anthony Edwards,MIN,G,15,,585.0,379.5,117.0,82.5,16.5,10.5,39.0,0.5623221906116643,685.65,2.2855,P00050,P00050-2025,P00050,P00050-2025,42176400.0,42.1764,Max / Supermax-Level,Expensive but Worth It,16.256721768571996,111136.75889328064,18453905.053598776
2024-25,2025,myles turner,Myles Turner,IND,C,23,,673.9,317.40000000000003,110.39999999999999,32.199999999999996,11.5,46.0,39.1,0.6080366584420163,631.58,2.1052666666666666,P00715,P00715-2025,P00715,P00715-2025,19928500.0,19.9285,Mid-Tier Rotation Contract,Market Neutral,31.692299972401337,62786.704473850026,9466021.723297128
2024-25,2025,andrew nembhard,Andrew Nembhard,IND,G,23,,768.1999999999999,287.5,73.60000000000001,108.10000000000001,34.5,4.6000000000000005,41.4,0.5907372400756143,613.87,2.0462333333333333,P00045,P00045-2025,P00045,P00045-2025,2019699.0,2.019699,Minimum / Two-Way / Replacement,Efficient Role Player,303.9413298714313,7025.04,987032.5964780817
2024-25,2025,aaron nesmith,Aaron Nesmith,IND,G,23,,650.9,292.09999999999997,131.1,25.3,20.7,18.400000000000002,23.0,0.6411550888529887,581.67,1.9388999999999998,P00008,P00008-2025,P00008,P00008-2025,11000000.0,11.0,Low-Cost Rotation Contract,Market Neutral,52.879090909090905,37658.3361862376,5673319.9236680595
2024-25,2025,josh hart,Josh Hart,NYK,G,18,,642.6,208.79999999999998,158.4,79.2,19.8,10.799999999999999,34.199999999999996,0.6024096385542168,575.28,1.9176,P00512,P00512-2025,P00512,P00512-2025,18144000.0,18.144,Mid-Tier Rotation Contract,Expensive but Worth It,31.70634920634921,86896.55172413794,9461827.284105131
2024-25,2025,og anunoby,OG Anunoby,NYK,F,18,,705.6,293.40000000000003,82.8,23.400000000000002,36.0,21.599999999999998,30.599999999999998,0.5394492983849616,570.0600000000001,1.9002000000000001,P00748,P00748-2025,P00748,P00748-2025,36637931.0,36.637931,High-Salary Starter,Expensive but Worth It,15.559284720526387,124873.65712338104,19281091.99031681
2024-25,2025,mikal bridges,Mikal Bridges,NYK,G,18,,705.6,280.8,81.0,52.199999999999996,30.599999999999998,16.2,37.800000000000004,0.5201387036543078,558.9000000000001,1.8630000000000002,P00692,P00692-2025,P00692,P00692-2025,23300000.0,23.3,Mid-Tier Rotation Contract,Expensive but Worth It,23.987124463519315,82977.20797720797,12506709.608158883
2024-25,2025,jamal murray,Jamal Murray,DEN,G,14,,578.1999999999999,305.2,68.60000000000001,72.8,16.8,11.200000000000001,43.4,0.5544252288911496,537.32,1.7910666666666668,P00415,P00415-2025,P00415,P00415-2025,36016200.0,36.0162,High-Salary Starter,Expensive but Worth It,14.918842076621079,118008.51900393185,20108799.225787237
2024-25,2025,julius randle,Julius Randle,MIN,F,15,,532.5,325.5,88.5,73.5,12.0,1.5,49.5,0.62,532.95,1.7765000000000002,P00527,P00527-2025,P00527,P00527-2025,33073920.0,33.07392,High-Salary Starter,High-Cost Low-Return,16.113904853128993,101609.58525345621,18617461.300309595
2024-25,2025,isaiah hartenstein,Isaiah Hartenstein,OKC,C,23,,515.1999999999999,186.29999999999998,172.5,50.6,18.400000000000002,11.5,27.599999999999998,0.6355932203389829,531.3,1.771,P00358,P00358-2025,P00358,P00358-2025,30000000.0,30.0,High-Salary Starter,High-Cost Low-Return,17.709999999999997,161030.59581320453,16939582.156973463
2024-25,2025,alex caruso,Alex Caruso,OKC,G,23,,561.1999999999999,211.6,62.1,50.6,46.0,13.799999999999999,18.400000000000002,0.5937016004130098,523.02,1.7433999999999998,P00025,P00025-2025,P00025,P00025-2025,9890000.0,9.89,Low-Cost Rotation Contract,Market Neutral,52.883720930232556,46739.13043478261,5672823.218997362
2024-25,2025,t j mcconnell,T.J. McConnell,IND,G,23,,402.5,218.5,75.89999999999999,92.0,20.7,2.3000000000000003,43.699999999999996,0.5843996062992126,472.87999999999994,1.5762666666666665,P00873,P00873-2025,P00873,P00873-2025,9300000.0,9.3,Low-Cost Rotation Contract,Market Neutral,50.84731182795698,42562.9290617849,5900016.917611234
2024-25,2025,jayson tatum,Jayson Tatum,BOS,F,8,,322.4,224.8,92.0,43.2,16.8,6.4,26.4,0.5644383737747067,443.2,1.4773333333333334,P00458,P00458-2025,P00458,P00458-2025,34848340.0,34.84834,High-Salary Starter,Expensive but Worth It,12.717965905980027,155019.30604982204,23588677.797833934
2024-25,2025,jaden mcdaniels,Jaden McDaniels,MIN,F,15,,496.5,220.5,84.0,22.5,19.5,13.5,18.0,0.6056361239288068,436.05,1.4535,P00389,P00389-2025,P00389,P00389-2025,23017242.0,23.017242,Mid-Tier Rotation Contract,Market Neutral,18.944493871159718,104386.58503401361,15835735.81011352
2024-25,2025,aaron gordon,Aaron Gordon,DEN,F,14,,522.1999999999999,226.79999999999998,106.39999999999999,37.800000000000004,8.4,5.6000000000000005,26.599999999999998,0.6007119549095224,426.5799999999999,1.421933333333333,P00005,P00005-2025,P00005,P00005-2025,22841455.0,22.841455,Mid-Tier Rotation Contract,High-Cost Low-Return,18.675692945129807,100711.8827160494,16063660.978011161
2024-25,2025,jimmy butler iii,Jimmy Butler III,GSW,F,11,,397.1,211.2,72.6,57.2,14.3,3.3,13.2,0.5643075476134493,423.71999999999997,1.4123999999999999,P00473,P00473-2025,P00473,P00473-2025,48798677.0,48.798677,Max / Supermax-Level,High-Cost Low-Return,8.683022287673905,231054.3418560606,34550181.95978477
2024-25,2025,luguentz dort,Luguentz Dort,OKC,G,23,,667.0,181.70000000000002,89.7,20.7,29.900000000000002,9.200000000000001,20.7,0.5238726790450929,416.99000000000007,1.3899666666666668,P00632,P00632-2025,P00632,P00632-2025,16500000.0,16.5,Mid-Tier Rotation Contract,Market Neutral,25.272121212121217,90809.02586681342,11870788.268303795
2024-25,2025,donovan mitchell,Donovan Mitchell,CLE,G,9,,288.0,266.40000000000003,42.300000000000004,35.1,17.099999999999998,2.6999999999999997,17.099999999999998,0.5701957158267839,412.11000000000007,1.3737000000000001,P00260,P00260-2025,P00260,P00260-2025,35410310.0,35.41031,High-Salary Starter,Expensive but Worth It,11.638135898838502,132921.58408408405,25777324.01543277
2024-25,2025,obi toppin,Obi Toppin,IND,F,23,,439.3,216.20000000000002,87.39999999999999,29.900000000000002,16.099999999999998,6.8999999999999995,23.0,0.5799605133267521,411.93,1.3731,P00749,P00749-2025,P00749,P00749-2025,12946429.0,12.946429,Mid-Tier Rotation Contract,Market Neutral,31.818040326023493,59881.72525439408,9428613.356638264
2024-25,2025,jaylen brown,Jaylen Brown,BOS,G,11,,401.5,243.10000000000002,78.1,42.9,11.0,3.3,38.5,0.5432645034414947,405.56999999999994,1.3518999999999999,P00447,P00447-2025,P00447,P00447-2025,49205800.0,49.2058,Max / Supermax-Level,Expensive but Worth It,8.24232102719598,202409.7079391197,36397514.60906872
2024-25,2025,christian braun,Christian Braun,DEN,G,14,,544.6,176.4,89.60000000000001,33.6,16.8,9.799999999999999,14.0,0.5446058091286308,400.12,1.3337333333333334,P00155,P00155-2025,P00155,P00155-2025,3089640.0,3.08964,Minimum / Two-Way / Replacement,Efficient Role Player,129.50376095596897,17514.965986394556,2316535.0394881535
2024-25,2025,cason wallace,Cason Wallace,OKC,G,23,,515.1999999999999,128.79999999999998,62.1,48.300000000000004,32.199999999999996,9.200000000000001,16.099999999999998,0.5208333333333333,383.87,1.2795666666666667,P00131,P00131-2025,P00131,P00131-2025,5555880.0,5.55588,Low-Cost Rotation Contract,Market Neutral,69.09256499420434,43135.71428571429,4342001.198322348
2024-25,2025,bennedict mathurin,Bennedict Mathurin,IND,G,22,,385.0,242.0,72.6,19.8,8.8,6.6,26.4,0.6272810218978102,378.62,1.2620666666666667,P00072,P00072-2025,P00072,P00072-2025,7245720.0,7.24572,Low-Cost Rotation Contract,Market Neutral,52.2542963294193,29940.99173553719,5741154.719771802
2024-25,2025,derrick white,Derrick White,BOS,G,11,,414.70000000000005,206.8,56.099999999999994,38.5,6.6,12.100000000000001,13.2,0.6329113924050632,374.77000000000004,1.2492333333333334,P00243,P00243-2025,P00243,P00243-2025,20017429.0,20.017429,Mid-Tier Rotation Contract,Expensive but Worth It,18.722184552271926,96796.07833655705,16023771.112949274
2024-25,2025,rudy gobert,Rudy Gobert,MIN,C,15,,411.0,118.5,129.0,10.5,7.5,18.0,13.5,0.5850118483412322,352.04999999999995,1.1734999999999998,P00826,P00826-2025,P00826,P00826-2025,43827587.0,43.827587,Max / Supermax-Level,Expensive but Worth It,8.032611971085698,369853.0548523207,37347752.02386025
2024-25,2025,alperen sengun,Alperen Sengun,HOU,C,7,,256.2,146.29999999999998,83.3,37.1,13.299999999999999,2.8000000000000003,14.700000000000001,0.4927385892116181,335.50999999999993,1.1183666666666665,P00036,P00036-2025,P00036,P00036-2025,5424654.0,5.424654,Low-Cost Rotation Contract,Bargain Star,61.84910595219527,37078.97470950103,4850514.738755925
2024-25,2025,mitchell robinson,Mitchell Robinson,NYK,C,18,,370.8,84.60000000000001,127.8,7.2,16.2,14.4,12.6,0.564361191162344,327.96,1.0932,P00699,P00699-2025,P00699,P00699-2025,14318182.0,14.318182,Mid-Tier Rotation Contract,Insufficient Minutes / Context,22.905142566283903,169245.65011820328,13097495.426271496
2024-25,2025,naz reid,Naz Reid,MIN,C,15,,375.0,156.0,70.5,25.5,10.5,13.5,28.5,0.6461232604373758,322.35,1.0745,P00725,P00725-2025,P00725,P00725-2025,13986432.0,13.986432,Mid-Tier Rotation Contract,Market Neutral,23.047336161216815,89656.61538461539,13016688.692415077
2024-25,2025,giannis antetokounmpo,Giannis Antetokounmpo,MIL,F,5,,188.0,165.0,77.0,33.0,5.0,5.0,23.0,0.6510416666666666,313.9,1.0463333333333333,P00323,P00323-2025,P00323,P00323-2025,48787676.0,48.787676,Max / Supermax-Level,Expensive but Worth It,6.434001898348263,295682.8848484848,46627278.75119465
2024-25,2025,cade cunningham,Cade Cunningham,DET,G,6,,247.79999999999998,150.0,49.800000000000004,52.199999999999996,10.8,7.800000000000001,31.799999999999997,0.5085435313262816,312.06,1.0402,P00113,P00113-2025,P00113,P00113-2025,13940658.0,13.940658,Mid-Tier Rotation Contract,Market Neutral,22.384883123881238,92937.72,13401901.55739281
2024-25,2025,kawhi leonard,Kawhi Leonard,LAC,F,7,,265.3,175.0,53.199999999999996,32.9,7.700000000000001,4.8999999999999995,14.700000000000001,0.6299133239266276,311.28999999999996,1.0376333333333332,P00547,P00547-2025,P00547,P00547-2025,49350000.0,49.35,Max / Supermax-Level,High-Cost Low-Return,6.307801418439715,282000.0,47560152.912075564
2024-25,2025,stephen curry,Stephen Curry,GSW,G,8,,280.8,180.8,42.4,40.8,8.0,6.4,27.2,0.6334080717488789,308.88,1.0296,P00868,P00868-2025,P00868,P00868-2025,55761216.0,55.761216,Max / Supermax-Level,Expensive but Worth It,5.53933400591551,308413.8053097345,54158135.1981352
2024-25,2025,donte divincenzo,Donte DiVincenzo,MIN,G,15,,376.5,130.5,46.5,49.5,21.0,4.5,28.5,0.4945429740791269,308.55,1.0285,P00262,P00262-2025,P00262,P00262-2025,11445000.0,11.445,Mid-Tier Rotation Contract,Market Neutral,26.959370904325034,87701.14942528735,11127856.101118134
2024-25,2025,draymond green,Draymond Green,GSW,F,12,,388.79999999999995,109.19999999999999,66.0,45.599999999999994,16.799999999999997,10.8,36.0,0.47975537747785735,303.5999999999999,1.0119999999999998,P00266,P00266-2025,P00266,P00266-2025,24107143.0,24.107143,Mid-Tier Rotation Contract,High-Cost Low-Return,12.59377770314798,220761.38278388281,23821287.54940712
2024-25,2025,brandin podziemski,Brandin Podziemski,GSW,G,12,,385.20000000000005,135.60000000000002,60.0,37.2,15.600000000000001,2.4000000000000004,18.0,0.4755892255892257,299.40000000000003,0.9980000000000001,P00089,P00089-2025,P00089,P00089-2025,3519960.0,3.51996,Minimum / Two-Way / Replacement,Efficient Role Player,85.05778474755395,25958.407079646015,3527014.0280561117
2024-25,2025,james harden,James Harden,LAC,G,7,,275.8,130.9,37.800000000000004,63.699999999999996,9.1,7.0,21.0,0.5677677920816129,299.11,0.9970333333333333,P00420,P00420-2025,P00420,P00420-2025,33653846.0,33.653846,High-Salary Starter,Expensive but Worth It,8.887840040630126,257095.84415584416,33753982.81568654
2024-25,2025,buddy hield,Buddy Hield,GSW,G,12,,327.6,150.0,42.0,21.6,14.399999999999999,4.800000000000001,13.200000000000001,0.5719253294289897,277.2,0.9239999999999999,P00109,P00109-2025,P00109,P00109-2025,8780488.0,8.780488,Low-Cost Rotation Contract,Market Neutral,31.569999298444458,58536.58666666667,9502692.640692642
2024-25,2025,jarrett allen,Jarrett Allen,CLE,C,9,,261.0,120.60000000000001,75.60000000000001,11.700000000000001,12.6,8.1,17.099999999999998,0.7867543447627996,273.87,0.9129,P00434,P00434-2025,P00434,P00434-2025,20000000.0,20.0,Mid-Tier Rotation Contract,Expensive but Worth It,13.6935,165837.4792703151,21908204.622631174
2024-25,2025,evan mobley,Evan Mobley,CLE,C,8,,256.8,136.8,64.8,12.8,8.8,8.0,11.2,0.6971624266144814,272.96,0.9098666666666666,P00298,P00298-2025,P00298,P00298-2025,11227809.0,11.227809,Low-Cost Rotation Contract,Market Neutral,24.311065498175108,82074.62719298244,12340059.715709262
2024-25,2025,russell westbrook,Russell Westbrook,DEN,G,13,,313.3,152.1,48.1,33.800000000000004,11.700000000000001,1.3,29.9,0.5058803182289865,269.62,0.8987333333333334,P00828,P00828-2025,P00828,P00828-2025,3303771.0,3.303771,Minimum / Two-Way / Replacement,Efficient Role Player,81.60977259017045,21721.04536489152,3676030.3389956234
2024-25,2025,lebron james,LeBron James,LAL,F,5,,204.0,127.0,45.0,28.0,10.0,9.0,13.0,0.6013257575757576,267.0,0.89,P00618,P00618-2025,P00618,P00618-2025,48728845.0,48.728845,Max / Supermax-Level,Expensive but Worth It,5.479300812485911,383691.6929133858,54751511.23595505
2024-25,2025,michael porter jr,Michael Porter Jr.,DEN,F,14,,435.40000000000003,127.39999999999999,77.0,8.4,8.4,5.6000000000000005,12.6,0.5033185840707964,261.79999999999995,0.8726666666666665,P00691,P00691-2025,P00691,P00691-2025,35859950.0,35.85995,High-Salary Starter,Expensive but Worth It,7.300623676273948,281475.27472527476,41092379.6791444
2024-25,2025,aaron wiggins,Aaron Wiggins,OKC,G,22,,303.6,132.0,50.599999999999994,19.8,11.0,6.6,17.6,0.521557719054242,257.62,0.8587333333333333,P00009,P00009-2025,P00009,P00009-2025,10514017.0,10.514017,Low-Cost Rotation Contract,Market Neutral,24.50252838662901,79651.64393939394,12243634.422793262
2024-25,2025,ivica zubac,Ivica Zubac,LAC,C,7,,256.2,121.79999999999998,70.7,16.099999999999998,4.8999999999999995,7.0,11.200000000000001,0.6527611044417767,255.29000000000002,0.8509666666666668,P00371,P00371-2025,P00371,P00371-2025,11743210.0,11.74321,Mid-Tier Rotation Contract,Market Neutral,21.73937109189055,96413.87520525453,13799847.23255905
2024-25,2025,al horford,Al Horford,BOS,C,11,,347.6,88.0,66.0,19.8,6.6,14.3,6.6,0.5913660555884093,253.00000000000003,0.8433333333333334,P00020,P00020-2025,P00020,P00020-2025,9500000.0,9.5,Low-Cost Rotation Contract,Market Neutral,26.631578947368425,107954.54545454546,11264822.134387352
2024-25,2025,amen thompson,Amen Thompson,HOU,G,7,,231.0,109.89999999999999,48.300000000000004,23.099999999999998,11.9,6.3,11.9,0.5472671500278862,245.20999999999995,0.8173666666666665,P00039,P00039-2025,P00039,P00039-2025,9249960.0,9.24996,Low-Cost Rotation Contract,Market Neutral,26.50930382401653,84167.0609645132,11316781.534195183
2024-25,2025,luka doncic,Luka Doncic,LAL,G,5,,208.0,151.0,35.0,29.0,5.0,3.0,20.0,0.6076947842884739,240.5,0.8016666666666666,P00633,P00633-2025,P00633,P00633-2025,43031940.0,43.03194,Max / Supermax-Level,Expensive but Worth It,5.588871893760774,284979.73509933776,53678095.63409564
2024-25,2025,mike conley,Mike Conley,MIN,G,15,,355.5,90.0,43.5,49.5,9.0,3.0,12.0,0.44143613890523836,240.45,0.8015,P00693,P00693-2025,P00693,P00693-2025,9975962.0,9.975962,Low-Cost Rotation Contract,Market Neutral,24.102938643912232,110844.02222222222,12446615.0966937
2024-25,2025,max strus,Max Strus,CLE,G,9,,252.9,105.3,51.300000000000004,35.1,6.3,1.8,7.2,0.5730799373040751,236.61000000000004,0.7887000000000002,P00680,P00680-2025,P00680,P00680-2025,15212068.0,15.212068,Mid-Tier Rotation Contract,High-Cost Low-Return,15.554098233060754,144464.08357075026,19287521.237479392
2024-25,2025,paolo banchero,Paolo Banchero,ORL,F,5,,197.0,147.0,42.0,21.0,3.0,4.0,15.0,0.5174598704590256,234.9,0.783,P00767,P00767-2025,P00767,P00767-2025,12160800.0,12.1608,Mid-Tier Rotation Contract,Market Neutral,19.316163410301954,82726.5306122449,15531034.48275862
2024-25,2025,fred vanvleet,Fred VanVleet,HOU,G,7,,280.0,130.9,28.699999999999996,30.800000000000004,7.0,2.1,13.299999999999999,0.6319275479859422,225.54000000000002,0.7518,P00305,P00305-2025,P00305,P00305-2025,42846615.0,42.846615,Max / Supermax-Level,High-Cost Low-Return,5.263893075333956,327323.26203208556,56992039.10614525
2024-25,2025,nickeil alexander walker,Nickeil Alexander-Walker,MIN,G,15,,310.5,124.50000000000001,27.0,34.5,6.0,4.5,22.5,0.5197895791583167,217.65,0.7255,P00732,P00732-2025,P00732,P00732-2025,4312500.0,4.3125,Low-Cost Rotation Contract,Efficient Role Player,50.469565217391306,34638.554216867466,5944176.430048242
2024-25,2025,franz wagner,Franz Wagner,ORL,F,5,,195.0,129.0,24.0,28.0,6.0,2.0,10.0,0.5101233786776337,213.8,0.7126666666666667,P00304,P00304-2025,P00304,P00304-2025,7007092.0,7.007092,Low-Cost Rotation Contract,Bargain Star,30.511944184549026,54318.542635658916,9832215.15434986
2024-25,2025,jalen duren,Jalen Duren,DET,C,6,,202.79999999999998,70.80000000000001,64.19999999999999,21.0,1.7999999999999998,10.2,10.2,0.7047300525561396,205.14,0.6838,P00403,P00403-2025,P00403,P00403-2025,4536840.0,4.53684,Low-Cost Rotation Contract,Bargain Star,45.21649429999736,64079.66101694914,6634747.002047382
2024-25,2025,kristaps porzingis,Kristaps Porzingis,BOS,C,11,,231.0,84.7,50.599999999999994,7.699999999999999,9.9,8.8,9.9,0.42758773878276324,203.17000000000002,0.6772333333333334,P00598,P00598-2025,P00598,P00598-2025,29268293.0,29.268293,High-Salary Starter,High-Cost Low-Return,6.94164159146555,345552.4557260921,43217443.0280061
2024-25,2025,payton pritchard,Payton Pritchard,BOS,G,11,,302.5,130.9,25.299999999999997,16.5,5.5,0.0,8.8,0.6159420289855072,193.70999999999998,0.6456999999999999,P00780,P00780-2025,P00780,P00780-2025,6696429.0,6.696429,Low-Cost Rotation Contract,Market Neutral,28.927358148649073,51156.82964094728,10370805.327551495
2024-25,2025,ty jerome,Ty Jerome,CLE,G,9,,190.79999999999998,105.3,21.599999999999998,32.4,5.3999999999999995,0.9,10.799999999999999,0.5238180515759312,187.91999999999996,0.6263999999999998,P00934,P00934-2025,P00934,P00934-2025,2560975.0,2.560975,Minimum / Two-Way / Replacement,Efficient Role Player,73.37830318531027,24320.750237416905,4088401.9795657736
2024-25,2025,tobias harris,Tobias Harris,DET,F,6,,232.79999999999998,94.19999999999999,46.2,3.0,6.0,7.199999999999999,6.0,0.6044040652910377,187.73999999999998,0.6257999999999999,P00900,P00900-2025,P00900,P00900-2025,25365854.0,25.365854,High-Salary Starter,High-Cost Low-Return,7.401288361905733,269276.58174097666,40533483.54106744
2024-25,2025,isaiah joe,Isaiah Joe,OKC,G,21,,210.0,107.1,29.4,14.7,6.3,2.1,6.3,0.6696428571428571,183.33,0.6111000000000001,P00360,P00360-2025,P00360,P00360-2025,12991650.0,12.99165,Mid-Tier Rotation Contract,Market Neutral,14.111371534793504,121303.92156862745,21259450.171821304
2024-25,2025,jalen green,Jalen Green,HOU,G,7,,219.1,93.10000000000001,37.800000000000004,20.3,4.2,2.1,9.799999999999999,0.4820237750072485,178.01000000000002,0.5933666666666667,P00404,P00404-2025,P00404,P00404-2025,12483048.0,12.483048,Mid-Tier Rotation Contract,Market Neutral,14.260139030147126,134082.14822771214,21037663.05263749
2024-25,2025,norman powell,Norman Powell,LAC,G,7,,238.0,112.0,16.8,16.8,7.700000000000001,2.1,11.9,0.5778676683039585,174.86,0.5828666666666668,P00746,P00746-2025,P00746,P00746-2025,19241379.0,19.241379,Mid-Tier Rotation Contract,Market Neutral,9.087706239765872,171798.0267857143,33011630.44721491
2024-25,2025,miles mcbride,Miles McBride,NYK,G,18,,340.2,104.39999999999999,21.599999999999998,18.0,7.2,1.8,10.799999999999999,0.5374351371386211,173.51999999999998,0.5783999999999999,P00697,P00697-2025,P00697,P00697-2025,4710144.0,4.710144,Low-Cost Rotation Contract,Market Neutral,36.83963802380564,45116.32183908046,8143402.489626558
2024-25,2025,jonathan kuminga,Jonathan Kuminga,GSW,F,8,,187.2,122.4,20.0,10.4,4.0,4.0,12.8,0.5744968458996697,173.2,0.5773333333333333,P00494,P00494-2025,P00494,P00494-2025,7636154.0,7.636154,Low-Cost Rotation Contract,Market Neutral,22.681575044191092,62386.87908496732,13226594.688221712
2024-25,2025,jrue holiday,Jrue Holiday,BOS,G,8,,264.0,76.0,32.8,32.0,7.2,0.8,16.0,0.5789858605558263,171.35999999999999,0.5711999999999999,P00519,P00519-2025,P00519,P00519-2025,30000000.0,30.0,High-Salary Starter,High-Cost Low-Return,5.712,394736.84210526315,52521008.40336135
2024-25,2025,peyton watson,Peyton Watson,DEN,G,14,,198.79999999999998,63.0,40.6,4.2,11.200000000000001,8.4,8.4,0.48035866780529457,168.42,0.5614,P00785,P00785-2025,P00785,P00785-2025,2413560.0,2.41356,Minimum / Two-Way / Replacement,Efficient Role Player,69.78073882563515,38310.47619047619,4299180.619878874
2024-25,2025,moses moody,Moses Moody,GSW,G,12,,193.20000000000002,85.19999999999999,26.400000000000002,14.399999999999999,6.0,3.5999999999999996,3.5999999999999996,0.48523783488244937,163.68,0.5456,P00707,P00707-2025,P00707,P00707-2025,5803269.0,5.803269,Low-Cost Rotation Contract,Market Neutral,28.204792850374506,68113.48591549297,10636490.102639297
2024-25,2025,luke kornet,Luke Kornet,BOS,C,11,,180.39999999999998,49.5,42.9,5.5,5.5,13.2,5.5,0.7737276478679505,159.82999999999998,0.5327666666666666,P00637,P00637-2025,P00637,P00637-2025,2087519.0,2.087519,Minimum / Two-Way / Replacement,Efficient Role Player,76.56457258592616,42172.10101010101,3918261.277607458
2024-25,2025,gary trent jr,Gary Trent Jr.,MIL,G,5,,171.0,94.0,11.0,6.0,13.0,0.0,3.0,0.7078313253012047,152.2,0.5073333333333333,P00318,P00318-2025,P00318,P00318-2025,2087519.0,2.087519,Minimum / Two-Way / Replacement,Efficient Role Player,72.90951603314748,22207.64893617021,4114689.224704337
2024-25,2025,bam adebayo,Bam Adebayo,MIA,C,4,,153.2,70.0,44.0,17.2,4.0,1.2,12.0,0.5077762302692665,152.2,0.5073333333333333,P00066,P00066-2025,P00066,P00066-2025,34848340.0,34.84834,High-Salary Starter,Expensive but Worth It,4.367496414463357,497833.4285714286,68689237.84494087
2024-25,2025,nicolas batum,Nicolas Batum,LAC,F,7,,172.20000000000002,39.199999999999996,27.3,14.0,6.3,11.9,2.8000000000000003,0.5957446808510638,144.76,0.4825333333333333,P00733,P00733-2025,P00733,P00733-2025,4668000.0,4.668,Low-Cost Rotation Contract,Market Neutral,31.011139674378747,119081.63265306124,9673943.078198398
2024-25,2025,dennis schroder,Dennis Schroder,DET,G,6,,163.8,75.0,13.799999999999999,22.200000000000003,7.199999999999999,1.2000000000000002,7.199999999999999,0.6257509010812975,142.86,0.47620000000000007,P00233,P00233-2025,P00233,P00233-2025,13025250.0,13.02525,Mid-Tier Rotation Contract,Market Neutral,10.967927678931307,173670.0,27352477.950440988
2024-25,2025,ben sheppard,Ben Sheppard,IND,G,21,,294.0,67.2,39.9,8.4,8.4,0.0,10.5,0.6430868167202572,142.38,0.47459999999999997,P00070,P00070-2025,P00070,P00070-2025,2663880.0,2.66388,Minimum / Two-Way / Replacement,Market Neutral,53.448353529438265,39641.07142857143,5612895.069532238
2024-25,2025,de andre hunter,De'Andre Hunter,CLE,F,8,,184.8,88.0,28.8,8.0,4.0,0.8,7.2,0.588109495295124,141.76000000000002,0.4725333333333334,P00220,P00220-2025,P00220,P00220-2025,21696429.0,21.696429,Mid-Tier Rotation Contract,High-Cost Low-Return,6.533794109620529,246550.32954545456,45915129.09142211
2024-25,2025,ausar thompson,Ausar Thompson,DET,G,6,,135.0,69.0,31.200000000000003,6.0,7.199999999999999,4.800000000000001,10.8,0.5964730290456431,140.64,0.46879999999999994,P00060,P00060-2025,P00060,P00060-2025,8376000.0,8.376,Low-Cost Rotation Contract,Market Neutral,16.79083094555874,121391.30434782608,17866894.197952222
2024-25,2025,austin reaves,Austin Reaves,LAL,G,5,,196.0,81.0,27.0,18.0,1.0,3.0,14.0,0.5323343848580442,138.4,0.4613333333333334,P00061,P00061-2025,P00061,P00061-2025,12976362.0,12.976362,Mid-Tier Rotation Contract,Market Neutral,10.665547092474764,160202.0,28127952.312138725
2024-25,2025,dillon brooks,Dillon Brooks,HOU,F,7,,205.79999999999998,86.10000000000001,21.7,9.1,4.8999999999999995,2.1,9.1,0.5859375000000001,137.69000000000003,0.45896666666666674,P00255,P00255-2025,P00255,P00255-2025,22255493.0,22.255493,Mid-Tier Rotation Contract,High-Cost Low-Return,6.186787234953637,258484.23925667827,48490434.30895489
2024-25,2025,bobby portis,Bobby Portis,MIL,F,5,,158.0,70.0,41.0,7.0,2.0,2.0,6.0,0.5113968439509059,135.7,0.4523333333333333,P00080,P00080-2025,P00080,P00080-2025,12578286.0,12.578286,Mid-Tier Rotation Contract,Market Neutral,10.788433336624719,179689.8,27807559.3220339
2024-25,2025,darius garland,Darius Garland,CLE,G,5,,148.0,90.0,11.0,26.0,2.0,0.0,15.0,0.5656108597285068,133.2,0.44399999999999995,P00209,P00209-2025,P00209,P00209-2025,36725670.0,36.72567,High-Salary Starter,Expensive but Worth It,3.6268909457608256,408063.0,82715472.97297299
2024-25,2025,tari eason,Tari Eason,HOU,F,7,,132.29999999999998,53.199999999999996,30.099999999999998,4.8999999999999995,7.700000000000001,7.0,9.799999999999999,0.5601415094339622,130.96999999999997,0.43656666666666655,P00879,P00879-2025,P00879,P00879-2025,3695160.0,3.69516,Minimum / Two-Way / Replacement,Efficient Role Player,35.443661438205645,69457.8947368421,8464136.825227154
2024-25,2025,wendell carter jr,Wendell Carter Jr.,ORL,C,5,,162.0,51.0,54.0,6.0,2.0,2.0,8.0,0.5743243243243243,128.8,0.42933333333333334,P00968,P00968-2025,P00968,P00968-2025,11950000.0,11.95,Mid-Tier Rotation Contract,Market Neutral,10.77824267782427,234313.72549019608,27833850.931677017
2024-25,2025,gary payton ii,Gary Payton II,GSW,G,11,,180.39999999999998,50.599999999999994,24.200000000000003,16.5,9.9,0.0,5.5,0.5348837209302325,128.59,0.42863333333333337,P00317,P00317-2025,P00317,P00317-2025,9130000.0,9.13,Low-Cost Rotation Contract,Market Neutral,14.08433734939759,180434.78260869568,21300256.629597947
2024-25,2025,steven adams,Steven Adams,HOU,C,7,,154.70000000000002,39.9,46.199999999999996,4.2,2.8000000000000003,7.700000000000001,4.8999999999999995,0.5947412353923206,128.23999999999998,0.4274666666666666,P00871,P00871-2025,P00871,P00871-2025,12600000.0,12.6,Mid-Tier Rotation Contract,Market Neutral,10.177777777777777,315789.47368421056,29475982.532751095
2024-25,2025,jaylin williams,Jaylin Williams,OKC,F,17,,141.10000000000002,44.2,32.3,17.0,8.5,1.7000000000000002,11.899999999999999,0.5499153976311337,127.16,0.42386666666666667,P00455,P00455-2025,P00455,P00455-2025,2019699.0,2.019699,Minimum / Two-Way / Replacement,Efficient Role Player,62.95987669449754,45694.547511312216,4764939.446366782
2024-25,2025,scotty pippen jr,Scotty Pippen Jr.,MEM,G,4,,129.2,73.2,22.0,14.0,4.0,1.2,14.0,0.5508066457982181,122.19999999999999,0.40733333333333327,P00845,P00845-2025,P00845,P00845-2025,2087519.0,2.087519,Minimum / Two-Way / Replacement,Efficient Role Player,58.538389351186744,28518.01912568306,5124842.062193126
2024-25,2025,kris dunn,Kris Dunn,LAC,G,7,,153.29999999999998,44.1,23.8,9.1,7.700000000000001,4.2,0.7000000000000001,0.5,121.30999999999999,0.40436666666666665,P00596,P00596-2025,P00596,P00596-2025,5168000.0,5.168,Low-Cost Rotation Contract,Market Neutral,23.47329721362229,117188.20861678004,12780479.762591708
2024-25,2025,kevin porter jr,Kevin Porter Jr.,MIL,G,5,,151.0,56.0,18.0,27.0,4.0,0.0,9.0,0.5212211466865228,121.1,0.4036666666666667,P00578,P00578-2025,P00578,P00578-2025,2237691.0,2.237691,Minimum / Two-Way / Replacement,Efficient Role Player,54.118285321789294,39958.767857142855,5543412.881915772
2024-25,2025,rui hachimura,Rui Hachimura,LAL,F,5,,182.0,74.0,23.0,5.0,3.0,3.0,7.0,0.6344307270233196,120.1,0.4003333333333333,P00827,P00827-2025,P00827,P00827-2025,17000000.0,17.0,Mid-Tier Rotation Contract,High-Cost Low-Return,7.064705882352941,229729.72972972973,42464612.822647795
2024-25,2025,malik beasley,Malik Beasley,DET,SG,6,,163.2,84.0,15.0,7.199999999999999,3.0,1.2000000000000002,7.199999999999999,0.5354957160342717,118.19999999999999,0.39399999999999996,P00646,P00646-2025,P00646,P00646-2025,6000000.0,6.0,Low-Cost Rotation Contract,Market Neutral,19.7,71428.57142857143,15228426.395939087
2024-25,2025,desmond bane,Desmond Bane,MEM,G,4,,139.2,61.2,27.2,13.2,3.2,2.0,15.2,0.4378434065934066,114.04,0.3801333333333334,P00244,P00244-2025,P00244,P00244-2025,34005250.0,34.00525,High-Salary Starter,Expensive but Worth It,3.3535998117937678,555641.339869281,89456111.89056471
2024-25,2025,davion mitchell,Davion Mitchell,MIA,G,4,,142.0,60.0,9.2,25.2,3.2,1.2,8.0,0.6761630003606203,114.03999999999999,0.3801333333333333,P00215,P00215-2025,P00215,P00215-2025,6451230.0,6.45123,Low-Cost Rotation Contract,Market Neutral,17.677249144736738,107520.5,16970966.32760435
2024-25,2025,thomas bryant,Thomas Bryant,IND,C,20,,168.0,52.0,28.0,4.0,4.0,6.0,8.0,0.6474103585657371,113.6,0.37866666666666665,P00894,P00894-2025,P00894,P00894-2025,2087519.0,2.087519,Minimum / Two-Way / Replacement,Efficient Role Player,54.41866636902466,40144.596153846156,5512814.26056338
2024-25,2025,quinten post,Quinten Post,GSW,C,12,,146.39999999999998,45.599999999999994,27.599999999999998,12.0,3.5999999999999996,3.5999999999999996,6.0,0.45982575024201344,112.32,0.37439999999999996,P00792,P00792-2025,P00792,P00792-2025,438920.0,0.43892,Minimum / Two-Way / Replacement,Efficient Role Player,255.9008475348583,9625.438596491229,1172329.05982906
2024-25,2025,sam merrill,Sam Merrill,CLE,G,8,,159.2,46.4,20.0,14.4,4.0,2.4,2.4,0.5602782071097372,108.8,0.36266666666666664,P00837,P00837-2025,P00837,P00837-2025,2164993.0,2.164993,Minimum / Two-Way / Replacement,Efficient Role Player,50.25420405516323,46659.331896551725,5969649.816176471
2024-25,2025,kenrich williams,Kenrich Williams,OKC,G,16,,137.6,38.4,35.2,6.4,6.4,1.6,6.4,0.44843049327354256,107.84,0.35946666666666666,P00564,P00564-2025,P00564,P00564-2025,6669000.0,6.669,Low-Cost Rotation Contract,Market Neutral,16.170340380866698,173671.875,18552485.16320475
2024-25,2025,derrick jones jr,Derrick Jones Jr.,LAC,F,7,,128.79999999999998,51.1,13.299999999999999,2.1,4.2,9.1,2.8000000000000003,0.49431202600216684,107.31,0.3577,P00240,P00240-2025,P00240,P00240-2025,9523810.0,9.52381,Low-Cost Rotation Contract,Market Neutral,11.267549436622529,186375.92954990215,26625132.792843163
2024-25,2025,kevon looney,Kevon Looney,GSW,F,12,,120.0,26.400000000000002,43.2,3.5999999999999996,4.800000000000001,3.5999999999999996,2.4000000000000004,0.4981884057971016,106.44000000000001,0.35480000000000006,P00580,P00580-2025,P00580,P00580-2025,8000000.0,8.0,Low-Cost Rotation Contract,Market Neutral,13.305000000000001,303030.303030303,22547914.317925587
2024-25,2025,jaren jackson jr,Jaren Jackson Jr.,MEM,F,4,,137.2,64.0,20.0,6.0,4.0,2.0,11.2,0.47904191616766467,103.8,0.346,P00431,P00431-2025,P00431,P00431-2025,25257798.0,25.257798,Mid-Tier Rotation Contract,Expensive but Worth It,4.109621907657983,394653.09375,72999416.18497111
2024-25,2025,tyler herro,Tyler Herro,MIA,G,4,,144.0,71.2,14.0,11.2,2.0,0.0,9.2,0.5114942528735632,101.6,0.33866666666666667,P00939,P00939-2025,P00939,P00939-2025,29000000.0,29.0,High-Salary Starter,Expensive but Worth It,3.503448275862069,407303.3707865168,85629921.25984251
2024-25,2025,tim hardaway jr,Tim Hardaway Jr.,DET,G,6,,187.8,72.0,16.799999999999997,7.199999999999999,1.7999999999999998,0.0,9.0,0.4781638508128785,99.36,0.3312,P00897,P00897-2025,P00897,P00897-2025,16193183.0,16.193183,Mid-Tier Rotation Contract,High-Cost Low-Return,6.135915341659511,224905.31944444444,48892460.74879227
2024-25,2025,jabari smith jr,Jabari Smith Jr.,HOU,F,7,,142.79999999999998,51.800000000000004,27.3,4.2,0.7000000000000001,4.8999999999999995,9.799999999999999,0.6707759245830313,97.86,0.3262,P00380,P00380-2025,P00380,P00380-2025,9770880.0,9.77088,Low-Cost Rotation Contract,Market Neutral,10.01547455295736,188627.027027027,29953648.068669528
2024-25,2025,zach edey,Zach Edey,MEM,C,4,,108.0,25.2,31.2,7.2,0.0,10.0,6.0,0.6859756097560976,97.44,0.3248,P00992,P00992-2025,P00992,P00992-2025,5756880.0,5.75688,Low-Cost Rotation Contract,Market Neutral,16.925834827198067,228447.61904761905,17724384.2364532
2024-25,2025,ja morant,Ja Morant,MEM,G,3,,81.9,54.900000000000006,6.0,15.0,2.0999999999999996,2.0999999999999996,6.0,0.4734064569536425,91.2,0.304,P00375,P00375-2025,P00375,P00375-2025,36725670.0,36.72567,High-Salary Starter,High-Cost Low-Return,2.483276683583989,668955.737704918,120808125.0
2024-25,2025,santi aldama,Santi Aldama,MEM,F,4,,122.0,52.0,24.0,7.2,0.0,1.2,5.2,0.5909090909090909,89.99999999999999,0.29999999999999993,P00839,P00839-2025,P00839,P00839-2025,3960531.0,3.960531,Minimum / Two-Way / Replacement,Efficient Role Player,22.724225615201593,76164.05769230769,13201770.000000004
2024-25,2025,aj green,AJ Green,MIL,G,5,,135.0,55.0,14.0,10.0,0.0,1.0,0.0,0.689568706118355,89.8,0.29933333333333334,P00002,P00002-2025,P00002,P00002-2025,2120693.0,2.120693,Minimum / Two-Way / Replacement,Efficient Role Player,42.34464865965983,38558.05454545454,7084720.489977729
2024-25,2025,bogdan bogdanovic,Bogdan Bogdanovic,LAC,G,7,,116.89999999999999,44.800000000000004,20.3,14.700000000000001,2.8000000000000003,0.0,11.200000000000001,0.4747774480712167,88.41,0.29469999999999996,P00082,P00082-2025,P00082,P00082-2025,17260000.0,17.26,Mid-Tier Rotation Contract,High-Cost Low-Return,5.122247972190034,385267.8571428571,58568035.29012556
2024-25,2025,kentavious caldwell pope,Kentavious Caldwell-Pope,ORL,G,5,,163.0,25.0,15.0,9.0,7.0,3.0,2.0,0.39357682619647355,84.5,0.2816666666666667,P00566,P00566-2025,P00566,P00566-2025,22757000.0,22.757,Mid-Tier Rotation Contract,High-Cost Low-Return,3.7131432086830425,910280.0,80794082.84023668
2024-25,2025,andrew wiggins,Andrew Wiggins,MIA,F,4,,122.0,46.0,13.2,9.2,1.2,5.2,11.2,0.4831932773109244,83.64,0.2788,P00046,P00046-2025,P00046,P00046-2025,26276786.0,26.276786,High-Salary Starter,High-Cost Low-Return,3.1830376820057062,571234.4782608695,94249591.10473458
2024-25,2025,jarace walker,Jarace Walker,IND,F,12,,117.60000000000001,36.0,21.6,8.399999999999999,2.4000000000000004,2.4000000000000004,7.199999999999999,0.5115961800818555,81.72,0.2724,P00426,P00426-2025,P00426,P00426-2025,6362520.0,6.36252,Low-Cost Rotation Contract,Market Neutral,12.843967484581581,176736.66666666666,23357268.722466964
2024-25,2025,isaac okoro,Isaac Okoro,CLE,F,9,,127.8,41.4,10.799999999999999,5.3999999999999995,6.3,0.9,3.6,0.6222943722943723,80.46000000000001,0.26820000000000005,P00355,P00355-2025,P00355,P00355-2025,10185185.0,10.185185,Low-Cost Rotation Contract,Market Neutral,7.899709234540168,246018.961352657,37976081.2826249
2024-25,2025,anthony black,Anthony Black,ORL,G,5,,89.0,41.0,22.0,0.0,4.0,1.0,2.0,0.47986891385767794,80.4,0.268,P00048,P00048-2025,P00048,P00048-2025,7607760.0,7.60776,Low-Cost Rotation Contract,Market Neutral,10.568156724186883,185555.1219512195,28387164.179104477
2024-25,2025,dorian finney smith,Dorian Finney-Smith,LAL,F,5,,170.0,31.0,21.0,13.0,1.0,2.0,5.0,0.5344827586206896,79.7,0.26566666666666666,P00263,P00263-2025,P00263,P00263-2025,14924168.0,14.924168,Mid-Tier Rotation Contract,High-Cost Low-Return,5.340331199702389,481424.77419354836,56176291.091593474
2024-25,2025,dean wade,Dean Wade,CLE,F,9,,142.20000000000002,15.299999999999999,37.800000000000004,6.3,2.6999999999999997,0.9,2.6999999999999997,0.425,78.21,0.2607,P00227,P00227-2025,P00227,P00227-2025,6166667.0,6.166667,Low-Cost Rotation Contract,Market Neutral,12.682702017151241,403050.13071895426,23654265.43920215
2024-25,2025,cory joseph,Cory Joseph,ORL,PG,5,,124.0,25.0,9.0,15.0,5.0,2.0,2.0,0.5208333333333334,77.3,0.25766666666666665,P00174,P00174-2025,P00174,P00174-2025,3303771.0,3.303771,Minimum / Two-Way / Replacement,Market Neutral,23.397505456643334,132150.84,12821879.689521346
2024-25,2025,trayce jackson davis,Trayce Jackson-Davis,GSW,F,9,,80.10000000000001,36.9,20.7,1.8,2.6999999999999997,1.8,0.9,0.7836391437308868,77.03999999999999,0.2568,P00910,P00910-2025,P00910,P00910-2025,1891857.0,1.891857,Minimum / Two-Way / Replacement,Efficient Role Player,40.721893885214364,51269.83739837399,7367044.392523365
2024-25,2025,nikola jovic,Nikola Jovic,MIA,F,4,,75.2,38.0,16.0,6.0,3.2,1.2,5.2,0.5021141649048625,74.2,0.24733333333333335,P00737,P00737-2025,P00737,P00737-2025,2464200.0,2.4642,Minimum / Two-Way / Replacement,Efficient Role Player,30.111192273354437,64847.36842105263,9963072.776280323
2024-25,2025,ajay mitchell,Ajay Mitchell,OKC,G,12,,84.0,40.8,9.600000000000001,9.600000000000001,2.4000000000000004,0.0,6.0,0.5526657997399219,67.92,0.22640000000000002,P00019,P00019-2025,P00019,P00019-2025,3000000.0,3.0,Minimum / Two-Way / Replacement,Market Neutral,22.64,73529.41176470589,13250883.392226147
2024-25,2025,cameron payne,Cameron Payne,NYK,PG,14,,102.2,29.400000000000002,8.4,8.4,5.6000000000000005,1.4000000000000001,7.0,0.39062500000000006,66.08000000000001,0.22026666666666672,P00125,P00125-2025,P00125,P00125-2025,2087519.0,2.087519,Minimum / Two-Way / Replacement,Efficient Role Player,31.654801704798864,71004.04761904762,9477235.169491524
2024-25,2025,terrence shannon jr,Terrence Shannon Jr.,MIN,G,9,,56.699999999999996,41.4,9.9,2.6999999999999997,3.6,0.0,2.6999999999999997,0.6438969764837625,65.42999999999999,0.2181,P00887,P00887-2025,P00887,P00887-2025,2546640.0,2.54664,Minimum / Two-Way / Replacement,Insufficient Minutes / Context,25.69267741023466,61513.04347826087,11676478.679504815
2024-25,2025,haywood highsmith,Haywood Highsmith,MIA,F,4,,84.0,29.2,13.2,4.0,3.2,2.0,4.0,0.7604166666666666,62.64,0.2088,P00343,P00343-2025,P00343,P00343-2025,5200000.0,5.2,Low-Cost Rotation Contract,Market Neutral,12.046153846153846,178082.19178082192,24904214.559386972
2024-25,2025,pat spencer,Pat Spencer,GSW,G,8,,63.2,36.0,11.2,6.4,3.2,0.0,6.4,0.6868131868131868,62.24,0.20746666666666666,P00771,P00771-2025,P00771,P00771-2025,438810.0,0.43881,Minimum / Two-Way / Replacement,Insufficient Minutes / Context,141.83815318702855,12189.166666666666,2115086.76092545
2024-25,2025,damian lillard,Damian Lillard,MIL,G,3,,75.0,21.0,8.100000000000001,14.100000000000001,2.0999999999999996,2.0999999999999996,3.0,0.3495805033959249,61.47,0.2049,P00192,P00192-2025,P00192,P00192-2025,48787676.0,48.787676,Max / Supermax-Level,Expensive but Worth It,1.2599493363856888,2323222.6666666665,238104812.1034651
2024-25,2025,gui santos,Gui Santos,GSW,F,10,,72.0,26.0,12.0,8.0,3.0,1.0,6.0,0.6619144602851323,58.400000000000006,0.19466666666666668,P00335,P00335-2025,P00335,P00335-2025,1891857.0,1.891857,Minimum / Two-Way / Replacement,Market Neutral,30.86914074372429,72763.73076923077,9718443.493150685
2024-25,2025,luke kennard,Luke Kennard,MEM,G,4,,80.0,18.0,14.0,8.0,4.0,1.2,6.0,0.5,56.4,0.188,P00636,P00636-2025,P00636,P00636-2025,9250000.0,9.25,Low-Cost Rotation Contract,Market Neutral,6.097297297297297,513888.8888888889,49202127.65957447
2024-25,2025,kel el ware,Kel'el Ware,MIA,C,4,,73.2,19.2,19.2,4.0,1.2,2.0,2.0,0.5333333333333333,55.839999999999996,0.18613333333333332,P00553,P00553-2025,P00553,P00553-2025,4231800.0,4.2318,Low-Cost Rotation Contract,Efficient Role Player,13.195330592182994,220406.25,22735315.18624642
2024-25,2025,brook lopez,Brook Lopez,MIL,C,5,,74.0,25.0,8.0,4.0,1.0,5.0,4.0,0.5165289256198348,54.6,0.182,P00101,P00101-2025,P00101,P00101-2025,23000000.0,23.0,Mid-Tier Rotation Contract,Market Neutral,2.373913043478261,920000.0,126373626.37362638
2024-25,2025,julian strawther,Julian Strawther,DEN,G,9,,88.2,37.800000000000004,9.0,1.8,1.8,0.9,5.3999999999999995,0.5750273822562979,54.00000000000001,0.18000000000000002,P00526,P00526-2025,P00526,P00526-2025,2552520.0,2.55252,Minimum / Two-Way / Replacement,Efficient Role Player,21.155563913309205,67526.98412698411,14180666.666666664
2024-25,2025,paul reed,Paul Reed,DET,F,5,,53.0,14.0,15.0,1.0,5.0,3.0,5.0,0.6578947368421052,52.5,0.175,P00778,P00778-2025,P00778,P00778-2025,1427671.0,1.427671,Minimum / Two-Way / Replacement,Insufficient Minutes / Context,36.773178134177975,101976.5,8158120.000000001
2024-25,2025,jaylon tyson,Jaylon Tyson,CLE,G,4,,31.2,24.0,7.2,7.2,2.0,1.2,2.0,0.672645739910314,51.04,0.17013333333333333,P00456,P00456-2025,P00456,P00456-2025,3326160.0,3.32616,Minimum / Two-Way / Replacement,Insufficient Minutes / Context,15.345022488395028,138590.0,19550313.479623824
2024-25,2025,sam hauser,Sam Hauser,BOS,F,8,,108.0,28.0,12.0,4.0,0.8,0.8,3.2,0.5749014454664915,49.99999999999999,0.16666666666666663,P00836,P00836-2025,P00836,P00836-2025,2092344.0,2.092344,Minimum / Two-Way / Replacement,Efficient Role Player,23.896644146469217,74726.57142857143,12554064.000000002
2024-25,2025,kyle kuzma,Kyle Kuzma,MIL,F,5,,102.0,29.0,11.0,4.0,0.0,1.0,3.0,0.38522848034006374,48.2,0.16066666666666668,P00602,P00602-2025,P00602,P00602-2025,22410605.0,22.410605,Mid-Tier Rotation Contract,High-Cost Low-Return,2.150767460316221,772779.4827586206,139485093.36099583
2024-25,2025,jarred vanderbilt,Jarred Vanderbilt,LAL,F,5,,60.0,7.0,19.0,5.0,3.0,1.0,3.0,0.45103092783505155,46.3,0.15433333333333332,P00432,P00432-2025,P00432,P00432-2025,10714286.0,10.714286,Low-Cost Rotation Contract,Market Neutral,4.321333218097781,1530612.2857142857,69423019.43844493
2024-25,2025,john konchar,John Konchar,MEM,G,4,,69.2,11.2,13.2,6.0,2.0,2.0,2.0,0.5109489051094891,46.04,0.15346666666666667,P00484,P00484-2025,P00484,P00484-2025,6165000.0,6.165,Low-Cost Rotation Contract,Market Neutral,7.467964314679643,550446.4285714286,40171589.921807125
2024-25,2025,tony bradley,Tony Bradley,IND,C,11,,78.1,16.5,20.9,3.3,0.0,1.1,4.4,0.5841121495327102,45.43,0.15143333333333334,P00904,P00904-2025,P00904,P00904-2025,330394.0,0.330394,Minimum / Two-Way / Replacement,Insufficient Minutes / Context,137.50249701871098,20023.878787878788,2181778.560422628
2024-25,2025,craig porter jr,Craig Porter Jr.,CLE,G,6,,34.8,12.0,6.0,9.0,3.0,1.7999999999999998,1.7999999999999998,0.5,45.300000000000004,0.15100000000000002,P00175,P00175-2025,P00175,P00175-2025,1891857.0,1.891857,Minimum / Two-Way / Replacement,Market Neutral,23.94472732347107,157654.75,12528854.30463576
2024-25,2025,landry shamet,Landry Shamet,NYK,G,11,,82.5,26.4,4.4,7.699999999999999,1.1,0.0,4.4,0.6072874493927125,42.129999999999995,0.14043333333333333,P00613,P00613-2025,P00613,P00613-2025,1343690.0,1.34369,Minimum / Two-Way / Replacement,Market Neutral,31.353958130223486,50897.34848484849,9568169.950154284
2024-25,2025,dillon jones,Dillon Jones,OKC,F,10,,46.0,23.0,9.0,5.0,1.0,1.0,6.0,0.968013468013468,41.3,0.13766666666666666,P00256,P00256-2025,P00256,P00256-2025,2622360.0,2.62236,Minimum / Two-Way / Replacement,Market Neutral,15.749172501105873,114015.65217391304,19048619.85472155
2024-25,2025,jonathan isaac,Jonathan Isaac,ORL,F,5,,69.0,18.0,10.0,2.0,2.0,1.0,2.0,0.6338028169014085,40.0,0.13333333333333333,P00493,P00493-2025,P00493,P00493-2025,25000000.0,25.0,Mid-Tier Rotation Contract,High-Cost Low-Return,1.6,1388888.888888889,187500000.0
2024-25,2025,javonte green,Javonte Green,CLE,G,6,,39.0,15.0,9.0,1.7999999999999998,4.199999999999999,0.0,1.7999999999999998,0.5841121495327103,39.3,0.13099999999999998,P00442,P00442-2025,P00442,P00442-2025,599862.0,0.599862,Minimum / Two-Way / Replacement,Efficient Role Player,65.51506846574712,39990.8,4579099.236641223
2024-25,2025,pelle larsson,Pelle Larsson,MIA,G,4,,52.0,20.0,9.2,4.0,1.2,0.0,2.0,0.6021194605009633,38.64,0.1288,P00782,P00782-2025,P00782,P00782-2025,1157143.0,1.157143,Minimum / Two-Way / Replacement,Efficient Role Player,33.3925884700508,57857.15,8984029.50310559
2024-25,2025,jericho sims,Jericho Sims,MIL,C,5,,58.0,14.0,20.0,1.0,0.0,1.0,5.0,0.9562841530054644,37.5,0.125,P00468,P00468-2025,P00468,P00468-2025,2092344.0,2.092344,Minimum / Two-Way / Replacement,Market Neutral,17.922483109851914,149453.14285714287,16738752.0
2024-25,2025,kevin knox ii,Kevin Knox II,GSW,F,5,,38.0,21.0,7.0,4.0,0.0,1.0,2.0,0.47297297297297297,36.4,0.12133333333333333,P00574,P00574-2025,P00574,P00574-2025,263939.0,0.263939,Minimum / Two-Way / Replacement,Insufficient Minutes / Context,137.91065359799046,12568.52380952381,2175321.4285714286
2024-25,2025,gabe vincent,Gabe Vincent,LAL,G,5,,99.0,14.0,5.0,5.0,1.0,2.0,1.0,0.5,35.5,0.11833333333333333,P00309,P00309-2025,P00309,P00309-2025,11000000.0,11.0,Low-Cost Rotation Contract,Market Neutral,3.227272727272727,785714.2857142857,92957746.47887324
2024-25,2025,vince williams jr,Vince Williams Jr.,MEM,G,3,,38.099999999999994,14.100000000000001,6.8999999999999995,3.9000000000000004,2.0999999999999996,0.8999999999999999,3.0,0.901073619631902,34.230000000000004,0.11410000000000001,P00960,P00960-2025,P00960,P00960-2025,2120693.0,2.120693,Minimum / Two-Way / Replacement,Insufficient Minutes / Context,16.14095015167212,150403.7588652482,18586266.432953548
2024-25,2025,tristan thompson,Tristan Thompson,CLE,C,3,,29.099999999999998,6.8999999999999995,15.0,0.8999999999999999,0.8999999999999999,2.0999999999999996,2.0999999999999996,0.47131147540983603,33.15,0.1105,P00929,P00929-2025,P00929,P00929-2025,2087519.0,2.087519,Minimum / Two-Way / Replacement,Insufficient Minutes / Context,15.880094983566616,302538.9855072464,18891574.660633486
2024-25,2025,ben simmons,Ben Simmons,LAC,PG,5,,42.0,4.0,7.0,4.0,1.0,4.0,2.0,0.3333333333333333,31.4,0.10466666666666666,P00071,P00071-2025,P00071,P00071-2025,755826.0,0.755826,Minimum / Two-Way / Replacement,Efficient Role Player,41.54395323791454,188956.5,7221267.515923567
2024-25,2025,marvin bagley iii,Marvin Bagley III,MEM,F,2,,28.0,17.0,6.0,0.0,2.0,1.0,3.0,0.9444444444444444,30.200000000000003,0.10066666666666668,P00668,P00668-2025,P00668,P00668-2025,12500000.0,12.5,Mid-Tier Rotation Contract,Insufficient Minutes / Context,2.4160000000000004,735294.1176470588,124172185.43046355
2024-25,2025,hunter tyson,Hunter Tyson,DEN,F,5,,30.0,15.0,8.0,2.0,1.0,0.0,1.0,0.6377551020408163,29.6,0.09866666666666667,P00349,P00349-2025,P00349,P00349-2025,1891857.0,1.891857,Minimum / Two-Way / Replacement,Insufficient Minutes / Context,15.646002842709573,126123.8,19174226.35135135
2024-25,2025,gary harris,Gary Harris,ORL,G,5,,83.0,7.0,5.0,3.0,3.0,1.0,0.0,0.4375,29.5,0.09833333333333333,P00316,P00316-2025,P00316,P00316-2025,6730769.0,6.730769,Low-Cost Rotation Contract,Market Neutral,4.382857293126536,961538.4285714285,68448498.30508475
2024-25,2025,taurean prince,Taurean Prince,MIL,F,5,,61.0,6.0,5.0,8.0,2.0,1.0,5.0,0.3,28.0,0.09333333333333334,P00880,P00880-2025,P00880,P00880-2025,2087519.0,2.087519,Minimum / Two-Way / Replacement,Efficient Role Player,13.413051569830024,347919.8333333333,22366275.0
2024-25,2025,delon wright,Delon Wright,NYK,G,6,,48.0,7.199999999999999,1.7999999999999998,4.800000000000001,3.0,1.2000000000000002,1.2000000000000002,0.3676470588235294,27.960000000000004,0.09320000000000002,P00231,P00231-2025,P00231,P00231-2025,2087519.0,2.087519,Minimum / Two-Way / Replacement,Market Neutral,13.393890067587412,289933.1944444445,22398272.532188836
2024-25,2025,precious achiuwa,Precious Achiuwa,NYK,PF,8,,34.4,14.4,8.8,0.0,0.8,0.0,0.8,0.44554455445544555,26.56,0.08853333333333332,P00787,P00787-2025,P00787,P00787-2025,6000000.0,6.0,Low-Cost Rotation Contract,Market Neutral,4.426666666666667,416666.6666666666,67771084.3373494
2024-25,2025,jaylen clark,Jaylen Clark,MIN,G,5,,28.0,11.0,7.0,1.0,2.0,0.0,1.0,0.8136094674556213,25.9,0.08633333333333333,P00448,P00448-2025,P00448,P00448-2025,429323.0,0.429323,Minimum / Two-Way / Replacement,Efficient Role Player,60.327538939213596,39029.36363636364,4972853.281853282
2024-25,2025,zeke nnaji,Zeke Nnaji,DEN,F,6,,34.2,7.199999999999999,7.199999999999999,1.7999999999999998,1.2000000000000002,1.7999999999999998,1.7999999999999998,0.3282275711159737,25.74,0.0858,P00995,P00995-2025,P00995,P00995-2025,8888889.0,8.888889,Low-Cost Rotation Contract,Market Neutral,2.895749963803125,1234567.9166666667,103600104.8951049
2024-25,2025,ousmane dieng,Ousmane Dieng,OKC,F,9,,32.4,14.4,3.6,2.6999999999999997,0.0,0.9,0.0,0.6734006734006734,25.47,0.08489999999999999,P00761,P00761-2025,P00761,P00761-2025,5027040.0,5.02704,Low-Cost Rotation Contract,Insufficient Minutes / Context,5.066599828129475,349100.0,59211307.420494705
2024-25,2025,jalen pickett,Jalen Pickett,DEN,G,8,,56.8,12.8,7.2,4.8,0.0,0.8,6.4,0.4210526315789474,24.64,0.08213333333333334,P00408,P00408-2025,P00408,P00408-2025,1891857.0,1.891857,Minimum / Two-Way / Replacement,Market Neutral,13.024240204201481,147801.328125,23033973.214285713
2024-25,2025,jordan miller,Jordan Miller,LAC,G,3,,12.899999999999999,6.8999999999999995,2.0999999999999996,3.9000000000000004,3.0,0.0,0.0,0.4409509202453988,24.27,0.0809,P00503,P00503-2025,P00503,P00503-2025,1050000.0,1.05,Minimum / Two-Way / Replacement,Insufficient Minutes / Context,23.114285714285714,152173.91304347827,12978986.402966626
2024-25,2025,braxton key,Braxton Key,GSW,F,5,,23.0,2.0,9.0,1.0,2.0,2.0,3.0,0.125,23.299999999999997,0.07766666666666666,P00097,P00097-2025,P00097,P00097-2025,,,Salary Unavailable,Salary Unavailable,,,
2024-25,2025,kobe brown,Kobe Brown,LAC,G,3,,15.0,15.899999999999999,0.8999999999999999,3.9000000000000004,0.0,0.0,0.0,0.9357344632768358,22.83,0.0761,P00590,P00590-2025,P00590,P00590-2025,2533920.0,2.53392,Minimum / Two-Way / Replacement,Insufficient Minutes / Context,9.009755635537033,159366.03773584907,33297240.47306176
2024-25,2025,cole anthony,Cole Anthony,ORL,G,5,,51.0,11.0,7.0,6.0,0.0,1.0,9.0,0.3489847715736041,22.4,0.07466666666666666,P00165,P00165-2025,P00165,P00165-2025,12900000.0,12.9,Mid-Tier Rotation Contract,Market Neutral,1.7364341085271315,1172727.2727272727,172767857.14285716
2024-25,2025,james johnson,James Johnson,IND,PF,5,,18.0,7.0,1.0,2.0,2.0,2.0,1.0,0.5952380952380952,22.2,0.074,P00421,P00421-2025,P00421,P00421-2025,2087519.0,2.087519,Minimum / Two-Way / Replacement,Insufficient Minutes / Context,10.634633744650946,298217.0,28209716.216216218
2024-25,2025,jay huff,Jay Huff,MEM,C,2,,18.0,8.0,3.0,1.0,0.0,3.0,1.0,0.6944444444444444,21.1,0.07033333333333334,P00445,P00445-2025,P00445,P00445-2025,2088033.0,2.088033,Minimum / Two-Way / Replacement,Efficient Role Player,10.105204275986061,261004.125,29687672.985781986
2024-25,2025,jaxson hayes,Jaxson Hayes,LAL,C,4,,31.2,7.2,8.0,1.2,0.0,1.2,1.2,0.4054054054054054,21.000000000000004,0.07,P00444,P00444-2025,P00444,P00444-2025,2463946.0,2.463946,Minimum / Two-Way / Replacement,Efficient Role Player,8.522914057369766,342214.7222222222,35199228.57142857
2024-25,2025,ryan rollins,Ryan Rollins,MIL,G,3,,30.0,9.899999999999999,2.0999999999999996,3.9000000000000004,0.8999999999999999,0.0,0.0,0.3837209302325581,20.97,0.06989999999999999,P00833,P00833-2025,P00833,P00833-2025,491887.0,0.491887,Minimum / Two-Way / Replacement,Efficient Role Player,42.6317426563418,49685.55555555556,7037010.014306152
2024-25,2025,rob dillingham,Rob Dillingham,MIN,G,3,,15.899999999999999,8.100000000000001,2.0999999999999996,6.8999999999999995,0.0,0.0,0.0,0.4488031914893617,20.97,0.06989999999999999,P00812,P00812-2025,P00812,P00812-2025,6262920.0,6.26292,Low-Cost Rotation Contract,Market Neutral,3.348278438811289,773199.9999999999,89598283.26180258
2024-25,2025,deandre jordan,DeAndre Jordan,DEN,C,7,,35.699999999999996,6.3,9.1,2.1,0.0,0.7000000000000001,2.1,0.6777108433734939,20.369999999999997,0.06789999999999999,P00222,P00222-2025,P00222,P00222-2025,2087519.0,2.087519,Minimum / Two-Way / Replacement,Efficient Role Player,9.757995017051341,331352.22222222225,30744020.618556708
2024-25,2025,neemias queta,Neemias Queta,BOS,C,4,,13.2,10.0,2.0,2.0,1.2,0.0,0.0,0.8333333333333334,19.0,0.06333333333333334,P00726,P00726-2025,P00726,P00726-2025,2162606.0,2.162606,Minimum / Two-Way / Replacement,Efficient Role Player,8.785696516147649,216260.6,34146410.526315786
2024-25,2025,torrey craig,Torrey Craig,BOS,SF,5,,21.0,6.0,5.0,3.0,1.0,0.0,1.0,0.75,18.5,0.06166666666666667,P00906,P00906-2025,P00906,P00906-2025,2845342.0,2.845342,Minimum / Two-Way / Replacement,Insufficient Minutes / Context,6.50185461009608,474223.6666666667,46140681.08108108
2024-25,2025,jordan goodwin,Jordan Goodwin,LAL,G,4,,31.2,3.2,5.2,2.0,1.2,1.2,1.2,0.2631578947368421,18.44,0.06146666666666667,P00499,P00499-2025,P00499,P00499-2025,223718.0,0.223718,Minimum / Two-Way / Replacement,Efficient Role Player,82.42519600568573,69911.875,3639663.7744034706
2024-25,2025,aaron holiday,Aaron Holiday,HOU,G,3,,27.0,12.0,2.0999999999999996,3.0,0.0,0.0,0.8999999999999999,0.5165289256198348,18.12,0.0604,P00007,P00007-2025,P00007,P00007-2025,4668000.0,4.668,Low-Cost Rotation Contract,Market Neutral,3.8817480719794344,389000.0,77284768.21192053
2024-25,2025,leonard miller,Leonard Miller,MIN,F,3,,12.899999999999999,12.899999999999999,5.1,0.0,0.0,0.0,0.8999999999999999,0.7962962962962961,18.119999999999997,0.06039999999999999,P00621,P00621-2025,P00621,P00621-2025,1891857.0,1.891857,Minimum / Two-Way / Replacement,Insufficient Minutes / Context,9.577890929388426,146655.58139534885,31322135.76158941
2024-25,2025,duncan robinson,Duncan Robinson,MIA,F,4,,59.2,17.2,4.0,1.2,0.0,0.0,6.0,0.5456852791878173,17.8,0.059333333333333335,P00272,P00272-2025,P00272,P00272-2025,19406000.0,19.406,Mid-Tier Rotation Contract,High-Cost Low-Return,0.9172420900752346,1128255.8139534884,327067415.7303371
2024-25,2025,luka garza,Luka Garza,MIN,C,5,,19.0,13.0,3.0,0.0,0.0,0.0,0.0,1.0833333333333333,16.6,0.05533333333333334,P00634,P00634-2025,P00634,P00634-2025,2162606.0,2.162606,Minimum / Two-Way / Replacement,Insufficient Minutes / Context,7.675924324634262,166354.3076923077,39083240.963855416
2024-25,2025,isaiah stewart,Isaiah Stewart,DET,F,1,,19.0,2.0,5.0,1.0,0.0,2.0,0.0,0.5,15.5,0.051666666666666666,P00365,P00365-2025,P00365,P00365-2025,15000000.0,15.0,Mid-Tier Rotation Contract,Market Neutral,1.0333333333333334,7500000.0,290322580.6451613
2024-25,2025,caleb houstan,Caleb Houstan,ORL,G,5,,47.0,6.0,4.0,1.0,0.0,1.0,2.0,0.21428571428571427,13.3,0.044333333333333336,P00114,P00114-2025,P00114,P00114-2025,2019693.0,2.019693,Minimum / Two-Way / Replacement,Market Neutral,6.585159229645297,336615.5,45556984.96240601
2024-25,2025,ronald holland ii,Ronald Holland II,DET,F,5,,34.0,9.0,6.0,0.0,0.0,1.0,6.0,0.4787234042553191,13.2,0.044,P00823,P00823-2025,P00823,P00823-2025,8245320.0,8.24532,Low-Cost Rotation Contract,Market Neutral,1.6009081515332333,916146.6666666666,187393636.36363637
2024-25,2025,johnny furphy,Johnny Furphy,IND,G,11,,35.2,2.2,5.5,1.1,0.0,1.1,1.1,0.22522522522522523,12.650000000000002,0.04216666666666667,P00490,P00490-2025,P00490,P00490-2025,1850842.0,1.850842,Minimum / Two-Way / Replacement,Insufficient Minutes / Context,6.834727113389475,841291.8181818181,43893486.1660079
2024-25,2025,baylor scheierman,Baylor Scheierman,BOS,G,4,,22.0,8.0,4.0,0.0,0.0,0.0,1.2,0.4,11.600000000000001,0.03866666666666667,P00067,P00067-2025,P00067,P00067-2025,2494320.0,2.49432,Minimum / Two-Way / Replacement,Insufficient Minutes / Context,4.650566086147728,311790.0,64508275.86206896
2024-25,2025,jd davison,JD Davison,BOS,G,4,,13.2,4.0,3.2,3.2,0.0,0.0,1.2,0.2252252252252252,11.440000000000001,0.03813333333333334,P00373,P00373-2025,P00373,P00373-2025,,,Salary Unavailable,Salary Unavailable,,,
2024-25,2025,alec burks,Alec Burks,MIA,SG,1,,15.0,6.0,2.0,2.0,0.0,0.0,0.0,1.0,11.4,0.038,P00021,P00021-2025,P00021,P00021-2025,2087519.0,2.087519,Minimum / Two-Way / Replacement,Market Neutral,5.461028139145081,347919.8333333333,54934710.52631579
2024-25,2025,reed sheppard,Reed Sheppard,HOU,G,3,,9.899999999999999,0.0,0.8999999999999999,0.8999999999999999,2.0999999999999996,0.8999999999999999,0.8999999999999999,0.0,10.529999999999998,0.03509999999999999,P00804,P00804-2025,P00804,P00804-2025,10098960.0,10.09896,Low-Cost Rotation Contract,Market Neutral,1.0426816226621354,,287719658.1196582
2024-25,2025,goga bitadze,Goga Bitadze,ORL,C,3,,11.100000000000001,2.0999999999999996,3.0,0.8999999999999999,0.0,0.8999999999999999,0.0,1.1666666666666665,9.749999999999998,0.032499999999999994,P00324,P00324-2025,P00324,P00324-2025,9057971.0,9.057971,Low-Cost Rotation Contract,Market Neutral,1.0764000017222397,4313319.523809524,278706800.00000006
2024-25,2025,cam christie,Cam Christie,LAC,G,3,,12.899999999999999,5.1,2.0999999999999996,0.0,0.8999999999999999,0.0,0.8999999999999999,0.85,9.419999999999998,0.03139999999999999,P00117,P00117-2025,P00117,P00117-2025,1157153.0,1.157153,Minimum / Two-Way / Replacement,Insufficient Minutes / Context,8.140669384256013,226892.74509803925,36852006.369426765
2024-25,2025,lamar stevens,Lamar Stevens,MEM,F,2,,12.0,4.0,4.0,1.0,0.0,0.0,1.0,0.2222222222222222,9.3,0.031000000000000003,P00611,P00611-2025,P00611,P00611-2025,383912.0,0.383912,Minimum / Two-Way / Replacement,Insufficient Minutes / Context,24.22430140240472,95978.0,12384258.064516127
2024-25,2025,jaime jaquez jr,Jaime Jaquez Jr.,MIA,F,3,,18.9,3.9000000000000004,3.9000000000000004,0.8999999999999999,0.0,0.0,0.8999999999999999,0.281629116117851,9.030000000000001,0.030100000000000005,P00397,P00397-2025,P00397,P00397-2025,3685800.0,3.6858,Minimum / Two-Way / Replacement,Efficient Role Player,2.4499430245808242,945076.923076923,122451827.24252489
2024-25,2025,josh minott,Josh Minott,MIN,F,5,,23.0,5.0,0.0,2.0,0.0,1.0,2.0,0.3125,9.0,0.03,P00514,P00514-2025,P00514,P00514-2025,2019699.0,2.019699,Minimum / Two-Way / Replacement,Insufficient Minutes / Context,4.456109548997152,403939.8,67323300.0
2024-25,2025,pat connaughton,Pat Connaughton,MIL,G,3,,14.100000000000001,6.0,2.0999999999999996,0.8999999999999999,0.0,0.0,0.8999999999999999,0.3324468085106383,8.969999999999999,0.029899999999999996,P00770,P00770-2025,P00770,P00770-2025,9423869.0,9.423869,Low-Cost Rotation Contract,Market Neutral,0.9518383585340585,1570644.8333333333,315179565.2173914
2024-25,2025,dalton knecht,Dalton Knecht,LAL,F,2,,4.0,5.0,3.0,0.0,0.0,0.0,0.0,0.5,8.6,0.028666666666666667,P00190,P00190-2025,P00190,P00190-2025,3819120.0,3.81912,Minimum / Two-Way / Replacement,Market Neutral,2.2518276461593247,763824.0,133225116.27906977
2024-25,2025,tyler kolek,Tyler Kolek,NYK,G,3,,6.0,3.0,0.8999999999999999,3.0,0.0,0.0,0.0,1.6666666666666667,8.58,0.0286,P00941,P00941-2025,P00941,P00941-2025,2087519.0,2.087519,Minimum / Two-Way / Replacement,Insufficient Minutes / Context,4.110142231040772,695839.6666666666,72990174.82517482
2024-25,2025,chuma okeke,Chuma Okeke,CLE,F,3,,12.899999999999999,3.0,0.0,0.8999999999999999,0.8999999999999999,0.0,0.0,0.3846153846153846,7.049999999999999,0.023499999999999997,P00158,P00158-2025,P00158,P00158-2025,,,Salary Unavailable,Salary Unavailable,,,
2024-25,2025,ariel hukporti,Ariel Hukporti,NYK,C,3,,5.1,3.9000000000000004,2.0999999999999996,0.0,0.0,0.0,0.0,0.64484126984127,6.42,0.0214,P00055,P00055-2025,P00055,P00055-2025,1064558.0,1.064558,Minimum / Two-Way / Replacement,Insufficient Minutes / Context,6.030671884481635,272963.5897435897,49745700.93457944
2024-25,2025,jett howard,Jett Howard,ORL,G,1,,4.0,6.0,0.0,0.0,0.0,0.0,0.0,1.5,6.0,0.02,P00471,P00471-2025,P00471,P00471-2025,5278320.0,5.27832,Low-Cost Rotation Contract,Market Neutral,1.136725321693266,879720.0,263916000.0
2024-25,2025,xavier tillman,Xavier Tillman,BOS,F,1,,8.0,2.0,3.0,0.0,0.0,0.0,0.0,0.25,5.6,0.018666666666666665,P00981,P00981-2025,P00981,P00981-2025,2237691.0,2.237691,Minimum / Two-Way / Replacement,Insufficient Minutes / Context,2.5025796680596204,1118845.5,119876303.57142858
2024-25,2025,drew eubanks,Drew Eubanks,LAC,F,3,,12.899999999999999,3.9000000000000004,0.8999999999999999,0.0,0.0,0.0,0.0,0.41139240506329117,4.98,0.0166,P00267,P00267-2025,P00267,P00267-2025,5000000.0,5.0,Low-Cost Rotation Contract,Market Neutral,0.9960000000000001,1282051.282051282,301204819.27710843
2024-25,2025,alex len,Alex Len,LAL,C,2,,4.0,0.0,4.0,0.0,0.0,0.0,0.0,0.0,4.8,0.016,P00028,P00028-2025,P00028,P00028-2025,743829.0,0.743829,Minimum / Two-Way / Replacement,Insufficient Minutes / Context,6.453096074500994,,46489312.5
2024-25,2025,tristan da silva,Tristan da Silva,ORL,F,2,,5.0,0.0,4.0,1.0,0.0,0.0,2.0,0.0,4.3,0.014333333333333333,P00931,P00931-2025,P00931,P00931-2025,3628440.0,3.62844,Minimum / Two-Way / Replacement,Market Neutral,1.1850822943193218,,253146976.74418604
2024-25,2025,jeff green,Jeff Green,HOU,F,3,,5.1,3.0,0.8999999999999999,0.0,0.0,0.0,0.0,0.5,4.08,0.013600000000000001,P00461,P00461-2025,P00461,P00461-2025,8000000.0,8.0,Low-Cost Rotation Contract,Insufficient Minutes / Context,0.51,2666666.6666666665,588235294.117647
2024-25,2025,jordan walsh,Jordan Walsh,BOS,G,5,,15.0,0.0,1.0,1.0,0.0,0.0,0.0,0.0,2.7,0.009000000000000001,P00507,P00507-2025,P00507,P00507-2025,1891857.0,1.891857,Minimum / Two-Way / Replacement,Insufficient Minutes / Context,1.42716917822013,,210206333.3333333
2024-25,2025,keshad johnson,Keshad Johnson,MIA,F,2,,8.0,2.0,1.0,0.0,0.0,0.0,1.0,1.0,2.2,0.007333333333333334,P00569,P00569-2025,P00569,P00569-2025,724883.0,0.724883,Minimum / Two-Way / Replacement,Insufficient Minutes / Context,3.0349725403961743,362441.5,98847681.81818181
2024-25,2025,patty mills,Patty Mills,LAC,PG,1,,4.0,3.0,0.0,0.0,0.0,0.0,1.0,0.75,2.0,0.006666666666666667,P00775,P00775-2025,P00775,P00775-2025,2087519.0,2.087519,Minimum / Two-Way / Replacement,Insufficient Minutes / Context,0.958075112130716,695839.6666666666,313127850.0
2024-25,2025,jock landale,Jock Landale,HOU,C,1,,5.0,2.0,0.0,0.0,0.0,0.0,0.0,0.5,2.0,0.006666666666666667,P00475,P00475-2025,P00475,P00475-2025,8000000.0,8.0,Low-Cost Rotation Contract,Insufficient Minutes / Context,0.25,4000000.0,1200000000.0
2024-25,2025,pacome dadiet,Pacome Dadiet,NYK,F,2,,4.0,2.0,0.0,0.0,0.0,0.0,0.0,1.0,2.0,0.006666666666666667,P00766,P00766-2025,P00766,P00766-2025,1808080.0,1.80808,Minimum / Two-Way / Replacement,Insufficient Minutes / Context,1.1061457457634618,904040.0,271212000.0
2024-25,2025,kyle anderson,Kyle Anderson,MIA,F,2,,14.0,0.0,1.0,1.0,0.0,0.0,1.0,0.0,1.7000000000000002,0.005666666666666667,P00599,P00599-2025,P00599,P00599-2025,8780488.0,8.780488,Low-Cost Rotation Contract,Market Neutral,0.1936111068086421,,1549497882.352941
2024-25,2025,chris livingston,Chris Livingston,MIL,F,2,,5.0,0.0,1.0,0.0,0.0,0.0,0.0,0.0,1.2,0.004,P00150,P00150-2025,P00150,P00150-2025,1891857.0,1.891857,Minimum / Two-Way / Replacement,Insufficient Minutes / Context,0.6342974125422799,,472964250.0
2024-25,2025,cam whitmore,Cam Whitmore,HOU,F,3,,5.1,0.0,0.8999999999999999,0.0,0.0,0.0,0.0,0.0,1.0799999999999998,0.0035999999999999995,P00122,P00122-2025,P00122,P00122-2025,3379080.0,3.37908,Minimum / Two-Way / Replacement,Market Neutral,0.3196136226428495,,938633333.3333335
2024-25,2025,maxi kleber,Maxi Kleber,LAL,F,1,,5.0,2.0,0.0,0.0,0.0,0.0,1.0,0.5319148936170213,1.0,0.0033333333333333335,P00681,P00681-2025,P00681,P00681-2025,11000000.0,11.0,Low-Cost Rotation Contract,Market Neutral,0.09090909090909091,5500000.0,3300000000.0
2024-25,2025,vlatko cancar,Vlatko Cancar,DEN,SF,3,,11.100000000000001,0.0,2.0999999999999996,0.0,0.0,0.0,2.0999999999999996,,0.41999999999999993,0.0013999999999999998,P00963,P00963-2025,P00963,P00963-2025,2087519.0,2.087519,Minimum / Two-Way / Replacement,Insufficient Minutes / Context,0.20119577354745033,,1491085000.0000002
2024-25,2025,p j tucker,P.J. Tucker,NYK,PF,1,,4.0,0.0,0.0,0.0,0.0,0.0,0.0,,0.0,0.0,P00762,P00762-2025,P00762,P00762-2025,246833.0,0.246833,Minimum / Two-Way / Replacement,Insufficient Minutes / Context,0.0,,
2024-25,2025,shake milton,Shake Milton,LAL,SG,2,,4.0,0.0,0.0,0.0,0.0,0.0,0.0,0.0,0.0,0.0,P00854,P00854-2025,P00854,P00854-2025,2875000.0,2.875,Minimum / Two-Way / Replacement,Market Neutral,0.0,,
2024-25,2025,andre jackson jr,Andre Jackson Jr.,MIL,G,2,,5.0,0.0,0.0,0.0,0.0,0.0,0.0,0.0,0.0,0.0,P00044,P00044-2025,P00044,P00044-2025,1891857.0,1.891857,Minimum / Two-Way / Replacement,Efficient Role Player,0.0,,
2024-25,2025,bronny james,Bronny James,LAL,G,2,,4.0,0.0,0.0,0.0,0.0,0.0,0.0,0.0,0.0,0.0,P00100,P00100-2025,P00100,P00100-2025,1157153.0,1.157153,Minimum / Two-Way / Replacement,Insufficient Minutes / Context,0.0,,
2024-25,2025,nate williams,Nate Williams,HOU,G,3,,5.1,0.0,0.0,0.0,0.0,0.0,0.8999999999999999,0.0,-0.8999999999999999,-0.0029999999999999996,P00723,P00723-2025,P00723,P00723-2025,515881.0,0.515881,Minimum / Two-Way / Replacement,Insufficient Minutes / Context,-1.7445883837551681,,
2025-26,2026,victor wembanyama,Victor Wembanyama,SAS,F,21,,714.0,504.0,224.7,56.7,21.0,73.5,56.7,0.6132461161079313,1085.49,3.6183,P00959,P00959-2026,P00959,P00959-2026,13376880.0,13.37688,Mid-Tier Rotation Contract,Market Neutral,81.14672479681361,26541.428571428572,3697006.881684769
2025-26,2026,karl anthony towns,Karl-Anthony Towns,NYK,C,18,,554.4,300.59999999999997,190.79999999999998,93.60000000000001,21.599999999999998,23.400000000000002,45.0,0.7021527077026573,759.9599999999999,2.5332,P00544,P00544-2026,P00544,P00544-2026,54126450.0,54.12645,Max / Supermax-Level,Expensive but Worth It,14.040455267249191,180061.377245509,21366828.517290384
2025-26,2026,stephon castle,Stephon Castle,SAS,G,22,,728.2,411.4,110.0,136.4,19.8,8.8,77.0,0.5995126955629648,756.8,2.5226666666666664,P00869,P00869-2026,P00869,P00869-2026,9560520.0,9.56052,Low-Cost Rotation Contract,Market Neutral,79.1588742034952,23238.988818667964,3789846.723044398
2025-26,2026,jalen brunson,Jalen Brunson,NYK,G,18,,660.6,493.2,57.6,111.60000000000001,21.599999999999998,0.0,48.6,0.5657416584076643,745.9199999999998,2.4863999999999993,P00402,P00402-2026,P00402,P00402-2026,34944001.0,34.944001,High-Salary Starter,Expensive but Worth It,21.346153235286362,70851.58353609084,14054054.45624196
2025-26,2026,shai gilgeous alexander,Shai Gilgeous-Alexander,OKC,G,15,,544.5,414.0,43.5,118.5,19.5,13.5,46.5,0.5908545983901352,696.45,2.3215000000000003,P00853,P00853-2026,P00853,P00853-2026,38333050.0,38.33305,High-Salary Starter,Expensive but Worth It,18.16839515770334,92591.90821256039,16512190.394141717
2025-26,2026,evan mobley,Evan Mobley,CLE,C,18,,640.8000000000001,306.0,145.79999999999998,70.2,16.2,32.4,41.4,0.6109833237492812,690.66,2.3022,P00298,P00298-2026,P00298,P00298-2026,46394100.0,46.3941,Max / Supermax-Level,Expensive but Worth It,14.886806727579584,151614.70588235295,20152071.931196246
2025-26,2026,donovan mitchell,Donovan Mitchell,CLE,G,18,,651.6,468.0,86.39999999999999,55.800000000000004,21.599999999999998,5.3999999999999995,46.800000000000004,0.5568882796435914,689.58,2.2986,P00260,P00260-2026,P00260,P00260-2026,46394100.0,46.3941,Max / Supermax-Level,Expensive but Worth It,14.863527905487983,99132.69230769231,20183633.51605325
2025-26,2026,de aaron fox,De'Aaron Fox,SAS,G,20,,668.0,320.0,80.0,120.0,26.0,10.0,42.0,0.5074854097944684,662.0,2.2066666666666666,P00219,P00219-2026,P00219,P00219-2026,37096620.0,37.09662,High-Salary Starter,Expensive but Worth It,17.84529156564668,115926.9375,16811157.099697888
2025-26,2026,james harden,James Harden,CLE,G,18,,671.4,345.59999999999997,91.8,99.0,30.599999999999998,12.6,84.60000000000001,0.5702066999287241,649.2599999999999,2.1641999999999997,P00420,P00420-2026,P00420,P00420-2026,39446090.0,39.44609,High-Salary Starter,Expensive but Worth It,16.45942601662167,114137.99189814816,18226638.018667407
2025-26,2026,cade cunningham,Cade Cunningham,DET,G,14,,572.6,393.40000000000003,71.39999999999999,105.0,15.400000000000002,8.4,78.39999999999999,0.5709525357607282,629.5800000000002,2.0986000000000007,P00113,P00113-2026,P00113,P00113-2026,46394100.0,46.3941,Max / Supermax-Level,Expensive but Worth It,13.570260011510086,117931.11337061514,22107166.682550263
2025-26,2026,devin vassell,Devin Vassell,SAS,G,22,,761.2,286.0,114.4,59.400000000000006,26.4,15.399999999999999,22.0,0.5656108597285068,615.78,2.0526,P00248,P00248-2026,P00248,P00248-2026,27000000.0,27.0,Mid-Tier Rotation Contract,High-Cost Low-Return,22.806666666666665,94405.59440559441,13154048.523823444
2025-26,2026,og anunoby,OG Anunoby,NYK,F,16,,553.6,331.2,99.2,28.8,22.4,17.6,9.6,0.7399199313697455,603.8399999999999,2.0128,P00748,P00748-2026,P00748,P00748-2026,39568966.0,39.568966,High-Salary Starter,High-Cost Low-Return,15.260444258260371,119471.5157004831,19658667.52782194
2025-26,2026,dylan harper,Dylan Harper,SAS,G,22,,583.0,299.2,123.19999999999999,57.2,22.0,4.4,35.2,0.6146059291395517,576.8399999999999,1.9227999999999996,P00277,P00277-2026,P00277,P00277-2026,12370320.0,12.37032,Low-Cost Rotation Contract,Market Neutral,46.6309683177153,41344.65240641712,6433492.822966509
2025-26,2026,josh hart,Josh Hart,NYK,G,18,,574.1999999999999,185.4,158.4,84.60000000000001,32.4,3.6,34.199999999999996,0.5229488220958571,576.1799999999998,1.9205999999999994,P00512,P00512-2026,P00512,P00512-2026,19472240.0,19.47224,Mid-Tier Rotation Contract,Market Neutral,29.589816066359077,105028.26321467098,10138623.346870773
2025-26,2026,julian champagnie,Julian Champagnie,SAS,F,22,,673.2,244.2,123.19999999999999,35.2,28.6,11.0,8.8,0.6088196577446249,554.84,1.8494666666666668,P00523,P00523-2026,P00523,P00523-2026,3000000.0,3.0,Minimum / Two-Way / Replacement,Efficient Role Player,184.9466666666667,12285.012285012286,1622089.2509552303
2025-26,2026,jarrett allen,Jarrett Allen,CLE,C,18,,529.1999999999999,228.6,129.6,19.8,18.0,30.599999999999998,16.2,0.6393475634313331,543.42,1.8114,P00434,P00434-2026,P00434,P00434-2026,20000000.0,20.0,Mid-Tier Rotation Contract,High-Cost Low-Return,27.171,87489.06386701662,11041183.614883516
2025-26,2026,chet holmgren,Chet Holmgren,OKC,C,15,,459.0,223.5,122.99999999999999,16.5,16.5,22.5,19.5,0.6628113879003559,493.3499999999999,1.6444999999999996,P00144,P00144-2026,P00144,P00144-2026,13731368.0,13.731368,Mid-Tier Rotation Contract,Market Neutral,35.928685328366406,61437.88814317674,8349874.125874128
2025-26,2026,tobias harris,Tobias Harris,DET,F,14,,484.40000000000003,253.40000000000003,100.8,22.400000000000002,21.0,11.200000000000001,15.400000000000002,0.5237268518518519,489.1600000000001,1.6305333333333336,P00900,P00900-2026,P00900,P00900-2026,26634146.0,26.634146,Mid-Tier Rotation Contract,High-Cost Low-Return,18.365897671357665,105107.1270718232,16334622.209502
2025-26,2026,ausar thompson,Ausar Thompson,DET,G,14,,427.0,114.79999999999998,110.60000000000001,43.4,28.0,25.2,22.400000000000002,0.5210981189628875,449.82000000000005,1.4994,P00060,P00060-2026,P00060,P00060-2026,8775000.0,8.775,Low-Cost Rotation Contract,Market Neutral,51.261538461538464,76437.28222996517,5852340.93637455
2025-26,2026,mikal bridges,Mikal Bridges,NYK,G,18,,570.6,241.20000000000002,59.4,48.6,19.8,5.3999999999999995,16.2,0.6398013750954927,444.78,1.4826,P00692,P00692-2026,P00692,P00692-2026,24900000.0,24.9,Mid-Tier Rotation Contract,Expensive but Worth It,17.862650602409637,103233.83084577114,16794819.91096722
2025-26,2026,lebron james,LeBron James,LAL,F,10,,384.0,232.0,67.0,73.0,13.0,3.0,38.0,0.5504935459377372,431.9,1.4396666666666667,P00618,P00618-2026,P00618,P00618-2026,52627153.0,52.627153,Max / Supermax-Level,Expensive but Worth It,8.206790133602704,226841.17672413794,36555095.85552211
2025-26,2026,tyrese maxey,Tyrese Maxey,PHI,G,11,,436.70000000000005,260.7,44.0,64.9,8.8,4.4,23.1,0.5606548069644209,427.34999999999997,1.4244999999999999,P00946,P00946-2026,P00946,P00946-2026,37958760.0,37.95876,High-Salary Starter,Expensive but Worth It,11.258270818119454,145603.22209436135,26647076.16707617
2025-26,2026,isaiah hartenstein,Isaiah Hartenstein,OKC,C,15,,349.5,136.5,124.50000000000001,39.0,12.0,10.5,25.5,0.6613372093023255,386.4,1.288,P00358,P00358-2026,P00358,P00358-2026,28500000.0,28.5,High-Salary Starter,High-Cost Low-Return,13.557894736842105,208791.2087912088,22127329.192546584
2025-26,2026,jalen duren,Jalen Duren,DET,C,14,,421.40000000000003,142.79999999999998,119.0,29.400000000000002,8.4,16.8,32.199999999999996,0.5512321660181582,373.09999999999997,1.2436666666666665,P00403,P00403-2026,P00403,P00403-2026,6483144.0,6.483144,Low-Cost Rotation Contract,Bargain Star,57.54923845590966,45400.1680672269,5212927.36531761
2025-26,2026,max strus,Max Strus,CLE,G,18,,480.59999999999997,172.79999999999998,86.39999999999999,37.800000000000004,14.4,3.6,23.400000000000002,0.5802707930367504,363.78,1.2126,P00680,P00680-2026,P00680,P00680-2026,15936452.0,15.936452,Mid-Tier Rotation Contract,Insufficient Minutes / Context,22.826912790877167,92224.83796296298,13142381.659244599
2025-26,2026,cason wallace,Cason Wallace,OKC,G,15,,373.5,129.0,57.0,36.0,31.5,7.5,10.5,0.649546827794562,357.9,1.1929999999999998,P00131,P00131-2026,P00131,P00131-2026,5820240.0,5.82024,Low-Cost Rotation Contract,Market Neutral,61.49230959548059,45118.13953488372,4878658.843252306
2025-26,2026,jaden mcdaniels,Jaden McDaniels,MIN,F,12,,405.59999999999997,195.60000000000002,69.6,28.799999999999997,6.0,8.399999999999999,16.799999999999997,0.5101402103154733,348.71999999999997,1.1623999999999999,P00389,P00389-2026,P00389,P00389-2026,24858622.0,24.858622,Mid-Tier Rotation Contract,High-Cost Low-Return,14.028130762839547,127089.06952965233,21385600.481761873
2025-26,2026,paolo banchero,Paolo Banchero,ORL,F,7,,273.0,184.1,63.0,44.1,9.799999999999999,4.8999999999999995,23.8,0.5246568783913182,346.15,1.1538333333333333,P00767,P00767-2026,P00767,P00767-2026,15334769.0,15.334769,Mid-Tier Rotation Contract,Expensive but Worth It,22.572886490823564,83295.86637696905,13290280.803120036
2025-26,2026,scottie barnes,Scottie Barnes,TOR,F,7,,273.0,168.70000000000002,42.699999999999996,60.199999999999996,7.700000000000001,11.9,23.8,0.6028617170302181,345.24,1.1508,P00842,P00842-2026,P00842,P00842-2026,38661750.0,38.66175,High-Salary Starter,Expensive but Worth It,8.929756154338591,229174.57024303495,33595542.23149113
2025-26,2026,nikola jokic,Nikola Jokic,DEN,C,6,,237.0,154.8,79.19999999999999,57.0,6.0,4.800000000000001,22.799999999999997,0.5520369736391647,344.93999999999994,1.1497999999999997,P00736,P00736-2026,P00736,P00736-2026,55224526.0,55.224526,Max / Supermax-Level,Expensive but Worth It,6.246137812029386,356747.58397932816,48029679.94433816
2025-26,2026,julius randle,Julius Randle,MIN,F,12,,399.59999999999997,192.0,90.0,33.599999999999994,6.0,1.2000000000000002,33.599999999999994,0.4797313504437514,338.4,1.128,P00527,P00527-2026,P00527,P00527-2026,30864198.0,30.864198,High-Salary Starter,Expensive but Worth It,10.96415983334477,160751.03125,27361877.65957447
2025-26,2026,alex caruso,Alex Caruso,OKC,G,15,,352.5,165.0,45.0,31.5,21.0,7.5,13.5,0.6476683937823834,338.25,1.1275,P00025,P00025-2026,P00025,P00025-2026,18102000.0,18.102,Mid-Tier Rotation Contract,High-Cost Low-Return,18.68578057673185,109709.09090909091,16054988.9135255
2025-26,2026,anthony edwards,Anthony Edwards,MIN,G,10,,324.0,216.0,57.0,27.0,5.0,7.0,25.0,0.5334914048606995,335.9,1.1196666666666666,P00050,P00050-2026,P00050,P00050-2026,45550512.0,45.550512,High-Salary Starter,Expensive but Worth It,7.374231051453384,210882.0,40682207.79994046
2025-26,2026,rudy gobert,Rudy Gobert,MIN,C,12,,372.0,86.4,111.60000000000001,27.599999999999998,14.399999999999999,13.200000000000001,15.600000000000001,0.4994450610432853,328.92,1.0964,P00826,P00826-2026,P00826,P00826-2026,35000000.0,35.0,High-Salary Starter,Expensive but Worth It,9.397714285714287,405092.5925925926,31922655.964976285
2025-26,2026,ajay mitchell,Ajay Mitchell,OKC,G,11,,316.8,166.1,40.7,47.3,16.5,1.1,15.399999999999999,0.5515780245470484,323.29,1.0776333333333334,P00019,P00019-2026,P00019,P00019-2026,3000000.0,3.0,Minimum / Two-Way / Replacement,Efficient Role Player,107.76333333333334,18061.408789885612,2783878.251724458
2025-26,2026,vj edgecombe,VJ Edgecombe,PHI,G,11,,407.0,154.0,67.1,37.4,11.0,4.4,17.6,0.5034522439585731,319.21999999999997,1.0640666666666665,P00955,P00955-2026,P00955,P00955-2026,11108880.0,11.10888,Low-Cost Rotation Contract,Market Neutral,28.735570102476576,72135.58441558441,10440022.55497776
2025-26,2026,paul george,Paul George,PHI,F,11,,393.79999999999995,180.39999999999998,42.9,33.0,14.3,5.5,22.0,0.5988898626935436,318.78,1.0626,P00776,P00776-2026,P00776,P00776-2026,51666090.0,51.66609,Max / Supermax-Level,High-Cost Low-Return,6.170004349080799,286397.3946784923,48622332.01581027
2025-26,2026,marcus smart,Marcus Smart,LAL,G,10,,345.0,129.0,35.0,51.0,24.0,10.0,35.0,0.5469810040705563,314.5,1.0483333333333333,P00658,P00658-2026,P00658,P00658-2026,5134000.0,5.134,Low-Cost Rotation Contract,Market Neutral,61.25827814569536,39798.4496124031,4897297.297297297
2025-26,2026,keldon johnson,Keldon Johnson,SAS,F,22,,393.79999999999995,171.6,70.4,19.8,15.399999999999999,2.2,24.200000000000003,0.49143145161290325,314.38,1.0479333333333334,P00555,P00555-2026,P00555,P00555-2026,17500000.0,17.5,Mid-Tier Rotation Contract,Market Neutral,17.96457142857143,101981.35198135198,16699535.593867294
2025-26,2026,naz reid,Naz Reid,MIN,C,12,,322.79999999999995,151.2,87.6,25.200000000000003,4.800000000000001,3.5999999999999996,15.600000000000001,0.5824704142011834,303.71999999999997,1.0124,P00725,P00725-2026,P00725,P00725-2026,21551724.0,21.551724,Mid-Tier Rotation Contract,Market Neutral,14.092608090192691,142537.85714285716,21287755.827736072
2025-26,2026,joel embiid,Joel Embiid,PHI,C,7,,233.09999999999997,168.0,51.1,37.800000000000004,2.1,6.3,14.700000000000001,0.5608524957936063,296.52,0.9884,P00481,P00481-2026,P00481,P00481-2026,55224526.0,55.224526,Max / Supermax-Level,High-Cost Low-Return,5.369353464437159,328717.4166666667,55872648.72521247
2025-26,2026,luke kornet,Luke Kornet,SAS,C,22,,286.0,83.6,88.0,15.399999999999999,13.2,15.399999999999999,11.0,0.625,287.09999999999997,0.9569999999999999,P00637,P00637-2026,P00637,P00637-2026,11000000.0,11.0,Low-Cost Rotation Contract,Market Neutral,26.099999999999998,131578.94736842107,11494252.87356322
2025-26,2026,ayo dosunmu,Ayo Dosunmu,MIN,G,10,,292.0,156.0,36.0,41.0,9.0,4.0,15.0,0.6196377502383222,284.7,0.949,P00064,P00064-2026,P00064,P00064-2026,7518519.0,7.518519,Low-Cost Rotation Contract,Market Neutral,37.866500038105904,48195.63461538462,7922570.073761855
2025-26,2026,rui hachimura,Rui Hachimura,LAL,F,10,,386.0,175.0,40.0,17.0,9.0,6.0,9.0,0.6898454746136865,284.5,0.9483333333333334,P00827,P00827-2026,P00827,P00827-2026,18259259.0,18.259259,Mid-Tier Rotation Contract,High-Cost Low-Return,15.581136123870087,104338.62285714285,19254051.66959578
2025-26,2026,jayson tatum,Jayson Tatum,BOS,F,6,,217.79999999999998,139.8,64.19999999999999,40.8,7.199999999999999,0.0,16.799999999999997,0.6089274513903408,282.84,0.9428,P00458,P00458-2026,P00458,P00458-2026,54126450.0,54.12645,Max / Supermax-Level,Insufficient Minutes / Context,5.225541301895838,387170.6008583691,57410320.32244378
2025-26,2026,duncan robinson,Duncan Robinson,DET,F,13,,383.5,153.4,31.2,29.9,16.900000000000002,2.6,13.0,0.6265930331350892,281.19,0.9373,P00272,P00272-2026,P00272,P00272-2026,16834692.0,16.834692,Mid-Tier Rotation Contract,Market Neutral,16.703008287885517,109743.75488917861,17960836.44510829
2025-26,2026,jaylen brown,Jaylen Brown,BOS,G,7,,249.20000000000002,179.9,39.9,23.099999999999998,6.3,7.700000000000001,25.2,0.5514074836937866,279.23,0.9307666666666667,P00447,P00447-2026,P00447,P00447-2026,53142264.0,53.142264,Max / Supermax-Level,Expensive but Worth It,5.254386602723588,295398.91050583654,57095151.66708448
2025-26,2026,rj barrett,RJ Barrett,TOR,F,7,,270.90000000000003,168.70000000000002,49.0,28.0,9.1,2.1,25.2,0.5605694082620024,277.90000000000003,0.9263333333333335,P00794,P00794-2026,P00794,P00794-2026,27705357.0,27.705357,Mid-Tier Rotation Contract,High-Cost Low-Return,10.030551131320923,164228.55364552457,29908625.764663544
2025-26,2026,alperen sengun,Alperen Sengun,HOU,C,6,,232.20000000000002,121.80000000000001,61.199999999999996,28.200000000000003,10.8,7.800000000000001,18.0,0.5183861082737488,275.34000000000003,0.9178000000000001,P00036,P00036-2026,P00036,P00036-2026,33944954.0,33.944954,High-Salary Starter,Expensive but Worth It,8.111367598259228,278694.20361247944,36985131.837001525
2025-26,2026,amen thompson,Amen Thompson,HOU,G,6,,264.0,115.19999999999999,42.0,34.2,12.0,7.199999999999999,15.0,0.5551700208188757,259.5,0.865,P00039,P00039-2026,P00039,P00039-2026,9690600.0,9.6906,Low-Cost Rotation Contract,Bargain Star,26.778527645347037,84119.79166666667,11203005.78034682
2025-26,2026,daniss jenkins,Daniss Jenkins,DET,G,14,,317.8,127.39999999999999,36.4,42.0,5.6000000000000005,5.6000000000000005,9.799999999999999,0.4706247414149773,257.88,0.8596,P00200,P00200-2026,P00200,P00200-2026,3809524.0,3.809524,Minimum / Two-Way / Replacement,Market Neutral,67.69349661532516,29902.072213500785,4431740.344346208
2025-26,2026,kelly oubre jr,Kelly Oubre Jr.,PHI,G,11,,364.1,127.6,63.8,12.100000000000001,5.5,5.5,7.699999999999999,0.5420560747663552,247.60999999999999,0.8253666666666666,P00558,P00558-2026,P00558,P00558-2026,8382150.0,8.38215,Low-Cost Rotation Contract,Market Neutral,29.54015377916167,65690.83072100313,10155668.187876096
2025-26,2026,deandre ayton,Deandre Ayton,LAL,C,10,,285.0,100.0,96.0,9.0,2.0,8.0,13.0,0.5572893446277307,245.7,0.819,P00228,P00228-2026,P00228,P00228-2026,8104000.0,8.104,Low-Cost Rotation Contract,Market Neutral,30.318361303060218,81040.0,9894993.894993896
2025-26,2026,mitchell robinson,Mitchell Robinson,NYK,C,17,,231.2,85.0,88.4,5.1,6.800000000000001,10.2,8.5,0.5744485294117647,241.23,0.8040999999999999,P00699,P00699-2026,P00699,P00699-2026,12954546.0,12.954546,Mid-Tier Rotation Contract,Market Neutral,18.62126237384158,152406.42352941175,16110615.59507524
2025-26,2026,jamal murray,Jamal Murray,DEN,G,6,,238.20000000000002,142.2,30.0,34.2,4.800000000000001,1.7999999999999998,13.200000000000001,0.48470222513089006,236.10000000000002,0.787,P00415,P00415-2026,P00415,P00415-2026,46394100.0,46.3941,Max / Supermax-Level,Expensive but Worth It,5.089009162803029,326259.4936708861,58950571.79161372
2025-26,2026,jalen johnson,Jalen Johnson,ATL,F,6,,214.20000000000002,117.0,46.2,31.200000000000003,4.800000000000001,1.7999999999999998,13.799999999999999,0.5529718693284935,225.24,0.7508,P00406,P00406-2026,P00406,P00406-2026,30000000.0,30.0,High-Salary Starter,Expensive but Worth It,7.508,256410.2564102564,39957378.79595099
2025-26,2026,desmond bane,Desmond Bane,ORL,G,7,,252.70000000000002,126.70000000000002,32.9,13.299999999999999,13.299999999999999,2.1,11.200000000000001,0.533105560791706,221.13000000000002,0.7371000000000001,P00244,P00244-2026,P00244,P00244-2026,36725670.0,36.72567,High-Salary Starter,Expensive but Worth It,6.021129090361048,289863.2202052091,49824542.12454212
2025-26,2026,dean wade,Dean Wade,CLE,F,18,,406.8,79.2,70.2,14.4,12.6,1.8,10.799999999999999,0.5965292841648591,217.43999999999997,0.7247999999999999,P00227,P00227-2026,P00227,P00227-2026,6623456.0,6.623456,Low-Cost Rotation Contract,Market Neutral,32.82878304015305,83629.49494949494,9138322.295805741
2025-26,2026,collin murray boyles,Collin Murray-Boyles,TOR,F,7,,191.1,100.8,44.800000000000004,16.8,9.1,7.700000000000001,13.299999999999999,0.6880733944954129,216.85999999999999,0.7228666666666667,P00169,P00169-2026,P00169,P00169-2026,6332520.0,6.33252,Low-Cost Rotation Contract,Market Neutral,34.245450468375935,62822.619047619046,8760287.74324449
2025-26,2026,jared mccain,Jared McCain,OKC,G,15,,258.0,150.0,28.5,15.0,4.5,0.0,10.5,0.5241090146750524,209.7,0.699,P00429,P00429-2026,P00429,P00429-2026,4221360.0,4.22136,Minimum / Two-Way / Replacement,Market Neutral,49.67593382227528,28142.4,6039141.630901288
2025-26,2026,luke kennard,Luke Kennard,LAL,G,10,,326.0,115.0,35.0,23.0,9.0,1.0,14.0,0.6380381713271194,207.5,0.6916666666666667,P00636,P00636-2026,P00636,P00636-2026,11000000.0,11.0,Low-Cost Rotation Contract,Market Neutral,18.863636363636363,95652.17391304347,15903614.457831325
2025-26,2026,jabari smith jr,Jabari Smith Jr.,HOU,F,6,,252.0,105.0,51.0,10.8,6.0,4.199999999999999,6.0,0.5437484464330102,206.99999999999997,0.69,P00380,P00380-2026,P00380,P00380-2026,12350392.0,12.350392,Low-Cost Rotation Contract,Market Neutral,16.760601606815392,117622.78095238096,17899118.84057971
2025-26,2026,jaylin williams,Jaylin Williams,OKC,F,15,,240.0,73.5,61.49999999999999,22.5,7.5,3.0,6.0,0.5473637176050045,206.54999999999998,0.6884999999999999,P00455,P00455-2026,P00455,P00455-2026,8450794.0,8.450794,Low-Cost Rotation Contract,Market Neutral,24.441490349900846,114976.78911564626,12274210.602759624
2025-26,2026,wendell carter jr,Wendell Carter Jr.,ORL,C,7,,237.29999999999998,77.0,49.0,20.3,4.2,11.9,9.799999999999999,0.6224535989135355,204.75,0.6825,P00968,P00968-2026,P00968,P00968-2026,10850000.0,10.85,Low-Cost Rotation Contract,Market Neutral,18.870967741935484,140909.0909090909,15897435.897435898
2025-26,2026,sam merrill,Sam Merrill,CLE,G,17,,338.29999999999995,132.6,20.4,18.700000000000003,8.5,0.0,8.5,0.623003194888179,202.13,0.6737666666666666,P00837,P00837-2026,P00837,P00837-2026,8482143.0,8.482143,Low-Cost Rotation Contract,Market Neutral,23.830062756546308,63967.895927601814,12589140.157324495
2025-26,2026,tari eason,Tari Eason,HOU,F,6,,195.0,82.80000000000001,40.2,10.2,15.0,4.199999999999999,4.800000000000001,0.5863358259687287,199.14000000000001,0.6638000000000001,P00879,P00879-2026,P00879,P00879-2026,5675766.0,5.675766,Low-Cost Rotation Contract,Market Neutral,35.08601305973502,68547.89855072463,8550415.787887918
2025-26,2026,austin reaves,Austin Reaves,LAL,G,6,,220.79999999999998,120.0,24.0,34.8,0.0,7.199999999999999,27.0,0.544425087108014,195.6,0.652,P00061,P00061-2026,P00061,P00061-2026,13937574.0,13.937574,Mid-Tier Rotation Contract,Market Neutral,14.0340062050971,116146.45,21376647.239263803
2025-26,2026,dennis schroder,Dennis Schroder,CLE,G,17,,270.3,93.5,25.5,40.8,6.800000000000001,3.4000000000000004,23.799999999999997,0.4985496736765772,192.09999999999997,0.6403333333333332,P00233,P00233-2026,P00233,P00233-2026,14104000.0,14.104,Mid-Tier Rotation Contract,Market Neutral,13.620249574588767,150844.91978609626,22026028.110359192
2025-26,2026,payton pritchard,Payton Pritchard,BOS,G,7,,231.0,102.2,25.900000000000002,35.699999999999996,2.8000000000000003,0.0,4.8999999999999995,0.537396937573616,190.32999999999998,0.6344333333333333,P00780,P00780-2026,P00780,P00780-2026,7232143.0,7.232143,Low-Cost Rotation Contract,Bargain Star,26.317234048054633,70764.6086105675,11399374.244732833
2025-26,2026,miles mcbride,Miles McBride,NYK,G,18,,322.2,106.2,23.400000000000002,21.599999999999998,7.2,3.6,10.799999999999999,0.5020422055820285,188.28,0.6276,P00697,P00697-2026,P00697,P00697-2026,4333333.0,4.333333,Minimum / Two-Way / Replacement,Market Neutral,43.44923411147955,40803.51224105461,6904609.623964308
2025-26,2026,jalen suggs,Jalen Suggs,ORL,G,7,,247.79999999999998,77.7,28.0,28.699999999999996,13.299999999999999,4.2,21.0,0.417921686746988,185.85000000000002,0.6195,P00411,P00411-2026,P00411,P00411-2026,35000000.0,35.0,High-Salary Starter,High-Cost Low-Return,5.3100000000000005,450450.4504504504,56497175.141242936
2025-26,2026,luguentz dort,Luguentz Dort,OKC,G,15,,334.5,82.5,40.5,19.5,7.5,1.5,7.5,0.48828125,179.85,0.5995,P00632,P00632-2026,P00632,P00632-2026,18222222.0,18.222222,Mid-Tier Rotation Contract,High-Cost Low-Return,9.869817193534356,220875.41818181818,30395699.74979149
2025-26,2026,deni avdija,Deni Avdija,POR,F,5,,174.0,111.0,30.0,23.0,2.0,3.0,17.0,0.5624239967571949,179.5,0.5983333333333334,P00232,P00232-2026,P00232,P00232-2026,14375000.0,14.375,Mid-Tier Rotation Contract,Expensive but Worth It,12.486956521739131,129504.50450450451,24025069.637883008
2025-26,2026,jrue holiday,Jrue Holiday,POR,G,5,,192.0,82.0,27.0,36.0,7.0,2.0,16.0,0.5064229249011858,179.4,0.598,P00519,P00519-2026,P00519,P00519-2026,32400000.0,32.4,High-Salary Starter,High-Cost Low-Return,5.537037037037037,395121.9512195122,54180602.00668897
2025-26,2026,derrick white,Derrick White,BOS,G,7,,251.29999999999998,77.7,23.099999999999998,21.7,6.3,9.799999999999999,11.200000000000001,0.4462849790929559,175.07000000000002,0.5835666666666668,P00243,P00243-2026,P00243,P00243-2026,28100001.0,28.100001,High-Salary Starter,Expensive but Worth It,6.230248888603243,361647.3745173745,48152169.4179471
2025-26,2026,cj mccollum,CJ McCollum,ATL,G,6,,192.0,115.19999999999999,18.0,12.0,6.0,7.199999999999999,21.0,0.5257393209200437,173.39999999999998,0.578,P00112,P00112-2026,P00112,P00112-2026,30666666.0,30.666666,High-Salary Starter,Expensive but Worth It,5.654347949007564,266203.6979166667,53056515.57093426
2025-26,2026,onyeka okongwu,Onyeka Okongwu,ATL,F,6,,199.20000000000002,75.0,40.2,13.799999999999999,7.199999999999999,4.800000000000001,7.199999999999999,0.7038288288288288,172.74,0.5758,P00755,P00755-2026,P00755,P00755-2026,15000000.0,15.0,Mid-Tier Rotation Contract,Expensive but Worth It,11.516,200000.0,26050712.05279611
2025-26,2026,caris levert,Caris LeVert,DET,G,13,,215.8,76.7,28.6,15.6,7.8,6.5,7.8,0.5511958146487295,169.52,0.5650666666666667,P00126,P00126-2026,P00126,P00126-2026,14104000.0,14.104,Mid-Tier Rotation Contract,Market Neutral,12.019285309132162,183885.26727509778,24959886.739027843
2025-26,2026,quentin grimes,Quentin Grimes,PHI,G,11,,243.10000000000002,73.7,29.700000000000003,25.299999999999997,3.3,5.5,5.5,0.5620805369127517,168.19,0.5606333333333333,P00788,P00788-2026,P00788,P00788-2026,8741209.0,8.741209,Low-Cost Rotation Contract,Market Neutral,19.241045489245252,118605.27815468113,15591668.351269398
2025-26,2026,jaylon tyson,Jaylon Tyson,CLE,G,17,,215.89999999999998,69.69999999999999,47.599999999999994,22.1,3.4000000000000004,1.7000000000000002,10.2,0.4559608540925267,165.06999999999996,0.5502333333333332,P00456,P00456-2026,P00456,P00456-2026,3492480.0,3.49248,Minimum / Two-Way / Replacement,Efficient Role Player,47.26440809968846,50107.31707317074,6347270.854788879
2025-26,2026,reed sheppard,Reed Sheppard,HOU,G,6,,192.0,73.19999999999999,6.0,28.200000000000003,13.200000000000001,4.800000000000001,12.0,0.4064498933901919,164.7,0.5489999999999999,P00804,P00804-2026,P00804,P00804-2026,10603560.0,10.60356,Low-Cost Rotation Contract,Market Neutral,15.532519267114063,144857.37704918036,19314316.939890712
2025-26,2026,landry shamet,Landry Shamet,NYK,G,18,,297.0,109.8,19.8,14.4,3.6,1.8,7.2,0.6601731601731602,164.16000000000003,0.5472000000000001,P00613,P00613-2026,P00613,P00613-2026,2296274.0,2.296274,Minimum / Two-Way / Replacement,Market Neutral,71.48972640024667,20913.242258652095,4196407.163742689
2025-26,2026,ja kobe walter,Ja'Kobe Walter,TOR,G,7,,224.0,77.7,21.7,9.799999999999999,14.0,2.1,4.2,0.5363355237727097,162.54000000000002,0.5418000000000001,P00376,P00376-2026,P00376,P00376-2026,3638160.0,3.63816,Minimum / Two-Way / Replacement,Market Neutral,44.67642984365724,46823.16602316602,6714950.166112956
2025-26,2026,dyson daniels,Dyson Daniels,ATL,G,6,,166.2,43.8,37.2,30.0,10.8,1.7999999999999998,10.8,0.5041436464088398,160.44,0.5347999999999999,P00279,P00279-2026,P00279,P00279-2026,7707709.0,7.707709,Low-Cost Rotation Contract,Bargain Star,20.815523782747896,175975.0913242009,14412320.493642485
2025-26,2026,jose alvarado,Jose Alvarado,NYK,G,17,,159.8,74.80000000000001,23.799999999999997,20.4,10.2,1.7000000000000002,10.2,0.5826271186440678,159.46,0.5315333333333334,P00508,P00508-2026,P00508,P00508-2026,4500000.0,4.5,Minimum / Two-Way / Replacement,Market Neutral,35.43555555555556,60160.42780748662,8466072.996362723
2025-26,2026,neemias queta,Neemias Queta,BOS,C,7,,151.9,65.10000000000001,60.199999999999996,4.2,0.7000000000000001,6.3,6.3,0.7637976346911958,158.34,0.5278,P00726,P00726-2026,P00726,P00726-2026,2349578.0,2.349578,Minimum / Two-Way / Replacement,Efficient Role Player,67.39082507582212,36091.82795698924,4451644.562334217
2025-26,2026,anthony black,Anthony Black,ORL,G,7,,196.0,60.199999999999996,21.7,9.799999999999999,14.700000000000001,4.8999999999999995,4.8999999999999995,0.4767184035476718,154.83999999999997,0.5161333333333332,P00048,P00048-2026,P00048,P00048-2026,7970280.0,7.97028,Low-Cost Rotation Contract,Market Neutral,19.427171943771107,132396.6777408638,15442288.814259885
2025-26,2026,terrence shannon jr,Terrence Shannon Jr.,MIN,G,9,,203.4,106.2,23.400000000000002,11.700000000000001,3.6,0.0,8.1,0.5091473938557128,154.53000000000003,0.5151000000000001,P00887,P00887-2026,P00887,P00887-2026,2674080.0,2.67408,Minimum / Two-Way / Replacement,Market Neutral,57.788099084544974,25179.66101694915,5191380.314502037
2025-26,2026,jamal shead,Jamal Shead,TOR,G,7,,224.0,63.0,14.0,35.0,9.799999999999999,0.7000000000000001,14.0,0.464108910891089,149.8,0.49933333333333335,P00416,P00416-2026,P00416,P00416-2026,1955377.0,1.955377,Minimum / Two-Way / Replacement,Efficient Role Player,76.60926767574745,31037.73015873016,3915975.3004005337
2025-26,2026,jalen green,Jalen Green,PHO,G,4,,151.2,87.2,21.2,14.0,8.0,1.2,13.2,0.4739130434782609,148.04,0.49346666666666666,P00404,P00404-2026,P00404,P00404-2026,33548499.0,33.548499,High-Salary Starter,High-Cost Low-Return,4.412716050276944,384730.49311926606,67985339.77303432
2025-26,2026,cameron johnson,Cameron Johnson,DEN,F,6,,186.0,85.19999999999999,19.200000000000003,13.799999999999999,6.0,1.7999999999999998,6.0,0.6156781130766561,146.34,0.4878,P00123,P00123-2026,P00123,P00123-2026,21057065.0,21.057065,Mid-Tier Rotation Contract,High-Cost Low-Return,6.949686482897782,247148.65023474183,43167414.92414924
2025-26,2026,franz wagner,Franz Wagner,ORL,F,4,,122.0,67.2,22.0,14.0,11.2,1.2,6.0,0.5259203606311044,145.79999999999998,0.48599999999999993,P00304,P00304-2026,P00304,P00304-2026,38661750.0,38.66175,High-Salary Starter,High-Cost Low-Return,3.7711691788395503,575323.6607142857,79550925.92592594
2025-26,2026,jakob poeltl,Jakob Poeltl,TOR,C,7,,133.70000000000002,49.0,42.0,9.799999999999999,6.3,6.3,6.3,0.6628787878787877,145.6,0.48533333333333334,P00400,P00400-2026,P00400,P00400-2026,19500000.0,19.5,Mid-Tier Rotation Contract,High-Cost Low-Return,7.466666666666667,397959.1836734694,40178571.428571425
2025-26,2026,dillon brooks,Dillon Brooks,PHO,F,4,,149.2,104.0,24.0,7.2,1.2,1.2,6.0,0.5747126436781609,144.8,0.4826666666666667,P00255,P00255-2026,P00255,P00255-2026,22124110.0,22.12411,Mid-Tier Rotation Contract,High-Cost Low-Return,6.544896043275865,212731.82692307694,45837244.47513812
2025-26,2026,mike conley,Mike Conley,MIN,G,12,,168.0,52.800000000000004,15.600000000000001,32.400000000000006,8.399999999999999,0.0,4.800000000000001,0.6690997566909975,140.52,0.46840000000000004,P00693,P00693-2026,P00693,P00693-2026,725834.0,0.725834,Minimum / Two-Way / Replacement,Efficient Role Player,193.59798521425012,13746.85606060606,1549602.9035012808
2025-26,2026,jordan clarkson,Jordan Clarkson,NYK,G,17,,188.7,86.69999999999999,30.6,10.2,3.4000000000000004,1.7000000000000002,15.3,0.5444064901793337,138.71999999999997,0.4623999999999999,P00497,P00497-2026,P00497,P00497-2026,2296274.0,2.296274,Minimum / Two-Way / Replacement,Efficient Role Player,60.41090915108562,26485.282583621687,4965990.484429067
2025-26,2026,isaiah stewart,Isaiah Stewart,DET,F,14,,165.20000000000002,56.0,33.6,2.8000000000000003,1.4000000000000001,14.0,8.4,0.6830601092896175,138.32,0.4610666666666666,P00365,P00365-2026,P00365,P00365-2026,15000000.0,15.0,Mid-Tier Rotation Contract,High-Cost Low-Return,9.221333333333332,267857.14285714284,32533256.217466746
2025-26,2026,robert williams iii,Robert Williams III,POR,C,5,,108.0,48.0,37.0,13.0,3.0,6.0,2.0,0.6607929515418502,136.9,0.45633333333333337,P00815,P00815-2026,P00815,P00815-2026,13285713.0,13.285713,Mid-Tier Rotation Contract,Market Neutral,10.304302072459341,276785.6875,29114053.323593862
2025-26,2026,carter bryant,Carter Bryant,SAS,F,21,,180.6,58.8,35.699999999999996,14.7,2.1,6.3,12.6,0.6272401433691756,136.29,0.4543,P00130,P00130-2026,P00130,P00130-2026,4900320.0,4.90032,Low-Cost Rotation Contract,Market Neutral,27.81246938975414,83338.77551020408,10786528.725511776
2025-26,2026,paul reed,Paul Reed,DET,F,9,,86.39999999999999,66.60000000000001,36.0,5.3999999999999995,0.9,6.3,7.2,0.7018209408194234,132.3,0.44100000000000006,P00778,P00778-2026,P00778,P00778-2026,5335894.0,5.335894,Low-Cost Rotation Contract,Market Neutral,24.794345614811693,80118.52852852852,12099532.879818592
2025-26,2026,nickeil alexander walker,Nickeil Alexander-Walker,ATL,G,6,,213.0,82.19999999999999,13.799999999999999,16.200000000000003,3.0,4.800000000000001,16.799999999999997,0.5310077519379843,129.66000000000003,0.4322000000000001,P00732,P00732-2026,P00732,P00732-2026,15161800.0,15.1618,Mid-Tier Rotation Contract,Expensive but Worth It,8.551755068659396,184450.12165450124,35080518.27857473
2025-26,2026,jaxson hayes,Jaxson Hayes,LAL,C,10,,163.0,57.0,32.0,7.0,3.0,8.0,10.0,0.7146439317953861,128.9,0.4296666666666667,P00444,P00444-2026,P00444,P00444-2026,3449324.0,3.449324,Minimum / Two-Way / Replacement,Market Neutral,37.36964112388399,60514.45614035088,8027906.904577191
2025-26,2026,jalen williams,Jalen Williams,OKC,G,5,,107.0,72.0,16.0,14.0,5.0,2.0,6.0,0.5874673629242819,127.19999999999999,0.424,P00412,P00412-2026,P00412,P00412-2026,6580997.0,6.580997,Low-Cost Rotation Contract,Market Neutral,19.328378359692305,91402.73611111111,15521219.339622643
2025-26,2026,jonathan kuminga,Jonathan Kuminga,ATL,F,6,,156.0,82.19999999999999,19.799999999999997,6.0,3.0,3.0,6.0,0.576017490750084,126.95999999999998,0.4231999999999999,P00494,P00494-2026,P00494,P00494-2026,22500000.0,22.5,Mid-Tier Rotation Contract,High-Cost Low-Return,5.642666666666666,273722.6277372263,53166351.6068053
2025-26,2026,devin booker,Devin Booker,PHO,G,4,,153.2,85.2,17.2,19.2,1.2,1.2,16.0,0.5640889830508474,125.83999999999997,0.4194666666666666,P00245,P00245-2026,P00245,P00245-2026,53142264.0,53.142264,Max / Supermax-Level,Expensive but Worth It,2.36798341899773,623735.4929577465,126690076.28734903
2025-26,2026,isaiah joe,Isaiah Joe,OKC,G,13,,143.0,62.4,18.2,14.3,6.5,1.3,5.2,0.5655042412818095,123.89,0.41296666666666665,P00360,P00360-2026,P00360,P00360-2026,12362338.0,12.362338,Low-Cost Rotation Contract,Market Neutral,10.02156711780571,198114.39102564103,29935437.88844943
2025-26,2026,andre drummond,Andre Drummond,PHI,C,11,,141.9,42.9,47.3,6.6,4.4,2.2,8.8,0.7812499999999999,120.56000000000002,0.4018666666666667,P00042,P00042-2026,P00042,P00042-2026,5000000.0,5.0,Low-Cost Rotation Contract,Market Neutral,24.112000000000002,116550.11655011655,12441937.624419374
2025-26,2026,christian braun,Christian Braun,DEN,G,6,,187.2,49.800000000000004,21.0,10.2,6.0,4.800000000000001,4.199999999999999,0.5602051835853132,118.5,0.395,P00155,P00155-2026,P00155,P00155-2026,4921797.0,4.921797,Low-Cost Rotation Contract,Market Neutral,24.07657203253202,98831.26506024096,12460245.569620254
2025-26,2026,tim hardaway jr,Tim Hardaway Jr.,DEN,G,6,,139.8,64.80000000000001,19.799999999999997,4.800000000000001,4.199999999999999,1.7999999999999998,4.199999999999999,0.5831533477321815,109.56,0.3652,P00897,P00897-2026,P00897,P00897-2026,2296274.0,2.296274,Minimum / Two-Way / Replacement,Efficient Role Player,47.71207617209445,35436.32716049382,6287716.319824753
2025-26,2026,donovan clingan,Donovan Clingan,POR,C,5,,107.0,35.0,39.0,11.0,1.0,3.0,3.0,0.36641541038525965,107.3,0.35766666666666663,P00259,P00259-2026,P00259,P00259-2026,7178400.0,7.1784,Low-Cost Rotation Contract,Bargain Star,14.947620639696868,205097.14285714287,20070083.87698043
2025-26,2026,brandon ingram,Brandon Ingram,TOR,F,5,,148.0,60.0,16.0,11.0,3.0,4.0,10.0,0.4403992953611274,106.7,0.3556666666666667,P00093,P00093-2026,P00093,P00093-2026,38095238.0,38.095238,High-Salary Starter,Expensive but Worth It,2.8008750070021873,634920.6333333333,107109385.19212745
2025-26,2026,sandro mamukelashvili,Sandro Mamukelashvili,TOR,F,7,,104.3,35.0,35.0,7.0,4.8999999999999995,2.8000000000000003,4.2,0.4595588235294118,106.4,0.3546666666666667,P00838,P00838-2026,P00838,P00838-2026,2461463.0,2.461463,Minimum / Two-Way / Replacement,Efficient Role Player,43.226325157030594,70327.5142857143,6940215.22556391
2025-26,2026,collin gillespie,Collin Gillespie,PHO,G,4,,114.0,42.0,20.0,15.2,5.2,1.2,4.0,0.5749014454664915,104.0,0.3466666666666667,P00168,P00168-2026,P00168,P00168-2026,2296274.0,2.296274,Minimum / Two-Way / Replacement,Efficient Role Player,45.290762339337554,54673.19047619047,6623867.307692307
2025-26,2026,donte divincenzo,Donte DiVincenzo,MIN,G,4,,96.0,43.2,15.2,16.0,7.2,0.0,4.0,0.656934306569343,103.03999999999999,0.34346666666666664,P00262,P00262-2026,P00262,P00262-2026,11990000.0,11.99,Low-Cost Rotation Contract,Market Neutral,8.593828190158465,277546.2962962963,34908773.29192547
2025-26,2026,sam hauser,Sam Hauser,BOS,F,7,,163.79999999999998,53.9,30.099999999999998,6.3,0.7000000000000001,0.7000000000000001,2.1,0.5833333333333334,101.57,0.3385666666666666,P00836,P00836-2026,P00836,P00836-2026,10044643.0,10.044643,Low-Cost Rotation Contract,Market Neutral,10.11185763396469,186357.012987013,29668139.214334946
2025-26,2026,scoot henderson,Scoot Henderson,POR,G,5,,145.0,75.0,8.0,6.0,4.0,1.0,9.0,0.5998080614203455,99.6,0.33199999999999996,P00841,P00841-2026,P00841,P00841-2026,10748040.0,10.74804,Low-Cost Rotation Contract,Market Neutral,9.266805854834928,143307.2,32373614.45783133
2025-26,2026,toumani camara,Toumani Camara,POR,F,5,,165.0,35.0,27.0,6.0,7.0,3.0,7.0,0.43061023622047245,99.4,0.33133333333333337,P00908,P00908-2026,P00908,P00908-2026,2221677.0,2.221677,Minimum / Two-Way / Replacement,Efficient Role Player,44.740977198755715,63476.485714285714,6705262.575452715
2025-26,2026,oso ighodaro,Oso Ighodaro,PHO,F,4,,129.2,30.0,28.0,16.0,2.0,3.2,7.2,0.5630630630630631,95.99999999999999,0.31999999999999995,P00759,P00759-2026,P00759,P00759-2026,1955377.0,1.955377,Minimum / Two-Way / Replacement,Efficient Role Player,49.095391834924925,65179.23333333333,6110553.125000001
2025-26,2026,bruce brown,Bruce Brown,DEN,G,6,,115.80000000000001,37.8,16.200000000000003,10.2,10.2,0.0,9.0,0.4952830188679244,94.13999999999999,0.31379999999999997,P00103,P00103-2026,P00103,P00103-2026,2296274.0,2.296274,Minimum / Two-Way / Replacement,Efficient Role Player,40.99684967908882,60747.989417989425,7317635.436583812
2025-26,2026,nikola vucevic,Nikola Vucevic,BOS,C,6,,114.0,37.2,25.799999999999997,13.799999999999999,1.2000000000000002,3.0,7.800000000000001,0.4763368162261832,93.66,0.3122,P00739,P00739-2026,P00739,P00739-2026,21481481.0,21.481481,Mid-Tier Rotation Contract,Market Neutral,4.360034580483534,577459.1666666666,68806793.7219731
2025-26,2026,harrison barnes,Harrison Barnes,SAS,F,20,,184.0,46.0,26.0,6.0,2.0,2.0,6.0,0.4799666110183639,92.2,0.30733333333333335,P00337,P00337-2026,P00337,P00337-2026,19000000.0,19.0,Mid-Tier Rotation Contract,High-Cost Low-Return,4.852631578947369,413043.47826086957,61822125.81344902
2025-26,2026,bones hyland,Bones Hyland,MIN,G,10,,116.0,46.0,13.0,15.0,4.0,1.0,8.0,0.429745889387145,91.1,0.30366666666666664,P00085,P00085-2026,P00085,P00085-2026,2296274.0,2.296274,Minimum / Two-Way / Replacement,Efficient Role Player,39.67296585686203,49919.0,7561824.368825467
2025-26,2026,javonte green,Javonte Green,DET,G,11,,132.0,29.700000000000003,19.8,3.3,5.5,5.5,3.3,0.46232876712328763,88.11000000000001,0.29370000000000007,P00442,P00442-2026,P00442,P00442-2026,2296274.0,2.296274,Minimum / Two-Way / Replacement,Efficient Role Player,38.37085643960608,77315.62289562289,7818433.775961864
2025-26,2026,spencer jones,Spencer Jones,DEN,F,6,,145.2,39.0,12.0,1.7999999999999998,4.199999999999999,7.199999999999999,4.199999999999999,0.9149774774774773,86.1,0.287,P00865,P00865-2026,P00865,P00865-2026,623967.0,0.623967,Minimum / Two-Way / Replacement,Efficient Role Player,137.98806667660307,15999.153846153846,2174101.0452961675
2025-26,2026,royce o neale,Royce O'Neale,PHO,F,4,,97.2,31.2,25.2,9.2,2.0,1.2,4.0,0.9375,80.83999999999999,0.26946666666666663,P00824,P00824-2026,P00824,P00824-2026,10125000.0,10.125,Low-Cost Rotation Contract,Market Neutral,7.984197530864196,324519.23076923075,37574220.68283029
2025-26,2026,jerami grant,Jerami Grant,POR,F,5,,112.0,52.0,9.0,2.0,5.0,1.0,3.0,0.5106048703849175,80.8,0.2693333333333333,P00463,P00463-2026,P00463,P00463-2026,32000000.0,32.0,High-Salary Starter,High-Cost Low-Return,2.525,615384.6153846154,118811881.18811882
2025-26,2026,goga bitadze,Goga Bitadze,ORL,C,6,,82.80000000000001,16.799999999999997,24.0,1.7999999999999998,1.7999999999999998,10.2,4.199999999999999,0.4623513870541611,80.1,0.26699999999999996,P00324,P00324-2026,P00324,P00324-2026,8333333.0,8.333333,Low-Cost Rotation Contract,Market Neutral,9.612000384480016,496031.72619047627,31210985.018726595
2025-26,2026,baylor scheierman,Baylor Scheierman,BOS,G,7,,98.7,30.099999999999998,20.3,4.2,6.3,0.7000000000000001,2.1,0.581081081081081,79.66,0.26553333333333334,P00067,P00067-2026,P00067,P00067-2026,2619000.0,2.619,Minimum / Two-Way / Replacement,Efficient Role Player,30.416189385261546,87009.96677740864,9863168.465980416
2025-26,2026,jamal cain,Jamal Cain,ORL,F,7,,123.20000000000002,32.199999999999996,23.8,4.2,2.1,2.8000000000000003,4.8999999999999995,0.47876769358867605,76.85999999999999,0.25619999999999993,P00414,P00414-2026,P00414,P00414-2026,,,Salary Unavailable,Salary Unavailable,,,
2025-26,2026,jake laravia,Jake LaRavia,LAL,F,8,,114.4,26.4,16.8,6.4,4.0,6.4,11.2,0.43976545842217485,76.16,0.25386666666666663,P00398,P00398-2026,P00398,P00398-2026,6000000.0,6.0,Low-Cost Rotation Contract,Market Neutral,12.693333333333333,227272.7272727273,23634453.781512607
2025-26,2026,ariel hukporti,Ariel Hukporti,NYK,C,9,,73.8,17.099999999999998,30.599999999999998,1.8,1.8,6.3,5.3999999999999995,0.4876796714579056,75.41999999999999,0.25139999999999996,P00055,P00055-2026,P00055,P00055-2026,1955377.0,1.955377,Minimum / Two-Way / Replacement,Insufficient Minutes / Context,38.570567210312895,114349.53216374271,7777951.471758156
2025-26,2026,josh okogie,Josh Okogie,HOU,G,6,,103.80000000000001,28.799999999999997,13.799999999999999,4.800000000000001,7.199999999999999,0.0,3.0,0.5540166204986148,71.16,0.2372,P00516,P00516-2026,P00516,P00516-2026,7750000.0,7.75,Low-Cost Rotation Contract,Market Neutral,9.181935483870967,269097.22222222225,32672849.915682968
2025-26,2026,kenrich williams,Kenrich Williams,OKC,G,11,,71.5,34.1,19.8,5.5,1.1,0.0,2.2,0.5208333333333334,67.21,0.2240333333333333,P00564,P00564-2026,P00564,P00564-2026,7163000.0,7.163,Low-Cost Rotation Contract,Market Neutral,9.382940108892921,210058.65102639297,31972920.696324956
2025-26,2026,adem bona,Adem Bona,PHI,C,10,,96.0,26.0,21.0,1.0,1.0,7.0,11.0,0.5642361111111112,65.7,0.219,P00015,P00015-2026,P00015,P00015-2026,1955377.0,1.955377,Minimum / Two-Way / Replacement,Efficient Role Player,33.59965878702675,75206.80769230769,8928662.100456621
2025-26,2026,aaron gordon,Aaron Gordon,DEN,F,3,,89.1,33.900000000000006,15.899999999999999,6.8999999999999995,0.0,0.8999999999999999,0.8999999999999999,0.49336360461054846,65.13,0.2171,P00005,P00005-2026,P00005,P00005-2026,22841455.0,22.841455,Mid-Tier Rotation Contract,High-Cost Low-Return,2.8513945368191296,673789.2330383479,105211676.6467066
2025-26,2026,jordan walsh,Jordan Walsh,BOS,G,7,,88.89999999999999,11.9,18.2,7.0,4.2,2.1,0.0,0.2745478036175711,63.14,0.21046666666666666,P00507,P00507-2026,P00507,P00507-2026,2221677.0,2.221677,Minimum / Two-Way / Replacement,Efficient Role Player,28.419972840336374,186695.54621848738,10555956.604371238
2025-26,2026,shaedon sharpe,Shaedon Sharpe,POR,G,5,,67.0,36.0,8.0,3.0,2.0,2.0,0.0,0.4797441364605543,62.1,0.20700000000000002,P00852,P00852-2026,P00852,P00852-2026,8399983.0,8.399983,Low-Cost Rotation Contract,Market Neutral,7.392872104622116,233332.86111111112,40579628.01932367
2025-26,2026,keon ellis,Keon Ellis,CLE,G,12,,88.80000000000001,19.200000000000003,14.399999999999999,3.5999999999999996,7.199999999999999,1.2000000000000002,6.0,0.5420054200542005,61.08,0.2036,P00567,P00567-2026,P00567,P00567-2026,2301587.0,2.301587,Minimum / Two-Way / Replacement,Efficient Role Player,26.538210373972394,119874.32291666664,11304454.813359529
2025-26,2026,dominick barlow,Dominick Barlow,PHI,F,9,,96.3,26.099999999999998,15.299999999999999,0.9,1.8,3.6,1.8,0.6438721136767318,60.209999999999994,0.2007,P00258,P00258-2026,P00258,P00258-2026,3415000.0,3.415,Minimum / Two-Way / Replacement,Efficient Role Player,17.63103953147877,130842.91187739465,17015445.939212758
2025-26,2026,jarred vanderbilt,Jarred Vanderbilt,LAL,F,7,,74.89999999999999,20.3,23.8,2.1,2.1,0.0,0.7000000000000001,0.44261294261294265,57.61,0.19203333333333333,P00432,P00432-2026,P00432,P00432-2026,11571429.0,11.571429,Low-Cost Rotation Contract,Market Neutral,4.9786417909145015,570021.1330049261,60257398.02117688
2025-26,2026,luka garza,Luka Garza,BOS,C,7,,58.800000000000004,30.800000000000004,11.9,6.3,0.0,0.7000000000000001,0.7000000000000001,0.6501182033096927,55.93,0.18643333333333334,P00634,P00634-2026,P00634,P00634-2026,2461463.0,2.461463,Minimum / Two-Way / Replacement,Efficient Role Player,22.722259079254897,79917.62987012987,13202912.569283033
2025-26,2026,justin edwards,Justin Edwards,PHI,F,9,,108.89999999999999,29.7,19.8,3.6,0.0,0.9,6.3,0.4175101214574899,55.260000000000005,0.18420000000000003,P00530,P00530-2026,P00530,P00530-2026,2048494.0,2.048494,Minimum / Two-Way / Replacement,Efficient Role Player,26.975914989255525,68972.86195286196,11121031.48751357
2025-26,2026,tyler kolek,Tyler Kolek,NYK,G,8,,52.8,28.0,6.4,12.0,0.0,0.8,3.2,0.5414603960396039,52.879999999999995,0.17626666666666665,P00941,P00941-2026,P00941,P00941-2026,2191897.0,2.191897,Minimum / Two-Way / Replacement,Market Neutral,24.125221212493102,78282.03571428571,12435119.137670197
2025-26,2026,tristan da silva,Tristan da Silva,ORL,F,7,,107.10000000000001,28.699999999999996,20.3,0.7000000000000001,0.7000000000000001,0.0,4.8999999999999995,0.4697525206232814,51.309999999999995,0.17103333333333332,P00931,P00931-2026,P00931,P00931-2026,3809520.0,3.80952,Minimum / Two-Way / Replacement,Efficient Role Player,13.468888468888467,132735.88850174219,22273552.913662057
2025-26,2026,jordan mclaughlin,Jordan McLaughlin,SAS,G,10,,46.0,19.0,8.0,10.0,2.0,0.0,2.0,0.7996632996632996,47.6,0.15866666666666668,P00502,P00502-2026,P00502,P00502-2026,2296274.0,2.296274,Minimum / Two-Way / Replacement,Insufficient Minutes / Context,20.729233532235266,120856.52631578948,14472315.126050418
2025-26,2026,kyle anderson,Kyle Anderson,MIN,F,8,,60.8,15.2,7.2,15.2,2.4,0.0,6.4,0.37401574803149606,47.440000000000005,0.15813333333333335,P00599,P00599-2026,P00599,P00599-2026,567470.0,0.56747,Minimum / Two-Way / Replacement,Efficient Role Player,83.59913299381465,37333.55263157895,3588553.9629005054
2025-26,2026,gabe vincent,Gabe Vincent,ATL,G,6,,93.0,25.799999999999997,3.0,7.199999999999999,1.7999999999999998,1.2000000000000002,3.0,0.5306021717670285,46.199999999999996,0.154,P00309,P00309-2026,P00309,P00309-2026,11500000.0,11.5,Low-Cost Rotation Contract,Market Neutral,4.017391304347826,445736.4341085272,74675324.67532468
2025-26,2026,kelly olynyk,Kelly Olynyk,SAS,F,9,,35.1,25.2,7.2,2.6999999999999997,3.6,0.0,3.6,0.682261208576998,45.089999999999996,0.1503,P00557,P00557-2026,P00557,P00557-2026,13445122.0,13.445122,Mid-Tier Rotation Contract,Insufficient Minutes / Context,3.3536326408938497,533536.5873015873,89455236.19427812
2025-26,2026,ronald holland ii,Ronald Holland II,DET,F,9,,57.6,12.6,14.4,0.9,3.6,1.8,2.6999999999999997,0.4206730769230769,44.73,0.14909999999999998,P00823,P00823-2026,P00823,P00823-2026,8657280.0,8.65728,Low-Cost Rotation Contract,Market Neutral,5.1667498336660005,687085.7142857143,58063581.48893361
2025-26,2026,marcus sasser,Marcus Sasser,DET,G,6,,61.199999999999996,27.0,4.800000000000001,3.0,3.0,0.0,1.7999999999999998,0.5921052631578948,44.46,0.1482,P00657,P00657-2026,P00657,P00657-2026,2886720.0,2.88672,Minimum / Two-Way / Replacement,Insufficient Minutes / Context,15.401563019620886,106915.55555555556,19478542.510121457
2025-26,2026,tony bradley,Tony Bradley,ATL,C,4,,41.2,11.2,11.2,3.2,2.0,3.2,1.2,0.8433734939759034,43.839999999999996,0.1461333333333333,P00904,P00904-2026,P00904,P00904-2026,,,Salary Unavailable,Salary Unavailable,,,
2025-26,2026,jamison battle,Jamison Battle,TOR,F,6,,70.80000000000001,28.799999999999997,10.8,1.2000000000000002,0.0,0.0,1.2000000000000002,0.7499999999999998,42.35999999999999,0.14119999999999996,P00424,P00424-2026,P00424,P00424-2026,1955377.0,1.955377,Minimum / Two-Way / Replacement,Market Neutral,21.66334164716062,67895.03472222223,13848279.0368272
2025-26,2026,matisse thybulle,Matisse Thybulle,POR,G,4,,53.2,7.2,8.0,4.0,3.2,3.2,0.0,0.24193548387096772,42.00000000000001,0.14,P00672,P00672-2026,P00672,P00672-2026,11550000.0,11.55,Low-Cost Rotation Contract,Insufficient Minutes / Context,3.6363636363636367,1604166.6666666665,82499999.99999999
2025-26,2026,dalen terry,Dalen Terry,PHI,F,7,,39.199999999999996,13.299999999999999,4.2,7.0,4.8999999999999995,0.0,2.1,0.405982905982906,41.44,0.13813333333333333,P00189,P00189-2026,P00189,P00189-2026,,,Salary Unavailable,Salary Unavailable,,,
2025-26,2026,thomas bryant,Thomas Bryant,CLE,C,9,,41.4,17.099999999999998,10.799999999999999,1.8,1.8,0.9,1.8,0.390625,39.06,0.1302,P00894,P00894-2026,P00894,P00894-2026,2296274.0,2.296274,Minimum / Two-Way / Replacement,Market Neutral,17.010165163216588,134285.0292397661,17636513.056835636
2025-26,2026,joan beringer,Joan Beringer,MIN,F,5,,23.0,16.0,11.0,0.0,2.0,2.0,3.0,0.6389776357827476,38.2,0.12733333333333335,P00474,P00474-2026,P00474,P00474-2026,4201080.0,4.20108,Minimum / Two-Way / Replacement,Insufficient Minutes / Context,9.092899920972703,262567.5,32992774.869109944
2025-26,2026,aaron wiggins,Aaron Wiggins,OKC,G,13,,75.39999999999999,19.5,5.2,5.2,1.3,1.3,3.9,0.39473684210526316,37.440000000000005,0.12480000000000002,P00009,P00009-2026,P00009,P00009-2026,10102802.0,10.102802,Low-Cost Rotation Contract,Market Neutral,3.7059025802940613,518092.41025641025,80951939.10256408
2025-26,2026,pacome dadiet,Pacome Dadiet,NYK,F,7,,39.9,20.3,7.0,2.8000000000000003,2.1,0.0,2.1,0.596217105263158,37.1,0.12366666666666667,P00766,P00766-2026,P00766,P00766-2026,2847600.0,2.8476,Minimum / Two-Way / Replacement,Insufficient Minutes / Context,13.028515240904623,140275.8620689655,23026415.09433962
2025-26,2026,grayson allen,Grayson Allen,PHO,G,2,,38.0,19.0,4.0,4.0,0.0,2.0,0.0,0.6436314363143631,35.8,0.11933333333333332,P00331,P00331-2026,P00331,P00331-2026,16875000.0,16.875,Mid-Tier Rotation Contract,High-Cost Low-Return,2.1214814814814815,888157.8947368421,141410614.5251397
2025-26,2026,trendon watford,Trendon Watford,PHI,F,7,,39.9,20.3,2.8000000000000003,2.8000000000000003,2.8000000000000003,0.0,2.1,0.6957773512476008,34.16,0.11386666666666666,P00915,P00915-2026,P00915,P00915-2026,2461463.0,2.461463,Minimum / Two-Way / Replacement,Market Neutral,13.877925445151925,121254.33497536945,21617063.81733021
2025-26,2026,kevin durant,Kevin Durant,HOU,F,1,,41.0,23.0,6.0,4.0,1.0,1.0,9.0,0.7205513784461153,33.2,0.11066666666666668,P00572,P00572-2026,P00572,P00572-2026,54708609.0,54.708609,Max / Supermax-Level,Expensive but Worth It,0.6068514737781032,2378635.1739130435,494354900.6024096
2025-26,2026,jeremy sochan,Jeremy Sochan,NYK,F,7,,25.900000000000002,20.3,4.8999999999999995,2.1,0.7000000000000001,0.7000000000000001,0.7000000000000001,0.812780269058296,32.83,0.10943333333333333,P00467,P00467-2026,P00467,P00467-2026,778622.0,0.778622,Minimum / Two-Way / Replacement,Insufficient Minutes / Context,42.16423373601054,38355.76354679803,7115035.028936949
2025-26,2026,corey kispert,Corey Kispert,ATL,F,5,,54.0,11.0,8.0,6.0,2.0,0.0,3.0,0.2358490566037736,32.6,0.10866666666666668,P00172,P00172-2026,P00172,P00172-2026,13975000.0,13.975,Mid-Tier Rotation Contract,Market Neutral,2.332737030411449,1270454.5454545454,128604294.47852759
2025-26,2026,mouhamed gueye,Mouhamed Gueye,ATL,F,6,,49.800000000000004,10.2,10.2,4.199999999999999,1.2000000000000002,0.0,1.2000000000000002,0.3495065789473684,31.139999999999997,0.10379999999999999,P00710,P00710-2026,P00710,P00710-2026,2221677.0,2.221677,Minimum / Two-Way / Replacement,Efficient Role Player,14.016438933292282,217811.4705882353,21403439.306358382
2025-26,2026,jaylen clark,Jaylen Clark,MIN,G,6,,57.0,10.2,7.199999999999999,3.0,1.2000000000000002,1.2000000000000002,0.0,0.398686679174484,30.54,0.1018,P00448,P00448-2026,P00448,P00448-2026,2191897.0,2.191897,Minimum / Two-Way / Replacement,Market Neutral,13.933136456685693,214891.86274509804,21531404.715127703
2025-26,2026,lindy waters iii,Lindy Waters III,SAS,F,9,,34.199999999999996,15.299999999999999,6.3,3.6,0.9,0.0,0.9,0.6071428571428571,30.06,0.1002,P00626,P00626-2026,P00626,P00626-2026,2296274.0,2.296274,Minimum / Two-Way / Replacement,Insufficient Minutes / Context,13.09077226846622,150083.26797385621,22916906.187624753
2025-26,2026,sidy cissoko,Sidy Cissoko,POR,G,4,,26.0,11.2,5.2,1.2,4.0,0.0,1.2,0.5319148936170213,30.04,0.10013333333333332,P00858,P00858-2026,P00858,P00858-2026,688243.0,0.688243,Minimum / Two-Way / Replacement,Efficient Role Player,43.64737454649011,61450.26785714286,6873265.645805594
2025-26,2026,aaron holiday,Aaron Holiday,HOU,G,6,,67.19999999999999,16.200000000000003,1.7999999999999998,3.0,1.7999999999999998,1.2000000000000002,3.0,0.36486486486486486,28.860000000000003,0.09620000000000001,P00007,P00007-2026,P00007,P00007-2026,,,Salary Unavailable,Salary Unavailable,,,
2025-26,2026,mohamed diawara,Mohamed Diawara,NYK,F,6,,43.2,7.199999999999999,9.0,6.0,1.2000000000000002,0.0,3.0,0.27272727272727265,27.6,0.092,P00702,P00702-2026,P00702,P00702-2026,1272870.0,1.27287,Minimum / Two-Way / Replacement,Efficient Role Player,21.683282660444508,176787.50000000003,13835543.47826087
2025-26,2026,ron harper jr,Ron Harper Jr.,BOS,G,6,,25.200000000000003,10.8,4.199999999999999,1.2000000000000002,3.0,0.0,0.0,0.6000000000000001,26.64,0.0888,P00822,P00822-2026,P00822,P00822-2026,,,Salary Unavailable,Salary Unavailable,,,
2025-26,2026,kevin huerter,Kevin Huerter,DET,G,5,,46.0,6.0,5.0,7.0,2.0,0.0,2.0,0.42857142857142855,26.5,0.08833333333333333,P00573,P00573-2026,P00573,P00573-2026,17991071.0,17.991071,Mid-Tier Rotation Contract,High-Cost Low-Return,1.4729528886857262,2998511.8333333335,203672501.88679245
2025-26,2026,a j lawson,A.J. Lawson,TOR,G,7,,51.1,11.9,2.8000000000000003,4.2,0.0,2.1,2.1,0.3495065789473685,25.76,0.08586666666666667,P00001,P00001-2026,P00001,P00001-2026,2270735.0,2.270735,Minimum / Two-Way / Replacement,Insufficient Minutes / Context,11.344344452346927,190818.06722689074,26444895.1863354
2025-26,2026,nick smith jr,Nick Smith Jr.,LAL,G,6,,18.0,16.200000000000003,1.2000000000000002,1.2000000000000002,1.2000000000000002,1.2000000000000002,1.2000000000000002,0.5550986842105264,25.44000000000001,0.08480000000000003,P00731,P00731-2026,P00731,P00731-2026,,,Salary Unavailable,Salary Unavailable,,,
2025-26,2026,bronny james,Bronny James,LAL,G,8,,42.4,12.0,3.2,7.2,0.8,0.0,4.0,0.5769230769230769,25.04,0.08346666666666666,P00100,P00100-2026,P00100,P00100-2026,1955377.0,1.955377,Minimum / Two-Way / Replacement,Insufficient Minutes / Context,12.805714703609585,162948.08333333334,23427040.73482428
2025-26,2026,jae sean tate,Jae'Sean Tate,HOU,F,5,,30.0,10.0,10.0,0.0,1.0,0.0,0.0,0.39556962025316456,25.0,0.08333333333333333,P00392,P00392-2026,P00392,P00392-2026,2296274.0,2.296274,Minimum / Two-Way / Replacement,Insufficient Minutes / Context,10.887202485417681,229627.4,27555288.0
2025-26,2026,dorian finney smith,Dorian Finney-Smith,HOU,F,4,,49.2,8.0,8.0,1.2,1.2,1.2,2.0,0.26881720430107525,24.6,0.082,P00263,P00263-2026,P00263,P00263-2026,12700000.0,12.7,Mid-Tier Rotation Contract,Market Neutral,1.9370078740157481,1587500.0,154878048.7804878
2025-26,2026,tyus jones,Tyus Jones,DEN,G,3,,30.0,9.0,0.0,5.1,2.0999999999999996,0.0,0.0,0.4986702127659574,22.949999999999996,0.07649999999999998,P00950,P00950-2026,P00950,P00950-2026,514682.0,0.514682,Minimum / Two-Way / Replacement,Efficient Role Player,44.59064043428757,57186.88888888889,6727869.281045753
2025-26,2026,jonas valanciunas,Jonas Valanciunas,DEN,C,4,,25.2,11.2,9.2,1.2,0.0,1.2,5.2,0.693069306930693,22.44,0.0748,P00492,P00492-2026,P00492,P00492-2026,10395000.0,10.395,Low-Cost Rotation Contract,Market Neutral,2.158730158730159,928125.0000000001,138970588.2352941
2025-26,2026,zaccharie risacher,Zaccharie Risacher,ATL,F,3,,23.1,11.100000000000001,9.0,0.0,0.0,0.0,0.0,0.39361702127659576,21.9,0.073,P00990,P00990-2026,P00990,P00990-2026,13197720.0,13.19772,Mid-Tier Rotation Contract,Market Neutral,1.6593775288458914,1188983.7837837837,180790684.93150687
2025-26,2026,adou thiero,Adou Thiero,LAL,F,6,,34.2,9.0,12.0,1.2000000000000002,0.0,0.0,4.199999999999999,0.5208333333333333,21.0,0.07,P00017,P00017-2026,P00017,P00017-2026,1272870.0,1.27287,Minimum / Two-Way / Replacement,Insufficient Minutes / Context,16.498149850338212,141430.0,18183857.14285714
2025-26,2026,dalton knecht,Dalton Knecht,LAL,F,5,,18.0,10.0,6.0,3.0,0.0,0.0,1.0,0.563063063063063,20.7,0.06899999999999999,P00190,P00190-2026,P00190,P00190-2026,4010160.0,4.01016,Minimum / Two-Way / Replacement,Market Neutral,5.161888802441798,401016.0,58118260.869565226
2025-26,2026,mason plumlee,Mason Plumlee,SAS,C,6,,18.0,4.199999999999999,4.199999999999999,1.7999999999999998,0.0,3.0,1.2000000000000002,0.6999999999999998,19.74,0.0658,P00670,P00670-2026,P00670,P00670-2026,593864.0,0.593864,Minimum / Two-Way / Replacement,Insufficient Minutes / Context,33.23993372219902,141396.1904761905,9025288.753799392
2025-26,2026,nae qwan tomlin,Nae'Qwan Tomlin,CLE,F,7,,18.900000000000002,9.1,4.8999999999999995,2.1,0.7000000000000001,0.0,0.7000000000000001,0.6298449612403101,19.53,0.0651,P00718,P00718-2026,P00718,P00718-2026,718150.0,0.71815,Minimum / Two-Way / Replacement,Efficient Role Player,27.194875722342132,78917.58241758242,11031490.015360983
2025-26,2026,rasheer fleming,Rasheer Fleming,PHO,F,4,,18.0,9.2,1.2,0.0,2.0,1.2,1.2,0.8846153846153845,19.040000000000003,0.06346666666666667,P00798,P00798-2026,P00798,P00798-2026,1272870.0,1.27287,Minimum / Two-Way / Replacement,Efficient Role Player,14.958322530973316,138355.4347826087,20055724.789915964
2025-26,2026,clint capela,Clint Capela,HOU,C,4,,22.0,6.0,7.2,1.2,0.0,1.2,1.2,0.375,18.84,0.0628,P00159,P00159-2026,P00159,P00159-2026,6700000.0,6.7,Low-Cost Rotation Contract,Market Neutral,2.8119402985074626,1116666.6666666667,106687898.08917199
2025-26,2026,zeke nnaji,Zeke Nnaji,DEN,F,2,,19.0,10.0,3.0,1.0,1.0,0.0,0.0,1.0775862068965516,18.1,0.060333333333333336,P00995,P00995-2026,P00995,P00995-2026,8177778.0,8.177778,Low-Cost Rotation Contract,Market Neutral,2.213315157246871,817777.8,135543281.7679558
2025-26,2026,keaton wallace,Keaton Wallace,ATL,G,3,,15.0,6.0,3.0,3.0,0.8999999999999999,0.0,0.0,0.3324468085106383,16.8,0.056,P00548,P00548-2026,P00548,P00548-2026,2296274.0,2.296274,Minimum / Two-Way / Replacement,Market Neutral,7.316200070200682,382712.3333333333,41004892.85714286
2025-26,2026,khaman maluach,Khaman Maluach,PHO,C,4,,45.2,8.0,9.2,0.0,0.0,0.0,3.2,0.5,15.84,0.0528,P00583,P00583-2026,P00583,P00583-2026,6016080.0,6.01608,Low-Cost Rotation Contract,Insufficient Minutes / Context,2.632943710854909,752010.0,113940909.0909091
2025-26,2026,julian phillips,Julian Phillips,MIN,F,5,,25.0,6.0,1.0,2.0,2.0,0.0,1.0,0.5,15.2,0.050666666666666665,P00524,P00524-2026,P00524,P00524-2026,2221677.0,2.221677,Minimum / Two-Way / Replacement,Insufficient Minutes / Context,6.841678605845944,370279.5,43848888.15789474
2025-26,2026,joe ingles,Joe Ingles,MIN,F,3,,14.100000000000001,6.8999999999999995,2.0999999999999996,0.0,2.0999999999999996,0.0,0.8999999999999999,0.8792048929663608,14.819999999999997,0.04939999999999999,P00477,P00477-2026,P00477,P00477-2026,2296274.0,2.296274,Minimum / Two-Way / Replacement,Insufficient Minutes / Context,6.4539336333556,332793.3333333334,46483279.35222673
2025-26,2026,jamaree bouyea,Jamaree Bouyea,PHO,G,4,,10.0,5.2,3.2,1.2,1.2,0.0,0.0,0.5327868852459017,14.44,0.048133333333333334,P00417,P00417-2026,P00417,P00417-2026,574210.0,0.57421,Minimum / Two-Way / Replacement,Efficient Role Player,25.14759408578743,110425.0,11929570.637119114
2025-26,2026,nikola topic,Nikola Topic,OKC,G,9,,21.599999999999998,3.6,1.8,2.6999999999999997,1.8,0.0,1.8,0.28571428571428575,13.409999999999998,0.0447,P00738,P00738-2026,P00738,P00738-2026,5182920.0,5.18292,Low-Cost Rotation Contract,Insufficient Minutes / Context,2.587344585677571,1439700.0,115948993.28859061
2025-26,2026,bismack biyombo,Bismack Biyombo,SAS,C,9,,25.2,6.3,2.6999999999999997,0.0,0.0,1.8,1.8,0.4375,13.139999999999999,0.0438,P00075,P00075-2026,P00075,P00075-2026,2296274.0,2.296274,Minimum / Two-Way / Replacement,Insufficient Minutes / Context,5.7223136263355325,364487.9365079365,52426347.031963475
2025-26,2026,johni broome,Johni Broome,PHI,F,2,,8.0,7.0,2.0,1.0,0.0,0.0,0.0,0.5833333333333334,10.9,0.036333333333333336,P00488,P00488-2026,P00488,P00488-2026,1272870.0,1.27287,Minimum / Two-Way / Replacement,Insufficient Minutes / Context,8.563325398508882,181838.57142857142,35033119.26605504
2025-26,2026,jevon carter,Jevon Carter,ORL,G,3,,17.1,2.0999999999999996,2.0999999999999996,2.0999999999999996,0.8999999999999999,0.0,0.0,0.26923076923076916,10.469999999999999,0.034899999999999994,P00472,P00472-2026,P00472,P00472-2026,871000.0,0.871,Minimum / Two-Way / Replacement,Efficient Role Player,12.020665901262914,414761.90476190485,24957020.057306595
2025-26,2026,buddy hield,Buddy Hield,ATL,G,2,,13.0,10.0,2.0,0.0,0.0,0.0,2.0,1.0,10.4,0.034666666666666665,P00109,P00109-2026,P00109,P00109-2026,9219512.0,9.219512,Low-Cost Rotation Contract,Market Neutral,1.1280423519162404,921951.2,265947461.53846154
2025-26,2026,jabari walker,Jabari Walker,PHI,F,6,,28.799999999999997,4.199999999999999,6.0,0.0,0.0,0.0,1.2000000000000002,0.1910480349344978,10.2,0.033999999999999996,P00381,P00381-2026,P00381,P00381-2026,724598.0,0.724598,Minimum / Two-Way / Replacement,Efficient Role Player,14.076770843971415,172523.33333333337,21311705.882352944
2025-26,2026,hugo gonzalez,Hugo Gonzalez,BOS,G,4,,19.2,0.0,4.0,2.0,0.0,1.2,1.2,0.0,10.2,0.033999999999999996,P00346,P00346-2026,P00346,P00346-2026,2783880.0,2.78388,Minimum / Two-Way / Replacement,Market Neutral,3.663951032372085,,81878823.52941178
2025-26,2026,asa newell,Asa Newell,ATL,F,2,,11.0,2.0,0.0,1.0,1.0,1.0,0.0,0.5,9.5,0.03166666666666667,P00058,P00058-2026,P00058,P00058-2026,3237480.0,3.23748,Minimum / Two-Way / Replacement,Market Neutral,2.934381061813509,1618740.0,102236210.52631578
2025-26,2026,maxi kleber,Maxi Kleber,LAL,F,3,,14.100000000000001,0.8999999999999999,2.0999999999999996,3.0,0.8999999999999999,0.0,2.0999999999999996,0.24671052631578946,8.52,0.028399999999999998,P00681,P00681-2026,P00681,P00681-2026,11000000.0,11.0,Low-Cost Rotation Contract,Insufficient Minutes / Context,0.7745454545454545,12222222.222222224,387323943.66197187
2025-26,2026,tolu smith,Tolu Smith,DET,F,3,,6.8999999999999995,3.9000000000000004,2.0999999999999996,0.0,0.8999999999999999,0.0,0.8999999999999999,0.9285714285714288,8.219999999999999,0.027399999999999997,P00902,P00902-2026,P00902,P00902-2026,,,Salary Unavailable,Salary Unavailable,,,
2025-26,2026,julian strawther,Julian Strawther,DEN,G,2,,18.0,6.0,3.0,0.0,0.0,0.0,2.0,0.3807106598984772,7.6,0.025333333333333333,P00526,P00526-2026,P00526,P00526-2026,2674200.0,2.6742,Minimum / Two-Way / Replacement,Market Neutral,2.841971430708249,445700.0,105560526.31578948
2025-26,2026,moritz wagner,Moritz Wagner,ORL,F,2,,13.0,5.0,3.0,0.0,0.0,0.0,1.0,0.5122950819672131,7.6,0.025333333333333333,P00705,P00705-2026,P00705,P00705-2026,5000000.0,5.0,Low-Cost Rotation Contract,Insufficient Minutes / Context,1.52,1000000.0,197368421.0526316
2025-26,2026,craig porter jr,Craig Porter Jr.,CLE,G,7,,21.0,2.1,2.8000000000000003,4.2,0.0,0.0,4.2,0.375,7.560000000000001,0.025200000000000004,P00175,P00175-2026,P00175,P00175-2026,2221677.0,2.221677,Minimum / Two-Way / Replacement,Efficient Role Player,3.4028348855391677,1057941.4285714286,88161785.7142857
2025-26,2026,ryan dunn,Ryan Dunn,PHO,F,4,,34.0,0.0,6.0,2.0,0.0,0.0,3.2,0.0,6.999999999999999,0.02333333333333333,P00830,P00830-2026,P00830,P00830-2026,2657760.0,2.65776,Minimum / Two-Way / Replacement,Efficient Role Player,2.633796881584492,,113904000.00000001
2025-26,2026,vit krejci,Vit Krejci,POR,G,4,,16.0,2.0,1.2,2.0,0.0,0.0,0.0,0.25,6.4399999999999995,0.021466666666666665,P00961,P00961-2026,P00961,P00961-2026,2349578.0,2.349578,Minimum / Two-Way / Replacement,Efficient Role Player,2.740917730758459,1174789.0,109452391.30434783
2025-26,2026,jase richardson,Jase Richardson,ORL,G,1,,3.0,6.0,0.0,0.0,0.0,0.0,0.0,1.5,6.0,0.02,P00437,P00437-2026,P00437,P00437-2026,2983320.0,2.98332,Minimum / Two-Way / Replacement,Market Neutral,2.01118217288122,497220.0,149166000.0
2025-26,2026,kris murray,Kris Murray,POR,F,5,,25.0,5.0,3.0,0.0,0.0,0.0,3.0,0.5122950819672131,5.6,0.018666666666666665,P00597,P00597-2026,P00597,P00597-2026,3132000.0,3.132,Minimum / Two-Way / Replacement,Market Neutral,1.7879948914431671,626400.0,167785714.2857143
2025-26,2026,tyrese proctor,Tyrese Proctor,CLE,G,4,,13.2,2.0,1.2,2.0,0.0,0.0,2.0,0.3472222222222222,4.4399999999999995,0.014799999999999999,P00947,P00947-2026,P00947,P00947-2026,1272870.0,1.27287,Minimum / Two-Way / Replacement,Efficient Role Player,3.4881802540715077,636435.0,86004729.72972974
2025-26,2026,jonathan mogbo,Jonathan Mogbo,TOR,F,3,,3.9000000000000004,3.9000000000000004,0.0,0.0,0.0,0.0,0.0,0.9285714285714288,3.9000000000000004,0.013000000000000001,P00495,P00495-2026,P00495,P00495-2026,1955377.0,1.955377,Minimum / Two-Way / Replacement,Insufficient Minutes / Context,1.9945002932938254,501378.7179487179,150413615.38461536
2025-26,2026,chaz lanier,Chaz Lanier,DET,G,3,,8.100000000000001,2.0999999999999996,0.0,0.8999999999999999,0.0,0.0,0.0,0.3499999999999999,3.4499999999999993,0.011499999999999998,P00142,P00142-2026,P00142,P00142-2026,1372870.0,1.37287,Minimum / Two-Way / Replacement,Insufficient Minutes / Context,2.5129837493717533,653747.6190476192,119380000.00000001
2025-26,2026,haywood highsmith,Haywood Highsmith,PHO,F,2,,11.0,0.0,3.0,1.0,0.0,0.0,2.0,0.0,3.0999999999999996,0.010333333333333332,P00343,P00343-2026,P00343,P00343-2026,827984.0,0.827984,Minimum / Two-Way / Replacement,Insufficient Minutes / Context,3.7440337011343208,,80127483.87096776
2025-26,2026,max shulga,Max Shulga,BOS,G,2,,5.0,3.0,0.0,0.0,0.0,0.0,0.0,0.75,3.0,0.01,P00679,P00679-2026,P00679,P00679-2026,,,Salary Unavailable,Salary Unavailable,,,
2025-26,2026,jalen pickett,Jalen Pickett,DEN,G,2,,4.0,1.0,0.0,1.0,0.0,0.0,0.0,0.5681818181818182,2.5,0.008333333333333333,P00408,P00408-2026,P00408,P00408-2026,2221677.0,2.221677,Minimum / Two-Way / Replacement,Market Neutral,1.1252760864878197,2221677.0,266601240.0
2025-26,2026,jd davison,JD Davison,HOU,G,2,,5.0,2.0,2.0,0.0,0.0,0.0,2.0,1.1363636363636365,2.4000000000000004,0.008000000000000002,P00373,P00373-2026,P00373,P00373-2026,2270735.0,2.270735,Minimum / Two-Way / Replacement,Insufficient Minutes / Context,1.0569265017714529,1135367.5,283841874.99999994
2025-26,2026,daron holmes ii,DaRon Holmes II,DEN,F,2,,4.0,0.0,2.0,0.0,0.0,0.0,0.0,,2.4,0.008,P00184,P00184-2026,P00184,P00184-2026,3218760.0,3.21876,Minimum / Two-Way / Replacement,Insufficient Minutes / Context,0.7456287514446557,,402345000.0
2025-26,2026,trayce jackson davis,Trayce Jackson-Davis,TOR,F,3,,3.9000000000000004,2.0999999999999996,0.8999999999999999,0.0,0.0,0.0,0.8999999999999999,0.575657894736842,2.28,0.007599999999999999,P00910,P00910-2026,P00910,P00910-2026,2221677.0,2.221677,Minimum / Two-Way / Replacement,Insufficient Minutes / Context,1.0262517908768916,1057941.4285714286,292325921.0526316
2025-26,2026,amari williams,Amari Williams,BOS,F,1,,2.0,1.0,1.0,0.0,0.0,0.0,0.0,0.26595744680851063,2.2,0.007333333333333334,P00038,P00038-2026,P00038,P00038-2026,490128.0,0.490128,Minimum / Two-Way / Replacement,Insufficient Minutes / Context,4.488623380015016,490128.0,66835636.36363636
2025-26,2026,jordan goodwin,Jordan Goodwin,PHO,G,1,,5.0,2.0,0.0,0.0,0.0,0.0,0.0,0.25,2.0,0.006666666666666667,P00499,P00499-2026,P00499,P00499-2026,2349578.0,2.349578,Minimum / Two-Way / Replacement,Efficient Role Player,0.8512166865709502,1174789.0,352436700.0
2025-26,2026,dalano banton,Dalano Banton,BOS,F,2,,4.0,2.0,0.0,0.0,0.0,0.0,0.0,1.0,2.0,0.006666666666666667,P00188,P00188-2026,P00188,P00188-2026,,,Salary Unavailable,Salary Unavailable,,,
2025-26,2026,garrett temple,Garrett Temple,TOR,G,2,,2.0,0.0,0.0,1.0,0.0,0.0,0.0,0.0,1.5,0.005,P00313,P00313-2026,P00313,P00313-2026,2296274.0,2.296274,Minimum / Two-Way / Replacement,Insufficient Minutes / Context,0.6532321491250609,,459254800.0
2025-26,2026,yang hansen,Yang Hansen,POR,C,4,,5.2,0.0,1.2,0.0,0.0,0.0,0.0,0.0,1.44,0.0048,P00982,P00982-2026,P00982,P00982-2026,4422360.0,4.42236,Minimum / Two-Way / Replacement,Insufficient Minutes / Context,0.3256179958212357,,921325000.0000001
2025-26,2026,kyle lowry,Kyle Lowry,PHI,G,2,,3.0,0.0,1.0,0.0,0.0,0.0,0.0,,1.2,0.004,P00603,P00603-2026,P00603,P00603-2026,2296274.0,2.296274,Minimum / Two-Way / Replacement,Insufficient Minutes / Context,0.5225857193000487,,574068500.0
2025-26,2026,noah penda,Noah Penda,ORL,F,1,,3.0,0.0,1.0,0.0,0.0,0.0,0.0,,1.2,0.004,P00742,P00742-2026,P00742,P00742-2026,1272870.0,1.27287,Minimum / Two-Way / Replacement,Efficient Role Player,0.9427514200193264,,318217500.0
2025-26,2026,gradey dick,Gradey Dick,TOR,G,3,,3.9000000000000004,0.0,0.8999999999999999,0.0,0.0,0.0,0.0,,1.0799999999999998,0.0035999999999999995,P00328,P00328-2026,P00328,P00328-2026,4990560.0,4.99056,Low-Cost Rotation Contract,Market Neutral,0.2164085793979032,,1386266666.666667
2025-26,2026,blake wesley,Blake Wesley,POR,G,4,,5.2,1.2,0.0,0.0,0.0,0.0,1.2,0.6818181818181818,0.0,0.0,P00078,P00078-2026,P00078,P00078-2026,4726328.0,4.726328,Low-Cost Rotation Contract,Insufficient Minutes / Context,0.0,3938606.666666667,
2025-26,2026,jett howard,Jett Howard,ORL,G,1,,3.0,0.0,0.0,0.0,0.0,0.0,0.0,0.0,0.0,0.0,P00471,P00471-2026,P00471,P00471-2026,5529720.0,5.52972,Low-Cost Rotation Contract,Market Neutral,0.0,,
2025-26,2026,jeff green,Jeff Green,HOU,F,2,,11.0,0.0,0.0,0.0,0.0,0.0,1.0,0.0,-1.0,-0.0033333333333333335,P00461,P00461-2026,P00461,P00461-2026,2296274.0,2.296274,Minimum / Two-Way / Replacement,Insufficient Minutes / Context,-0.43548809941670724,,
2025-26,2026,larry nance jr,Larry Nance Jr.,CLE,F,2,,5.0,0.0,0.0,0.0,0.0,0.0,1.0,,-1.0,-0.0033333333333333335,P00615,P00615-2026,P00615,P00615-2026,2296274.0,2.296274,Minimum / Two-Way / Replacement,Insufficient Minutes / Context,-0.43548809941670724,,
2025-26,2026,amir coffey,Amir Coffey,PHO,G,4,,6.0,0.0,0.0,0.0,0.0,0.0,2.0,,-2.0,-0.006666666666666667,P00040,P00040-2026,P00040,P00040-2026,2296274.0,2.296274,Minimum / Two-Way / Replacement,Insufficient Minutes / Context,-0.8709761988334145,,
