Season,SeasonEndYear,PlayerKeyRaw,PTSPer36,TRBPer36,ASTPer36,STLPer36,BLKPer36,TOVPer36,BoxScoreRateScorePer36,PlayerKey,PlayerSeasonKey
2021-22,2022,aaron gordon,17.034700315457414,6.700315457413249,2.839116719242902,0.6813880126182965,0.6813880126182965,2.0441640378548898,31.377917981072557,P00005,P00005-2022
2021-22,2022,aaron henry,3.8571428571428577,2.5714285714285716,0.0,0.0,3.8571428571428577,3.8571428571428577,14.657142857142858,P00006,P00006-2022
2021-22,2022,aaron holiday,14.0,4.222222222222222,5.333333333333333,1.5555555555555554,0.22222222222222224,2.4444444444444446,29.955555555555556,P00007,P00007-2022
2021-22,2022,aaron nesmith,12.436363636363637,5.5636363636363635,1.3090909090909093,1.3090909090909093,0.3272727272727273,1.9636363636363636,24.021818181818183,P00008,P00008-2022
2021-22,2022,aaron wiggins,12.347107438016529,5.355371900826446,2.0826446280991733,0.8925619834710744,0.2975206611570248,1.6363636363636367,23.831404958677687,P00009,P00009-2022
2021-22,2022,abdel nader,8.307692307692307,6.576923076923077,1.7307692307692306,2.0769230769230766,1.0384615384615383,2.769230769230769,25.37307692307692,P00010,P00010-2022
2021-22,2022,admiral schofield,11.121951219512194,6.73170731707317,2.0487804878048776,0.2926829268292683,0.2926829268292683,1.7560975609756095,22.27317073170731,P00016,P00016-2022
2021-22,2022,ahmad caver,72.0,0.0,0.0,0.0,0.0,0.0,72.0,P00018,P00018-2022
2021-22,2022,al horford,12.618556701030927,9.525773195876289,4.2061855670103085,0.8659793814432989,1.6082474226804124,1.11340206185567,36.66804123711339,P00020,P00020-2022
2021-22,2022,alec burks,14.727272727272727,6.1678321678321675,3.7762237762237763,1.2587412587412585,0.3776223776223776,1.3846153846153846,31.317482517482514,P00021,P00021-2022
2021-22,2022,aleem ford,6.8108108108108105,7.2972972972972965,0.972972972972973,0.4864864864864865,0.0,1.945945945945946,16.540540540540537,P00022,P00022-2022
2021-22,2022,aleksej pokusevski,13.544554455445544,9.267326732673268,3.742574257425743,1.0693069306930694,1.0693069306930694,2.673267326732673,34.021782178217826,P00023,P00023-2022
2021-22,2022,alex caruso,9.514285714285714,4.628571428571429,5.142857142857142,2.1857142857142855,0.5142857142857143,1.7999999999999998,29.08285714285714,P00025,P00025-2022
2021-22,2022,alex len,13.584905660377357,9.283018867924529,2.7169811320754715,0.6792452830188679,1.3584905660377358,2.490566037735849,32.422641509433966,P00028,P00028-2022
2021-22,2022,alfonzo mckinnie,10.41322314049587,5.652892561983471,0.8925619834710744,0.2975206611570248,0.5950413223140496,1.1900826446280992,20.023140495867768,P00032,P00032-2022
2021-22,2022,alize johnson,8.876712328767123,13.315068493150687,1.9726027397260275,0.9863013698630138,0.0,2.4657534246575343,28.306849315068497,P00034,P00034-2022
2021-22,2022,alperen sengun,16.695652173913043,9.565217391304348,4.521739130434783,1.3913043478260871,1.5652173913043481,3.4782608695652173,40.347826086956516,P00036,P00036-2022
2021-22,2022,amir coffey,14.273127753303966,4.599118942731277,2.854625550660793,0.9515418502202644,0.31718061674008813,1.1101321585903083,26.770044052863433,P00040,P00040-2022
2021-22,2022,andre drummond,14.436548223350256,16.99492385786802,3.289340101522843,2.0101522842639596,1.6446700507614216,2.923857868020305,47.80507614213198,P00042,P00042-2022
2021-22,2022,andre iguodala,7.384615384615384,5.907692307692308,6.830769230769231,1.6615384615384616,1.2923076923076922,1.6615384615384616,31.919999999999995,P00043,P00043-2022
2021-22,2022,andrew wiggins,19.41065830721003,5.078369905956113,2.4827586206896557,1.1285266457680252,0.7899686520376176,1.6927899686520378,33.29153605015674,P00046,P00046-2022
2021-22,2022,anfernee simons,21.11186440677966,3.172881355932203,4.759322033898305,0.6101694915254238,0.12203389830508476,2.440677966101695,31.814237288135587,P00047,P00047-2022
2021-22,2022,anthony davis,23.794871794871792,10.153846153846153,3.1794871794871793,1.2307692307692306,2.358974358974359,2.1538461538461537,49.36410256410256,P00049,P00049-2022
2021-22,2022,anthony edwards,22.355685131195337,5.037900874635569,3.988338192419825,1.5743440233236154,0.6297376093294461,2.728862973760933,38.26705539358601,P00050,P00050-2022
2021-22,2022,anthony gill,14.057142857142855,6.514285714285714,2.057142857142857,0.34285714285714286,1.0285714285714285,1.3714285714285714,27.70285714285714,P00051,P00051-2022
2021-22,2022,armoni brooks,12.230769230769232,4.384615384615384,2.5384615384615388,1.153846153846154,0.46153846153846156,1.153846153846154,24.992307692307687,P00057,P00057-2022
2021-22,2022,austin reaves,11.327586206896552,4.9655172413793105,2.793103448275862,0.7758620689655173,0.46551724137931033,1.086206896551724,24.11379310344828,P00061,P00061-2022
2021-22,2022,austin rivers,9.773755656108596,2.7692307692307687,2.1176470588235294,1.3031674208144794,0.16289592760180993,1.3031674208144794,19.368325791855202,P00062,P00062-2022
2021-22,2022,avery bradley,10.14977973568282,3.4889867841409696,1.2687224669603525,1.4273127753303965,0.15859030837004406,0.9515418502202644,20.045814977973574,P00063,P00063-2022
2021-22,2022,ayo dosunmu,11.56204379562044,3.678832116788321,4.335766423357664,1.051094890510949,0.5255474452554745,1.8394160583941606,25.37080291970803,P00064,P00064-2022
2021-22,2022,bj johnson,14.355828220858895,8.392638036809815,0.0,0.0,0.6625766871165644,0.0,26.41472392638037,P00065,P00065-2022
2021-22,2022,bam adebayo,21.092024539877304,11.153374233128833,3.7546012269938647,1.54601226993865,0.8834355828220859,2.871165644171779,44.52515337423313,P00066,P00066-2022
2021-22,2022,ben mclemore,18.268656716417908,2.8656716417910446,1.6119402985074627,1.0746268656716416,0.3582089552238806,1.6119402985074627,26.811940298507462,P00068,P00068-2022
2021-22,2022,bismack biyombo,14.808510638297872,11.744680851063828,1.5319148936170213,0.7659574468085106,1.7872340425531914,1.7872340425531914,37.07234042553191,P00075,P00075-2022
2021-22,2022,blake griffin,13.473684210526315,8.63157894736842,3.999999999999999,1.0526315789473684,0.631578947368421,1.263157894736842,33.62105263157894,P00076,P00076-2022
2021-22,2022,boban marjanovic,27.642857142857146,10.92857142857143,0.6428571428571429,0.0,0.6428571428571429,4.5,39.150000000000006,P00079,P00079-2022
2021-22,2022,bobby portis,18.638297872340424,11.617021276595745,1.5319148936170213,0.8936170212765957,0.8936170212765957,1.6595744680851066,38.578723404255314,P00080,P00080-2022
2021-22,2022,bogdan bogdanovic,18.552901023890787,4.914675767918089,3.808873720136519,1.3515358361774745,0.24573378839590443,1.3515358361774745,33.604095563139936,P00082,P00082-2022
2021-22,2022,bojan bogdanovic,21.0873786407767,5.009708737864078,1.9805825242718447,0.5825242718446603,0.0,1.9805825242718447,29.8368932038835,P00083,P00083-2022
2021-22,2022,bol bol,14.89655172413793,8.689655172413792,2.4827586206896552,0.6206896551724138,0.6206896551724138,1.8620689655172413,30.910344827586204,P00084,P00084-2022
2021-22,2022,bones hyland,19.136842105263156,5.11578947368421,5.3052631578947365,1.1368421052631579,0.5684210526315789,2.2736842105263158,36.07578947368421,P00085,P00085-2022
2021-22,2022,brad wanamaker,9.323741007194245,4.402877697841726,6.215827338129496,0.776978417266187,0.776978417266187,2.5899280575539567,26.002877697841726,P00086,P00086-2022
2021-22,2022,bradley beal,23.199999999999996,4.7,6.6,0.9,0.4,3.4,39.24,P00087,P00087-2022
2021-22,2022,brandon boston,16.187919463087248,5.315436241610739,2.4161073825503356,1.2080536912751678,0.7248322147651006,1.4496644295302012,30.539597315436243,P00090,P00090-2022
2021-22,2022,brandon clarke,19.2,9.784615384615384,2.4,1.1076923076923075,2.030769230769231,0.923076923076923,43.033846153846156,P00091,P00091-2022
2021-22,2022,brandon goodwin,12.431654676258992,4.920863309352518,6.474820143884892,1.8129496402877696,0.0,2.5899280575539567,30.8978417266187,P00092,P00092-2022
2021-22,2022,brandon ingram,24.03529411764706,6.141176470588236,5.929411764705883,0.6352941176470588,0.5294117647058824,2.858823529411765,40.93411764705882,P00093,P00093-2022
2021-22,2022,brandon knight,17.723076923076924,4.430769230769231,4.430769230769231,0.5538461538461539,0.0,2.2153846153846155,29.132307692307695,P00094,P00094-2022
2021-22,2022,brandon williams,17.39325842696629,4.179775280898877,5.258426966292134,1.348314606741573,0.5393258426966293,3.235955056179775,32.72359550561797,P00096,P00096-2022
2021-22,2022,braxton key,14.480446927374302,9.050279329608939,2.011173184357542,1.8100558659217878,2.011173184357542,2.011173184357542,37.81005586592178,P00097,P00097-2022
2021-22,2022,brodric thomas,12.959999999999999,5.76,6.4799999999999995,0.72,0.72,3.6,30.311999999999998,P00099,P00099-2022
2021-22,2022,brook lopez,19.49344978165939,6.445414847161572,0.7860262008733625,0.943231441048035,1.88646288209607,1.4148471615720524,35.48122270742358,P00101,P00101-2022
2021-22,2022,bruce brown,13.170731707317072,7.024390243902438,3.0731707317073167,1.6097560975609757,1.0243902439024388,1.170731707317073,32.94146341463414,P00103,P00103-2022
2021-22,2022,bruno fernando,20.470588235294116,12.705882352941178,1.4117647058823533,0.0,2.8235294117647065,3.5294117647058827,42.7764705882353,P00104,P00104-2022
2021-22,2022,bryn forbes,18.526315789473685,2.526315789473684,2.1052631578947367,0.631578947368421,0.21052631578947367,1.4736842105263155,25.76842105263158,P00106,P00106-2022
2021-22,2022,buddy hield,18.174757281553397,5.126213592233011,3.262135922330097,1.0485436893203883,0.34951456310679613,2.2135922330097086,31.2,P00109,P00109-2022
2021-22,2022,cj elleby,10.336633663366335,6.9504950495049505,2.673267326732673,1.0693069306930694,0.5346534653465347,1.7821782178217822,25.716831683168312,P00110,P00110-2022
2021-22,2022,cj mccollum,22.994219653179194,4.473988439306358,5.306358381502889,1.1445086705202312,0.41618497109826585,2.0809248554913293,38.92369942196532,P00112,P00112-2022
2021-22,2022,cade cunningham,19.214723926380366,6.07361963190184,6.1840490797546,1.3251533742331287,0.773006134969325,4.085889570552147,37.98773006134969,P00113,P00113-2022
2021-22,2022,caleb martin,14.462882096069869,5.973799126637554,1.7292576419213976,1.572052401746725,0.7860262008733625,1.4148471615720524,29.88471615720524,P00116,P00116-2022
2021-22,2022,cam mcgriff,11.058823529411764,11.764705882352942,2.3529411764705883,0.0,0.7058823529411764,0.0,30.82352941176471,P00118,P00118-2022
2021-22,2022,cam reddish,17.565217391304348,3.6521739130434785,1.7391304347826086,1.7391304347826086,0.5217391304347826,2.0869565217391304,29.252173913043478,P00119,P00119-2022
2021-22,2022,cam thomas,17.386363636363633,4.909090909090908,2.454545454545454,1.0227272727272727,0.20454545454545456,1.6363636363636365,29.00454545454545,P00121,P00121-2022
2021-22,2022,cameron johnson,17.17557251908397,5.633587786259541,2.0610687022900764,1.2366412213740459,0.2748091603053435,0.9618320610687022,30.599999999999998,P00123,P00123-2022
2021-22,2022,cameron oliver,19.25581395348837,5.023255813953488,2.511627906976744,0.8372093023255813,0.8372093023255813,0.0,34.07441860465116,P00124,P00124-2022
2021-22,2022,cameron payne,17.672727272727276,4.909090909090908,8.01818181818182,1.1454545454545453,0.4909090909090909,2.9454545454545453,37.554545454545455,P00125,P00125-2022
2021-22,2022,caris levert,19.93485342019544,4.3387622149837135,5.042345276872965,1.0553745928338762,0.4690553745928339,2.228013029315961,35.05016286644952,P00126,P00126-2022
2021-22,2022,carlik jones,6.2608695652173925,4.695652173913043,7.82608695652174,1.5652173913043481,0.0,4.695652173913043,23.634782608695655,P00127,P00127-2022
2021-22,2022,carmelo anthony,18.415384615384617,5.815384615384616,1.3846153846153846,0.9692307692307691,1.1076923076923078,1.2461538461538462,32.45538461538462,P00128,P00128-2022
2021-22,2022,carsen edwards,10.545454545454545,2.7272727272727275,6.363636363636363,0.9090909090909091,0.0,2.3636363636363638,23.727272727272727,P00129,P00129-2022
2021-22,2022,cassius stanley,12.13953488372093,4.395348837209303,0.8372093023255816,1.255813953488372,0.4186046511627908,1.4651162790697674,22.227906976744183,P00132,P00132-2022
2021-22,2022,cassius winston,12.857142857142858,0.6428571428571429,6.428571428571429,0.0,0.0,2.5714285714285716,20.7,P00133,P00133-2022
2021-22,2022,cedi osman,17.35135135135135,3.567567567567568,3.2432432432432434,1.2972972972972974,0.32432432432432434,1.6216216216216217,29.740540540540536,P00134,P00134-2022
2021-22,2022,chandler hutchison,6.8108108108108105,7.783783783783784,2.9189189189189184,0.0,0.0,6.8108108108108105,13.71891891891892,P00137,P00137-2022
2021-22,2022,charles bassey,14.794520547945206,13.315068493150687,1.4794520547945205,0.9863013698630138,3.4520547945205475,1.4794520547945205,44.82739726027397,P00139,P00139-2022
2021-22,2022,charlie brown jr,6.222222222222221,6.666666666666667,1.3333333333333333,2.2222222222222223,0.888888888888889,0.888888888888889,24.666666666666668,P00140,P00140-2022
2021-22,2022,chaundee brown jr,10.73076923076923,5.538461538461538,1.3846153846153846,0.6923076923076923,0.0,0.34615384615384615,21.184615384615384,P00141,P00141-2022
2021-22,2022,cheick diallo,12.932038834951456,13.980582524271844,0.0,1.0485436893203883,0.0,1.0485436893203883,31.80582524271844,P00143,P00143-2022
2021-22,2022,chimezie metu,15.04225352112676,9.464788732394364,1.6901408450704225,1.5211267605633803,0.8450704225352113,1.6901408450704225,34.34366197183098,P00146,P00146-2022
2021-22,2022,chris boucher,16.03791469194313,10.578199052132701,0.5118483412322274,1.0236966824644549,1.5355450236966823,0.8530805687203791,36.32417061611374,P00147,P00147-2022
2021-22,2022,chris chiozza,6.605504587155963,3.6330275229357802,6.275229357798165,1.3211009174311927,0.0,2.9724770642201834,21.368807339449543,P00148,P00148-2022
2021-22,2022,chris duarte,16.84285714285714,5.2714285714285705,2.6999999999999997,1.2857142857142856,0.2571428571428572,2.0571428571428574,29.79,P00149,P00149-2022
2021-22,2022,chris paul,16.085106382978722,4.8145896656534966,11.817629179331309,2.0790273556231003,0.3282674772036474,2.6261398176291793,44.18480243161095,P00152,P00152-2022
2021-22,2022,chris silva,10.285714285714286,14.241758241758243,2.769230769230769,0.0,0.39560439560439564,3.164835164835165,29.551648351648357,P00153,P00153-2022
2021-22,2022,christian wood,20.92207792207792,11.805194805194803,2.688311688311688,0.9350649350649352,1.1688311688311688,2.2207792207792205,43.2116883116883,P00157,P00157-2022
2021-22,2022,chuma okeke,12.383999999999999,7.2,2.4480000000000004,2.016,0.864,1.1520000000000001,32.184,P00158,P00158-2022
2021-22,2022,clint capela,14.478260869565215,15.521739130434781,1.5652173913043477,0.9130434782608695,1.6956521739130435,0.7826086956521738,42.495652173913044,P00159,P00159-2022
2021-22,2022,coby white,16.625454545454545,3.9272727272727272,3.7963636363636364,0.6545454545454545,0.26181818181818184,1.44,28.34181818181818,P00160,P00160-2022
2021-22,2022,cody martin,10.539923954372624,5.475285171102661,3.4220532319391634,1.6425855513307983,0.6844106463878327,1.231939163498099,27.992395437262363,P00161,P00161-2022
2021-22,2022,cody zeller,14.290076335877865,12.6412213740458,2.198473282442748,0.8244274809160306,0.549618320610687,1.9236641221374045,34.95572519083969,P00163,P00163-2022
2021-22,2022,cole anthony,18.511041009463725,6.13249211356467,6.473186119873818,0.7949526813880126,0.34069400630914826,2.9526813880126186,36.03406940063091,P00165,P00165-2022
2021-22,2022,collin sexton,20.069686411149824,4.139372822299651,2.634146341463415,1.1289198606271778,0.0,3.512195121951219,28.862717770034845,P00170,P00170-2022
2021-22,2022,corey kispert,12.615384615384615,4.153846153846154,1.6923076923076925,0.7692307692307693,0.4615384615384615,0.923076923076923,22.907692307692308,P00172,P00172-2022
2021-22,2022,cory joseph,11.707317073170731,3.951219512195122,5.268292682926829,0.8780487804878048,0.4390243902439024,1.9024390243902438,26.4,P00174,P00174-2022
2021-22,2022,craig sword,11.428571428571427,0.0,1.7142857142857142,7.428571428571429,0.0,1.7142857142857142,34.57142857142857,P00176,P00176-2022
2021-22,2022,d angelo russell,20.3625,3.7125,7.9875,1.125,0.33749999999999997,2.8125,38.37375,P00178,P00178-2022
2021-22,2022,d j augustin,11.850931677018632,2.683229813664596,4.248447204968944,0.670807453416149,0.0,2.2360248447204967,21.21987577639751,P00180,P00180-2022
2021-22,2022,d j wilson,20.0,10.666666666666666,3.466666666666667,3.466666666666667,0.8,1.3333333333333333,49.46666666666666,P00182,P00182-2022
2021-22,2022,daquan jeffries,8.399999999999999,8.399999999999999,3.5999999999999996,0.0,0.0,0.0,23.879999999999995,P00183,P00183-2022
2021-22,2022,daishen nix,10.568807339449542,4.623853211009173,5.614678899082568,1.9816513761467889,0.0,3.6330275229357802,26.85137614678899,P00186,P00186-2022
2021-22,2022,dakota mathias,13.333333333333332,4.0,2.6666666666666665,2.6666666666666665,0.0,0.0,30.133333333333333,P00187,P00187-2022
2021-22,2022,dalano banton,10.568807339449542,6.275229357798165,4.954128440366973,1.3211009174311927,0.6605504587155964,2.6422018348623855,28.83302752293578,P00188,P00188-2022
2021-22,2022,damian jones,16.021978021978022,8.703296703296704,2.3736263736263736,0.989010989010989,1.5824175824175826,2.175824175824176,35.56483516483516,P00191,P00191-2022
2021-22,2022,damian lillard,23.736263736263737,4.054945054945055,7.21978021978022,0.5934065934065934,0.39560439560439564,2.8681318681318677,39.53076923076924,P00192,P00192-2022
2021-22,2022,damion lee,13.32,5.76,1.8,1.08,0.18,1.08,25.631999999999998,P00194,P00194-2022
2021-22,2022,damyean dotson,6.857142857142857,3.4285714285714284,1.7142857142857142,0.0,0.0,0.0,13.542857142857143,P00195,P00195-2022
2021-22,2022,daniel gafford,16.83582089552239,10.208955223880597,1.6119402985074627,0.7164179104477612,2.507462686567164,1.6119402985074627,39.56417910447761,P00196,P00196-2022
2021-22,2022,daniel oturu,12.0,6.8,0.0,0.0,2.8,0.0,28.56,P00197,P00197-2022
2021-22,2022,daniel theis,14.19230769230769,8.48076923076923,1.5576923076923077,0.6923076923076923,1.2115384615384615,1.7307692307692306,30.686538461538458,P00198,P00198-2022
2021-22,2022,danilo gallinari,16.648221343873516,6.687747035573123,2.1343873517786562,0.5691699604743082,0.2845849802371541,0.8537549407114624,29.582608695652173,P00199,P00199-2022
2021-22,2022,danny green,9.743119266055045,4.128440366972477,1.6513761467889907,1.6513761467889907,0.9908256880733944,1.1559633027522933,23.944954128440365,P00201,P00201-2022
2021-22,2022,danuel house jr,12.277456647398843,5.410404624277457,2.0809248554913293,1.0404624277456647,0.8323699421965317,1.6647398843930634,25.845086705202313,P00204,P00204-2022
2021-22,2022,darius bazley,13.935483870967744,8.129032258064516,1.806451612903226,1.0322580645161292,1.2903225806451615,1.6774193548387097,31.69032258064517,P00207,P00207-2022
2021-22,2022,darius garland,21.882352941176467,3.3277310924369745,8.672268907563025,1.310924369747899,0.10084033613445378,3.6302521008403357,39.489075630252096,P00209,P00209-2022
2021-22,2022,darren collison,3.8048780487804876,3.8048780487804876,2.0487804878048776,0.8780487804878048,0.0,0.8780487804878048,13.2,P00210,P00210-2022
2021-22,2022,david duke jr,10.916129032258064,6.967741935483871,1.8580645161290323,1.3935483870967742,0.6967741935483871,0.9290322580645162,27.406451612903222,P00211,P00211-2022
2021-22,2022,david nwaba,13.909090909090908,9.0,2.181818181818182,1.6363636363636365,1.090909090909091,1.3636363636363638,34.8,P00213,P00213-2022
2021-22,2022,davion mitchell,14.945848375451265,2.8592057761732854,5.458483754512636,0.9097472924187725,0.3898916967509025,1.9494584837545126,28.51407942238267,P00215,P00215-2022
2021-22,2022,davis bertans,13.999999999999998,5.25,1.5,0.75,0.5,0.75,25.549999999999997,P00216,P00216-2022
2021-22,2022,davon reed,11.39568345323741,5.956834532374099,2.8489208633093526,1.2949640287769784,0.5179856115107914,0.776978417266187,27.479136690647483,P00217,P00217-2022
2021-22,2022,day ron sharpe,18.295081967213115,14.754098360655739,1.4754098360655739,0.8852459016393442,1.4754098360655739,2.655737704918033,42.63934426229508,P00218,P00218-2022
2021-22,2022,de aaron fox,23.660056657223798,3.977337110481587,5.711048158640226,1.2237960339943343,0.40793201133144485,2.855524079320113,39.03909348441927,P00219,P00219-2022
2021-22,2022,de andre hunter,16.187919463087248,3.9865771812080535,1.570469798657718,0.8456375838926173,0.4832214765100671,1.570469798657718,25.743624161073825,P00220,P00220-2022
2021-22,2022,de anthony melton,17.12775330396476,7.136563876651983,4.28193832599119,2.2202643171806167,0.7929515418502203,2.3788546255506606,38.77533039647577,P00221,P00221-2022
2021-22,2022,deandre jordan,11.907692307692308,15.23076923076923,1.1076923076923078,0.8307692307692307,1.9384615384615382,2.2153846153846155,37.93846153846154,P00222,P00222-2022
2021-22,2022,deandre bembry,10.032786885245901,5.7049180327868845,2.3606557377049175,1.7704918032786885,0.7868852459016393,1.1803278688524588,26.911475409836065,P00223,P00223-2022
2021-22,2022,demar derozan,27.82271468144044,5.185595567867036,4.886426592797784,0.8975069252077563,0.29916897506925205,2.3933518005540164,42.57174515235457,P00225,P00225-2022
2021-22,2022,demarcus cousins,21.74496644295302,13.530201342281877,3.624161073825503,1.6912751677852347,0.9664429530201342,4.348993288590604,47.04161073825504,P00226,P00226-2022
2021-22,2022,dean wade,9.9375,5.4375,1.875,1.125,0.18750000000000003,0.5625,22.65,P00227,P00227-2022
2021-22,2022,deandre ayton,20.989830508474576,12.447457627118643,1.7084745762711862,0.8542372881355931,0.8542372881355931,1.9525423728813562,41.662372881355935,P00228,P00228-2022
2021-22,2022,deividas sirvydis,4.0,8.0,1.2,4.0,1.2,0.0,31.0,P00229,P00229-2022
2021-22,2022,dejounte murray,21.827586206896555,8.586206896551726,9.517241379310345,2.0689655172413794,0.3103448275862069,2.689655172413793,50.8551724137931,P00230,P00230-2022
2021-22,2022,delon wright,8.380952380952383,5.523809523809525,4.571428571428571,2.2857142857142856,0.380952380952381,1.1428571428571428,28.72380952380953,P00231,P00231-2022
2021-22,2022,deni avdija,12.495867768595042,7.735537190082645,2.975206611570248,1.0413223140495866,0.743801652892562,1.6363636363636367,29.9603305785124,P00232,P00232-2022
2021-22,2022,dennis schroder,16.933797909407666,4.139372822299651,5.770034843205575,1.0034843205574915,0.12543554006968644,2.7595818815331015,31.18327526132404,P00233,P00233-2022
2021-22,2022,dennis smith jr,11.653179190751443,4.99421965317919,7.491329479768787,2.497109826589595,0.6242774566473988,2.9132947976878607,35.33410404624277,P00234,P00234-2022
2021-22,2022,denzel valentine,11.2258064516129,6.967741935483871,1.9354838709677418,1.161290322580645,0.0,1.9354838709677418,24.038709677419355,P00235,P00235-2022
2021-22,2022,derrick favors,11.425149700598803,10.131736526946108,1.2934131736526946,0.8622754491017964,0.6467065868263473,0.4311377245508982,29.61916167664671,P00239,P00239-2022
2021-22,2022,derrick jones jr,11.454545454545453,6.749999999999999,1.227272727272727,1.0227272727272727,1.227272727272727,1.227272727272727,26.918181818181814,P00240,P00240-2022
2021-22,2022,derrick rose,17.632653061224488,4.408163265306122,5.877551020408163,1.1755102040816328,0.7346938775510203,2.204081632653061,35.265306122448976,P00241,P00241-2022
2021-22,2022,derrick walton jr,6.3,3.3,7.0,2.3,1.3,3.7,27.859999999999996,P00242,P00242-2022
2021-22,2022,derrick white,16.218430034129693,4.300341296928328,6.0204778156996595,1.10580204778157,0.9829351535836177,1.9658703071672354,34.7098976109215,P00243,P00243-2022
2021-22,2022,desmond bane,21.986577181208055,5.315436241610739,3.2617449664429534,1.4496644295302012,0.4832214765100671,1.8120805369127515,37.24429530201343,P00244,P00244-2022
2021-22,2022,devin booker,27.96521739130435,5.217391304347826,5.008695652173913,1.147826086956522,0.4173913043478261,2.5043478260869567,43.9304347826087,P00245,P00245-2022
2021-22,2022,devin cannady,12.413793103448278,1.489655172413793,2.4827586206896552,1.2413793103448276,0.7448275862068965,1.2413793103448276,22.64275862068966,P00246,P00246-2022
2021-22,2022,devin vassell,16.21978021978022,5.67032967032967,2.505494505494505,1.4505494505494507,0.7912087912087912,1.054945054945055,32.452747252747244,P00248,P00248-2022
2021-22,2022,devon dotson,12.155844155844155,3.7402597402597406,6.545454545454545,0.4675324675324676,0.0,2.3376623376623376,25.527272727272724,P00249,P00249-2022
2021-22,2022,devontae cacok,13.777777777777779,12.444444444444443,1.777777777777778,2.2222222222222223,2.2222222222222223,0.888888888888889,43.82222222222222,P00250,P00250-2022
2021-22,2022,devonte graham,15.084507042253524,2.915492957746479,5.323943661971832,1.1408450704225352,0.25352112676056343,1.7746478873239435,28.9774647887324,P00251,P00251-2022
2021-22,2022,dewayne dedmon,14.264150943396226,13.132075471698112,1.5849056603773584,0.9056603773584906,1.3584905660377358,2.2641509433962264,36.928301886792454,P00252,P00252-2022
2021-22,2022,didi louzada,9.818181818181817,4.783216783216783,1.5104895104895104,0.5034965034965035,0.5034965034965035,1.5104895104895104,19.33426573426573,P00254,P00254-2022
2021-22,2022,dillon brooks,23.91335740072202,4.158844765342961,3.63898916967509,1.4296028880866427,0.3898916967509025,2.0794223826714804,37.74151624548736,P00255,P00255-2022
2021-22,2022,domantas sabonis,19.72173913043478,12.626086956521739,5.42608695652174,1.0434782608695652,0.4173913043478261,3.234782608695652,44.16,P00257,P00257-2022
2021-22,2022,donovan mitchell,27.585798816568047,4.473372781065089,5.644970414201183,1.5976331360946747,0.21301775147928997,3.1952662721893494,43.65798816568047,P00260,P00260-2022
2021-22,2022,donte divincenzo,13.556485355648537,6.025104602510461,4.2175732217573225,1.656903765690377,0.301255230125523,2.560669456066946,30.426778242677827,P00262,P00262-2022
2021-22,2022,dorian finney smith,11.963746223564955,5.11178247734139,2.0664652567975828,1.1963746223564955,0.5438066465256797,1.0876132930513593,25.330513595166163,P00263,P00263-2022
2021-22,2022,doug mcdermott,16.950000000000003,3.4499999999999997,1.9500000000000002,0.44999999999999996,0.15,1.2,24.615000000000006,P00264,P00264-2022
2021-22,2022,draymond green,9.34256055363322,9.093425605536332,8.719723183391004,1.619377162629758,1.3702422145328723,3.7370242214532876,38.56608996539793,P00266,P00266-2022
2021-22,2022,drew eubanks,15.84,11.10857142857143,2.468571428571429,0.8228571428571428,1.2342857142857144,2.262857142857143,36.78171428571429,P00267,P00267-2022
2021-22,2022,duane washington jr,17.643564356435647,3.0297029702970297,3.207920792079208,0.8910891089108911,0.1782178217821782,2.1386138613861387,27.16039603960396,P00271,P00271-2022
2021-22,2022,duncan robinson,15.150579150579151,3.6138996138996142,2.2239382239382244,0.6949806949806949,0.27799227799227805,1.1119691119691122,24.63011583011583,P00272,P00272-2022
2021-22,2022,dwight howard,13.777777777777779,13.111111111111114,1.3333333333333333,1.3333333333333333,1.3333333333333333,1.777777777777778,37.733333333333334,P00274,P00274-2022
2021-22,2022,dwight powell,14.301369863013697,8.054794520547947,1.9726027397260275,0.8219178082191781,0.8219178082191781,1.315068493150685,30.54246575342466,P00275,P00275-2022
2021-22,2022,dylan windler,8.608695652173914,7.043478260869565,2.739130434782609,1.1739130434782608,0.39130434782608703,1.1739130434782608,24.691304347826087,P00278,P00278-2022
2021-22,2022,ed davis,4.984615384615385,11.630769230769232,1.1076923076923078,0.5538461538461539,1.6615384615384614,1.1076923076923078,26.141538461538467,P00281,P00281-2022
2021-22,2022,elfrid payton,9.818181818181817,5.890909090909091,6.545454545454546,1.6363636363636365,0.3272727272727273,2.9454545454545453,29.65090909090909,P00284,P00284-2022
2021-22,2022,elijah hughes,10.41322314049587,4.760330578512397,1.7851239669421488,1.1900826446280992,0.5950413223140496,1.487603305785124,22.67107438016529,P00286,P00286-2022
2021-22,2022,emmanuel mudiay,9.818181818181817,0.0,13.090909090909092,3.272727272727273,0.0,3.272727272727273,36.0,P00288,P00288-2022
2021-22,2022,enes freedom,11.384615384615387,14.153846153846153,0.6153846153846154,0.3076923076923077,1.2307692307692308,1.846153846153846,32.06153846153846,P00290,P00290-2022
2021-22,2022,eric bledsoe,14.142857142857144,4.857142857142857,6.000000000000001,1.8571428571428572,0.5714285714285715,3.0000000000000004,33.25714285714286,P00292,P00292-2022
2021-22,2022,eric gordon,16.464163822525595,2.4573378839590445,3.31740614334471,0.6143344709897611,0.36860068259385664,2.334470989761092,25.00341296928328,P00293,P00293-2022
2021-22,2022,eric paschall,16.440944881889763,5.102362204724409,1.7007874015748032,0.5669291338582678,0.2834645669291339,1.4173228346456692,26.24881889763779,P00294,P00294-2022
2021-22,2022,eugene omoruyi,14.4,14.4,4.0,0.0,0.0,0.0,37.68,P00296,P00296-2022
2021-22,2022,evan fournier,17.20677966101695,3.172881355932203,2.5627118644067797,1.2203389830508475,0.36610169491525424,1.5864406779661016,28.031186440677967,P00297,P00297-2022
2021-22,2022,evan mobley,15.976331360946748,8.840236686390533,2.6627218934911245,0.8520710059171599,1.8106508875739644,2.0236686390532546,36.54319526627219,P00298,P00298-2022
2021-22,2022,facundo campazzo,10.087912087912088,3.5604395604395607,6.725274725274725,1.978021978021978,0.7912087912087913,1.978021978021978,30.778021978021975,P00299,P00299-2022
2021-22,2022,frank jackson,17.345454545454544,2.6181818181818186,1.6363636363636365,0.8181818181818182,0.3272727272727273,1.1454545454545453,25.232727272727267,P00301,P00301-2022
2021-22,2022,frank kaminsky,18.985074626865668,8.238805970149253,2.507462686567164,1.6119402985074627,1.4328358208955223,1.0746268656716416,40.69253731343284,P00302,P00302-2022
2021-22,2022,frank ntilikina,12.508474576271185,4.271186440677965,3.661016949152542,1.5254237288135593,0.3050847457627119,1.5254237288135593,27.091525423728807,P00303,P00303-2022
2021-22,2022,franz wagner,17.824104234527688,5.276872964169382,3.400651465798046,1.0553745928338762,0.4690553745928339,1.7589576547231272,32.07166123778502,P00304,P00304-2022
2021-22,2022,fred vanvleet,19.282321899736147,4.179419525065963,6.364116094986808,1.6147757255936677,0.474934036939314,2.469656992084433,37.64327176781003,P00305,P00305-2022
2021-22,2022,freddie gillespie,6.2727272727272725,10.90909090909091,1.6363636363636365,0.8181818181818182,2.7272727272727275,1.6363636363636365,30.818181818181817,P00306,P00306-2022
2021-22,2022,furkan korkmaz,12.96682464454976,4.436018957345971,3.24170616113744,0.8530805687203791,0.17061611374407584,1.1943127962085307,25.02938388625592,P00307,P00307-2022
2021-22,2022,gabe vincent,13.384615384615385,2.9230769230769234,4.769230769230769,1.3846153846153846,0.3076923076923077,2.1538461538461537,26.96923076923077,P00309,P00309-2022
2021-22,2022,gabe york,13.714285714285714,3.4285714285714284,6.857142857142857,3.4285714285714284,1.7142857142857142,1.7142857142857142,41.82857142857143,P00310,P00310-2022
2021-22,2022,gabriel deck,11.700000000000001,4.05,3.15,0.45,0.0,1.3499999999999999,21.285000000000004,P00311,P00311-2022
2021-22,2022,gabriel lundberg,10.799999999999999,5.890909090909091,9.163636363636362,2.6181818181818186,0.0,2.6181818181818186,36.85090909090909,P00312,P00312-2022
2021-22,2022,garrett temple,10.064516129032256,4.64516129032258,2.516129032258064,1.354838709677419,0.7741935483870968,1.354838709677419,24.445161290322577,P00313,P00313-2022
2021-22,2022,garrison mathews,13.688212927756654,3.9695817490494294,1.3688212927756653,1.231939163498099,0.5475285171102662,0.8212927756653992,25.022053231939164,P00314,P00314-2022
2021-22,2022,gary clark,9.81818181818182,8.727272727272727,1.8181818181818181,1.0909090909090908,0.7272727272727273,1.0909090909090908,27.38181818181818,P00315,P00315-2022
2021-22,2022,gary harris,14.070422535211268,2.535211267605634,2.2816901408450705,1.267605633802817,0.12676056338028172,1.267605633802817,23.450704225352112,P00316,P00316-2022
2021-22,2022,gary payton ii,14.522727272727272,7.159090909090908,1.8409090909090908,2.8636363636363633,0.6136363636363635,1.227272727272727,35.07954545454545,P00317,P00317-2022
2021-22,2022,gary trent jr,18.822857142857146,2.7771428571428576,2.057142857142857,1.7485714285714287,0.3085714285714286,1.0285714285714285,30.384000000000004,P00318,P00318-2022
2021-22,2022,george hill,9.620689655172415,4.5,3.4137931034482762,1.2413793103448276,0.15517241379310345,1.2413793103448276,23.089655172413796,P00319,P00319-2022
2021-22,2022,george king,2.25,9.750000000000002,0.0,0.0,0.0,2.25,11.700000000000001,P00320,P00320-2022
2021-22,2022,georges niang,14.526315789473683,4.2631578947368425,2.052631578947368,0.631578947368421,0.3157894736842105,1.263157894736842,24.299999999999997,P00321,P00321-2022
2021-22,2022,georgios kalaitzakis,14.487804878048781,3.51219512195122,1.9756097560975612,1.75609756097561,0.4390243902439025,3.2926829268292686,24.958536585365856,P00322,P00322-2022
2021-22,2022,giannis antetokounmpo,32.71732522796353,12.693009118541033,6.3465045592705165,1.2036474164133741,1.5319148936170213,3.6109422492401215,62.06443768996961,P00323,P00323-2022
2021-22,2022,goga bitadze,17.26027397260274,8.63013698630137,2.712328767123288,0.9863013698630138,1.9726027397260275,2.219178082191781,38.342465753424655,P00324,P00324-2022
2021-22,2022,goran dragic,11.39240506329114,4.708860759493671,6.227848101265822,1.3670886075949367,0.30379746835443044,2.4303797468354436,28.96708860759494,P00325,P00325-2022
2021-22,2022,gordon hayward,17.9435736677116,5.191222570532916,4.06269592476489,1.1285266457680252,0.45141065830721006,1.9184952978056427,33.0884012539185,P00326,P00326-2022
2021-22,2022,gorgui dieng,14.999999999999998,12.0,3.4285714285714284,1.2857142857142856,1.2857142857142856,2.142857142857143,40.11428571428571,P00327,P00327-2022
2021-22,2022,grant williams,11.508196721311476,5.311475409836066,1.4754098360655739,0.7377049180327869,1.0327868852459017,1.180327868852459,24.22622950819672,P00330,P00330-2022
2021-22,2022,grayson allen,14.637362637362637,4.483516483516483,1.978021978021978,0.923076923076923,0.3956043956043956,0.923076923076923,26.017582417582418,P00331,P00331-2022
2021-22,2022,greg brown iii,12.721804511278195,7.578947368421052,1.894736842105263,1.3533834586466165,1.3533834586466165,2.1654135338345863,30.613533834586462,P00332,P00332-2022
2021-22,2022,greg monroe,13.985611510791369,11.913669064748198,4.143884892086331,1.553956834532374,1.8129496402877696,2.3309352517985613,42.26762589928057,P00333,P00333-2022
2021-22,2022,hamidou diallo,18.082191780821923,7.89041095890411,2.136986301369863,1.9726027397260275,0.4931506849315069,1.6438356164383563,36.50958904109589,P00336,P00336-2022
2021-22,2022,harrison barnes,17.57142857142857,6.0,2.571428571428571,0.75,0.21428571428571427,1.6071428571428572,29.91428571428571,P00337,P00337-2022
2021-22,2022,hassan whiteside,16.491620111731844,15.28491620111732,0.8044692737430169,0.6033519553072626,3.2178770949720676,1.6089385474860338,45.89497206703911,P00340,P00340-2022
2021-22,2022,hassani gravett,10.598130841121497,4.3738317757009355,4.205607476635515,1.0093457943925233,0.16822429906542058,1.8504672897196264,23.837383177570096,P00341,P00341-2022
2021-22,2022,haywood highsmith,9.627906976744185,5.8604651162790695,1.255813953488372,0.4186046511627908,0.8372093023255816,0.8372093023255816,21.474418604651163,P00343,P00343-2022
2021-22,2022,herbert jones,11.438127090301004,4.575250836120401,2.528428093645485,2.0468227424749164,0.9632107023411373,1.5652173913043481,28.18595317725753,P00345,P00345-2022
2021-22,2022,ignas brazdeikis,14.0625,4.78125,2.53125,0.5625,0.28125,1.125,25.003125,P00351,P00351-2022
2021-22,2022,immanuel quickley,17.61038961038961,4.987012987012987,5.454545454545455,1.0909090909090908,0.0,2.0259740259740258,33.02337662337663,P00352,P00352-2022
2021-22,2022,isaac bonga,6.2608695652173925,3.91304347826087,2.3478260869565215,3.91304347826087,0.7826086956521741,0.7826086956521741,27.782608695652176,P00353,P00353-2022
2021-22,2022,isaac okoro,10.702702702702704,3.6486486486486482,2.189189189189189,0.972972972972973,0.3648648648648648,1.0945945945945945,21.283783783783782,P00355,P00355-2022
2021-22,2022,isaiah hartenstein,16.6927374301676,9.854748603351958,4.826815642458101,1.4078212290502794,2.2122905027932966,2.4134078212290504,44.20558659217878,P00358,P00358-2022
2021-22,2022,isaiah jackson,19.92,9.84,0.72,1.6799999999999997,3.3599999999999994,2.64,45.288,P00359,P00359-2022
2021-22,2022,isaiah joe,11.675675675675677,3.2432432432432434,1.945945945945946,0.972972972972973,0.32432432432432434,0.972972972972973,21.405405405405407,P00360,P00360-2022
2021-22,2022,isaiah livers,11.405940594059405,5.346534653465346,1.9603960396039606,1.2475247524752473,0.7128712871287128,1.4257425742574257,25.217821782178213,P00361,P00361-2022
2021-22,2022,isaiah roby,17.232227488151658,8.189573459715639,2.7298578199052135,1.3649289099526067,1.3649289099526067,1.7061611374407581,37.63791469194313,P00363,P00363-2022
2021-22,2022,isaiah stewart,11.671875,12.234374999999998,1.6874999999999998,0.42187499999999994,1.546875,1.6874999999999998,33.103125,P00365,P00365-2022
2021-22,2022,isaiah thomas,20.02649006622517,3.099337748344371,3.5761589403973515,0.7152317880794702,0.4768211920529802,1.6688741721854305,31.017218543046365,P00366,P00366-2022
2021-22,2022,isaiah todd,9.870967741935484,5.806451612903226,1.7419354838709677,1.7419354838709677,1.161290322580645,1.7419354838709677,26.41935483870968,P00367,P00367-2022
2021-22,2022,ish smith,13.109826589595375,4.578034682080925,7.907514450867051,1.4566473988439304,0.8323699421965317,2.497109826589595,34.83468208092485,P00369,P00369-2022
2021-22,2022,ish wainright,10.799999999999999,5.3999999999999995,1.3499999999999999,1.8,0.45,1.3499999999999999,24.705,P00370,P00370-2022
2021-22,2022,ivica zubac,15.196721311475413,12.540983606557377,2.360655737704918,0.7377049180327869,1.4754098360655739,2.2131147540983607,38.21311475409836,P00371,P00371-2022
2021-22,2022,jt thor,9.11392405063291,5.924050632911392,2.734177215189873,0.9113924050632911,1.3670886075949364,1.3670886075949364,25.792405063291135,P00374,P00374-2022
2021-22,2022,ja morant,29.800604229607245,6.19939577039275,7.287009063444109,1.3051359516616312,0.4350453172205438,3.697885196374622,49.69305135951661,P00375,P00375-2022
2021-22,2022,jamychal green,14.222222222222223,9.333333333333336,2.0,1.3333333333333333,0.888888888888889,2.0,33.08888888888889,P00377,P00377-2022
2021-22,2022,javale mcgee,20.96202531645569,15.265822784810126,1.3670886075949364,0.6835443037974682,2.5063291139240507,2.962025316455696,47.93924050632911,P00378,P00378-2022
2021-22,2022,jabari parker,17.032258064516128,8.903225806451612,1.9354838709677418,1.161290322580645,0.3870967741935484,2.709677419354838,32.55483870967741,P00379,P00379-2022
2021-22,2022,jaden mcdaniels,12.83720930232558,5.86046511627907,1.5348837209302326,0.9767441860465115,1.1162790697674418,1.5348837209302326,26.916279069767437,P00389,P00389-2022
2021-22,2022,jaden springer,12.0,12.0,0.0,0.0,12.0,6.0,56.4,P00390,P00390-2022
2021-22,2022,jae crowder,12.042704626334519,6.790035587188611,2.4341637010676154,1.7935943060498218,0.5124555160142349,1.0249110320284698,29.73523131672598,P00391,P00391-2022
2021-22,2022,jae sean tate,16.090909090909093,7.363636363636364,3.8181818181818183,1.2272727272727275,0.6818181818181819,2.454545454545455,33.92727272727273,P00392,P00392-2022
2021-22,2022,jahmi us ramsey,16.22535211267606,3.549295774647887,2.0281690140845074,0.5070422535211269,0.5070422535211269,1.5211267605633803,25.047887323943666,P00394,P00394-2022
2021-22,2022,jake layman,12.705882352941178,5.8235294117647065,1.5882352941176472,1.0588235294117647,0.5294117647058824,1.5882352941176472,25.25294117647059,P00399,P00399-2022
2021-22,2022,jakob poeltl,16.75862068965517,11.544827586206898,3.475862068965517,0.8689655172413793,2.1103448275862067,1.9862068965517243,42.77793103448276,P00400,P00400-2022
2021-22,2022,jalen brunson,18.394984326018808,4.401253918495298,5.41692789968652,0.9028213166144201,0.0,1.8056426332288402,32.70470219435737,P00402,P00402-2022
2021-22,2022,jalen green,19.523510971786834,3.8369905956112853,2.9341692789968654,0.7899686520376176,0.3385579937304075,2.2570532915360504,29.6576802507837,P00404,P00404-2022
2021-22,2022,jalen johnson,15.709090909090909,7.8545454545454545,0.6545454545454547,0.6545454545454547,0.6545454545454547,2.6181818181818186,27.425454545454546,P00406,P00406-2022
2021-22,2022,jalen mcdaniels,13.69325153374233,6.846625766871165,2.4294478527607364,1.1042944785276074,0.8834355828220859,1.54601226993865,29.97055214723926,P00407,P00407-2022
2021-22,2022,jalen smith,18.29834254143646,11.933701657458563,0.9944751381215469,0.5966850828729282,1.591160220994475,1.591160220994475,39.08287292817679,P00410,P00410-2022
2021-22,2022,jalen suggs,15.617647058823529,4.764705882352941,5.8235294117647065,1.5882352941176472,0.5294117647058824,3.9705882352941178,32.45294117647059,P00411,P00411-2022
2021-22,2022,james bouknight,16.897959183673468,6.244897959183673,2.9387755102040813,0.7346938775510203,0.0,1.8367346938775508,29.16734693877551,P00418,P00418-2022
2021-22,2022,james ennis iii,18.45,7.6499999999999995,1.8,1.3499999999999999,1.3499999999999999,1.3499999999999999,37.07999999999999,P00419,P00419-2022
2021-22,2022,james harden,21.29032258064516,7.451612903225806,9.96774193548387,1.258064516129032,0.5806451612903225,4.258064516129032,46.441935483870964,P00420,P00420-2022
2021-22,2022,james johnson,10.312500000000002,6.562500000000001,3.9375000000000004,0.9375,0.9375,1.5000000000000002,28.218750000000004,P00421,P00421-2022
2021-22,2022,jamorko pickett,10.133333333333333,6.666666666666666,1.3333333333333333,0.0,1.3333333333333333,1.0666666666666667,23.066666666666666,P00425,P00425-2022
2021-22,2022,jared butler,15.906976744186046,4.604651162790698,6.279069767441861,1.674418604651163,0.8372093023255816,3.348837209302326,35.03720930232558,P00427,P00427-2022
2021-22,2022,jared harper,30.976744186046513,1.674418604651163,11.720930232558139,3.348837209302326,0.8372093023255816,1.674418604651163,61.45116279069768,P00428,P00428-2022
2021-22,2022,jaren jackson jr,21.494505494505493,7.648351648351648,1.4505494505494507,1.1868131868131868,3.032967032967033,2.2417582417582413,43.26593406593407,P00431,P00431-2022
2021-22,2022,jarred vanderbilt,9.779527559055119,11.905511811023622,1.8425196850393704,1.8425196850393704,0.8503937007874016,1.4173228346456692,33.491338582677166,P00432,P00432-2022
2021-22,2022,jarrett allen,17.944272445820438,12.037151702786378,1.7832817337461304,0.8916408668730652,1.448916408668731,1.8947368421052633,40.19071207430342,P00434,P00434-2022
2021-22,2022,jarrett culver,13.846153846153847,5.142857142857143,3.5604395604395607,1.978021978021978,0.39560439560439564,1.978021978021978,30.501098901098906,P00435,P00435-2022
2021-22,2022,jarron cumberland,6.3,9.0,2.6999999999999997,0.0,0.0,0.0,21.15,P00436,P00436-2022
2021-22,2022,javonte green,11.076923076923077,6.461538461538463,1.3846153846153846,1.5384615384615385,0.7692307692307693,0.7692307692307693,27.06153846153846,P00442,P00442-2022
2021-22,2022,javonte smart,9.152542372881356,4.271186440677965,2.7457627118644066,1.2203389830508475,0.6101694915254238,1.830508474576271,22.057627118644067,P00443,P00443-2022
2021-22,2022,jaxson hayes,16.740000000000002,8.1,1.08,0.9,1.44,1.44,33.660000000000004,P00444,P00444-2022
2021-22,2022,jay scrubb,14.507462686567164,4.835820895522388,2.1492537313432836,1.0746268656716418,1.0746268656716418,2.1492537313432836,27.832835820895525,P00446,P00446-2022
2021-22,2022,jaylen brown,25.28571428571429,6.535714285714286,3.7499999999999996,1.1785714285714286,0.3214285714285714,2.8928571428571432,40.36071428571429,P00447,P00447-2022
2021-22,2022,jaylen hoard,15.42857142857143,12.594752186588924,2.5189504373177845,0.9446064139941692,0.7346938775510204,1.1545189504373181,38.20408163265307,P00449,P00449-2022
2021-22,2022,jaylen morris,4.754716981132075,4.754716981132075,4.754716981132075,0.0,0.0,2.0377358490566038,15.554716981132072,P00451,P00451-2022
2021-22,2022,jaylen nowell,19.49044585987261,4.585987261146497,4.8152866242038215,0.9171974522292994,0.4585987261146497,1.375796178343949,34.96815286624204,P00452,P00452-2022
2021-22,2022,jayson tatum,26.974930362116993,8.022284122562676,4.412256267409471,1.0027855153203344,0.6016713091922006,2.9080779944289694,45.12534818941505,P00458,P00458-2022
2021-22,2022,jeff dowtin jr,6.300000000000001,6.0,3.3000000000000003,1.7999999999999998,0.3,1.7999999999999998,22.949999999999996,P00460,P00460-2022
2021-22,2022,jeff green,15.012145748987855,4.518218623481782,1.8947368421052633,0.582995951417004,0.582995951417004,1.3117408906882593,25.462348178137653,P00461,P00461-2022
2021-22,2022,jemerrio jones,9.6,7.2,0.0,2.4,0.0,0.0,25.44,P00462,P00462-2022
2021-22,2022,jerami grant,21.66771159874608,4.626959247648903,2.70846394984326,1.0156739811912225,1.1285266457680252,2.031347962382445,35.68401253918495,P00463,P00463-2022
2021-22,2022,jeremiah robinson earl,12.162162162162161,9.08108108108108,1.6216216216216217,0.972972972972973,0.4864864864864865,1.2972972972972974,28.57297297297297,P00465,P00465-2022
2021-22,2022,jeremy lamb,15.736526946107784,6.0359281437125745,3.0179640718562872,1.2934131736526946,0.8622754491017964,1.5089820359281436,32.464670658682635,P00466,P00466-2022
2021-22,2022,jericho sims,5.866666666666667,10.933333333333334,1.3333333333333333,0.8,1.3333333333333333,1.3333333333333333,26.05333333333333,P00468,P00468-2022
2021-22,2022,jevon carter,11.036496350364963,4.467153284671533,3.9416058394160585,1.051094890510949,0.5255474452554745,1.3138686131386863,25.725547445255472,P00472,P00472-2022
2021-22,2022,jimmy butler iii,22.72566371681416,6.265486725663717,5.84070796460177,1.6991150442477878,0.5309734513274336,2.2300884955752216,43.465486725663716,P00473,P00473-2022
2021-22,2022,jock landale,16.18348623853211,8.587155963302752,2.6422018348623855,0.6605504587155964,0.9908256880733944,1.9816513761467889,33.42385321100918,P00475,P00475-2022
2021-22,2022,joe harris,13.47019867549669,4.768211920529802,1.1920529801324504,0.5960264900662252,0.11920529801324505,1.3112582781456956,21.81456953642384,P00476,P00476-2022
2021-22,2022,joe ingles,10.409638554216869,4.19277108433735,5.0602409638554215,0.7228915662650602,0.14457831325301207,1.4457831325301205,24.187951807228917,P00477,P00477-2022
2021-22,2022,joe johnson,36.0,0.0,0.0,0.0,0.0,0.0,36.0,P00478,P00478-2022
2021-22,2022,joe wieskamp,10.647887323943664,2.535211267605634,1.5211267605633803,0.5070422535211269,0.5070422535211269,0.5070422535211269,18.507042253521128,P00479,P00479-2022
2021-22,2022,joel ayayi,3.7241379310344827,4.9655172413793105,7.448275862068965,0.0,0.0,0.0,20.855172413793106,P00480,P00480-2022
2021-22,2022,joel embiid,32.591715976331365,12.461538461538462,4.473372781065089,1.1715976331360949,1.5976331360946747,3.3017751479289945,59.261538461538464,P00481,P00481-2022
2021-22,2022,john collins,18.935064935064936,9.116883116883116,2.103896103896104,0.7012987012987013,1.1688311688311688,1.2857142857142858,37.35584415584416,P00483,P00483-2022
2021-22,2022,john konchar,9.653631284916202,9.251396648044693,3.016759776536313,1.2067039106145252,0.6033519553072626,0.8044692737430169,29.90614525139665,P00484,P00484-2022
2021-22,2022,jonas valanciunas,21.14851485148515,13.544554455445544,3.089108910891089,0.7128712871287128,0.9504950495049505,2.8514851485148514,44.174257425742574,P00492,P00492-2022
2021-22,2022,jonathan kuminga,19.810650887573967,7.0295857988165675,1.9171597633136097,0.8520710059171599,0.6390532544378699,2.3431952662721898,33.25207100591716,P00494,P00494-2022
2021-22,2022,jordan clarkson,21.25461254612546,4.649446494464945,3.321033210332103,1.062730627306273,0.2656826568265683,2.125461254612546,33.67527675276753,P00497,P00497-2022
2021-22,2022,jordan mclaughlin,9.434482758620689,3.7241379310344827,7.199999999999999,2.2344827586206897,0.4965517241379311,1.489655172413793,31.406896551724135,P00502,P00502-2022
2021-22,2022,jordan nwora,14.890052356020941,6.785340314136125,1.8848167539267013,0.7539267015706806,0.5654450261780104,1.6963350785340312,28.121465968586385,P00504,P00504-2022
2021-22,2022,jordan poole,22.200000000000003,4.08,4.8,0.9600000000000001,0.36,3.0,35.25600000000001,P00505,P00505-2022
2021-22,2022,jordan schakel,6.24,9.6,0.0,1.44,0.0,1.44,20.639999999999997,P00506,P00506-2022
2021-22,2022,jose alvarado,14.259740259740258,4.441558441558441,6.545454545454545,3.038961038961039,0.2337662337662338,1.6363636363636362,37.58961038961039,P00508,P00508-2022
2021-22,2022,josh christopher,15.8,5.0,4.0,1.8,0.4,3.0,31.400000000000006,P00509,P00509-2022
2021-22,2022,josh giddey,14.285714285714285,8.914285714285713,7.314285714285714,1.0285714285714285,0.45714285714285713,3.657142857142857,36.75428571428572,P00510,P00510-2022
2021-22,2022,josh green,11.148387096774194,5.574193548387097,2.7870967741935484,1.6258064516129032,0.4645161290322581,1.6258064516129032,26.66322580645161,P00511,P00511-2022
2021-22,2022,josh hart,16.156626506024097,7.80722891566265,4.44578313253012,1.1927710843373496,0.21686746987951805,2.2771084337349397,34.14578313253012,P00512,P00512-2022
2021-22,2022,josh jackson,14.134969325153374,6.1840490797546,2.4294478527607364,1.1042944785276074,0.8834355828220859,1.9877300613496933,29.17546012269938,P00513,P00513-2022
2021-22,2022,josh okogie,9.257142857142858,4.8,1.7142857142857142,1.7142857142857142,0.6857142857142857,1.7142857142857142,23.07428571428571,P00516,P00516-2022
2021-22,2022,josh richardson,14.92682926829268,4.097560975609755,2.6341463414634143,1.3170731707317072,0.5853658536585366,1.4634146341463414,28.039024390243892,P00517,P00517-2022
2021-22,2022,joshua primo,10.818652849740932,4.290155440414508,2.9844559585492227,0.7461139896373057,0.9326424870466321,2.051813471502591,23.4279792746114,P00518,P00518-2022
2021-22,2022,jrue holiday,20.024316109422493,4.924012158054712,7.4407294832826745,1.7507598784194531,0.4376899696048633,2.9544072948328273,40.705167173252285,P00519,P00519-2022
2021-22,2022,juan toscano anderson,10.852941176470587,6.352941176470589,4.5,1.852941176470588,0.5294117647058824,2.3823529411764706,29.991176470588236,P00520,P00520-2022
2021-22,2022,juancho hernangomez,10.702702702702704,8.108108108108109,1.6216216216216217,1.2972972972972974,0.972972972972973,1.2972972972972974,28.37837837837838,P00521,P00521-2022
2021-22,2022,julius randle,20.498583569405103,10.096317280453258,5.201133144475921,0.7138810198300283,0.5099150141643061,3.467422096317281,40.619830028328614,P00527,P00527-2022
2021-22,2022,justin anderson,11.636363636363637,5.2727272727272725,3.8181818181818183,0.9090909090909091,0.7272727272727273,0.9090909090909091,27.69090909090909,P00528,P00528-2022
2021-22,2022,justin champagnie,10.615384615384615,9.230769230769232,1.3846153846153846,0.9230769230769231,0.46153846153846156,0.9230769230769231,27.0,P00529,P00529-2022
2021-22,2022,justin holiday,13.07913669064748,3.366906474820144,2.201438848920863,1.0359712230215827,0.5179856115107914,1.1654676258992807,23.91798561151079,P00531,P00531-2022
2021-22,2022,justin jackson,14.823529411764707,7.058823529411765,2.1176470588235294,0.0,0.0,0.7058823529411766,25.764705882352942,P00532,P00532-2022
2021-22,2022,justin robinson,9.147540983606557,2.360655737704918,3.836065573770492,1.180327868852459,0.0,2.0655737704918034,19.20983606557377,P00534,P00534-2022
2021-22,2022,justise winslow,12.745341614906833,9.391304347826086,4.024844720496894,1.5652173913043474,1.1180124223602483,2.2360248447204967,35.86583850931677,P00535,P00535-2022
2021-22,2022,jusuf nurkic,19.148936170212764,14.170212765957448,3.574468085106383,1.4042553191489362,0.7659574468085106,3.319148936170213,44.70638297872341,P00536,P00536-2022
2021-22,2022,juwan morgan,5.806451612903226,4.64516129032258,1.161290322580645,0.0,0.0,0.0,13.122580645161289,P00537,P00537-2022
2021-22,2022,kj martin,15.085714285714285,6.514285714285714,2.2285714285714286,0.6857142857142857,0.8571428571428571,1.3714285714285714,29.502857142857142,P00538,P00538-2022
2021-22,2022,kz okpala,11.482758620689657,6.206896551724139,2.172413793103448,0.6206896551724138,0.9310344827586207,0.6206896551724138,26.224137931034484,P00540,P00540-2022
2021-22,2022,kai jones,12.0,6.0,2.4,0.0,1.2,3.5999999999999996,22.799999999999997,P00542,P00542-2022
2021-22,2022,karl anthony towns,26.51497005988024,10.562874251497007,3.8802395209580838,1.0778443113772456,1.18562874251497,3.3413173652694614,48.45988023952096,P00544,P00544-2022
2021-22,2022,keifer sykes,11.389830508474574,2.8474576271186436,3.864406779661017,0.8135593220338985,0.20338983050847462,2.0338983050847457,21.620338983050843,P00550,P00550-2022
2021-22,2022,keita bates diop,12.666666666666668,8.666666666666668,1.5555555555555554,1.1111111111111112,0.4444444444444445,1.777777777777778,28.288888888888888,P00552,P00552-2022
2021-22,2022,kelan martin,13.68,4.32,1.6799999999999997,0.9600000000000001,0.72,1.2,25.224,P00554,P00554-2022
2021-22,2022,keldon johnson,19.184952978056426,6.884012539184953,2.369905956112853,0.9028213166144201,0.22570532915360503,1.35423197492163,33.03197492163009,P00555,P00555-2022
2021-22,2022,keljin blevins,9.876106194690266,4.778761061946902,1.9115044247787607,1.2743362831858407,0.0,1.592920353982301,20.70796460176991,P00556,P00556-2022
2021-22,2022,kelly olynyk,17.151832460732983,8.293193717277486,5.277486910994764,1.5078534031413613,0.9424083769633507,2.8272251308900525,39.54345549738219,P00557,P00557-2022
2021-22,2022,kelly oubre jr,20.53231939163498,5.475285171102661,1.5057034220532322,1.3688212927756653,0.5475285171102662,1.231939163498099,33.87832699619772,P00558,P00558-2022
2021-22,2022,kemba walker,16.312499999999996,4.21875,4.921875,0.9843749999999999,0.28125,1.828125,30.7265625,P00559,P00559-2022
2021-22,2022,kenrich williams,12.164383561643836,7.397260273972603,3.616438356164384,1.4794520547945207,0.32876712328767127,1.4794520547945207,30.41095890410959,P00564,P00564-2022
2021-22,2022,kent bazemore,8.742857142857142,4.628571428571429,2.3142857142857145,1.542857142857143,0.5142857142857143,1.2857142857142856,22.654285714285717,P00565,P00565-2022
2021-22,2022,kentavious caldwell pope,15.735099337748345,4.052980132450331,2.2649006622516556,1.3112582781456956,0.3576158940397351,1.5496688741721856,27.452980132450335,P00566,P00566-2022
2021-22,2022,keon johnson,13.787234042553191,4.212765957446809,4.0212765957446805,1.5319148936170213,0.5744680851063829,2.2978723404255317,28.895744680851067,P00568,P00568-2022
2021-22,2022,kessler edwards,10.310679611650485,6.29126213592233,1.0485436893203883,1.0485436893203883,0.8737864077669902,1.5728155339805825,23.62718446601942,P00571,P00571-2022
2021-22,2022,kevin durant,28.93548387096774,7.161290322580645,6.193548387096774,0.8709677419354839,0.8709677419354839,3.3870967741935485,48.65806451612902,P00572,P00572-2022
2021-22,2022,kevin huerter,14.716216216216216,4.135135135135135,3.2837837837837838,0.8513513513513513,0.4864864864864865,1.4594594594594592,27.158108108108106,P00573,P00573-2022
2021-22,2022,kevin knox ii,15.08108108108108,7.2972972972972965,1.4594594594594592,0.4864864864864865,0.4864864864864865,0.972972972972973,27.972972972972975,P00574,P00574-2022
2021-22,2022,kevin love,21.76,11.52,3.52,0.64,0.32,2.08,41.66400000000001,P00575,P00575-2022
2021-22,2022,kevin pangos,8.347826086956522,2.608695652173913,6.782608695652174,0.5217391304347826,0.0,1.5652173913043477,21.652173913043477,P00577,P00577-2022
2021-22,2022,kevin porter jr,17.942492012779553,5.060702875399362,7.130990415335463,1.2651757188498405,0.4600638977635783,3.5654952076677313,36.322044728434506,P00578,P00578-2022
2021-22,2022,kevon looney,10.236966824644549,12.454976303317535,3.4123222748815163,1.0236966824644549,1.0236966824644549,1.3649289099526067,35.07867298578198,P00580,P00580-2022
2021-22,2022,khem birch,9.0,8.6,2.0,1.0,1.0,1.0,27.32,P00584,P00584-2022
2021-22,2022,khris middleton,22.333333333333336,6.000000000000001,6.000000000000001,1.3333333333333333,0.3333333333333333,3.222222222222222,40.31111111111112,P00585,P00585-2022
2021-22,2022,killian hayes,9.936,4.6080000000000005,6.048,1.728,0.72,2.4480000000000004,29.4336,P00586,P00586-2022
2021-22,2022,killian tillie,9.281249999999998,4.78125,1.6874999999999998,1.6874999999999998,1.125,1.125,24.862499999999997,P00587,P00587-2022
2021-22,2022,kira lewis jr,14.957746478873242,4.056338028169015,5.070422535211268,1.267605633802817,0.0,2.7887323943661975,28.445070422535217,P00588,P00588-2022
2021-22,2022,klay thompson,24.979591836734695,4.775510204081633,3.4285714285714284,0.6122448979591837,0.6122448979591837,1.5918367346938775,37.93469387755102,P00589,P00589-2022
2021-22,2022,kris dunn,11.399999999999999,5.25,8.399999999999999,2.4,0.3,3.4499999999999997,34.949999999999996,P00596,P00596-2022
2021-22,2022,kristaps porzingis,25.075862068965517,10.055172413793104,2.8551724137931034,0.8689655172413793,1.9862068965517243,1.9862068965517243,48.004137931034485,P00598,P00598-2022
2021-22,2022,kyle anderson,12.725581395348836,8.874418604651162,4.52093023255814,1.8418604651162793,1.172093023255814,1.6744186046511627,37.52372093023255,P00599,P00599-2022
2021-22,2022,kyle guy,14.326530612244897,3.3061224489795915,3.3061224489795915,1.4693877551020407,0.36734693877551017,2.571428571428571,26.19183673469388,P00601,P00601-2022
2021-22,2022,kyle kuzma,18.4311377245509,9.161676646706587,3.7724550898203595,0.6467065868263473,0.9700598802395209,2.8023952095808387,37.13173652694611,P00602,P00602-2022
2021-22,2022,kyle lowry,14.230088495575222,4.778761061946903,7.964601769911505,1.1681415929203542,0.3185840707964602,2.867256637168142,33.50442477876106,P00603,P00603-2022
2021-22,2022,kyrie irving,26.16445623342175,4.201591511936339,5.538461538461537,1.3368700265251987,0.572944297082228,2.3872679045092835,42.85623342175065,P00605,P00605-2022
2021-22,2022,lamarcus aldridge,20.82511210762332,8.878923766816143,1.452914798206278,0.48430493273542596,1.6143497757847534,1.452914798206278,38.502242152466366,P00608,P00608-2022
2021-22,2022,lamelo ball,22.40247678018576,7.4674922600619205,8.470588235294118,1.7832817337461304,0.4458204334365326,3.678018575851393,47.07863777089784,P00609,P00609-2022
2021-22,2022,lamar stevens,13.63975155279503,5.813664596273292,1.5652173913043474,1.1180124223602483,0.670807453416149,1.5652173913043474,26.765217391304343,P00611,P00611-2022
2021-22,2022,lance stephenson,16.88135593220339,5.694915254237287,7.322033898305085,1.0169491525423728,0.20338983050847462,3.254237288135594,35.10508474576272,P00612,P00612-2022
2021-22,2022,landry shamet,14.365384615384617,3.1153846153846154,2.769230769230769,0.6923076923076923,0.17307692307692307,1.0384615384615383,23.815384615384616,P00613,P00613-2022
2021-22,2022,langston galloway,4.705882352941177,6.11764705882353,4.0,0.23529411764705882,0.0,2.1176470588235294,16.63529411764706,P00614,P00614-2022
2021-22,2022,larry nance jr,11.150442477876105,8.601769911504425,2.8672566371681416,1.4336283185840708,0.6371681415929203,1.2743362831858407,30.711504424778767,P00615,P00615-2022
2021-22,2022,lauri markkanen,17.2987012987013,6.662337662337663,1.5194805194805194,0.8181818181818181,0.5844155844155844,1.051948051948052,30.728571428571428,P00616,P00616-2022
2021-22,2022,lebron james,29.32258064516129,7.935483870967741,6.0,1.258064516129032,1.064516129032258,3.3870967741935485,51.4258064516129,P00618,P00618-2022
2021-22,2022,leandro bolmaro,7.304347826086956,6.260869565217391,3.1304347826086953,1.0434782608695652,0.0,2.0869565217391304,20.556521739130435,P00620,P00620-2022
2021-22,2022,lindell wigginton,14.4,4.457142857142857,4.114285714285714,1.0285714285714285,0.34285714285714286,2.057142857142857,27.97714285714286,P00625,P00625-2022
2021-22,2022,lindy waters iii,15.483870967741934,5.61290322580645,1.9354838709677418,1.5483870967741935,0.5806451612903225,0.7741935483870968,30.735483870967737,P00626,P00626-2022
2021-22,2022,lonnie walker iv,18.93913043478261,4.069565217391304,3.4434782608695653,0.9391304347826086,0.4695652173913043,1.5652173913043477,31.64869565217391,P00627,P00627-2022
2021-22,2022,lonzo ball,13.526011560693641,5.61849710982659,5.306358381502889,1.8728323699421967,0.9364161849710984,2.393063583815029,34.262427745664745,P00628,P00628-2022
2021-22,2022,lou williams,15.860139860139858,4.027972027972028,4.783216783216783,1.2587412587412585,0.2517482517482518,2.013986013986014,30.386013986013985,P00629,P00629-2022
2021-22,2022,louis king,15.576923076923075,4.153846153846153,3.1153846153846154,0.6923076923076923,0.34615384615384615,0.0,28.349999999999994,P00630,P00630-2022
2021-22,2022,luguentz dort,18.993865030674844,4.638036809815951,1.8773006134969323,0.9938650306748467,0.44171779141104295,1.8773006134969323,29.80490797546012,P00632,P00632-2022
2021-22,2022,luka doncic,28.88135593220339,9.254237288135593,8.847457627118644,1.2203389830508475,0.6101694915254238,4.576271186440678,54.1728813559322,P00633,P00633-2022
2021-22,2022,luka garza,17.114754098360656,9.147540983606557,1.7704918032786885,0.8852459016393442,0.5901639344262295,1.7704918032786885,33.40327868852459,P00634,P00634-2022
2021-22,2022,luke kennard,15.635036496350367,4.335766423357664,2.759124087591241,0.7883211678832117,0.13138686131386862,1.1824817518248176,26.55328467153285,P00636,P00636-2022
2021-22,2022,luke kornet,10.434782608695652,9.913043478260867,3.1304347826086953,1.0434782608695652,1.0434782608695652,0.0,33.28695652173913,P00637,P00637-2022
2021-22,2022,mac mcclung,12.0,4.5,1.5,1.5,1.5,4.5,24.15,P00639,P00639-2022
2021-22,2022,malachi flynn,12.688524590163935,4.131147540983607,4.721311475409836,1.4754098360655739,0.29508196721311475,0.8852459016393442,29.154098360655738,P00640,P00640-2022
2021-22,2022,malcolm brogdon,20.52537313432836,5.480597014925372,6.340298507462687,0.8597014925373134,0.4298507462686567,2.256716417910448,38.2244776119403,P00643,P00643-2022
2021-22,2022,malcolm hill,12.214285714285715,5.7857142857142865,1.2857142857142858,1.2857142857142858,0.6428571428571429,0.6428571428571429,26.22857142857143,P00644,P00644-2022
2021-22,2022,malik beasley,17.424,4.176,2.16,0.72,0.28800000000000003,0.72,27.9792,P00646,P00646-2022
2021-22,2022,malik fitts,12.0,9.428571428571429,2.571428571428571,0.0,0.0,0.8571428571428571,26.314285714285717,P00647,P00647-2022
2021-22,2022,malik monk,17.679715302491104,4.355871886120996,3.7153024911032024,1.0249110320284698,0.5124555160142349,2.0498220640569396,31.041992882562276,P00648,P00648-2022
2021-22,2022,malik newman,36.0,4.5,4.5,0.0,0.0,4.5,43.65,P00649,P00649-2022
2021-22,2022,mamadi diakite,10.675862068965516,11.172413793103448,0.4965517241379311,0.9931034482758622,1.7379310344827585,1.2413793103448276,31.779310344827582,P00651,P00651-2022
2021-22,2022,marcus garrett,3.7009345794392527,6.392523364485981,2.0186915887850465,1.3457943925233646,1.0093457943925233,0.6728971962616823,20.792523364485977,P00655,P00655-2022
2021-22,2022,marcus morris sr,19.117241379310347,5.4620689655172425,2.6068965517241383,0.6206896551724138,0.37241379310344824,1.6137931034482758,30.947586206896556,P00656,P00656-2022
2021-22,2022,marcus smart,13.486068111455108,4.235294117647059,6.575851393188856,1.8947368421052633,0.33436532507739936,2.452012383900929,32.66749226006192,P00658,P00658-2022
2021-22,2022,markelle fultz,19.44,4.86,9.9,1.9800000000000002,0.54,3.9600000000000004,43.721999999999994,P00661,P00661-2022
2021-22,2022,markieff morris,15.634285714285713,5.348571428571429,2.88,0.8228571428571428,0.2057142857142857,2.468571428571429,26.98971428571428,P00662,P00662-2022
2021-22,2022,marko simonovic,17.538461538461537,10.153846153846155,0.0,0.9230769230769231,0.9230769230769231,1.8461538461538463,33.41538461538461,P00663,P00663-2022
2021-22,2022,markus howard,25.89473684210526,2.526315789473684,1.263157894736842,1.894736842105263,0.0,1.263157894736842,35.24210526315789,P00665,P00665-2022
2021-22,2022,marquese chriss,15.882352941176473,10.588235294117647,1.7647058823529413,1.4117647058823533,1.4117647058823533,1.7647058823529413,37.94117647058824,P00667,P00667-2022
2021-22,2022,marvin bagley iii,17.020920502092054,10.543933054393307,1.205020920502092,0.7531380753138076,0.602510460251046,1.205020920502092,34.34309623430963,P00668,P00668-2022
2021-22,2022,mason jones,19.125,7.03125,2.8125,1.40625,0.0,0.8437499999999999,35.15625,P00669,P00669-2022
2021-22,2022,mason plumlee,9.512195121951219,11.268292682926829,4.536585365853658,1.170731707317073,1.0243902439024388,2.0487804878048776,34.37560975609755,P00670,P00670-2022
2021-22,2022,matisse thybulle,8.047058823529412,3.2470588235294118,1.5529411764705885,2.4,1.5529411764705885,0.8470588235294118,25.28470588235294,P00672,P00672-2022
2021-22,2022,matt ryan,21.599999999999998,0.0,0.0,7.2,0.0,0.0,43.2,P00674,P00674-2022
2021-22,2022,matt thomas,12.521739130434781,4.069565217391304,1.5652173913043477,0.6260869565217392,0.3130434782608696,0.6260869565217392,21.944347826086958,P00675,P00675-2022
2021-22,2022,maurice harkless,9.0,4.695652173913043,0.9782608695652175,1.1739130434782608,0.9782608695652175,1.3695652173913044,21.18913043478261,P00677,P00677-2022
2021-22,2022,max strus,16.377682403433475,4.63519313304721,2.1630901287553645,0.6180257510729614,0.3090128755364807,1.2360515021459229,26.729613733905573,P00680,P00680-2022
2021-22,2022,maxi kleber,10.24390243902439,8.634146341463415,1.7560975609756095,0.7317073170731707,1.4634146341463414,1.170731707317073,28.653658536585365,P00681,P00681-2022
2021-22,2022,mckinley wright iv,9.473684210526315,0.0,5.684210526315789,0.0,0.0,1.8947368421052633,16.105263157894736,P00684,P00684-2022
2021-22,2022,melvin frazier jr,9.629999999999999,3.87,0.27,0.27,0.0,0.9,14.588999999999999,P00685,P00685-2022
2021-22,2022,micah potter,13.980582524271844,10.485436893203882,0.0,1.0485436893203883,1.0485436893203883,1.0485436893203883,31.80582524271844,P00689,P00689-2022
2021-22,2022,michael porter jr,12.122448979591837,8.081632653061224,2.326530612244898,1.3469387755102042,0.2448979591836735,1.5918367346938775,28.493877551020407,P00691,P00691-2022
2021-22,2022,mikal bridges,14.689655172413794,4.344827586206897,2.3793103448275863,1.2413793103448276,0.4137931034482759,0.8275862068965518,27.61034482758621,P00692,P00692-2022
2021-22,2022,mike conley,17.244755244755243,3.7762237762237763,6.671328671328672,1.6363636363636365,0.3776223776223776,2.1398601398601396,35.68531468531468,P00693,P00693-2022
2021-22,2022,mike muscala,20.869565217391305,7.826086956521739,1.3043478260869565,1.0434782608695652,1.5652173913043477,0.7826086956521738,39.26086956521739,P00694,P00694-2022
2021-22,2022,miles bridges,20.484507042253522,7.098591549295774,3.853521126760563,0.9126760563380282,0.8112676056338028,1.9267605633802816,38.02816901408451,P00695,P00695-2022
2021-22,2022,miles mcbride,8.516129032258064,4.258064516129032,3.8709677419354835,1.5483870967741935,0.0,0.3870967741935484,23.69032258064516,P00697,P00697-2022
2021-22,2022,mitchell robinson,11.906614785992218,12.04669260700389,0.7003891050583657,1.1206225680933855,2.5214007782101167,1.1206225680933855,37.21867704280155,P00699,P00699-2022
2021-22,2022,miye oni,3.8571428571428577,5.142857142857143,3.8571428571428577,0.0,0.0,1.2857142857142858,14.528571428571428,P00700,P00700-2022
2021-22,2022,mo bamba,14.848249027237353,11.346303501945524,1.6809338521400778,0.7003891050583657,2.3813229571984436,1.540856031128405,38.68949416342412,P00701,P00701-2022
2021-22,2022,monte morris,15.17056856187291,3.6120401337792645,5.297658862876254,0.8428093645484949,0.24080267558528431,1.2040133779264213,29.498327759197323,P00703,P00703-2022
2021-22,2022,montrezl harrell,20.415584415584416,9.506493506493506,3.1168831168831166,0.6233766233766234,0.935064935064935,1.5584415584415583,39.61558441558442,P00704,P00704-2022
2021-22,2022,moritz wagner,21.315789473684212,8.763157894736842,3.31578947368421,0.7105263157894737,0.4736842105263158,2.1315789473684212,38.226315789473674,P00705,P00705-2022
2021-22,2022,moses brown,18.0,14.232558139534882,0.0,0.8372093023255816,1.674418604651163,2.0930232558139537,40.520930232558136,P00706,P00706-2022
2021-22,2022,moses moody,13.53846153846154,4.615384615384616,1.2307692307692308,0.3076923076923077,0.6153846153846154,0.923076923076923,22.769230769230774,P00707,P00707-2022
2021-22,2022,moses wright,12.31578947368421,7.578947368421053,4.7368421052631575,0.0,2.8421052631578947,0.0,37.04210526315789,P00708,P00708-2022
2021-22,2022,mychal mulder,10.468085106382977,3.574468085106383,0.7659574468085106,0.5106382978723405,0.25531914893617025,1.2765957446808511,16.927659574468084,P00713,P00713-2022
2021-22,2022,myles powell,9.191489361702127,3.8297872340425534,2.2978723404255317,0.7659574468085106,0.0,2.2978723404255317,17.23404255319149,P00714,P00714-2022
2021-22,2022,myles turner,15.79591836734694,8.693877551020408,1.2244897959183674,0.8571428571428571,3.4285714285714284,1.5918367346938775,39.330612244897964,P00715,P00715-2022
2021-22,2022,naji marshall,15.313432835820896,6.985074626865671,2.955223880597015,1.6119402985074627,0.26865671641791045,2.1492537313432836,31.620895522388057,P00719,P00719-2022
2021-22,2022,nassir little,13.621621621621623,7.783783783783784,1.8069498069498071,0.833976833976834,1.250965250965251,1.3899613899613898,30.537451737451743,P00720,P00720-2022
2021-22,2022,nathan knight,18.500000000000004,11.5,3.0,1.0,1.0,2.5,40.300000000000004,P00724,P00724-2022
2021-22,2022,naz reid,18.911392405063292,8.886075949367088,2.050632911392405,1.1392405063291138,2.050632911392405,2.5063291139240507,39.713924050632905,P00725,P00725-2022
2021-22,2022,neemias queta,13.5,9.450000000000001,1.8,0.45,2.25,1.8,33.84,P00726,P00726-2022
2021-22,2022,nemanja bjelica,13.63975155279503,9.167701863354036,4.919254658385094,1.341614906832298,0.8944099378881987,2.683229813664596,36.044720496894406,P00727,P00727-2022
2021-22,2022,nerlens noel,5.44,8.959999999999999,1.44,1.92,1.92,1.28,28.592,P00728,P00728-2022
2021-22,2022,nic claxton,15.130434782608695,9.739130434782608,1.5652173913043481,0.8695652173913043,1.9130434782608698,1.3913043478260871,36.12173913043478,P00729,P00729-2022
2021-22,2022,nick richards,14.794520547945206,8.383561643835616,1.4794520547945205,0.9863013698630138,1.9726027397260275,2.4657534246575343,33.484931506849314,P00730,P00730-2022
2021-22,2022,nickeil alexander walker,16.884955752212388,4.619469026548671,3.8230088495575214,1.1150442477876106,0.6371681415929203,2.230088495575221,31.189380530973448,P00732,P00732-2022
2021-22,2022,nicolas batum,12.048387096774196,6.241935483870967,2.467741935483871,1.4516129032258065,1.0161290322580643,1.0161290322580643,29.62741935483871,P00733,P00733-2022
2021-22,2022,nik stauskas,16.897959183673468,2.9387755102040813,2.204081632653061,0.0,0.0,0.7346938775510203,22.995918367346935,P00735,P00735-2022
2021-22,2022,nikola jokic,29.122388059701493,14.829850746268658,8.48955223880597,1.6119402985074627,0.9671641791044776,4.083582089552238,63.30626865671641,P00736,P00736-2022
2021-22,2022,nikola vucevic,19.141993957703928,11.963746223564955,3.4803625377643503,1.0876132930513593,1.0876132930513593,2.0664652567975828,43.17824773413897,P00739,P00739-2022
2021-22,2022,norman powell,21.111111111111114,3.555555555555556,2.333333333333334,1.0,0.5555555555555556,1.6666666666666667,31.877777777777776,P00746,P00746-2022
2021-22,2022,norvel pelle,11.428571428571427,11.428571428571427,0.0,0.0,1.7142857142857142,4.0,26.28571428571428,P00747,P00747-2022
2021-22,2022,og anunoby,17.1,5.5,2.6,1.5,0.5,1.7,31.900000000000002,P00748,P00748-2022
2021-22,2022,obi toppin,18.94736842105263,7.789473684210526,2.3157894736842106,0.631578947368421,1.0526315789473684,1.6842105263157894,35.13684210526315,P00749,P00749-2022
2021-22,2022,olivier sarr,13.193717277486911,7.916230366492146,1.6963350785340312,0.5654450261780104,1.319371727748691,1.8848167539267013,29.007329842931938,P00751,P00751-2022
2021-22,2022,omer yurtseven,15.142857142857142,15.142857142857142,2.5714285714285716,0.8571428571428571,1.142857142857143,2.0,41.17142857142858,P00753,P00753-2022
2021-22,2022,onyeka okongwu,14.26086956521739,10.260869565217392,1.9130434782608698,1.0434782608695652,2.2608695652173916,1.5652173913043481,37.791304347826085,P00755,P00755-2022
2021-22,2022,oshae brissett,14.06008583690987,8.188841201716738,1.699570815450644,1.0815450643776823,0.6180257510729614,1.2360515021459229,30.298712446351924,P00758,P00758-2022
2021-22,2022,otto porter jr,13.357466063348415,9.285067873303166,2.443438914027149,1.7918552036199096,0.8144796380090498,0.9773755656108596,35.00633484162896,P00760,P00760-2022
2021-22,2022,p j tucker,9.806451612903226,7.096774193548387,2.709677419354839,1.0322580645161292,0.2580645161290323,1.161290322580645,25.096774193548384,P00762,P00762-2022
2021-22,2022,p j washington,13.632352941176473,6.882352941176471,3.0441176470588234,1.1911764705882353,1.1911764705882353,1.7205882352941178,31.88382352941177,P00763,P00763-2022
2021-22,2022,pj dozier,10.285714285714286,6.666666666666667,3.047619047619048,1.1428571428571428,0.5714285714285714,1.3333333333333333,26.666666666666668,P00764,P00764-2022
2021-22,2022,paris bass,30.857142857142854,20.57142857142857,0.0,5.142857142857142,0.0,10.285714285714285,60.685714285714276,P00768,P00768-2022
2021-22,2022,pascal siakam,21.65699208443272,8.073878627968337,5.034300791556729,1.2348284960422165,0.5699208443271768,2.5646437994722957,41.746701846965706,P00769,P00769-2022
2021-22,2022,pat connaughton,13.707692307692309,5.815384615384616,1.8,1.2461538461538462,0.27692307692307694,0.6923076923076923,27.263076923076923,P00770,P00770-2022
2021-22,2022,patrick beverley,13.039370078740156,5.8110236220472435,6.519685039370078,1.7007874015748032,1.2755905511811023,1.8425196850393704,36.87874015748031,P00773,P00773-2022
2021-22,2022,patrick williams,13.064516129032258,5.951612903225806,1.306451612903226,0.7258064516129032,0.7258064516129032,1.306451612903226,25.214516129032262,P00774,P00774-2022
2021-22,2022,patty mills,14.151724137931035,2.3586206896551722,2.8551724137931034,0.7448275862068965,0.24827586206896554,1.1172413793103448,23.126896551724137,P00775,P00775-2022
2021-22,2022,paul george,25.21037463976945,7.15850144092219,5.913544668587896,2.282420749279539,0.41498559077809793,4.253602305475503,46.50951008645533,P00776,P00776-2022
2021-22,2022,paul millsap,11.052631578947368,11.052631578947368,2.8421052631578947,0.9473684210526315,1.263157894736842,1.894736842105263,33.31578947368421,P00777,P00777-2022
2021-22,2022,paul reed,13.950000000000001,10.799999999999999,1.8,4.05,1.8,1.3499999999999999,45.809999999999995,P00778,P00778-2022
2021-22,2022,paul watson,7.07514450867052,6.242774566473988,1.8728323699421967,0.6242774566473988,0.6242774566473988,0.8323699421965317,20.28901734104046,P00779,P00779-2022
2021-22,2022,payton pritchard,15.829787234042554,4.851063829787234,5.1063829787234045,1.021276595744681,0.25531914893617025,1.5319148936170213,31.60851063829788,P00780,P00780-2022
2021-22,2022,petr cornelie,13.655172413793105,13.655172413793105,2.4827586206896552,1.2413793103448276,1.2413793103448276,3.7241379310344827,37.4896551724138,P00784,P00784-2022
2021-22,2022,precious achiuwa,13.88135593220339,9.915254237288135,1.6779661016949152,0.7627118644067796,0.9152542372881355,1.830508474576271,31.5,P00787,P00787-2022
2021-22,2022,quentin grimes,12.631578947368421,4.2105263157894735,2.1052631578947367,1.4736842105263155,0.42105263157894735,1.263157894736842,25.263157894736842,P00788,P00788-2022
2021-22,2022,quinndary weatherspoon,14.727272727272728,7.090909090909092,2.7272727272727275,0.5454545454545455,0.5454545454545455,1.6363636363636365,28.963636363636365,P00791,P00791-2022
2021-22,2022,r j hampton,12.493150684931507,4.9315068493150696,4.109589041095891,1.1506849315068493,0.32876712328767127,2.3013698630136985,26.712328767123296,P00793,P00793-2022
2021-22,2022,rj barrett,20.869565217391305,6.052173913043478,3.1304347826086953,0.6260869565217392,0.20869565217391306,2.295652173913044,33.036521739130436,P00794,P00794-2022
2021-22,2022,rj nembhard jr,8.8,4.0,7.2,0.8,0.0,1.6,25.200000000000003,P00795,P00795-2022
2021-22,2022,rajon rondo,9.653631284916202,5.631284916201118,8.849162011173187,1.6089385474860338,0.40223463687150846,3.4189944134078214,32.29944134078213,P00797,P00797-2022
2021-22,2022,raul neto,13.775510204081632,3.489795918367346,5.693877551020408,1.4693877551020407,0.0,2.020408163265306,28.89183673469388,P00799,P00799-2022
2021-22,2022,rayjon tucker,10.647887323943664,4.056338028169015,5.070422535211268,2.0281690140845074,0.0,0.5070422535211269,28.698591549295777,P00802,P00802-2022
2021-22,2022,reggie bullock jr,11.057142857142855,4.5,1.542857142857143,0.7714285714285715,0.2571428571428572,0.7714285714285715,21.085714285714282,P00805,P00805-2022
2021-22,2022,reggie jackson,19.384615384615387,4.153846153846154,5.538461538461538,0.8076923076923077,0.23076923076923078,2.6538461538461537,33.138461538461534,P00806,P00806-2022
2021-22,2022,reggie perry,17.711229946524064,9.04812834224599,2.310160427807487,1.7326203208556152,1.1550802139037435,2.1176470588235294,38.57967914438503,P00807,P00807-2022
2021-22,2022,richaun holmes,15.665271966527197,10.543933054393307,1.656903765690377,0.602510460251046,1.3556485355648535,1.8075313807531381,34.870292887029294,P00808,P00808-2022
2021-22,2022,ricky rubio,16.54736842105263,5.178947368421052,8.336842105263157,1.768421052631579,0.25263157894736843,3.28421052631579,38.046315789473674,P00810,P00810-2022
2021-22,2022,rob edwards,9.818181818181817,9.818181818181817,0.0,0.0,0.0,3.272727272727273,18.32727272727272,P00813,P00813-2022
2021-22,2022,robert covington,11.208791208791208,7.252747252747253,1.7142857142857142,1.978021978021978,1.7142857142857142,1.4505494505494507,32.10989010989011,P00814,P00814-2022
2021-22,2022,robert williams iii,12.162162162162161,11.675675675675674,2.432432432432432,1.0945945945945945,2.675675675675676,1.216216216216216,39.91621621621622,P00815,P00815-2022
2021-22,2022,robert woodard ii,6.171428571428572,9.257142857142858,3.085714285714286,1.0285714285714287,1.0285714285714287,1.0285714285714287,27.051428571428573,P00816,P00816-2022
2021-22,2022,robin lopez,15.035294117647057,7.411764705882352,3.1764705882352944,0.21176470588235294,1.0588235294117647,2.541176470588235,29.964705882352945,P00817,P00817-2022
2021-22,2022,rodney hood,8.205882352941178,3.9705882352941178,1.852941176470588,0.7941176470588236,0.2647058823529412,0.5294117647058824,18.39705882352941,P00819,P00819-2022
2021-22,2022,rodney mcgruder,13.135135135135135,5.351351351351352,2.189189189189189,0.972972972972973,0.24324324324324326,1.216216216216216,25.27297297297297,P00820,P00820-2022
2021-22,2022,romeo langford,10.062111801242235,5.1428571428571415,0.8944099378881987,1.1180124223602483,0.670807453416149,0.670807453416149,22.270807453416147,P00821,P00821-2022
2021-22,2022,royce o neale,8.538461538461538,5.538461538461538,2.884615384615385,1.2692307692307694,0.46153846153846156,1.153846153846154,23.55,P00824,P00824-2022
2021-22,2022,rudy gay,15.42857142857143,8.380952380952383,1.9047619047619049,0.9523809523809524,0.5714285714285714,1.7142857142857144,31.200000000000003,P00825,P00825-2022
2021-22,2022,rudy gobert,17.495327102803735,16.485981308411212,1.2336448598130842,0.7850467289719626,2.3551401869158877,2.0186915887850465,46.530841121495314,P00826,P00826-2022
2021-22,2022,rui hachimura,18.080000000000002,6.08,1.76,0.8,0.32,1.28,30.096000000000004,P00827,P00827-2022
2021-22,2022,russell westbrook,19.416909620991255,7.7667638483965025,7.4518950437317795,1.0495626822157436,0.31486880466472306,3.988338192419825,40.0198250728863,P00828,P00828-2022
2021-22,2022,ryan arcidiacono,7.578947368421053,3.7894736842105265,1.8947368421052633,0.4736842105263158,0.0,1.4210526315789473,14.968421052631582,P00829,P00829-2022
2021-22,2022,saben lee,12.3680981595092,5.300613496932515,6.404907975460123,2.208588957055215,0.6625766871165644,2.208588957055215,34.74110429447853,P00834,P00834-2022
2021-22,2022,saddiq bey,17.563636363636366,5.890909090909091,3.0545454545454542,0.9818181818181819,0.21818181818181817,1.309090909090909,31.50545454545455,P00835,P00835-2022
2021-22,2022,sam hauser,14.754098360655739,6.491803278688526,2.360655737704918,0.0,0.5901639344262295,0.5901639344262295,27.265573770491805,P00836,P00836-2022
2021-22,2022,sam merrill,15.587628865979385,4.453608247422681,2.597938144329897,0.0,0.0,1.1134020618556701,23.715463917525778,P00837,P00837-2022
2021-22,2022,sandro mamukelashvili,13.818181818181817,7.2727272727272725,1.8181818181818181,0.7272727272727273,0.7272727272727273,1.4545454545454546,28.18181818181818,P00838,P00838-2022
2021-22,2022,santi aldama,13.061946902654865,8.601769911504425,2.230088495575221,0.6371681415929203,0.9557522123893804,1.592920353982301,29.91504424778761,P00839,P00839-2022
2021-22,2022,scottie barnes,15.559322033898306,7.627118644067798,3.5593220338983054,1.1186440677966103,0.7118644067796609,1.8305084745762712,33.71186440677967,P00842,P00842-2022
2021-22,2022,scottie lewis,5.142857142857142,0.0,5.142857142857142,5.142857142857142,0.0,0.0,28.285714285714285,P00843,P00843-2022
2021-22,2022,scotty hopson,8.0,2.0,2.0,0.0,0.0,4.0,9.4,P00844,P00844-2022
2021-22,2022,sekou doumbouya,31.5,13.5,0.0,6.75,4.5,4.5,76.95,P00847,P00847-2022
2021-22,2022,semi ojeleye,8.799999999999999,6.666666666666666,0.8,0.5333333333333333,0.5333333333333333,0.8,20.4,P00848,P00848-2022
2021-22,2022,serge ibaka,15.018404907975459,10.159509202453988,1.9877300613496933,0.44171779141104295,1.3251533742331287,1.7668711656441718,33.72515337423313,P00849,P00849-2022
2021-22,2022,seth curry,16.216216216216218,3.3513513513513518,3.891891891891892,0.864864864864865,0.21621621621621626,1.837837837837838,27.481081081081086,P00850,P00850-2022
2021-22,2022,shai gilgeous alexander,25.4178674351585,5.187319884726225,6.121037463976945,1.3487031700288183,0.8299711815561959,2.9048991354466853,44.45533141210374,P00853,P00853-2022
2021-22,2022,shake milton,13.794392523364486,4.3738317757009355,4.205607476635515,0.8411214953271029,0.5046728971962616,1.3457943925233646,28.04299065420561,P00854,P00854-2022
2021-22,2022,shaq buchanan,7.2,7.2,7.2,3.6,0.0,7.2,30.24,P00855,P00855-2022
2021-22,2022,shaquille harrison,6.260869565217391,6.260869565217391,4.695652173913043,1.5652173913043477,1.5652173913043477,3.1304347826086953,27.078260869565213,P00856,P00856-2022
2021-22,2022,sharife cooper,6.0,4.8,4.8,0.0,0.0,4.8,14.16,P00857,P00857-2022
2021-22,2022,skylar mays,13.215189873417721,4.10126582278481,2.734177215189873,1.3670886075949364,0.0,1.8227848101265822,24.51645569620253,P00862,P00862-2022
2021-22,2022,solomon hill,2.0186915887850465,6.056074766355141,3.0280373831775704,1.0093457943925233,0.6728971962616823,0.33644859813084116,18.538317757009345,P00863,P00863-2022
2021-22,2022,spencer dinwiddie,16.66216216216216,5.108108108108108,6.324324324324325,0.8513513513513513,0.24324324324324326,1.945945945945946,33.61621621621622,P00864,P00864-2022
2021-22,2022,stanley johnson,10.578947368421053,5.052631578947368,2.6842105263157894,1.4210526315789473,0.47368421052631576,1.1052631578947367,25.247368421052634,P00866,P00866-2022
2021-22,2022,stephen curry,26.60869565217391,5.42608695652174,6.573913043478261,1.356521739130435,0.4173913043478261,3.339130434782609,44.963478260869564,P00868,P00868-2022
2021-22,2022,sterling brown,9.281249999999998,8.4375,1.9687499999999998,0.8437499999999999,0.28125,1.40625,24.328125,P00870,P00870-2022
2021-22,2022,steven adams,9.444866920152093,13.688212927756654,4.653992395437262,1.231939163498099,1.0950570342205324,2.0532319391634983,37.77946768060837,P00871,P00871-2022
2021-22,2022,svi mykhailiuk,12.937499999999998,4.5,2.25,1.40625,0.28125,1.6874999999999998,25.0875,P00872,P00872-2022
2021-22,2022,t j mcconnell,12.697095435684647,4.929460580912862,7.319502074688796,1.6431535269709545,0.5975103734439834,1.6431535269709545,34.670539419087135,P00873,P00873-2022
2021-22,2022,tacko fall,7.333333333333334,14.0,1.3333333333333333,0.0,3.333333333333333,2.0,34.13333333333333,P00875,P00875-2022
2021-22,2022,taj gibson,8.703296703296704,8.703296703296704,1.1868131868131868,0.7912087912087913,1.5824175824175826,0.989010989010989,27.059340659340663,P00877,P00877-2022
2021-22,2022,talen horton tucker,14.285714285714286,4.571428571428572,3.8571428571428577,1.4285714285714284,0.7142857142857142,2.0,29.985714285714284,P00878,P00878-2022
2021-22,2022,taurean prince,15.368421052631579,5.263157894736842,2.1052631578947367,1.4736842105263155,0.631578947368421,1.6842105263157894,29.473684210526315,P00880,P00880-2022
2021-22,2022,terance mann,13.594405594405593,6.545454545454546,3.272727272727273,0.881118881118881,0.3776223776223776,1.2587412587412585,28.875524475524475,P00883,P00883-2022
2021-22,2022,terence davis,20.916201117318437,6.23463687150838,2.6145251396648046,1.6089385474860338,0.8044692737430169,2.2122905027932966,37.34748603351956,P00884,P00884-2022
2021-22,2022,terrence ross,15.652173913043478,4.069565217391304,2.8173913043478263,0.6260869565217392,0.3130434782608696,1.8782608695652172,25.700869565217392,P00886,P00886-2022
2021-22,2022,terry rozier,20.617210682492583,4.593471810089021,4.807121661721068,1.3887240356083086,0.3204747774480712,1.3887240356083086,37.078931750741845,P00888,P00888-2022
2021-22,2022,terry taylor,16.0,8.666666666666666,2.0,0.6666666666666666,0.3333333333333333,1.1666666666666665,31.23333333333333,P00889,P00889-2022
2021-22,2022,thaddeus young,13.69325153374233,8.83435582822086,4.41717791411043,2.208588957055215,0.6625766871165644,2.208588957055215,37.32515337423313,P00890,P00890-2022
2021-22,2022,thanasis antetokounmpo,13.090909090909092,7.636363636363637,1.8181818181818181,1.0909090909090908,1.0909090909090908,1.8181818181818181,29.709090909090914,P00891,P00891-2022
2021-22,2022,theo maledon,14.359550561797752,5.258426966292134,4.449438202247191,1.2134831460674156,0.4044943820224719,2.629213483146067,29.568539325842693,P00892,P00892-2022
2021-22,2022,theo pinson,11.53846153846154,5.0769230769230775,4.153846153846154,1.3846153846153846,0.46153846153846156,1.3846153846153846,28.01538461538462,P00893,P00893-2022
2021-22,2022,thomas bryant,16.343558282208587,8.83435582822086,1.9877300613496933,0.44171779141104295,1.7668711656441718,1.54601226993865,35.00613496932515,P00894,P00894-2022
2021-22,2022,tim frazier,6.867052023121387,3.329479768786127,5.826589595375721,0.6242774566473988,0.20809248554913293,2.7052023121387285,19.39421965317919,P00896,P00896-2022
2021-22,2022,tim hardaway jr,17.270270270270267,4.5,2.675675675675676,1.0945945945945945,0.12162162162162163,0.972972972972973,29.359459459459455,P00897,P00897-2022
2021-22,2022,timothe luwawu cabarrot,12.000000000000002,4.363636363636364,2.181818181818182,0.8181818181818182,0.27272727272727276,1.090909090909091,22.69090909090909,P00899,P00899-2022
2021-22,2022,tobias harris,17.79310344827586,7.03448275862069,3.6206896551724137,0.6206896551724138,0.6206896551724138,1.6551724137931036,33.734482758620686,P00900,P00900-2022
2021-22,2022,tomas satoransky,7.854545454545455,5.018181818181818,7.199999999999999,1.0909090909090908,0.21818181818181817,1.7454545454545454,26.858181818181816,P00903,P00903-2022
2021-22,2022,tony bradley,10.799999999999999,12.239999999999998,1.8,0.72,2.16,2.16,34.66799999999999,P00904,P00904-2022
2021-22,2022,tony snell,8.129032258064516,4.412903225806452,1.161290322580645,0.6967741935483871,0.4645161290322581,0.9290322580645162,17.721290322580646,P00905,P00905-2022
2021-22,2022,torrey craig,11.590243902439024,7.024390243902439,2.107317073170732,1.053658536585366,0.8780487804878049,1.5804878048780489,27.395121951219508,P00906,P00906-2022
2021-22,2022,trae young,29.295128939828082,3.8166189111747855,10.005730659025788,0.9283667621776505,0.1031518624641834,4.126074498567336,47.85214899713468,P00909,P00909-2022
2021-22,2022,tre jones,13.012048192771083,4.771084337349398,7.373493975903613,1.3012048192771084,0.21686746987951805,1.5180722891566263,32.833734939759026,P00912,P00912-2022
2021-22,2022,tre mann,16.421052631578945,4.578947368421052,2.3684210526315788,1.263157894736842,0.3157894736842105,1.894736842105263,28.31052631578947,P00913,P00913-2022
2021-22,2022,tremont waters,7.113772455089821,2.8023952095808387,4.95808383233533,3.6646706586826348,0.0,2.8023952095808387,26.105389221556884,P00914,P00914-2022
2021-22,2022,trendon watford,15.11602209944751,8.154696132596683,3.3812154696132595,0.9944751381215469,1.1933701657458564,1.7900552486187844,34.74696132596684,P00915,P00915-2022
2021-22,2022,trent forrest,9.281249999999998,4.78125,5.0625,1.40625,0.28125,2.25,25.424999999999997,P00916,P00916-2022
2021-22,2022,trevelin queen,20.918918918918916,7.783783783783784,1.945945945945946,2.432432432432432,0.4864864864864865,3.4054054054054053,38.52972972972973,P00918,P00918-2022
2021-22,2022,trevon scott,19.636363636363633,6.545454545454546,0.0,3.272727272727273,3.272727272727273,0.0,47.127272727272725,P00919,P00919-2022
2021-22,2022,trevor ariza,7.461139896373057,6.341968911917098,2.051813471502591,0.9326424870466321,0.5595854922279793,0.9326424870466321,21.69326424870466,P00920,P00920-2022
2021-22,2022,trey burke,17.485714285714284,2.742857142857143,4.8,1.0285714285714285,0.0,2.057142857142857,29.005714285714284,P00924,P00924-2022
2021-22,2022,trey lyles,18.4390243902439,8.956097560975609,2.107317073170732,0.7024390243902439,0.7024390243902439,1.7560975609756098,34.805853658536584,P00926,P00926-2022
2021-22,2022,trey murphy iii,13.985611510791369,6.215827338129496,1.553956834532374,1.0359712230215827,0.2589928057553957,0.776978417266187,26.883453237410073,P00927,P00927-2022
2021-22,2022,tristan thompson,13.757961783439491,11.694267515923567,1.375796178343949,0.9171974522292994,0.9171974522292994,1.8343949044585988,33.523566878980894,P00929,P00929-2022
2021-22,2022,troy brown jr,9.674999999999999,6.9750000000000005,2.25,1.125,0.225,0.9,24.570000000000004,P00933,P00933-2022
2021-22,2022,ty jerome,15.305389221556887,3.4491017964071857,4.95808383233533,1.2934131736526946,0.2155688622754491,1.7245508982035929,29.683832335329345,P00934,P00934-2022
2021-22,2022,tyler cook,12.239999999999998,9.72,0.72,0.72,0.72,1.44,27.863999999999994,P00937,P00937-2022
2021-22,2022,tyler herro,22.858895705521473,5.521472392638037,4.41717791411043,0.773006134969325,0.11042944785276074,2.871165644171779,35.88957055214724,P00939,P00939-2022
2021-22,2022,tyler johnson,6.63157894736842,4.7368421052631575,2.8421052631578947,1.1842105263157894,1.1842105263157894,0.7105263157894737,22.973684210526315,P00940,P00940-2022
2021-22,2022,tyrell terry,24.0,0.0,0.0,0.0,0.0,0.0,24.0,P00943,P00943-2022
2021-22,2022,tyrese haliburton,15.737142857142858,4.114285714285714,8.434285714285714,1.7485714285714287,0.6171428571428572,2.6742857142857144,37.748571428571424,P00944,P00944-2022
2021-22,2022,tyrese maxey,17.84702549575071,3.263456090651559,4.385269121813031,0.7138810198300283,0.40793201133144485,1.2237960339943343,30.48271954674221,P00946,P00946-2022
2021-22,2022,tyrone wallace,8.064,3.744,0.5760000000000001,1.44,0.5760000000000001,0.864,18.6048,P00948,P00948-2022
2021-22,2022,tyus jones,14.773584905660377,4.0754716981132075,7.471698113207548,1.528301886792453,0.0,1.0188679245283019,34.43773584905661,P00950,P00950-2022
2021-22,2022,udoka azubuike,14.71304347826087,13.147826086956522,0.0,0.3130434782608696,1.8782608695652172,2.1913043478260867,34.87304347826087,P00951,P00951-2022
2021-22,2022,udonis haslem,14.0625,10.687499999999998,1.6874999999999998,0.5625,0.5625,2.25,30.543749999999996,P00952,P00952-2022
2021-22,2022,usman garuba,7.2,12.6,2.5199999999999996,1.44,1.8,1.08,34.74,P00954,P00954-2022
2021-22,2022,vernon carey jr,16.57142857142857,9.714285714285714,0.0,1.7142857142857142,0.5714285714285715,2.285714285714286,32.8,P00957,P00957-2022
2021-22,2022,victor oladipo,20.666666666666668,4.833333333333333,5.833333333333333,1.0,0.16666666666666666,3.333333333333333,35.38333333333333,P00958,P00958-2022
2021-22,2022,vit krejci,9.704347826086956,5.321739130434783,2.9739130434782606,0.9391304347826086,0.4695652173913043,1.5652173913043477,23.212173913043475,P00961,P00961-2022
2021-22,2022,vlatko cancar,12.615384615384615,6.461538461538463,3.384615384615385,0.3076923076923077,0.6153846153846154,1.846153846153846,26.369230769230768,P00963,P00963-2022
2021-22,2022,wayne ellington,12.829787234042552,3.4468085106382977,1.3404255319148937,0.9574468085106383,0.19148936170212766,0.7659574468085106,21.657446808510638,P00966,P00966-2022
2021-22,2022,wayne selden,9.714285714285714,1.7142857142857142,1.7142857142857142,0.0,0.0,0.0,14.342857142857142,P00967,P00967-2022
2021-22,2022,wendell carter jr,18.06020066889632,12.642140468227426,3.3712374581939795,0.7224080267558528,0.8428093645484949,2.2876254180602005,40.69565217391305,P00968,P00968-2022
2021-22,2022,wenyen gabriel,14.08695652173913,9.652173913043478,1.3043478260869565,0.5217391304347826,1.0434782608695652,1.5652173913043477,30.75652173913043,P00970,P00970-2022
2021-22,2022,wes iwundu,9.626373626373626,5.67032967032967,0.0,0.3956043956043956,0.0,0.3956043956043956,17.22197802197802,P00971,P00971-2022
2021-22,2022,wesley matthews,9.0,3.3529411764705883,1.2352941176470589,0.8823529411764707,0.3529411764705883,0.7058823529411766,17.876470588235293,P00972,P00972-2022
2021-22,2022,will barton,16.485981308411212,5.383177570093458,4.373831775700934,0.897196261682243,0.4485981308411215,2.0186915887850465,31.52523364485981,P00973,P00973-2022
2021-22,2022,willie cauley stein,6.6521739130434785,7.82608695652174,1.956521739130435,1.1739130434782608,0.7826086956521741,1.5652173913043481,23.282608695652176,P00976,P00976-2022
2021-22,2022,willy hernangomez,19.5,14.57142857142857,2.7857142857142856,0.8571428571428571,0.8571428571428571,2.142857142857143,44.164285714285704,P00977,P00977-2022
2021-22,2022,xavier moon,15.24087591240876,3.678832116788321,6.306569343065694,1.8394160583941606,0.7883211678832117,1.5766423357664234,35.42189781021898,P00979,P00979-2022
2021-22,2022,xavier sneed,5.023255813953488,5.8604651162790695,0.8372093023255816,0.0,0.0,0.0,13.311627906976744,P00980,P00980-2022
2021-22,2022,xavier tillman,13.090909090909092,8.181818181818183,3.272727272727273,2.454545454545455,0.8181818181818182,1.6363636363636365,36.00000000000001,P00981,P00981-2022
2021-22,2022,yuta watanabe,13.230769230769232,7.384615384615384,1.846153846153846,0.923076923076923,1.2307692307692308,1.5384615384615385,29.784615384615385,P00987,P00987-2022
2021-22,2022,yves pons,6.711864406779661,6.101694915254237,0.6101694915254238,0.6101694915254238,1.830508474576271,0.6101694915254238,21.66101694915254,P00989,P00989-2022
2021-22,2022,zach collins,15.687150837988828,11.061452513966481,4.424581005586593,1.005586592178771,1.6089385474860338,3.2178770949720676,40.22346368715084,P00991,P00991-2022
2021-22,2022,zach lavine,25.314121037463973,4.772334293948125,4.6685878962536025,0.6224783861671469,0.31123919308357345,2.6974063400576367,38.147550432276645,P00993,P00993-2022
2021-22,2022,zavier simpson,9.10344827586207,4.386206896551724,6.206896551724139,1.0758620689655172,0.8275862068965517,2.0689655172413794,27.31862068965517,P00994,P00994-2022
2021-22,2022,zeke nnaji,13.976470588235292,7.623529411764705,0.8470588235294118,0.8470588235294118,0.6352941176470588,1.2705882352941176,27.571764705882348,P00995,P00995-2022
2021-22,2022,ziaire williams,13.43778801843318,3.483870967741936,1.6589861751152075,0.9953917050691243,0.3317972350230415,1.161290322580645,22.92718894009217,P00996,P00996-2022
2022-23,2023,a j lawson,18.500000000000004,6.999999999999999,0.5,0.5,0.0,1.0,28.150000000000002,P00001,P00001-2023
2022-23,2023,aj green,16.0,4.7272727272727275,2.1818181818181817,0.7272727272727273,0.0,1.0909090909090908,26.036363636363635,P00002,P00002-2023
2022-23,2023,aj griffin,16.430769230769233,3.8769230769230774,1.846153846153846,1.1076923076923075,0.36923076923076925,1.1076923076923075,27.175384615384615,P00003,P00003-2023
2022-23,2023,aaron gordon,19.43046357615894,7.867549668874172,3.5761589403973515,0.9536423841059604,0.9536423841059604,1.6688741721854305,38.288741721854315,P00005,P00005-2023
2022-23,2023,aaron holiday,10.477611940298507,3.2238805970149254,3.761194029850746,1.6119402985074627,0.5373134328358209,1.6119402985074627,24.823880597014927,P00007,P00007-2023
2022-23,2023,aaron nesmith,14.602409638554217,5.493975903614459,1.8795180722891567,1.1566265060240966,0.7228915662650602,1.4457831325301205,28.20722891566265,P00008,P00008-2023
2022-23,2023,aaron wiggins,13.23243243243243,5.837837837837839,2.140540540540541,1.1675675675675676,0.3891891891891892,1.5567567567567568,26.56216216216216,P00009,P00009-2023
2022-23,2023,admiral schofield,12.393442622950822,5.0163934426229515,2.360655737704918,0.5901639344262295,0.29508196721311475,1.180327868852459,23.42950819672131,P00016,P00016-2023
2022-23,2023,al horford,11.567213114754098,7.3180327868852455,3.540983606557377,0.5901639344262295,1.180327868852459,0.7081967213114754,30.263606557377045,P00020,P00020-2023
2022-23,2023,alec burks,20.94545454545455,5.072727272727272,3.6,1.1454545454545453,0.3272727272727273,1.8,35.0509090909091,P00021,P00021-2023
2022-23,2023,aleksej pokusevski,14.15533980582524,8.213592233009708,3.3203883495145625,1.0485436893203883,2.2718446601941746,2.2718446601941746,36.68155339805824,P00023,P00023-2023
2022-23,2023,alex caruso,8.578723404255319,4.4425531914893615,4.4425531914893615,2.2978723404255317,1.0723404255319149,1.6851063829787236,28.999148936170215,P00025,P00025-2023
2022-23,2023,alex len,9.870967741935484,13.354838709677418,2.903225806451613,1.161290322580645,2.32258064516129,3.4838709677419355,37.21935483870968,P00028,P00028-2023
2022-23,2023,alize johnson,8.64,12.0,1.44,1.44,0.0,4.8,24.72,P00034,P00034-2023
2022-23,2023,alperen sengun,18.435986159169552,11.211072664359861,4.858131487889274,1.1211072664359862,1.1211072664359862,3.238754325259516,42.6643598615917,P00036,P00036-2023
2022-23,2023,amir coffey,9.792000000000002,3.168,3.168,0.28800000000000003,0.28800000000000003,1.1520000000000001,18.921600000000005,P00040,P00040-2023
2022-23,2023,andre drummond,17.007874015748033,18.708661417322833,1.4173228346456692,1.984251968503937,1.1338582677165356,3.118110236220473,47.820472440944876,P00042,P00042-2023
2022-23,2023,andre iguodala,5.3617021276595755,5.3617021276595755,6.127659574468085,1.2765957446808511,1.021276595744681,2.8085106382978724,25.072340425531916,P00043,P00043-2023
2022-23,2023,andrew nembhard,12.346570397111913,3.5090252707581233,5.848375451263538,1.1696750902527078,0.25992779783393505,2.2093862815884475,27.40938628158845,P00045,P00045-2023
2022-23,2023,andrew wiggins,19.118012422360245,5.590062111801242,2.5714285714285707,1.341614906832298,0.8944099378881987,1.453416149068323,34.937888198757754,P00046,P00046-2023
2022-23,2023,anfernee simons,21.702857142857145,2.6742857142857144,4.217142857142857,0.72,0.2057142857142857,2.16,31.854857142857146,P00047,P00047-2023
2022-23,2023,anthony davis,27.423529411764704,13.23529411764706,2.7529411764705882,1.1647058823529413,2.1176470588235294,2.3294117647058825,54.95294117647059,P00049,P00049-2023
2022-23,2023,anthony edwards,24.6,5.799999999999999,4.4,1.6,0.7,3.3,41.76,P00050,P00050-2023
2022-23,2023,anthony gill,11.20754716981132,5.773584905660377,2.0377358490566038,0.339622641509434,0.679245283018868,1.0188679245283019,23.23018867924528,P00051,P00051-2023
2022-23,2023,anthony lamb,12.49740932642487,6.528497409326425,2.7979274611398965,0.9326424870466321,0.5595854922279793,1.6787564766839378,27.326424870466322,P00052,P00052-2023
2022-23,2023,austin reaves,16.25,3.7499999999999996,4.25,0.625,0.375,1.8749999999999998,28.25,P00061,P00061-2023
2022-23,2023,austin rivers,9.046153846153846,2.953846153846154,2.5846153846153843,0.923076923076923,0.18461538461538463,0.7384615384615385,19.052307692307693,P00062,P00062-2023
2022-23,2023,ayo dosunmu,11.81679389312977,3.847328244274809,3.5725190839694663,1.099236641221374,0.4122137404580153,1.6488549618320612,24.677862595419846,P00064,P00064-2023
2022-23,2023,bam adebayo,21.225433526011557,9.572254335260116,3.329479768786127,1.2485549132947975,0.8323699421965317,2.6011560693641615,41.347976878612705,P00066,P00066-2023
2022-23,2023,ben simmons,9.444866920152093,8.623574144486692,8.349809885931558,1.779467680608365,0.8212927756653992,3.14828897338403,36.971863117870726,P00071,P00071-2023
2022-23,2023,bennedict mathurin,21.09473684210526,5.178947368421052,1.894736842105263,0.7578947368421053,0.25263157894736843,2.4,30.78315789473684,P00072,P00072-2023
2022-23,2023,bismack biyombo,10.825174825174825,10.825174825174825,2.2657342657342654,0.7552447552447552,3.524475524475524,2.013986013986014,38.03916083916084,P00075,P00075-2023
2022-23,2023,blake griffin,10.618705035971221,9.841726618705035,3.884892086330935,0.776978417266187,0.5179856115107914,1.2949640287769784,30.846043165467623,P00076,P00076-2023
2022-23,2023,blake wesley,9.944751381215468,4.375690607734806,5.171270718232044,1.3922651933701655,0.19889502762430938,3.580110497237569,24.145856353591157,P00078,P00078-2023
2022-23,2023,boban marjanovic,21.599999999999998,12.436363636363637,1.9636363636363636,1.3090909090909093,0.6545454545454547,3.272727272727273,42.087272727272726,P00079,P00079-2023
2022-23,2023,bobby portis,19.52307692307692,13.292307692307691,2.076923076923077,0.5538461538461539,0.27692307692307694,1.6615384615384614,39.419999999999995,P00080,P00080-2023
2022-23,2023,bogdan bogdanovic,18.06451612903226,4.0,3.612903225806452,1.0322580645161292,0.38709677419354843,1.5483870967741937,30.99354838709678,P00082,P00082-2023
2022-23,2023,bojan bogdanovic,24.22429906542056,4.261682242990654,2.9158878504672896,0.6728971962616822,0.11214953271028037,2.5794392523364484,33.48785046728972,P00083,P00083-2023
2022-23,2023,bol bol,15.237209302325581,9.711627906976743,1.6744186046511627,0.6697674418604651,2.0093023255813955,2.6790697674418604,34.76093023255814,P00084,P00084-2023
2022-23,2023,bones hyland,21.896907216494846,4.453608247422681,5.75257731958763,1.2989690721649485,0.5567010309278351,2.783505154639175,38.65360824742269,P00085,P00085-2023
2022-23,2023,bradley beal,24.931343283582088,4.191044776119403,5.802985074626866,0.9671641791044776,0.7522388059701491,3.116417910447761,40.706865671641786,P00087,P00087-2023
2022-23,2023,brandon boston,20.707964601769913,4.460176991150442,2.8672566371681416,1.2743362831858407,0.0,1.592920353982301,32.591150442477876,P00090,P00090-2023
2022-23,2023,brandon clarke,18.46153846153846,10.153846153846153,2.4,1.1076923076923075,1.2923076923076922,1.846153846153846,39.6,P00091,P00091-2023
2022-23,2023,brandon ingram,25.999999999999996,5.789473684210526,6.105263157894736,0.7368421052631577,0.42105263157894735,3.473684210526315,42.10526315789473,P00093,P00093-2023
2022-23,2023,braxton key,15.600000000000001,3.5999999999999996,0.0,0.0,0.0,0.0,19.92,P00097,P00097-2023
2022-23,2023,brook lopez,18.82894736842105,7.93421052631579,1.5394736842105263,0.5921052631578947,2.960526315789474,1.657894736842105,39.659210526315796,P00101,P00101-2023
2022-23,2023,bruce brown,14.526315789473683,5.178947368421052,4.294736842105263,1.3894736842105264,0.7578947368421053,1.894736842105263,31.730526315789472,P00103,P00103-2023
2022-23,2023,bruno fernando,13.5,12.115384615384615,2.769230769230769,0.6923076923076923,3.1153846153846154,2.0769230769230766,41.53846153846155,P00104,P00104-2023
2022-23,2023,bryce mcgowens,11.157894736842104,4.2105263157894735,2.526315789473684,0.631578947368421,0.21052631578947367,1.894736842105263,20.63157894736842,P00105,P00105-2023
2022-23,2023,bryn forbes,12.112149532710282,2.0186915887850465,2.3551401869158877,1.0093457943925233,0.33644859813084116,1.6822429906542058,20.422429906542053,P00106,P00106-2023
2022-23,2023,buddy boeheim,6.4,2.4,1.6,0.8,0.0,0.0,14.080000000000002,P00108,P00108-2023
2022-23,2023,buddy hield,19.50967741935484,5.806451612903226,3.2516129032258063,1.3935483870967742,0.34838709677419355,1.9741935483870967,34.60645161290323,P00109,P00109-2023
2022-23,2023,cj mccollum,21.31444759206799,4.487252124645893,5.813031161473089,0.9178470254957508,0.5099150141643061,2.4475920679886687,37.254390934844196,P00112,P00112-2023
2022-23,2023,cade cunningham,21.513513513513512,6.7027027027027035,6.486486486486487,0.864864864864865,0.6486486486486487,3.5675675675675675,40.25945945945946,P00113,P00113-2023
2022-23,2023,caleb houstan,8.60377358490566,4.30188679245283,1.3584905660377358,0.4528301886792453,0.22641509433962265,0.9056603773584906,16.935849056603775,P00114,P00114-2023
2022-23,2023,caleb martin,11.795221843003413,5.897610921501706,1.9658703071672354,1.2286689419795223,0.49146757679180886,1.3515358361774745,25.63003412969283,P00116,P00116-2023
2022-23,2023,cam reddish,14.080645161290322,3.1935483870967745,2.0322580645161286,1.4516129032258065,0.5806451612903225,1.7419354838709677,25.316129032258065,P00119,P00119-2023
2022-23,2023,cam thomas,22.987951807228914,3.6867469879518064,3.0361445783132526,0.8674698795180722,0.21686746987951805,2.385542168674699,32.83373493975903,P00121,P00121-2023
2022-23,2023,cameron johnson,19.51048951048951,5.538461538461538,2.3916083916083917,1.5104895104895104,0.3776223776223776,1.1328671328671327,34.27552447552448,P00123,P00123-2023
2022-23,2023,cameron payne,18.356435643564357,3.920792079207921,8.01980198019802,1.2475247524752473,0.3564356435643564,3.0297029702970297,36.87326732673267,P00125,P00125-2023
2022-23,2023,caris levert,14.42384105960265,4.529801324503311,4.649006622516556,1.1920529801324504,0.3576158940397351,1.9072847682119207,29.574834437086093,P00126,P00126-2023
2022-23,2023,carlik jones,13.049999999999999,3.15,4.05,1.3499999999999999,0.0,1.3499999999999999,25.604999999999997,P00127,P00127-2023
2022-23,2023,cedi osman,15.582089552238802,4.119402985074626,2.6865671641791042,0.8955223880597014,0.1791044776119403,1.253731343283582,26.52537313432835,P00134,P00134-2023
2022-23,2023,chance comanche,12.0,5.142857142857142,0.0,0.0,1.7142857142857142,0.0,23.314285714285713,P00136,P00136-2023
2022-23,2023,charles bassey,14.151724137931035,13.655172413793103,3.475862068965517,1.2413793103448276,2.2344827586206897,2.979310344827586,43.199999999999996,P00139,P00139-2023
2022-23,2023,chima moneke,9.0,9.0,4.5,0.0,0.0,9.0,17.549999999999997,P00145,P00145-2023
2022-23,2023,chimezie metu,16.96153846153846,10.384615384615383,2.0769230769230766,1.0384615384615383,1.0384615384615383,1.7307692307692306,37.038461538461526,P00146,P00146-2023
2022-23,2023,chris boucher,16.92,9.9,0.72,1.08,1.44,0.9,36.540000000000006,P00147,P00147-2023
2022-23,2023,chris duarte,14.584615384615384,4.615384615384615,2.5846153846153843,0.923076923076923,0.36923076923076925,1.6615384615384616,26.215384615384615,P00149,P00149-2023
2022-23,2023,chris paul,15.637500000000001,4.8374999999999995,10.012500000000001,1.6875,0.45,2.1374999999999997,40.73625,P00152,P00152-2023
2022-23,2023,chris silva,24.0,0.0,0.0,0.0,0.0,12.0,12.0,P00153,P00153-2023
2022-23,2023,christian braun,10.916129032258064,5.574193548387097,1.8580645161290323,1.161290322580645,0.4645161290322581,1.161290322580645,24.108387096774194,P00155,P00155-2023
2022-23,2023,christian koloko,8.08695652173913,7.565217391304348,1.3043478260869565,1.0434782608695652,2.608695652173913,0.7826086956521738,29.29565217391304,P00156,P00156-2023
2022-23,2023,christian wood,23.073359073359075,10.146718146718147,2.501930501930502,0.5559845559845561,1.5289575289575292,2.501930501930502,42.75521235521236,P00157,P00157-2023
2022-23,2023,chuma okeke,8.8125,6.75,2.625,1.3125,0.7500000000000001,1.125,25.9125,P00158,P00158-2023
2022-23,2023,clint capela,16.240601503759397,14.887218045112782,1.218045112781955,0.9473684210526315,1.6240601503759398,1.0827067669172932,42.56390977443609,P00159,P00159-2023
2022-23,2023,coby white,14.923076923076922,4.461538461538462,4.3076923076923075,1.0769230769230769,0.15384615384615385,1.5384615384615385,28.892307692307686,P00160,P00160-2023
2022-23,2023,cody martin,9.424083769633508,6.408376963350785,3.0157068062827226,1.1308900523560208,0.18848167539267016,0.5654450261780104,25.030366492146598,P00161,P00161-2023
2022-23,2023,cody zeller,16.137931034482758,10.675862068965516,1.7379310344827585,0.4965517241379311,0.7448275862068965,2.2344827586206897,33.045517241379315,P00163,P00163-2023
2022-23,2023,cole anthony,18.06949806949807,6.671814671814672,5.420849420849421,0.833976833976834,0.6949806949806949,2.084942084942085,36.70888030888031,P00165,P00165-2023
2022-23,2023,cole swider,7.932203389830509,6.101694915254237,3.661016949152542,0.0,0.0,0.0,20.745762711864405,P00166,P00166-2023
2022-23,2023,collin sexton,21.539748953974897,3.313807531380754,4.368200836820083,0.9037656903765691,0.1506276150627615,2.711297071129707,32.520502092050215,P00170,P00170-2023
2022-23,2023,corey kispert,14.120141342756183,3.5618374558303887,1.526501766784452,0.508833922261484,0.127208480565371,0.8904593639575972,21.701766784452293,P00172,P00172-2023
2022-23,2023,cory joseph,12.545454545454547,3.090909090909091,6.363636363636363,0.9090909090909091,0.18181818181818182,1.6363636363636365,27.43636363636364,P00174,P00174-2023
2022-23,2023,d angelo russell,19.716923076923077,3.3230769230769233,6.867692307692308,1.1076923076923078,0.4430769230769231,2.88,35.778461538461535,P00178,P00178-2023
2022-23,2023,daishen nix,9.0,3.8249999999999997,5.175,1.125,0.225,3.375,22.0275,P00186,P00186-2023
2022-23,2023,dalano banton,18.4,6.0,4.8,1.6,1.6,2.4,39.99999999999999,P00188,P00188-2023
2022-23,2023,dalen terry,14.142857142857144,6.428571428571429,3.8571428571428577,1.9285714285714288,0.6428571428571429,1.2857142857142858,34.07142857142858,P00189,P00189-2023
2022-23,2023,damian jones,10.862068965517242,9.310344827586208,1.2413793103448276,0.6206896551724138,1.5517241379310347,1.8620689655172413,28.551724137931036,P00191,P00191-2023
2022-23,2023,damian lillard,31.933884297520667,4.760330578512397,7.239669421487603,0.8925619834710745,0.2975206611570248,3.272727272727273,48.80330578512397,P00192,P00192-2023
2022-23,2023,damion lee,14.470588235294118,5.294117647058823,2.294117647058824,0.7058823529411766,0.17647058823529416,1.9411764705882357,24.97058823529412,P00194,P00194-2023
2022-23,2023,daniel gafford,15.728155339805824,9.78640776699029,1.9223300970873787,0.6990291262135921,2.2718446601941746,1.9223300970873787,37.345631067961165,P00196,P00196-2023
2022-23,2023,daniel theis,16.153846153846153,7.153846153846154,3.0000000000000004,0.6923076923076923,2.076923076923077,0.9230769230769231,36.62307692307692,P00198,P00198-2023
2022-23,2023,danny green,15.714285714285715,3.7142857142857144,1.4285714285714284,1.4285714285714284,0.8571428571428571,2.5714285714285716,26.599999999999998,P00201,P00201-2023
2022-23,2023,danuel house jr,12.0,4.25,2.0,0.75,0.5,1.25,22.6,P00204,P00204-2023
2022-23,2023,dario saric,16.340425531914896,9.191489361702128,3.319148936170213,1.021276595744681,0.25531914893617025,2.5531914893617023,33.62553191489362,P00205,P00205-2023
2022-23,2023,darius bazley,13.090909090909092,8.055944055944057,2.2657342657342654,1.2587412587412585,2.013986013986014,1.5104895104895104,34.464335664335664,P00207,P00207-2023
2022-23,2023,darius days,21.71428571428571,8.571428571428571,1.7142857142857142,0.0,1.7142857142857142,0.0,39.71428571428571,P00208,P00208-2023
2022-23,2023,darius garland,21.90422535211268,2.738028169014085,7.909859154929577,1.2169014084507042,0.10140845070422536,2.9408450704225353,38.0687323943662,P00209,P00209-2023
2022-23,2023,david duke jr,13.454545454545455,4.7272727272727275,3.272727272727273,1.4545454545454546,0.0,2.909090909090909,25.490909090909092,P00211,P00211-2023
2022-23,2023,david roddy,13.4,5.6,1.6,0.8,0.6,1.6,25.12,P00214,P00214-2023
2022-23,2023,davion mitchell,11.138121546961324,2.585635359116022,4.574585635359115,1.1933701657458564,0.39779005524861877,1.591160220994475,24.285082872928175,P00215,P00215-2023
2022-23,2023,davis bertans,15.192660550458715,3.9633027522935778,1.6513761467889907,0.6605504587155964,0.6605504587155964,0.6605504587155964,25.728440366972475,P00216,P00216-2023
2022-23,2023,davon reed,9.450000000000001,6.3,2.25,1.3499999999999999,0.45,2.25,23.535000000000004,P00217,P00217-2023
2022-23,2023,day ron sharpe,14.71304347826087,13.147826086956522,2.5043478260869567,0.9391304347826086,2.1913043478260867,2.8173913043478263,40.820869565217386,P00218,P00218-2023
2022-23,2023,de aaron fox,26.94610778443114,4.526946107784432,6.574850299401198,1.18562874251497,0.32335329341317365,2.694610778443114,44.07305389221556,P00219,P00219-2023
2022-23,2023,de andre hunter,17.48895899053628,4.769716088328076,1.5899053627760251,0.5678233438485805,0.34069400630914826,1.362776025236593,26.960252365930604,P00220,P00220-2023
2022-23,2023,de anthony melton,13.03225806451613,5.290322580645161,3.3548387096774195,2.0645161290322585,0.6451612903225807,1.6774193548387097,30.864516129032264,P00221,P00221-2023
2022-23,2023,deandre jordan,12.239999999999998,12.48,2.16,0.72,1.44,2.88,34.056,P00222,P00222-2023
2022-23,2023,demar derozan,24.3646408839779,4.574585635359115,5.071823204419888,1.0939226519337015,0.49723756906077343,2.0883977900552484,40.14696132596684,P00225,P00225-2023
2022-23,2023,dean wade,8.334975369458128,6.029556650246305,1.4187192118226601,1.064039408866995,0.8866995073891625,0.7093596059113301,22.841379310344827,P00227,P00227-2023
2022-23,2023,deandre ayton,21.315789473684212,11.842105263157896,2.013157894736842,0.7105263157894737,0.9473684210526316,2.1315789473684212,41.38815789473685,P00228,P00228-2023
2022-23,2023,dejounte murray,20.274725274725274,5.241758241758242,6.032967032967033,1.4835164835164836,0.2967032967032967,2.175824175824176,38.77912087912088,P00230,P00230-2023
2022-23,2023,delon wright,10.918032786885249,5.311475409836066,5.754098360655738,2.655737704918033,0.4426229508196721,1.3278688524590165,33.890163934426226,P00231,P00231-2023
2022-23,2023,deni avdija,12.451127819548871,8.661654135338345,3.789473684210526,1.218045112781955,0.5413533834586466,2.1654135338345863,31.642105263157895,P00232,P00232-2023
2022-23,2023,dennis schroder,15.069767441860463,2.990033222591362,5.382059800664451,0.9568106312292359,0.23920265780730898,2.0332225913621262,28.285714285714285,P00233,P00233-2023
2022-23,2023,dennis smith jr,12.32684824902724,4.342412451361867,6.723735408560311,1.9610894941634243,0.7003891050583657,2.1011673151750974,33.50661478599222,P00234,P00234-2023
2022-23,2023,dereon seabron,12.000000000000002,3.0000000000000004,0.0,0.0,0.0,0.0,15.600000000000001,P00237,P00237-2023
2022-23,2023,derrick jones jr,12.857142857142858,6.171428571428572,1.2857142857142856,1.2857142857142856,1.542857142857143,1.0285714285714287,29.64857142857143,P00240,P00240-2023
2022-23,2023,derrick rose,16.128,4.32,4.896000000000001,0.864,0.5760000000000001,2.3040000000000003,30.671999999999997,P00241,P00241-2023
2022-23,2023,derrick white,15.773851590106007,4.579505300353357,4.96113074204947,0.8904593639575972,1.1448763250883391,1.526501766784452,33.290459363957595,P00243,P00243-2023
2022-23,2023,desmond bane,24.41640378548896,5.678233438485804,4.996845425867509,1.135646687697161,0.4542586750788644,2.4984227129337544,40.99684542586751,P00244,P00244-2023
2022-23,2023,devin booker,28.92485549132948,4.682080924855491,5.722543352601156,1.0404624277456647,0.3121387283236994,2.809248554913295,44.3757225433526,P00245,P00245-2023
2022-23,2023,devin vassell,21.483870967741936,4.5290322580645155,4.180645161290323,1.2774193548387096,0.4645161290322581,1.7419354838709677,36.673548387096766,P00248,P00248-2023
2022-23,2023,devon dotson,2.0454545454545454,6.954545454545453,5.3181818181818175,3.272727272727273,0.0,2.0454545454545454,26.14090909090909,P00249,P00249-2023
2022-23,2023,devonte graham,14.557377049180328,3.344262295081967,5.311475409836065,1.1803278688524588,0.39344262295081966,1.3770491803278686,29.881967213114752,P00251,P00251-2023
2022-23,2023,dewayne dedmon,16.714285714285715,11.25,2.25,0.6428571428571429,1.6071428571428572,2.25,38.089285714285715,P00252,P00252-2023
2022-23,2023,dillon brooks,16.99009900990099,3.9207920792079203,3.089108910891089,1.0693069306930694,0.2376237623762376,1.6633663366336633,28.586138613861387,P00255,P00255-2023
2022-23,2023,domantas sabonis,19.8728323699422,12.797687861271676,7.595375722543352,0.8323699421965317,0.5202312138728323,3.0173410404624277,47.66358381502891,P00257,P00257-2023
2022-23,2023,dominick barlow,9.616438356164384,8.876712328767123,2.219178082191781,0.9863013698630138,1.7260273972602738,1.2328767123287672,30.5013698630137,P00258,P00258-2023
2022-23,2023,donovan mitchell,28.458100558659222,4.324022346368715,4.424581005586593,1.5083798882681565,0.40223463687150846,2.6145251396648046,43.401117318435766,P00260,P00260-2023
2022-23,2023,donovan williams,36.0,18.0,0.0,0.0,0.0,0.0,57.599999999999994,P00261,P00261-2023
2022-23,2023,donte divincenzo,12.866920152091256,6.159695817490494,4.7908745247148286,1.779467680608365,0.13688212927756654,2.1901140684410647,31.003802281368817,P00262,P00262-2023
2022-23,2023,dorian finney smith,9.828947368421055,5.684210526315789,1.7763157894736843,0.9473684210526316,0.5921052631578947,1.0657894736842106,22.867105263157896,P00263,P00263-2023
2022-23,2023,doug mcdermott,17.912195121951218,3.863414634146342,2.458536585365853,0.35121951219512193,0.17560975609756097,1.5804878048780489,26.236097560975608,P00264,P00264-2023
2022-23,2023,draymond green,9.714285714285714,8.228571428571428,7.7714285714285705,1.1428571428571428,0.9142857142857143,3.1999999999999997,34.217142857142846,P00266,P00266-2023
2022-23,2023,drew eubanks,11.704433497536945,9.576354679802956,2.305418719211823,0.8866995073891625,2.305418719211823,1.5960591133004927,34.63448275862069,P00267,P00267-2023
2022-23,2023,dru smith,9.942857142857143,5.485714285714286,5.142857142857142,2.4,1.0285714285714285,0.6857142857142857,33.84,P00270,P00270-2023
2022-23,2023,duane washington jr,22.393700787401578,3.4015748031496065,5.669291338582677,0.5669291338582678,0.2834645669291339,3.118110236220473,34.41259842519685,P00271,P00271-2023
2022-23,2023,duncan robinson,14.04878048780488,3.51219512195122,2.4146341463414642,0.6585365853658538,0.0,1.5365853658536586,22.324390243902446,P00272,P00272-2023
2022-23,2023,dwight powell,12.562500000000002,7.6875,1.6875,1.125,0.5625,1.6875,27.69375,P00275,P00275-2023
2022-23,2023,dylan windler,18.545454545454547,0.0,3.272727272727273,3.272727272727273,0.0,3.272727272727273,30.0,P00278,P00278-2023
2022-23,2023,dyson daniels,7.728813559322034,6.508474576271188,4.677966101694915,1.4237288135593218,0.40677966101694923,2.0338983050847457,26.0135593220339,P00279,P00279-2023
2022-23,2023,edmond sumner,18.38848920863309,3.884892086330935,3.366906474820144,1.553956834532374,0.5179856115107914,2.3309352517985613,31.98561151079136,P00282,P00282-2023
2022-23,2023,eric gordon,15.663157894736843,2.4,3.4105263157894736,0.7578947368421053,0.5052631578947369,1.894736842105263,25.553684210526317,P00293,P00293-2023
2022-23,2023,eugene omoruyi,15.652173913043478,6.26086956521739,1.5652173913043474,1.5652173913043474,0.22360248447204967,2.012422360248447,28.86708074534161,P00296,P00296-2023
2022-23,2023,evan fournier,12.91764705882353,3.8117647058823527,2.7529411764705882,1.2705882352941176,0.21176470588235294,1.6941176470588235,24.374117647058824,P00297,P00297-2023
2022-23,2023,evan mobley,16.953488372093023,9.418604651162791,2.9302325581395348,0.8372093023255816,1.5697674418604652,1.8837209302325582,37.98837209302326,P00298,P00298-2023
2022-23,2023,facundo campazzo,7.2,1.6615384615384614,6.092307692307693,4.430769230769231,0.0,2.2153846153846155,29.409230769230774,P00299,P00299-2023
2022-23,2023,frank kaminsky,13.846153846153847,7.753846153846153,4.984615384615385,1.1076923076923078,0.5538461538461539,1.6615384615384614,33.95076923076923,P00302,P00302-2023
2022-23,2023,frank ntilikina,8.093023255813954,3.627906976744186,3.3488372093023253,0.8372093023255813,0.27906976744186046,1.6744186046511627,19.144186046511628,P00303,P00303-2023
2022-23,2023,franz wagner,20.539877300613497,4.52760736196319,3.8650306748466257,1.1042944785276074,0.22085889570552147,2.3190184049079754,33.42699386503068,P00304,P00304-2023
2022-23,2023,fred vanvleet,18.931880108991827,4.021798365122615,7.06267029972752,1.76566757493188,0.5885558583106266,1.961852861035422,39.45286103542234,P00305,P00305-2023
2022-23,2023,furkan korkmaz,14.399999999999999,4.1684210526315795,2.2736842105263158,1.1368421052631579,0.37894736842105264,2.2736842105263158,25.086315789473684,P00307,P00307-2023
2022-23,2023,gabe vincent,13.065637065637068,2.9189189189189193,3.474903474903475,1.250965250965251,0.13899613899613902,1.945945945945946,24.00463320463321,P00309,P00309-2023
2022-23,2023,gabe york,15.401069518716577,3.8502673796791442,3.272727272727273,1.3475935828877004,0.0,0.0,28.97326203208556,P00310,P00310-2023
2022-23,2023,garrett temple,11.076923076923077,3.8769230769230765,2.769230769230769,2.2153846153846155,0.5538461538461539,1.1076923076923078,27.083076923076923,P00313,P00313-2023
2022-23,2023,garrison mathews,13.606299212598426,3.968503937007874,1.4173228346456692,1.1338582677165356,0.2834645669291339,1.1338582677165356,23.612598425196847,P00314,P00314-2023
2022-23,2023,gary harris,12.097165991902836,2.91497975708502,1.7489878542510122,1.3117408906882593,0.43724696356275305,0.8744939271255061,22.59109311740891,P00316,P00316-2023
2022-23,2023,gary payton ii,9.91616766467066,6.682634730538923,3.0179640718562872,2.155688622754491,0.4311377245508982,1.5089820359281436,28.713772455089824,P00317,P00317-2023
2022-23,2023,gary trent jr,19.514018691588785,2.9158878504672896,1.794392523364486,1.794392523364486,0.22429906542056074,0.897196261682243,30.86355140186916,P00318,P00318-2023
2022-23,2023,george hill,9.944751381215468,3.580110497237569,4.773480662983426,1.1933701657458564,0.19889502762430938,1.3922651933701655,24.185635359116024,P00319,P00319-2023
2022-23,2023,georges niang,15.216494845360824,4.453608247422681,1.8556701030927836,0.7422680412371135,0.37113402061855677,1.2989690721649485,25.385567010309277,P00321,P00321-2023
2022-23,2023,giannis antetokounmpo,34.87850467289719,13.233644859813083,6.392523364485981,0.897196261682243,0.897196261682243,4.373831775700934,61.35700934579438,P00323,P00323-2023
2022-23,2023,goga bitadze,13.200000000000001,10.799999999999999,3.0,1.2,2.0999999999999996,1.7999999999999998,38.76,P00324,P00324-2023
2022-23,2023,goran dragic,15.12,3.3599999999999994,6.24,0.48000000000000004,0.24000000000000002,2.64,28.031999999999996,P00325,P00325-2023
2022-23,2023,gordon hayward,16.799999999999997,4.914285714285714,4.685714285714285,0.9142857142857143,0.22857142857142856,2.2857142857142856,30.86857142857142,P00326,P00326-2023
2022-23,2023,gorgui dieng,12.208695652173912,10.956521739130435,5.321739130434783,0.3130434782608696,1.5652173913043477,3.1304347826086953,35.84347826086957,P00327,P00327-2023
2022-23,2023,grant williams,11.258687258687258,6.393822393822394,2.362934362934363,0.6949806949806949,0.5559845559845561,1.3899613899613898,24.83861003861004,P00330,P00330-2023
2022-23,2023,grayson allen,13.664233576642337,4.335766423357664,3.0218978102189777,1.1824817518248176,0.26277372262773724,1.3138686131386863,26.42189781021898,P00331,P00331-2023
2022-23,2023,greg brown iii,11.172413793103448,7.448275862068965,1.2413793103448276,1.8620689655172413,1.8620689655172413,2.4827586206896552,30.66206896551724,P00332,P00332-2023
2022-23,2023,hamidou diallo,18.808988764044948,7.0786516853932575,2.0224719101123596,1.8202247191011236,0.6067415730337078,2.629213483146067,34.98876404494383,P00336,P00336-2023
2022-23,2023,harrison barnes,16.615384615384617,4.984615384615385,1.7723076923076924,0.7753846153846153,0.11076923076923077,1.1076923076923078,26.806153846153848,P00337,P00337-2023
2022-23,2023,haywood highsmith,8.849162011173187,7.039106145251397,1.6089385474860338,1.4078212290502794,0.6033519553072626,1.6089385474860338,24.13407821229051,P00343,P00343-2023
2022-23,2023,herbert jones,11.91891891891892,4.986486486486486,3.0405405405405403,1.945945945945946,0.7297297297297296,1.5810810810810811,28.90945945945946,P00345,P00345-2023
2022-23,2023,immanuel quickley,18.560553633217992,5.231833910034602,4.235294117647059,1.245674740484429,0.24913494809688586,1.4948096885813147,34.181314878892735,P00352,P00352-2023
2022-23,2023,isaac okoro,10.568807339449542,4.128440366972477,1.8165137614678901,1.1559633027522933,0.6605504587155964,0.9908256880733944,22.706422018348626,P00355,P00355-2023
2022-23,2023,isaiah hartenstein,9.045226130653267,11.758793969849247,2.170854271356784,1.085427135678392,1.4472361809045229,1.4472361809045229,32.562814070351756,P00358,P00358-2023
2022-23,2023,isaiah jackson,15.70909090909091,9.818181818181817,1.7454545454545454,1.0909090909090908,3.272727272727273,1.7454545454545454,41.45454545454546,P00359,P00359-2023
2022-23,2023,isaiah joe,17.905759162303664,4.523560209424083,2.2617801047120416,1.319371727748691,0.18848167539267016,0.9424083769633507,30.30785340314136,P00360,P00360-2023
2022-23,2023,isaiah livers,10.441558441558442,4.363636363636363,1.2467532467532467,0.7792207792207791,0.7792207792207791,0.935064935064935,21.288311688311683,P00361,P00361-2023
2022-23,2023,isaiah mobley,13.371428571428572,8.742857142857142,1.542857142857143,1.542857142857143,1.542857142857143,0.5142857142857143,34.92,P00362,P00362-2023
2022-23,2023,isaiah roby,13.061946902654865,8.283185840707965,2.8672566371681416,1.2743362831858407,0.6371681415929203,2.230088495575221,30.8070796460177,P00363,P00363-2023
2022-23,2023,isaiah stewart,14.374558303886927,10.303886925795052,1.7809187279151943,0.508833922261484,0.8904593639575972,1.7809187279151943,31.827561837455832,P00365,P00365-2023
2022-23,2023,isaiah todd,5.294117647058823,7.058823529411765,2.4705882352941178,0.7058823529411766,0.0,1.0588235294117647,18.529411764705884,P00367,P00367-2023
2022-23,2023,ish smith,9.677419354838708,5.032258064516128,8.903225806451612,0.7741935483870968,0.7741935483870968,3.8709677419354835,29.845161290322576,P00369,P00369-2023
2022-23,2023,ish wainright,9.882352941176471,5.411764705882352,2.1176470588235294,1.4117647058823528,0.9411764705882353,0.9411764705882353,25.670588235294115,P00370,P00370-2023
2022-23,2023,ivica zubac,13.642105263157895,12.505263157894738,1.263157894736842,0.5052631578947369,1.642105263157895,1.894736842105263,35.090526315789475,P00371,P00371-2023
2022-23,2023,jd davison,10.472727272727274,5.236363636363637,5.890909090909091,1.3090909090909093,1.3090909090909093,1.9636363636363636,31.483636363636368,P00373,P00373-2023
2022-23,2023,jt thor,9.77142857142857,5.657142857142858,1.2857142857142856,0.7714285714285715,0.7714285714285715,1.542857142857143,21.57428571428571,P00374,P00374-2023
2022-23,2023,ja morant,29.56739811912226,6.6583072100313485,9.141065830721002,1.2413793103448278,0.3385579937304075,3.8369905956112853,52.171786833855805,P00375,P00375-2023
2022-23,2023,jamychal green,16.45714285714286,9.257142857142858,2.3142857142857145,1.0285714285714287,1.0285714285714287,2.3142857142857145,34.894285714285715,P00377,P00377-2023
2022-23,2023,javale mcgee,18.63529411764706,10.588235294117647,1.2705882352941176,0.4235294117647059,2.541176470588235,3.8117647058823527,38.32941176470589,P00378,P00378-2023
2022-23,2023,jabari smith jr,14.864516129032259,8.361290322580645,1.5096774193548388,0.5806451612903225,1.0451612903225806,1.5096774193548388,30.530322580645162,P00380,P00380-2023
2022-23,2023,jabari walker,12.64864864864865,7.45945945945946,1.945945945945946,0.6486486486486487,0.6486486486486487,1.6216216216216217,26.789189189189194,P00381,P00381-2023
2022-23,2023,jack white,11.076923076923077,9.230769230769232,1.8461538461538463,1.8461538461538463,0.9230769230769231,0.9230769230769231,32.30769230769231,P00383,P00383-2023
2022-23,2023,jacob gilyard,2.6341463414634143,3.5121951219512195,6.146341463414634,2.6341463414634143,0.0,1.7560975609756098,22.21463414634146,P00385,P00385-2023
2022-23,2023,jaden hardy,21.405405405405407,4.621621621621621,3.4054054054054053,0.972972972972973,0.24324324324324326,2.432432432432432,33.27567567567567,P00387,P00387-2023
2022-23,2023,jaden ivey,18.868167202572348,4.514469453376206,6.019292604501608,0.9260450160771704,0.2315112540192926,3.7041800643086815,33.082958199356916,P00388,P00388-2023
2022-23,2023,jaden mcdaniels,14.235294117647058,4.588235294117647,2.2352941176470584,1.0588235294117647,1.1764705882352942,1.6470588235294117,28.152941176470584,P00389,P00389-2023
2022-23,2023,jaden springer,16.714285714285715,5.7857142857142865,3.2142857142857144,2.5714285714285716,1.2857142857142858,1.2857142857142858,38.76428571428571,P00390,P00390-2023
2022-23,2023,jae crowder,13.142857142857144,7.238095238095239,2.8571428571428577,1.3333333333333333,0.5714285714285714,0.761904761904762,31.066666666666666,P00391,P00391-2023
2022-23,2023,jae sean tate,15.027522935779816,6.275229357798165,4.458715596330276,1.1559633027522933,0.3302752293577982,2.4770642201834865,31.22752293577981,P00392,P00392-2023
2022-23,2023,jake laravia,9.152542372881356,5.491525423728813,1.830508474576271,0.9152542372881355,0.3050847457627119,1.5254237288135593,20.623728813559318,P00398,P00398-2023
2022-23,2023,jakob poeltl,16.9811320754717,12.362264150943396,3.667924528301887,1.2226415094339622,1.6301886792452829,2.309433962264151,43.56679245283019,P00400,P00400-2023
2022-23,2023,jalen brunson,24.685714285714287,3.6,6.377142857142857,0.9257142857142857,0.2057142857142857,2.16,39.80571428571429,P00402,P00402-2023
2022-23,2023,jalen duren,13.156626506024097,12.867469879518074,1.5903614457831328,1.0120481927710843,1.3012048192771086,2.0240963855421685,35.8987951807229,P00403,P00403-2023
2022-23,2023,jalen green,23.26315789473684,3.894736842105263,3.894736842105263,0.8421052631578947,0.21052631578947367,2.7368421052631575,34.19999999999999,P00404,P00404-2023
2022-23,2023,jalen johnson,13.530201342281877,9.664429530201343,2.8993288590604025,1.2080536912751678,1.2080536912751678,1.4496644295302012,35.2751677852349,P00406,P00406-2023
2022-23,2023,jalen mcdaniels,14.158995815899583,6.476987447698745,2.410041841004184,1.5062761506276152,0.602510460251046,1.8075313807531381,30.065271966527202,P00407,P00407-2023
2022-23,2023,jalen smith,18.0,11.106382978723405,1.9148936170212767,0.5744680851063829,1.7234042553191489,2.1063829787234045,38.98723404255319,P00410,P00410-2023
2022-23,2023,jalen suggs,15.16595744680851,4.595744680851063,4.4425531914893615,1.9914893617021279,0.7659574468085106,2.7574468085106383,32.85957446808511,P00411,P00411-2023
2022-23,2023,jalen williams,16.75247524752475,5.346534653465346,3.9207920792079203,1.6633663366336633,0.594059405940594,1.900990099009901,33.920792079207914,P00412,P00412-2023
2022-23,2023,jamal cain,14.616541353383457,7.849624060150376,1.894736842105263,1.6240601503759398,0.2706766917293233,0.8120300751879699,31.750375939849626,P00414,P00414-2023
2022-23,2023,jamal murray,21.951219512195124,4.390243902439025,6.8048780487804885,1.0975609756097562,0.21951219512195125,2.4146341463414642,38.96341463414634,P00415,P00415-2023
2022-23,2023,jamaree bouyea,7.605633802816902,3.0422535211267605,2.0281690140845074,2.0281690140845074,1.0140845070422537,2.0281690140845074,21.39718309859155,P00417,P00417-2023
2022-23,2023,james bouknight,13.350993377483444,5.006622516556292,2.8609271523178808,0.9536423841059604,0.2384105960264901,2.145695364238411,25.080794701986758,P00418,P00418-2023
2022-23,2023,james harden,20.54347826086957,5.967391304347826,10.467391304347826,1.1739130434782608,0.48913043478260876,3.3260869565217392,45.06847826086956,P00420,P00420-2023
2022-23,2023,james johnson,11.2,6.8,3.2,1.6,1.2,1.6,30.96,P00421,P00421-2023
2022-23,2023,james wiseman,18.65284974093264,11.00518134715026,1.305699481865285,0.37305699481865284,1.1191709844559585,2.051813471502591,36.24248704663212,P00422,P00422-2023
2022-23,2023,jared butler,17.4375,1.9687499999999998,3.65625,2.25,0.0,2.25,29.784374999999997,P00427,P00427-2023
2022-23,2023,jared rhoden,8.170212765957448,6.638297872340426,0.7659574468085106,0.7659574468085106,0.25531914893617025,0.5106382978723405,19.83829787234043,P00430,P00430-2023
2022-23,2023,jaren jackson jr,23.5774647887324,8.619718309859156,1.267605633802817,1.267605633802817,3.802816901408451,2.154929577464789,48.878873239436615,P00431,P00431-2023
2022-23,2023,jarred vanderbilt,11.800829875518673,11.203319502074688,3.5850622406639,1.6431535269709545,0.4481327800829875,1.79253112033195,35.10373443983403,P00432,P00432-2023
2022-23,2023,jarrell brantley,20.20408163265306,5.5102040816326525,2.9387755102040813,0.0,1.8367346938775508,1.8367346938775508,34.897959183673464,P00433,P00433-2023
2022-23,2023,jarrett allen,15.791411042944786,10.822085889570552,1.8773006134969323,0.8834355828220859,1.3251533742331287,1.54601226993865,36.67361963190184,P00434,P00434-2023
2022-23,2023,jarrett culver,11.56204379562044,9.985401459854014,1.5766423357664234,1.5766423357664234,0.5255474452554745,1.8394160583941606,30.376642335766423,P00435,P00435-2023
2022-23,2023,jason preston,11.730337078651685,6.47191011235955,7.685393258426966,0.4044943820224719,0.0,2.831460674157303,29.40674157303371,P00438,P00438-2023
2022-23,2023,javonte green,12.48,6.719999999999999,1.6799999999999997,1.9200000000000002,1.6799999999999997,1.44,32.424,P00442,P00442-2023
2022-23,2023,jaxson hayes,13.846153846153847,7.753846153846153,1.9384615384615382,1.1076923076923078,1.1076923076923078,1.9384615384615382,30.76615384615384,P00444,P00444-2023
2022-23,2023,jay huff,19.323529411764707,7.9411764705882355,3.705882352941176,1.0588235294117647,1.5882352941176472,1.852941176470588,40.5,P00445,P00445-2023
2022-23,2023,jay scrubb,15.600000000000001,7.2,1.2,2.4,0.0,3.6,29.64,P00446,P00446-2023
2022-23,2023,jaylen brown,26.674094707520894,6.919220055710307,3.5097493036211698,1.1030640668523677,0.40111420612813375,2.9080779944289694,41.84623955431755,P00447,P00447-2023
2022-23,2023,jaylen nowell,20.145077720207254,4.849740932642487,3.7305699481865284,1.1191709844559585,0.18652849740932642,1.8652849740932642,33.612435233160625,P00452,P00452-2023
2022-23,2023,jaylin williams,11.358288770053477,9.433155080213906,3.080213903743316,1.1550802139037435,0.3850267379679145,1.540106951871658,30.378609625668453,P00455,P00455-2023
2022-23,2023,jayson tatum,29.36585365853659,8.585365853658537,4.48780487804878,1.0731707317073171,0.6829268292682926,2.8292682926829267,48.83902439024391,P00458,P00458-2023
2022-23,2023,jeff dowtin jr,8.307692307692307,3.1153846153846154,4.153846153846153,1.3846153846153846,0.34615384615384615,0.6923076923076923,22.776923076923076,P00460,P00460-2023
2022-23,2023,jeff green,14.399999999999999,4.8,2.215384615384615,0.5538461538461538,0.5538461538461538,1.476923076923077,25.32923076923077,P00461,P00461-2023
2022-23,2023,jerami grant,20.672268907563023,4.53781512605042,2.4201680672268906,0.8067226890756303,0.8067226890756303,1.8151260504201678,32.77310924369747,P00463,P00463-2023
2022-23,2023,jeremiah robinson earl,12.952380952380954,8.0,1.9047619047619049,1.1428571428571428,0.5714285714285714,0.761904761904762,29.79047619047619,P00465,P00465-2023
2022-23,2023,jeremy sochan,15.23076923076923,7.338461538461538,3.4615384615384617,1.1076923076923078,0.5538461538461539,2.353846153846154,31.860000000000003,P00467,P00467-2023
2022-23,2023,jericho sims,7.846153846153847,10.846153846153847,1.153846153846154,0.6923076923076923,1.153846153846154,1.153846153846154,26.97692307692308,P00468,P00468-2023
2022-23,2023,jevon carter,12.857142857142858,4.017857142857143,3.8571428571428577,1.2857142857142858,0.6428571428571429,1.6071428571428572,27.642857142857142,P00472,P00472-2023
2022-23,2023,jimmy butler iii,24.682634730538922,6.359281437125748,5.712574850299402,1.9401197604790419,0.32335329341317365,1.7245508982035929,45.948502994011974,P00473,P00473-2023
2022-23,2023,jock landale,16.732394366197184,10.394366197183098,2.535211267605634,0.5070422535211269,1.0140845070422537,2.2816901408450705,35.290140845070425,P00475,P00475-2023
2022-23,2023,joe harris,13.28155339805825,3.8446601941747574,2.4466019417475726,0.8737864077669902,0.3495145631067961,1.0485436893203883,24.18640776699029,P00476,P00476-2023
2022-23,2023,joe ingles,10.94273127753304,4.440528634361233,5.233480176211454,1.1101321585903083,0.15859030837004406,1.9030837004405288,26.024669603524227,P00477,P00477-2023
2022-23,2023,joe wieskamp,6.428571428571429,2.5714285714285716,1.9285714285714288,0.0,0.0,0.6428571428571429,11.764285714285716,P00479,P00479-2023
2022-23,2023,joel embiid,34.43930635838151,10.612716763005778,4.369942196531792,1.0404624277456647,1.76878612716763,3.53757225433526,58.61965317919075,P00481,P00481-2023
2022-23,2023,john butler jr,7.448275862068965,2.793103448275862,1.8620689655172413,1.2413793103448276,1.5517241379310347,0.3103448275862069,21.662068965517243,P00482,P00482-2023
2022-23,2023,john collins,15.719999999999999,7.800000000000001,1.44,0.72,1.2,1.32,31.68,P00483,P00483-2023
2022-23,2023,john konchar,8.826923076923075,7.442307692307692,2.423076923076923,1.9038461538461537,0.5192307692307692,0.8653846153846153,27.79615384615384,P00484,P00484-2023
2022-23,2023,john wall,18.48648648648649,4.378378378378379,8.432432432432433,1.2972972972972974,0.6486486486486487,3.891891891891892,38.33513513513514,P00487,P00487-2023
2022-23,2023,johnny davis,13.827814569536425,5.483443708609272,2.384105960264901,0.9536423841059604,0.7152317880794702,1.4304635761589404,27.560264900662254,P00489,P00489-2023
2022-23,2023,johnny juzang,13.395348837209301,6.1395348837209305,1.1162790697674418,0.5581395348837209,0.5581395348837209,0.5581395348837209,25.227906976744183,P00491,P00491-2023
2022-23,2023,jonas valanciunas,20.3855421686747,14.746987951807228,2.6024096385542173,0.43373493975903615,1.0120481927710843,2.891566265060241,43.43132530120482,P00492,P00492-2023
2022-23,2023,jonathan isaac,15.929203539823007,12.743362831858407,1.592920353982301,4.1415929203539825,1.2743362831858407,1.2743362831858407,48.584070796460175,P00493,P00493-2023
2022-23,2023,jonathan kuminga,17.134615384615383,5.884615384615385,3.2884615384615383,1.0384615384615383,0.8653846153846153,2.423076923076923,32.417307692307695,P00494,P00494-2023
2022-23,2023,jordan clarkson,22.969325153374232,4.41717791411043,4.858895705521473,0.5521472392638037,0.22085889570552147,3.312883435582822,34.56441717791411,P00497,P00497-2023
2022-23,2023,jordan goodwin,13.348314606741571,6.6741573033707855,5.460674157303371,1.8202247191011236,0.8089887640449438,1.8202247191011236,35.61573033707864,P00499,P00499-2023
2022-23,2023,jordan hall,12.130434782608697,5.086956521739131,4.695652173913043,0.39130434782608703,0.0,3.1304347826086962,23.321739130434782,P00500,P00500-2023
2022-23,2023,jordan mclaughlin,8.430379746835444,3.1898734177215187,7.746835443037974,1.5949367088607593,0.22784810126582278,1.8227848101265822,27.524050632911393,P00502,P00502-2023
2022-23,2023,jordan nwora,16.3125,6.9375,2.625,0.7500000000000001,0.37500000000000006,2.0625,29.8875,P00504,P00504-2023
2022-23,2023,jordan poole,24.479999999999997,3.24,5.3999999999999995,0.9600000000000001,0.36,3.7199999999999998,36.708,P00505,P00505-2023
2022-23,2023,jordan schakel,18.0,0.0,6.0,6.0,0.0,0.0,45.0,P00506,P00506-2023
2022-23,2023,jose alvarado,15.069767441860465,3.8511627906976744,5.023255813953488,1.8418604651162793,0.33488372093023255,2.1767441860465118,31.57953488372093,P00508,P00508-2023
2022-23,2023,josh christopher,16.97560975609756,3.2195121951219514,3.2195121951219514,1.4634146341463414,0.5853658536585366,2.6341463414634143,29.180487804878048,P00509,P00509-2023
2022-23,2023,josh giddey,19.215434083601288,9.144694533762058,7.176848874598071,0.9260450160771704,0.4630225080385852,3.241157556270096,41.88038585209003,P00510,P00510-2023
2022-23,2023,josh green,12.747081712062258,4.202334630350195,2.3813229571984436,0.9805447470817121,0.14007782101167318,1.6809338521400778,23.042801556420233,P00511,P00511-2023
2022-23,2023,josh hart,10.922600619195048,8.693498452012385,4.235294117647059,1.3374613003095974,0.33436532507739936,1.671826625386997,31.05139318885449,P00512,P00512-2023
2022-23,2023,josh minott,17.4375,9.5625,1.6874999999999998,1.6874999999999998,2.25,1.125,42.13125,P00514,P00514-2023
2022-23,2023,josh okogie,13.978723404255318,6.702127659574468,2.8723404255319145,1.5319148936170213,0.9574468085106383,1.7234042553191489,32.07446808510639,P00516,P00516-2023
2022-23,2023,josh richardson,15.472340425531915,4.136170212765958,4.136170212765958,1.6851063829787236,0.4595744680851064,1.9914893617021279,31.08255319148936,P00517,P00517-2023
2022-23,2023,joshua primo,10.815450643776822,5.09871244635193,6.952789699570815,0.463519313304721,0.7725321888412017,4.326180257510729,26.7450643776824,P00518,P00518-2023
2022-23,2023,jrue holiday,21.312883435582823,5.631901840490797,8.171779141104293,1.3251533742331287,0.44171779141104295,3.2024539877300615,42.42699386503068,P00519,P00519-2023
2022-23,2023,juan toscano anderson,8.0,6.4,3.466666666666667,0.8,0.5333333333333333,1.8666666666666667,23.013333333333335,P00520,P00520-2023
2022-23,2023,juancho hernangomez,7.150684931506849,7.150684931506849,1.4794520547945205,0.9863013698630138,0.24657534246575344,0.9863013698630138,20.663013698630134,P00521,P00521-2023
2022-23,2023,julian champagnie,18.574468085106382,6.702127659574468,1.1489361702127658,0.7659574468085106,0.5744680851063829,1.1489361702127658,31.212765957446802,P00523,P00523-2023
2022-23,2023,julius randle,25.453521126760567,10.140845070422536,4.157746478873239,0.6084507042253521,0.30422535211267604,2.8394366197183096,43.757746478873244,P00527,P00527-2023
2022-23,2023,justin champagnie,11.647058823529413,8.470588235294118,4.235294117647059,1.0588235294117647,0.0,0.0,31.341176470588234,P00529,P00529-2023
2022-23,2023,justin holiday,10.588235294117647,2.8235294117647056,2.1176470588235294,0.9411764705882353,0.9411764705882353,1.1764705882352942,21.623529411764707,P00531,P00531-2023
2022-23,2023,justin jackson,6.8936170212765955,5.361702127659575,3.0638297872340425,1.5319148936170213,1.5319148936170213,0.7659574468085106,26.348936170212763,P00532,P00532-2023
2022-23,2023,justin minaya,6.941704035874438,6.134529147982063,1.6143497757847534,0.8071748878923767,2.098654708520179,1.6143497757847534,23.827802690582956,P00533,P00533-2023
2022-23,2023,justise winslow,9.134328358208956,6.716417910447761,4.567164179104478,1.3432835820895521,0.5373134328358209,2.0149253731343286,27.671641791044777,P00535,P00535-2023
2022-23,2023,jusuf nurkic,17.865671641791046,12.223880597014924,3.8955223880597014,1.0746268656716418,1.0746268656716418,3.08955223880597,41.73582089552239,P00536,P00536-2023
2022-23,2023,kj martin,16.32857142857143,7.071428571428571,1.9285714285714284,0.6428571428571428,0.5142857142857143,1.4142857142857146,29.764285714285716,P00538,P00538-2023
2022-23,2023,kz okpala,6.591549295774648,5.070422535211268,2.0281690140845074,1.0140845070422537,1.0140845070422537,1.0140845070422537,20.788732394366196,P00540,P00540-2023
2022-23,2023,kai jones,10.2,8.1,0.8999999999999999,1.2,2.0999999999999996,2.0999999999999996,29.069999999999993,P00542,P00542-2023
2022-23,2023,karl anthony towns,22.690909090909095,8.836363636363636,5.236363636363636,0.7636363636363636,0.6545454545454545,3.272727272727273,42.130909090909086,P00544,P00544-2023
2022-23,2023,kawhi leonard,25.5,6.9642857142857135,4.178571428571428,1.5,0.5357142857142857,1.8214285714285712,44.410714285714285,P00547,P00547-2023
2022-23,2023,keegan murray,14.738255033557046,5.5570469798657705,1.4496644295302012,0.9664429530201342,0.6040268456375839,0.9664429530201342,27.326174496644295,P00549,P00549-2023
2022-23,2023,keita bates diop,16.092165898617512,6.138248847926268,2.4884792626728114,1.161290322580645,0.49769585253456217,1.327188940092166,30.840552995391707,P00552,P00552-2023
2022-23,2023,keldon johnson,24.22018348623853,5.504587155963303,3.192660550458715,0.7706422018348622,0.22018348623853212,2.3119266055045875,36.27522935779816,P00555,P00555-2023
2022-23,2023,kelly olynyk,15.734265734265733,7.804195804195803,4.6573426573426575,1.1328671328671327,0.6293706293706293,3.1468531468531467,34.225174825174825,P00557,P00557-2023
2022-23,2023,kelly oubre jr,22.625386996904027,5.795665634674924,1.2260061919504646,1.5603715170278638,0.4458204334365326,1.448916408668731,35.98885448916409,P00558,P00558-2023
2022-23,2023,kemba walker,18.0,4.05,4.7250000000000005,0.45,0.45,0.9,31.747500000000002,P00559,P00559-2023
2022-23,2023,kendall brown,8.059701492537314,5.3731343283582085,2.6865671641791042,3.761194029850746,0.0,1.6119402985074627,28.208955223880594,P00560,P00560-2023
2022-23,2023,kendrick nunn,18.52173913043478,4.173913043478261,3.391304347826087,1.0434782608695652,0.2608695652173913,2.3478260869565215,30.18260869565217,P00561,P00561-2023
2022-23,2023,kennedy chandler,10.153846153846155,5.0769230769230775,7.384615384615385,1.3846153846153846,0.46153846153846156,2.307692307692308,30.55384615384616,P00562,P00562-2023
2022-23,2023,kenneth lofton jr,24.65753424657534,10.356164383561644,3.945205479452055,0.9863013698630138,0.4931506849315069,2.4657534246575343,44.97534246575343,P00563,P00563-2023
2022-23,2023,kenrich williams,12.631578947368421,7.7368421052631575,3.1578947368421053,1.263157894736842,0.47368421052631576,0.9473684210526315,30.915789473684214,P00564,P00564-2023
2022-23,2023,kentavious caldwell pope,12.421725239616615,3.1054313099041537,2.7603833865814695,1.7252396166134185,0.5750798722044728,1.2651757188498405,25.924600638977637,P00566,P00566-2023
2022-23,2023,keon ellis,12.272727272727272,4.090909090909091,3.272727272727273,2.454545454545454,0.8181818181818182,0.8181818181818182,31.09090909090909,P00567,P00567-2023
2022-23,2023,keon johnson,16.26923076923077,3.8076923076923075,5.192307692307692,1.7307692307692306,0.6923076923076923,3.8076923076923075,32.08846153846153,P00568,P00568-2023
2022-23,2023,kessler edwards,9.42056074766355,5.7196261682243,2.0186915887850465,1.3457943925233646,0.6728971962616823,1.3457943925233646,24.02242990654205,P00571,P00571-2023
2022-23,2023,kevin durant,29.426966292134832,6.775280898876404,5.056179775280898,0.7078651685393258,1.4157303370786516,3.3370786516853927,48.175280898876395,P00572,P00572-2023
2022-23,2023,kevin huerter,18.612244897959183,4.040816326530612,3.5510204081632653,1.3469387755102042,0.3673469387755102,1.5918367346938775,32.33877551020408,P00573,P00573-2023
2022-23,2023,kevin knox ii,15.735099337748345,6.675496688741722,1.1920529801324504,0.9536423841059604,0.4768211920529802,1.9072847682119207,27.91788079470199,P00574,P00574-2023
2022-23,2023,kevin love,14.76,11.52,3.42,0.54,0.36,1.9800000000000002,34.434,P00575,P00575-2023
2022-23,2023,kevin porter jr,20.151603498542276,5.56268221574344,5.982507288629739,1.469387755102041,0.31486880466472306,3.3586005830903796,37.79475218658892,P00578,P00578-2023
2022-23,2023,kevon harris,11.014925373134327,5.64179104477612,1.3432835820895521,1.3432835820895521,0.26865671641791045,1.6119402985074627,23.023880597014927,P00579,P00579-2023
2022-23,2023,kevon looney,10.543933054393307,14.008368200836824,3.765690376569038,0.9037656903765691,0.9037656903765691,0.7531380753138076,37.67196652719666,P00580,P00580-2023
2022-23,2023,khem birch,9.777777777777779,5.777777777777779,1.777777777777778,1.3333333333333333,1.3333333333333333,1.777777777777778,25.6,P00584,P00584-2023
2022-23,2023,khris middleton,22.370370370370367,6.222222222222221,7.2592592592592595,1.037037037037037,0.29629629629629634,3.2592592592592595,41.46666666666666,P00585,P00585-2023
2022-23,2023,killian hayes,13.102473498233216,3.6890459363957593,7.886925795053004,1.7809187279151943,0.508833922261484,2.9257950530035335,33.303180212014134,P00586,P00586-2023
2022-23,2023,kira lewis jr,17.617021276595743,4.9787234042553195,3.4468085106382977,1.5319148936170213,0.3829787234042553,1.5319148936170213,32.97446808510638,P00588,P00588-2023
2022-23,2023,klay thompson,23.89090909090909,4.472727272727273,2.618181818181818,0.7636363636363636,0.43636363636363634,1.9636363636363638,34.82181818181819,P00589,P00589-2023
2022-23,2023,kobi simmons,6.428571428571429,5.142857142857143,6.428571428571429,0.0,2.5714285714285716,1.2857142857142858,28.671428571428574,P00593,P00593-2023
2022-23,2023,kris dunn,18.418604651162788,6.279069767441861,7.813953488372092,1.5348837209302326,0.6976744186046512,2.2325581395348837,42.13953488372093,P00596,P00596-2023
2022-23,2023,kristaps porzingis,25.619631901840492,9.276073619631902,2.98159509202454,0.9938650306748467,1.656441717791411,2.3190184049079754,46.85521472392638,P00598,P00598-2023
2022-23,2023,kyle anderson,11.91549295774648,6.71830985915493,6.211267605633804,1.3943661971830987,1.1408450704225352,1.9014084507042255,34.99859154929578,P00599,P00599-2023
2022-23,2023,kyle kuzma,21.805714285714284,7.405714285714286,3.805714285714286,0.6171428571428572,0.5142857142857142,3.085714285714286,36.709714285714284,P00602,P00602-2023
2022-23,2023,kyle lowry,12.923076923076923,4.730769230769231,5.884615384615385,1.153846153846154,0.46153846153846156,2.192307692307692,30.080769230769235,P00603,P00603-2023
2022-23,2023,kyrie irving,26.085561497326207,4.909090909090908,5.294117647058823,1.0588235294117647,0.770053475935829,2.021390374331551,43.382887700534766,P00605,P00605-2023
2022-23,2023,lamelo ball,23.829545454545453,6.545454545454546,8.59090909090909,1.3295454545454544,0.30681818181818177,3.6818181818181817,45.79772727272728,P00609,P00609-2023
2022-23,2023,lamar stevens,10.541436464088397,6.563535911602209,0.9944751381215469,0.7955801104972375,0.5966850828729282,0.7955801104972375,23.290607734806624,P00611,P00611-2023
2022-23,2023,landry shamet,15.504950495049505,3.0297029702970297,4.099009900990099,1.2475247524752473,0.1782178217821782,1.603960396039604,27.96237623762376,P00613,P00613-2023
2022-23,2023,larry nance jr,11.547169811320755,9.169811320754716,3.056603773584906,1.528301886792453,1.0188679245283019,1.0188679245283019,33.758490566037736,P00615,P00615-2023
2022-23,2023,lauri markkanen,26.79069767441861,9.0,1.9883720930232558,0.627906976744186,0.627906976744186,1.9883720930232558,42.35232558139534,P00616,P00616-2023
2022-23,2023,lebron james,29.307042253521125,8.416901408450705,6.895774647887324,0.9126760563380282,0.6084507042253521,3.2450704225352114,51.06929577464789,P00618,P00618-2023
2022-23,2023,leandro bolmaro,2.9387755102040813,3.6734693877551017,3.6734693877551017,1.4693877551020407,0.7346938775510203,3.6734693877551017,15.795918367346935,P00620,P00620-2023
2022-23,2023,lester quinones,20.0,6.4,4.0,2.4,0.0,10.4,30.479999999999997,P00622,P00622-2023
2022-23,2023,lindell wigginton,20.61290322580645,2.903225806451613,5.806451612903226,0.0,0.8709677419354839,4.935483870967742,30.48387096774193,P00625,P00625-2023
2022-23,2023,lindy waters iii,14.4,4.984615384615385,1.9384615384615382,0.8307692307692307,0.8307692307692307,0.5538461538461539,27.719999999999995,P00626,P00626-2023
2022-23,2023,lonnie walker iv,18.155172413793103,2.9482758620689653,1.7068965517241381,0.7758620689655173,0.46551724137931033,1.2413793103448276,26.736206896551725,P00627,P00627-2023
2022-23,2023,louis king,24.827586206896555,4.9655172413793105,2.4827586206896552,1.2413793103448276,0.0,2.4827586206896552,35.751724137931035,P00630,P00630-2023
2022-23,2023,luguentz dort,16.06514657980456,5.394136807817589,2.462540716612378,1.1726384364820848,0.3517915309446254,1.4071661237785016,29.398045602605862,P00632,P00632-2023
2022-23,2023,luka doncic,32.22099447513812,8.552486187845304,7.955801104972375,1.3922651933701655,0.49723756906077343,3.580110497237569,56.50607734806629,P00633,P00633-2023
2022-23,2023,luka garza,26.896551724137936,9.517241379310345,2.4827586206896552,0.4137931034482759,0.4137931034482759,2.0689655172413794,42.4551724137931,P00634,P00634-2023
2022-23,2023,luka samanic,15.495652173913044,6.730434782608696,3.2869565217391306,1.4086956521739131,0.4695652173913043,2.1913043478260867,31.946086956521736,P00635,P00635-2023
2022-23,2023,luke kennard,15.013452914798208,4.358744394618834,2.42152466367713,0.8071748878923767,0.16143497757847533,1.2914798206278026,25.490582959641255,P00636,P00636-2023
2022-23,2023,luke kornet,11.692307692307693,8.923076923076923,2.4615384615384617,0.6153846153846154,2.1538461538461537,1.2307692307692308,33.169230769230765,P00637,P00637-2023
2022-23,2023,mac mcclung,21.95121951219512,8.78048780487805,7.902439024390244,0.0,0.0,2.6341463414634143,41.70731707317073,P00639,P00639-2023
2022-23,2023,malachi flynn,12.738461538461538,3.8769230769230765,3.6,1.1076923076923078,0.27692307692307694,1.3846153846153846,25.56,P00640,P00640-2023
2022-23,2023,malaki branham,15.625531914893616,4.136170212765958,2.91063829787234,0.7659574468085106,0.15319148936170213,1.8382978723404255,25.874042553191487,P00642,P00642-2023
2022-23,2023,malcolm brogdon,20.63076923076923,5.815384615384616,5.123076923076923,0.9692307692307691,0.41538461538461535,2.076923076923077,37.37076923076922,P00643,P00643-2023
2022-23,2023,malcolm hill,20.0,12.0,0.0,0.0,0.0,0.0,34.4,P00644,P00644-2023
2022-23,2023,malik beasley,17.72093023255814,4.883720930232558,2.0930232558139537,1.1162790697674418,0.13953488372093023,1.5348837209302326,28.953488372093023,P00646,P00646-2023
2022-23,2023,malik monk,21.79372197309417,4.197309417040358,6.295964125560538,0.9686098654708519,0.48430493273542596,3.0672645739910314,37.56591928251121,P00648,P00648-2023
2022-23,2023,mamadi diakite,11.700000000000001,6.3,1.8,0.9,1.8,2.25,27.810000000000002,P00651,P00651-2023
2022-23,2023,marjon beauchamp,13.6,5.866666666666667,1.8666666666666667,1.0666666666666667,0.26666666666666666,2.4,25.040000000000003,P00653,P00653-2023
2022-23,2023,marcus morris sr,14.348754448398575,5.124555160142348,2.306049822064057,0.7686832740213522,0.3843416370106761,1.1530249110320285,26.263345195729535,P00656,P00656-2023
2022-23,2023,marcus smart,12.897196261682243,3.4766355140186915,7.065420560747663,1.6822429906542056,0.4485981308411215,2.5794392523364484,31.4803738317757,P00658,P00658-2023
2022-23,2023,mark williams,16.787564766839377,13.243523316062175,0.7461139896373057,1.305699481865285,1.8652849740932642,1.6787564766839378,41.633160621761654,P00660,P00660-2023
2022-23,2023,markelle fultz,17.027027027027028,4.743243243243243,6.9324324324324325,1.8243243243243241,0.4864864864864865,2.7972972972972965,37.252702702702706,P00661,P00661-2023
2022-23,2023,markieff morris,13.544554455445544,7.128712871287129,3.207920792079208,1.0693069306930694,0.3564356435643564,1.7821782178217822,29.405940594059402,P00662,P00662-2023
2022-23,2023,marko simonovic,11.172413793103448,3.7241379310344827,0.0,0.0,0.0,0.0,15.641379310344828,P00663,P00663-2023
2022-23,2023,marvin bagley iii,18.305084745762713,9.76271186440678,1.3728813559322033,0.7627118644067796,1.0677966101694913,1.6779661016949152,35.89322033898305,P00668,P00668-2023
2022-23,2023,mason plumlee,14.953846153846154,12.323076923076924,4.292307692307692,0.8307692307692307,0.8307692307692307,2.076923076923077,39.0876923076923,P00670,P00670-2023
2022-23,2023,matisse thybulle,8.733727810650887,4.260355029585799,1.4911242603550297,2.5562130177514795,1.0650887573964498,0.6390532544378699,26.30769230769231,P00672,P00672-2023
2022-23,2023,matt ryan,14.241758241758243,3.164835164835165,1.978021978021978,0.39560439560439564,0.0,0.7912087912087913,21.4021978021978,P00674,P00674-2023
2022-23,2023,matthew dellavedova,8.059701492537314,2.1492537313432836,6.985074626865671,1.0746268656716418,0.0,1.6119402985074627,22.728358208955225,P00676,P00676-2023
2022-23,2023,max christie,8.928,5.184000000000001,1.44,0.5760000000000001,0.5760000000000001,0.864,19.900800000000004,P00678,P00678-2023
2022-23,2023,max strus,14.577464788732396,4.056338028169015,2.661971830985916,0.6338028169014085,0.25352112676056343,1.1408450704225352,24.95915492957747,P00680,P00680-2023
2022-23,2023,maxi kleber,8.46215139442231,5.163346613545816,2.0079681274900394,0.43027888446215135,1.147410358565737,1.0039840637450197,21.399203187250993,P00681,P00681-2023
2022-23,2023,mckinley wright iv,12.193548387096776,4.935483870967742,6.096774193548388,0.8709677419354839,0.5806451612903225,2.0322580645161286,29.58387096774194,P00684,P00684-2023
2022-23,2023,meyers leonard,13.606299212598426,10.771653543307087,0.2834645669291339,0.5669291338582678,0.0,1.984251968503937,26.674015748031497,P00686,P00686-2023
2022-23,2023,mfiondu kabengele,6.0,10.0,0.0,2.0,0.0,1.2,22.8,P00687,P00687-2023
2022-23,2023,micah potter,16.54054054054054,11.189189189189186,2.9189189189189184,0.4864864864864865,0.0,1.4594594594594592,34.34594594594594,P00689,P00689-2023
2022-23,2023,michael carter williams,14.07272727272727,4.254545454545455,5.890909090909091,0.9818181818181818,0.9818181818181818,3.272727272727273,30.632727272727273,P00690,P00690-2023
2022-23,2023,michael porter jr,21.599999999999998,6.827586206896552,1.2413793103448276,0.7448275862068965,0.6206896551724138,1.3655172413793106,34.38620689655172,P00691,P00691-2023
2022-23,2023,mikal bridges,20.26890756302521,4.436974789915967,3.3277310924369745,1.1092436974789917,0.7058823529411763,1.5126050420168067,34.51764705882353,P00692,P00692-2023
2022-23,2023,mike conley,14.138613861386137,3.207920792079208,7.96039603960396,1.306930693069307,0.2376237623762376,1.782178217821782,32.78019801980198,P00693,P00693-2023
2022-23,2023,mike muscala,14.639999999999999,7.680000000000001,1.9200000000000002,0.48000000000000004,0.9600000000000001,0.9600000000000001,30.096,P00694,P00694-2023
2022-23,2023,miles mcbride,10.588235294117647,2.4201680672268906,3.327731092436975,1.8151260504201678,0.3025210084033613,1.2100840336134453,23.62689075630252,P00697,P00697-2023
2022-23,2023,mitchell robinson,9.903345724907066,12.579925650557621,1.204460966542751,1.204460966542751,2.408921933085502,0.9368029739776952,36.7092936802974,P00699,P00699-2023
2022-23,2023,mo bamba,15.13375796178344,10.547770700636942,2.0636942675159236,0.6878980891719745,2.0636942675159236,1.375796178343949,37.765605095541396,P00701,P00701-2023
2022-23,2023,monte morris,13.532846715328468,4.467153284671533,6.963503649635037,0.9197080291970803,0.26277372262773724,1.3138686131386863,31.572262773722628,P00703,P00703-2023
2022-23,2023,montrezl harrell,16.941176470588232,8.470588235294116,1.8151260504201678,0.9075630252100839,1.2100840336134453,1.8151260504201678,34.36638655462185,P00704,P00704-2023
2022-23,2023,moritz wagner,19.384615384615383,8.307692307692308,2.769230769230769,1.1076923076923075,0.36923076923076925,2.215384615384615,35.72307692307693,P00705,P00705-2023
2022-23,2023,moses brown,18.878048780487806,17.121951219512198,0.4390243902439025,0.4390243902439025,1.75609756097561,1.75609756097561,44.91219512195122,P00706,P00706-2023
2022-23,2023,moses moody,13.292307692307691,4.707692307692308,2.2153846153846155,0.8307692307692307,0.27692307692307694,1.3846153846153846,24.20307692307692,P00707,P00707-2023
2022-23,2023,moussa diabate,10.921348314606742,9.303370786516853,0.8089887640449438,1.2134831460674156,1.6179775280898876,1.6179775280898876,30.1752808988764,P00712,P00712-2023
2022-23,2023,myles turner,22.040816326530614,9.183673469387756,1.7142857142857142,0.7346938775510204,2.816326530612245,2.0816326530612246,44.204081632653065,P00715,P00715-2023
2022-23,2023,naji marshall,14.06008583690987,5.562231759656652,3.8626609442060085,1.0815450643776823,0.3090128755364807,2.0085836909871246,28.69184549356223,P00719,P00719-2023
2022-23,2023,nassir little,13.127071823204417,5.171270718232044,1.7900552486187844,0.7955801104972375,0.7955801104972375,1.3922651933701655,25.398895027624306,P00720,P00720-2023
2022-23,2023,nate williams,15.023622047244096,4.251968503937008,2.8346456692913384,0.8503937007874016,0.5669291338582678,1.1338582677165356,27.496062992125985,P00723,P00723-2023
2022-23,2023,nathan knight,17.2987012987013,7.012987012987013,1.4025974025974026,1.4025974025974026,0.9350649350649352,2.8051948051948052,32.02597402597404,P00724,P00724-2023
2022-23,2023,naz reid,22.5,9.58695652173913,2.1521739130434785,1.1739130434782608,1.5652173913043481,2.739130434782609,42.71086956521739,P00725,P00725-2023
2022-23,2023,neemias queta,14.89655172413793,13.655172413793105,1.2413793103448276,0.0,2.4827586206896552,1.2413793103448276,39.351724137931036,P00726,P00726-2023
2022-23,2023,nerlens noel,6.573913043478261,8.45217391304348,1.8782608695652172,2.8173913043478263,1.8782608695652172,2.5043478260869567,31.116521739130434,P00728,P00728-2023
2022-23,2023,nic claxton,15.17056856187291,11.076923076923077,2.2876254180602005,1.0836120401337792,3.0100334448160533,1.5652173913043481,42.61003344481605,P00729,P00729-2023
2022-23,2023,nick richards,15.786096256684491,12.320855614973263,1.1550802139037435,0.3850267379679145,2.1176470588235294,1.7326203208556152,38.07914438502674,P00730,P00730-2023
2022-23,2023,nickeil alexander walker,14.879999999999999,4.08,4.32,1.2,0.9600000000000001,2.16,30.576000000000004,P00732,P00732-2023
2022-23,2023,nicolas batum,10.027397260273972,6.2465753424657535,2.63013698630137,1.1506849315068493,0.9863013698630138,0.9863013698630138,26.893150684931506,P00733,P00733-2023
2022-23,2023,nikola jokic,26.172106824925812,12.6053412462908,10.468842729970326,1.3887240356083086,0.747774480712166,3.8456973293768546,59.56557863501483,P00736,P00736-2023
2022-23,2023,nikola jovic,14.558823529411764,5.5588235294117645,1.852941176470588,1.3235294117647058,0.2647058823529412,1.852941176470588,26.920588235294115,P00737,P00737-2023
2022-23,2023,nikola vucevic,18.9134328358209,11.82089552238806,3.4388059701492537,0.7522388059701491,0.7522388059701491,1.8268656716417908,40.943283582089556,P00739,P00739-2023
2022-23,2023,noah vonleh,5.28,10.080000000000002,1.44,0.48000000000000004,1.44,2.4,22.896000000000004,P00743,P00743-2023
2022-23,2023,norman powell,23.448275862068964,4.0,2.4827586206896552,1.103448275862069,0.4137931034482758,2.3448275862068964,34.179310344827584,P00746,P00746-2023
2022-23,2023,og anunoby,16.98876404494382,5.056179775280898,2.0224719101123596,1.9213483146067416,0.7078651685393258,2.0224719101123596,31.955056179775283,P00748,P00748-2023
2022-23,2023,obi toppin,16.96815286624204,6.420382165605095,2.2929936305732483,0.6878980891719745,0.4585987261146497,1.375796178343949,30.175796178343948,P00749,P00749-2023
2022-23,2023,ochai agbaji,13.873170731707317,3.6878048780487807,1.931707317073171,0.526829268292683,0.526829268292683,1.2292682926829266,23.12780487804878,P00750,P00750-2023
2022-23,2023,olivier sarr,11.338582677165354,9.637795275590552,1.1338582677165356,0.2834645669291339,1.7007874015748032,1.1338582677165356,29.42362204724409,P00751,P00751-2023
2022-23,2023,omer yurtseven,17.217391304347828,10.173913043478262,0.7826086956521741,0.7826086956521741,0.7826086956521741,1.5652173913043481,33.7304347826087,P00753,P00753-2023
2022-23,2023,onyeka okongwu,15.428571428571427,11.220779220779221,1.5584415584415583,1.0909090909090908,2.0259740259740258,1.5584415584415583,39.02337662337662,P00755,P00755-2023
2022-23,2023,orlando robinson,9.722627737226277,10.773722627737225,2.102189781021898,1.051094890510949,1.051094890510949,1.3138686131386863,30.7970802919708,P00756,P00756-2023
2022-23,2023,oshae brissett,13.149700598802395,7.3293413173652695,1.5089820359281436,1.0778443113772456,0.4311377245508982,1.0778443113772456,27.657485029940123,P00758,P00758-2023
2022-23,2023,otto porter jr,10.819672131147541,4.721311475409835,1.9672131147540983,2.754098360655737,0.0,0.9836065573770492,26.714754098360654,P00760,P00760-2023
2022-23,2023,ousmane dieng,12.082191780821919,6.657534246575343,2.958904109589041,0.9863013698630138,0.4931506849315069,1.7260273972602738,27.22191780821918,P00761,P00761-2023
2022-23,2023,p j tucker,4.921875,5.484375,1.125,0.703125,0.28125,0.8437499999999999,15.3,P00762,P00762-2023
2022-23,2023,p j washington,17.337423312883434,5.411042944785276,2.6503067484662575,0.9938650306748467,1.2147239263803682,1.656441717791411,32.775460122699386,P00763,P00763-2023
2022-23,2023,pj dozier,10.285714285714285,6.612244897959183,4.408163265306122,2.9387755102040813,0.7346938775510203,2.204081632653061,33.648979591836735,P00764,P00764-2023
2022-23,2023,paolo banchero,21.301775147928996,7.349112426035504,3.9408284023668645,0.8520710059171599,0.5325443786982249,2.9822485207100593,37.203550295857994,P00767,P00767-2023
2022-23,2023,pascal siakam,23.294117647058826,7.508021390374331,5.5828877005347595,0.8663101604278076,0.48128342245989303,2.310160427807487,42.41069518716578,P00769,P00769-2023
2022-23,2023,pat connaughton,11.544303797468354,6.987341772151899,1.9746835443037976,0.9113924050632911,0.30379746835443044,0.7594936708860759,25.77721518987342,P00770,P00770-2023
2022-23,2023,patrick baldwin jr,19.232876712328768,6.41095890410959,1.9726027397260275,0.9863013698630138,0.4931506849315069,1.9726027397260275,32.35068493150685,P00772,P00772-2023
2022-23,2023,patrick beverley,8.236162361623615,4.915129151291513,3.8523985239852396,1.1955719557195572,0.7970479704797048,1.1955719557195572,24.69520295202952,P00773,P00773-2023
2022-23,2023,patrick williams,12.975265017667843,5.088339222614842,1.526501766784452,1.1448763250883391,1.1448763250883391,1.526501766784452,26.713780918727913,P00774,P00774-2023
2022-23,2023,patty mills,15.71830985915493,2.7887323943661975,3.549295774647887,1.0140845070422537,0.25352112676056343,2.0281690140845074,26.163380281690138,P00775,P00775-2023
2022-23,2023,paul george,24.763005780346823,6.3468208092485545,5.306358381502889,1.560693641618497,0.41618497109826585,3.2254335260115607,43.043930635838144,P00776,P00776-2023
2022-23,2023,paul reed,13.871559633027523,12.55045871559633,1.3211009174311927,2.3119266055045866,2.3119266055045866,2.3119266055045866,42.47339449541284,P00778,P00778-2023
2022-23,2023,payton pritchard,15.044776119402984,4.835820895522388,3.4925373134328357,0.8059701492537313,0.0,2.1492537313432836,26.355223880597016,P00780,P00780-2023
2022-23,2023,peyton watson,14.666666666666666,7.111111111111112,2.2222222222222223,0.4444444444444445,2.2222222222222223,1.3333333333333333,33.199999999999996,P00785,P00785-2023
2022-23,2023,precious achiuwa,16.0,10.434782608695652,1.5652173913043481,1.0434782608695652,0.8695652173913043,1.9130434782608698,34.69565217391305,P00787,P00787-2023
2022-23,2023,quentin grimes,13.605351170568563,3.852842809364549,2.528428093645485,0.8428093645484949,0.48160535117056863,1.2040133779264213,24.790635451505015,P00788,P00788-2023
2022-23,2023,quenton jackson,14.879999999999999,2.16,4.08,0.9600000000000001,0.24000000000000002,0.9600000000000001,26.231999999999996,P00789,P00789-2023
2022-23,2023,r j hampton,14.4,4.2749999999999995,2.475,1.3499999999999999,0.45,2.025,26.617500000000003,P00793,P00793-2023
2022-23,2023,rj barrett,20.8141592920354,5.3097345132743365,2.9734513274336285,0.42477876106194695,0.21238938053097348,2.3362831858407085,31.221238938053094,P00794,P00794-2023
2022-23,2023,raiquan gray,16.457142857142856,9.257142857142856,7.2,0.0,1.0285714285714285,4.114285714285714,37.33714285714285,P00796,P00796-2023
2022-23,2023,raul neto,11.314285714285713,3.4285714285714284,5.485714285714286,1.3714285714285714,0.34285714285714286,1.7142857142857142,27.085714285714282,P00799,P00799-2023
2022-23,2023,reggie bullock jr,8.554455445544555,4.2772277227722775,1.6633663366336633,0.8316831683168316,0.2376237623762376,0.594059405940594,18.796039603960395,P00805,P00805-2023
2022-23,2023,reggie jackson,15.049180327868854,3.0983606557377055,5.0163934426229515,1.0327868852459017,0.14754098360655737,2.5081967213114758,27.324590163934428,P00806,P00806-2023
2022-23,2023,richaun holmes,13.44578313253012,8.240963855421686,0.8674698795180722,0.4337349397590361,1.3012048192771084,1.3012048192771084,28.539759036144577,P00808,P00808-2023
2022-23,2023,ricky rubio,10.88372093023256,4.395348837209303,7.325581395348837,1.674418604651163,0.4186046511627908,1.8837209302325582,31.541860465116276,P00810,P00810-2023
2022-23,2023,robert covington,13.333333333333334,7.777777777777779,2.6666666666666665,1.777777777777778,1.5555555555555554,1.5555555555555554,35.11111111111111,P00814,P00814-2023
2022-23,2023,robert williams iii,12.25531914893617,12.714893617021277,2.1446808510638298,0.9191489361702128,2.1446808510638298,1.5319148936170213,38.38978723404255,P00815,P00815-2023
2022-23,2023,robin lopez,13.333333333333334,6.222222222222221,2.2222222222222223,0.4444444444444445,0.888888888888889,3.1111111111111107,25.02222222222222,P00817,P00817-2023
2022-23,2023,rodney mcgruder,12.51219512195122,5.048780487804878,1.9756097560975612,1.0975609756097562,0.0,0.6585365853658538,24.16829268292683,P00820,P00820-2023
2022-23,2023,romeo langford,12.673469387755102,4.959183673469387,2.204081632653061,1.1020408163265305,0.5510204081632653,1.2857142857142856,25.604081632653063,P00821,P00821-2023
2022-23,2023,ron harper jr,14.943396226415096,5.433962264150944,2.716981132075472,0.0,0.679245283018868,0.0,27.57735849056604,P00822,P00822-2023
2022-23,2023,royce o neale,9.993690851735018,5.79179810725552,4.201892744479496,1.0220820189274449,0.6813880126182965,1.7034700315457414,26.65362776025237,P00824,P00824-2023
2022-23,2023,rudy gay,12.82191780821918,7.150684931506849,2.4657534246575343,0.7397260273972602,0.7397260273972602,1.7260273972602738,27.81369863013699,P00825,P00825-2023
2022-23,2023,rudy gobert,15.713355048859937,13.602605863192183,1.4071661237785016,0.9381107491856678,1.6416938110749186,1.993485342019544,39.89315960912052,P00826,P00826-2023
2022-23,2023,rui hachimura,17.304721030042916,6.952789699570815,1.390557939914163,0.463519313304721,0.6180257510729614,1.2360515021459229,29.742489270386262,P00827,P00827-2023
2022-23,2023,russell westbrook,19.670103092783503,7.175257731958762,9.278350515463917,1.2371134020618555,0.6185567010309277,4.329896907216495,43.435051546391755,P00828,P00828-2023
2022-23,2023,ryan arcidiacono,5.44186046511628,3.348837209302326,5.023255813953488,1.255813953488372,0.0,1.674418604651163,19.088372093023256,P00829,P00829-2023
2022-23,2023,ryan rollins,13.153846153846153,6.9230769230769225,3.4615384615384612,0.6923076923076923,0.6923076923076923,9.0,21.807692307692307,P00833,P00833-2023
2022-23,2023,saben lee,14.4,4.32,6.48,1.9200000000000002,0.0,2.4,32.664,P00834,P00834-2023
2022-23,2023,saddiq bey,18.0,6.130434782608696,1.9565217391304348,1.1739130434782608,0.2608695652173913,1.1739130434782608,31.421739130434784,P00835,P00835-2023
2022-23,2023,sam hauser,14.310559006211179,5.813664596273292,2.012422360248447,0.8944099378881987,0.670807453416149,0.8944099378881987,28.10683229813664,P00836,P00836-2023
2022-23,2023,sam merrill,15.254237288135592,5.491525423728813,3.0508474576271185,2.440677966101695,0.0,0.0,33.742372881355934,P00837,P00837-2023
2022-23,2023,sandro mamukelashvili,14.352941176470587,10.117647058823529,3.2941176470588234,0.7058823529411764,0.7058823529411764,1.8823529411764706,33.78823529411764,P00838,P00838-2023
2022-23,2023,santi aldama,14.862385321100916,7.9266055045871555,2.146788990825688,0.9908256880733944,0.9908256880733944,1.3211009174311927,32.2183486238532,P00839,P00839-2023
2022-23,2023,scottie barnes,15.827586206896553,6.8275862068965525,4.9655172413793105,1.1379310344827587,0.8275862068965518,2.0689655172413794,35.29655172413794,P00842,P00842-2023
2022-23,2023,scotty pippen jr,15.622641509433961,4.754716981132075,2.0377358490566038,2.0377358490566038,1.358490566037736,2.0377358490566038,32.53584905660377,P00845,P00845-2023
2022-23,2023,serge ibaka,12.724137931034482,8.689655172413792,0.9310344827586207,0.3103448275862069,1.2413793103448276,2.172413793103448,27.03103448275862,P00849,P00849-2023
2022-23,2023,seth curry,16.64321608040201,2.8944723618090458,2.8944723618090458,1.085427135678392,0.18090452261306536,1.4472361809045229,26.810050251256282,P00850,P00850-2023
2022-23,2023,shaedon sharpe,16.054054054054056,4.864864864864865,1.945945945945946,0.8108108108108109,0.4864864864864865,1.6216216216216217,27.081081081081084,P00852,P00852-2023
2022-23,2023,shai gilgeous alexander,31.842253521126757,4.867605633802817,5.577464788732394,1.6225352112676057,1.0140845070422535,2.8394366197183096,51.11999999999999,P00853,P00853-2023
2022-23,2023,shake milton,14.679611650485436,4.368932038834951,5.592233009708737,0.5242718446601942,0.3495145631067961,2.0970873786407767,28.834951456310677,P00854,P00854-2023
2022-23,2023,shaquille harrison,13.200000000000001,6.6000000000000005,9.0,3.3000000000000003,0.6,1.7999999999999998,44.52,P00856,P00856-2023
2022-23,2023,simone fontecchio,15.42857142857143,4.163265306122449,1.959183673469388,0.7346938775510204,0.489795918367347,1.959183673469388,25.077551020408166,P00859,P00859-2023
2022-23,2023,skylar mays,17.485714285714284,3.657142857142857,9.485714285714286,1.1428571428571428,0.22857142857142856,1.9428571428571426,38.27428571428571,P00862,P00862-2023
2022-23,2023,spencer dinwiddie,18.05217391304348,3.5478260869565212,6.782608695652174,0.8347826086956522,0.3130434782608696,1.8782608695652177,34.04869565217391,P00864,P00864-2023
2022-23,2023,stanley johnson,13.384615384615385,7.384615384615385,5.0769230769230775,1.153846153846154,0.46153846153846156,2.5384615384615388,32.16923076923077,P00866,P00866-2023
2022-23,2023,stanley umude,36.0,0.0,0.0,18.0,18.0,0.0,144.0,P00867,P00867-2023
2022-23,2023,stephen curry,30.5014409221902,6.328530259365993,6.536023054755043,0.9337175792507204,0.41498559077809793,3.3198847262247835,48.625936599423625,P00868,P00868-2023
2022-23,2023,steven adams,11.466666666666665,15.333333333333334,3.0666666666666664,1.2,1.4666666666666668,2.533333333333333,39.93333333333333,P00871,P00871-2023
2022-23,2023,svi mykhailiuk,17.01369863013699,4.191780821917808,4.191780821917808,1.2328767123287672,0.24657534246575344,1.9726027397260275,30.797260273972604,P00872,P00872-2023
2022-23,2023,t j mcconnell,15.428571428571427,5.497536945812808,9.399014778325121,1.9507389162561577,0.17733990147783252,3.3694581280788176,39.13891625615763,P00873,P00873-2023
2022-23,2023,t j warren,16.463414634146343,6.365853658536586,2.1951219512195124,1.0975609756097562,0.6585365853658538,1.0975609756097562,31.565853658536586,P00874,P00874-2023
2022-23,2023,taj gibson,12.489795918367346,6.979591836734692,2.571428571428571,1.1020408163265305,0.7346938775510203,1.8367346938775508,28.395918367346937,P00877,P00877-2023
2022-23,2023,talen horton tucker,19.06930693069307,5.702970297029703,6.772277227722772,1.0693069306930694,0.7128712871287128,3.386138613861386,38.03168316831683,P00878,P00878-2023
2022-23,2023,tari eason,15.572093023255816,10.046511627906977,1.8418604651162793,2.0093023255813955,1.0046511627906978,2.0093023255813955,37.42325581395349,P00879,P00879-2023
2022-23,2023,taurean prince,14.823529411764705,3.9095022624434383,2.606334841628959,0.8144796380090498,0.4886877828054298,2.1176470588235294,25.21628959276018,P00880,P00880-2023
2022-23,2023,terance mann,13.714285714285715,5.298701298701298,3.584415584415584,0.7792207792207791,0.4675324675324675,1.5584415584415583,27.63116883116883,P00883,P00883-2023
2022-23,2023,terence davis,18.412213740458018,6.045801526717558,2.7480916030534353,1.9236641221374045,0.549618320610687,2.198473282442748,35.01068702290077,P00884,P00884-2023
2022-23,2023,terrence ross,14.161137440758294,4.0947867298578196,2.559241706161137,1.0236966824644549,0.3412322274881517,1.1943127962085307,25.814218009478672,P00886,P00886-2023
2022-23,2023,terry rozier,21.518413597733716,4.181303116147308,5.201133144475921,1.2237960339943343,0.3059490084985836,2.1416430594900855,36.78526912181304,P00888,P00888-2023
2022-23,2023,terry taylor,12.282352941176471,6.352941176470589,1.2705882352941176,0.4235294117647059,0.8470588235294118,1.2705882352941176,24.35294117647059,P00889,P00889-2023
2022-23,2023,thaddeus young,10.775510204081634,7.591836734693878,3.4285714285714284,2.4489795918367347,0.2448979591836735,1.959183673469388,31.151020408163273,P00890,P00890-2023
2022-23,2023,thanasis antetokounmpo,9.0,7.714285714285715,2.5714285714285716,0.6428571428571429,0.6428571428571429,1.9285714285714288,24.042857142857144,P00891,P00891-2023
2022-23,2023,theo maledon,12.432989690721651,5.195876288659794,6.494845360824743,1.484536082474227,0.5567010309278351,2.412371134020619,32.121649484536086,P00892,P00892-2023
2022-23,2023,theo pinson,10.666666666666666,7.111111111111112,5.333333333333333,0.888888888888889,0.0,1.3333333333333333,28.533333333333335,P00893,P00893-2023
2022-23,2023,thomas bryant,19.278688524590166,11.213114754098362,0.9836065573770492,0.5901639344262294,0.9836065573770492,1.1803278688524588,37.75081967213115,P00894,P00894-2023
2022-23,2023,tim hardaway jr,17.10891089108911,4.158415841584159,2.1386138613861387,0.8316831683168316,0.2376237623762376,0.9504950495049505,27.564356435643564,P00897,P00897-2023
2022-23,2023,tobias harris,16.085106382978722,6.237082066869302,2.735562310030395,0.9848024316109423,0.547112462006079,1.3130699088145896,30.955623100303946,P00900,P00900-2023
2022-23,2023,tony bradley,20.571428571428573,11.571428571428573,1.2857142857142858,1.2857142857142858,1.2857142857142858,1.2857142857142858,42.814285714285724,P00904,P00904-2023
2022-23,2023,torrey craig,10.785425101214575,7.870445344129555,2.1862348178137654,0.8744939271255061,1.165991902834008,1.3117408906882593,28.319028340080973,P00906,P00906-2023
2022-23,2023,trae young,27.10344827586207,3.1034482758620694,10.551724137931036,1.1379310344827587,0.10344827586206898,4.241379310344827,46.13793103448277,P00909,P00909-2023
2022-23,2023,tre jones,15.904109589041097,4.438356164383562,8.136986301369863,1.6027397260273974,0.12328767123287672,1.9726027397260275,36.64109589041095,P00912,P00912-2023
2022-23,2023,tre mann,15.661016949152543,4.677966101694915,3.6610169491525424,1.2203389830508475,0.40677966101694923,1.8305084745762712,29.816949152542374,P00913,P00913-2023
2022-23,2023,trendon watford,13.94764397905759,7.162303664921465,3.958115183246073,0.9424083769633507,0.3769633507853403,2.0732984293193715,30.364397905759155,P00915,P00915-2023
2022-23,2023,trent forrest,6.8999999999999995,4.8,5.1,0.8999999999999999,0.3,2.0999999999999996,21.809999999999995,P00916,P00916-2023
2022-23,2023,trevelin queen,10.799999999999999,8.64,3.2399999999999998,1.08,2.5199999999999996,3.6,33.228,P00918,P00918-2023
2022-23,2023,trevor hudgins,11.571428571428573,0.0,3.8571428571428577,0.0,0.0,1.2857142857142858,16.071428571428577,P00921,P00921-2023
2022-23,2023,trevor keels,13.333333333333332,9.333333333333332,0.0,0.0,0.0,0.0,24.53333333333333,P00922,P00922-2023
2022-23,2023,trey lyles,16.189349112426036,8.733727810650887,1.9171597633136097,0.8520710059171599,0.8520710059171599,1.9171597633136097,32.740828402366866,P00926,P00926-2023
2022-23,2023,trey murphy iii,16.838709677419352,4.180645161290323,1.6258064516129032,1.2774193548387096,0.5806451612903225,0.9290322580645162,28.939354838709672,P00927,P00927-2023
2022-23,2023,troy brown jr,10.432653061224489,6.024489795918367,1.9102040816326533,1.1755102040816328,0.2938775510204082,0.8816326530612244,24.053877551020406,P00933,P00933-2023
2022-23,2023,ty jerome,13.723756906077346,3.3812154696132595,5.966850828729282,0.9944751381215469,0.19889502762430938,1.3922651933701655,28.919337016574584,P00934,P00934-2023
2022-23,2023,tyty washington jr,12.085714285714287,3.8571428571428568,3.8571428571428568,1.2857142857142856,0.2571428571428572,1.2857142857142856,25.842857142857145,P00935,P00935-2023
2022-23,2023,tyler dorsey,39.99999999999999,9.333333333333332,0.0,0.0,0.0,0.0,51.19999999999999,P00938,P00938-2023
2022-23,2023,tyler herro,20.73352435530086,5.570200573065904,4.332378223495702,0.8252148997134672,0.2063037249283668,2.475644699140401,34.5352435530086,P00939,P00939-2023
2022-23,2023,tyrese haliburton,22.178571428571427,3.9642857142857144,11.142857142857142,1.7142857142857142,0.42857142857142855,2.6785714285714284,47.4,P00944,P00944-2023
2022-23,2023,tyrese martin,11.414634146341466,7.02439024390244,0.878048780487805,0.878048780487805,0.0,0.878048780487805,22.917073170731708,P00945,P00945-2023
2022-23,2023,tyrese maxey,21.75,3.107142857142857,3.7499999999999996,0.8571428571428571,0.10714285714285714,1.3928571428571428,32.60357142857142,P00946,P00946-2023
2022-23,2023,tyus jones,15.322314049586778,3.71900826446281,7.735537190082645,1.487603305785124,0.1487603305785124,1.3388429752066116,34.95867768595041,P00950,P00950-2023
2022-23,2023,udoka azubuike,12.6,11.879999999999999,1.08,0.72,1.44,1.8,33.156000000000006,P00951,P00951-2023
2022-23,2023,udonis haslem,13.631067961165046,5.592233009708737,0.0,0.3495145631067961,1.0485436893203883,0.3495145631067961,24.18640776699029,P00952,P00952-2023
2022-23,2023,usman garuba,8.372093023255815,11.441860465116278,2.511627906976744,1.6744186046511627,1.1162790697674418,1.6744186046511627,32.56744186046511,P00954,P00954-2023
2022-23,2023,vernon carey jr,7.2,14.4,4.32,2.88,2.88,2.88,45.36,P00957,P00957-2023
2022-23,2023,victor oladipo,14.646387832699618,4.106463878326997,4.7908745247148286,1.9163498098859315,0.4106463878326996,2.8745247148288975,30.86692015209125,P00958,P00958-2023
2022-23,2023,vince williams jr,10.285714285714285,5.142857142857142,1.542857142857143,2.0571428571428574,0.5142857142857143,1.542857142857143,24.942857142857143,P00960,P00960-2023
2022-23,2023,vit krejci,7.578947368421052,5.684210526315789,3.789473684210526,1.263157894736842,0.0,1.263157894736842,22.61052631578947,P00961,P00961-2023
2022-23,2023,vlatko cancar,12.162162162162161,5.108108108108108,3.1621621621621623,0.972972972972973,0.4864864864864865,1.4594594594594592,25.954054054054055,P00963,P00963-2023
2022-23,2023,walker kessler,14.399999999999999,13.147826086956522,1.4086956521739131,0.6260869565217392,3.5999999999999996,1.2521739130434784,43.71652173913043,P00964,P00964-2023
2022-23,2023,wendell carter jr,18.486486486486484,10.581081081081079,2.7972972972972965,0.608108108108108,0.7297297297297296,2.3108108108108105,37.08243243243243,P00968,P00968-2023
2022-23,2023,wendell moore jr,9.50943396226415,4.0754716981132075,4.0754716981132075,2.0377358490566038,1.358490566037736,2.0377358490566038,28.664150943396226,P00969,P00969-2023
2022-23,2023,wenyen gabriel,13.112582781456954,10.013245033112584,1.1920529801324504,0.9536423841059604,1.1920529801324504,1.6688741721854305,31.68476821192053,P00970,P00970-2023
2022-23,2023,wesley matthews,7.746835443037974,5.012658227848101,1.5949367088607593,0.9113924050632911,0.6835443037974682,0.6835443037974682,20.255696202531645,P00972,P00972-2023
2022-23,2023,will barton,13.830508474576272,4.88135593220339,4.067796610169491,1.0169491525423728,0.40677966101694923,1.8305084745762712,28.23050847457627,P00973,P00973-2023
2022-23,2023,willy hernangomez,20.528925619834716,13.983471074380166,2.677685950413223,1.1900826446280992,0.8925619834710744,2.975206611570248,44.598347107438016,P00977,P00977-2023
2022-23,2023,xavier cooks,10.857142857142856,10.857142857142856,1.7142857142857142,1.7142857142857142,1.142857142857143,2.285714285714286,32.74285714285714,P00978,P00978-2023
2022-23,2023,xavier moon,12.959999999999999,5.76,9.36,0.0,0.0,2.16,31.752,P00979,P00979-2023
2022-23,2023,xavier sneed,12.9,3.9000000000000004,3.9000000000000004,0.0,0.8999999999999999,2.4,23.730000000000004,P00980,P00980-2023
2022-23,2023,xavier tillman,13.05699481865285,9.32642487046632,2.9844559585492227,1.8652849740932642,0.9326424870466321,1.305699481865285,35.81347150259068,P00981,P00981-2023
2022-23,2023,yuta watanabe,12.6,5.3999999999999995,1.8,0.9,0.6749999999999999,0.9,25.604999999999997,P00987,P00987-2023
2022-23,2023,zach collins,18.23580786026201,10.061135371179041,4.558951965065503,0.943231441048035,1.2576419213973802,3.14410480349345,40.606113537117906,P00991,P00991-2023
2022-23,2023,zach lavine,24.86908077994429,4.5125348189415035,4.211699164345404,0.902506963788301,0.20055710306406688,2.506963788300836,37.40389972144846,P00993,P00993-2023
2022-23,2023,zeke nnaji,13.664233576642337,6.832116788321168,0.7883211678832117,0.7883211678832117,1.051094890510949,1.5766423357664234,26.986861313868612,P00995,P00995-2023
2022-23,2023,ziaire williams,13.500000000000002,4.973684210526316,2.1315789473684212,0.9473684210526316,0.4736842105263158,2.3684210526315788,24.560526315789478,P00996,P00996-2023
2022-23,2023,zion williamson,28.363636363636363,7.636363636363637,5.018181818181818,1.2,0.6545454545454545,3.709090909090909,46.90909090909091,P00997,P00997-2023
2023-24,2024,a j lawson,15.567567567567568,5.837837837837837,2.432432432432432,0.972972972972973,0.4864864864864865,1.4594594594594592,29.14054054054054,P00001,P00001-2024
2023-24,2024,aj green,14.727272727272728,3.6,1.6363636363636365,0.6545454545454547,0.3272727272727273,0.6545454545454547,23.79272727272727,P00002,P00002-2024
2023-24,2024,aj griffin,10.046511627906977,3.7674418604651163,1.255813953488372,0.4186046511627908,0.4186046511627908,1.674418604651163,17.288372093023256,P00003,P00003-2024
2023-24,2024,aaron gordon,15.885714285714286,7.428571428571428,4.0,0.9142857142857143,0.6857142857142856,1.5999999999999999,33.99999999999999,P00005,P00005-2024
2023-24,2024,aaron holiday,14.576687116564415,3.5337423312883436,3.9754601226993866,1.1042944785276074,0.22085889570552147,1.54601226993865,27.209815950920245,P00007,P00007-2024
2023-24,2024,aaron nesmith,15.855595667870036,4.938628158844765,1.9494584837545126,1.1696750902527078,0.9097472924187725,1.1696750902527078,29.774729241877257,P00008,P00008-2024
2023-24,2024,aaron wiggins,15.821656050955417,5.503184713375796,2.5222929936305736,1.6050955414012738,0.4585987261146497,1.6050955414012738,30.794904458598733,P00009,P00009-2024
2023-24,2024,adam flagler,7.7142857142857135,0.0,10.285714285714285,0.0,0.0,0.0,23.14285714285714,P00012,P00012-2024
2023-24,2024,adama sanogo,19.726027397260275,19.726027397260275,0.0,0.4931506849315069,0.0,2.958904109589041,41.917808219178085,P00014,P00014-2024
2023-24,2024,admiral schofield,10.702702702702704,6.8108108108108105,2.9189189189189184,0.0,0.0,1.945945945945946,21.308108108108105,P00016,P00016-2024
2023-24,2024,al horford,11.552238805970148,8.597014925373134,3.4925373134328357,0.8059701492537313,1.3432835820895521,0.9402985074626865,32.61492537313433,P00020,P00020-2024
2023-24,2024,alec burks,20.347826086956523,4.5,2.5434782608695654,0.7826086956521741,0.39130434782608703,1.3695652173913044,31.71521739130435,P00021,P00021-2024
2023-24,2024,aleksej pokusevski,12.910344827586206,7.944827586206897,3.2275862068965515,1.2413793103448276,1.2413793103448276,1.7379310344827585,32.99586206896552,P00023,P00023-2024
2023-24,2024,alex caruso,12.668989547038327,4.7665505226480835,4.390243902439025,2.132404181184669,1.254355400696864,1.7560975609756095,33.378397212543554,P00025,P00025-2024
2023-24,2024,alex fudge,13.432835820895521,4.298507462686567,0.0,2.6865671641791042,0.0,1.6119402985074627,25.038805970149255,P00027,P00027-2024
2023-24,2024,alex len,9.677419354838708,10.451612903225808,3.8709677419354835,0.7741935483870968,2.709677419354838,2.32258064516129,36.15483870967741,P00028,P00028-2024
2023-24,2024,alondes williams,10.956521739130435,1.5652173913043481,0.0,0.0,1.5652173913043481,4.695652173913043,12.834782608695654,P00035,P00035-2024
2023-24,2024,alperen sengun,23.372307692307693,10.301538461538463,5.538461538461538,1.3292307692307692,0.7753846153846153,2.88,47.4756923076923,P00036,P00036-2024
2023-24,2024,amari bailey,12.738461538461538,4.984615384615385,3.8769230769230765,1.6615384615384614,0.0,2.2153846153846155,27.304615384615385,P00037,P00037-2024
2023-24,2024,amen thompson,15.267857142857144,10.607142857142858,4.178571428571429,2.0892857142857144,0.9642857142857144,2.4107142857142856,41.01428571428573,P00039,P00039-2024
2023-24,2024,amir coffey,11.368421052631579,3.6172248803827753,1.8947368421052635,1.0334928229665072,0.3444976076555024,0.861244019138756,21.823923444976078,P00040,P00040-2024
2023-24,2024,andre drummond,17.684210526315788,18.94736842105263,1.0526315789473684,1.894736842105263,1.263157894736842,2.1052631578947367,49.368421052631575,P00042,P00042-2024
2023-24,2024,andre jackson jr,7.920000000000001,7.2,3.2399999999999998,1.08,0.36,1.8,23.94,P00044,P00044-2024
2023-24,2024,andrew nembhard,13.248,3.024,5.903999999999999,1.2960000000000003,0.14400000000000002,2.16,27.892799999999998,P00045,P00045-2024
2023-24,2024,andrew wiggins,17.599999999999998,6.0,2.2666666666666666,0.8,0.8,1.6,31.39999999999999,P00046,P00046-2024
2023-24,2024,anfernee simons,23.651162790697676,3.7674418604651163,5.7558139534883725,0.5232558139534884,0.1046511627906977,2.825581395348838,35.86395348837209,P00047,P00047-2024
2023-24,2024,anthony black,9.798816568047338,4.260355029585799,2.769230769230769,1.0650887573964498,0.6390532544378699,1.7041420118343198,22.473372781065088,P00048,P00048-2024
2023-24,2024,anthony davis,25.047887323943662,12.777464788732393,3.549295774647887,1.2169014084507042,2.332394366197183,2.1295774647887327,54.2230985915493,P00049,P00049-2024
2023-24,2024,anthony edwards,26.564102564102562,5.538461538461538,5.23076923076923,1.3333333333333333,0.5128205128205128,3.1794871794871793,43.41538461538461,P00050,P00050-2024
2023-24,2024,anthony gill,14.709677419354838,7.354838709677419,2.709677419354838,1.161290322580645,0.7741935483870968,1.9354838709677418,31.47096774193548,P00051,P00051-2024
2023-24,2024,armoni brooks,14.538461538461538,6.230769230769231,1.7307692307692306,0.34615384615384615,0.34615384615384615,1.0384615384615383,25.65,P00057,P00057-2024
2023-24,2024,ashton hagans,9.108433734939759,5.204819277108434,6.072289156626505,1.3012048192771084,1.0843373493975903,3.469879518072289,28.149397590361446,P00059,P00059-2024
2023-24,2024,ausar thompson,12.621513944223109,9.179282868525895,2.725099601593625,1.5776892430278886,1.290836653386454,1.8645418326693226,34.46533864541833,P00060,P00060-2024
2023-24,2024,austin reaves,17.83177570093458,4.822429906542055,6.16822429906542,0.897196261682243,0.3364485981308411,2.3551401869158877,34.21682242990653,P00061,P00061-2024
2023-24,2024,ayo dosunmu,15.092783505154637,3.4639175257731956,3.9587628865979383,1.11340206185567,0.6185567010309277,1.7319587628865978,28.65154639175257,P00064,P00064-2024
2023-24,2024,bam adebayo,20.435294117647057,11.011764705882353,4.129411764705882,1.1647058823529413,0.9529411764705882,2.4352941176470586,43.76117647058823,P00066,P00066-2024
2023-24,2024,ben sheppard,11.076923076923077,4.027972027972028,2.2657342657342654,1.5104895104895104,0.0,0.7552447552447552,23.085314685314682,P00070,P00070-2024
2023-24,2024,ben simmons,9.188284518828452,11.89958158995816,8.585774058577407,1.205020920502092,0.9037656903765691,2.711297071129707,39.96150627615062,P00071,P00071-2024
2023-24,2024,bennedict mathurin,20.0,5.517241379310344,2.758620689655172,0.8275862068965516,0.27586206896551724,2.206896551724138,31.862068965517242,P00072,P00072-2024
2023-24,2024,bilal coulibaly,11.117647058823529,5.4264705882352935,2.25,1.1911764705882353,1.0588235294117647,1.852941176470588,25.901470588235295,P00074,P00074-2024
2023-24,2024,bismack biyombo,8.0,9.454545454545455,2.3636363636363638,0.5454545454545454,1.6363636363636365,2.0,27.436363636363637,P00075,P00075-2024
2023-24,2024,blake wesley,11.0,3.7499999999999996,6.75,1.25,0.25,2.25,27.875,P00078,P00078-2024
2023-24,2024,boban marjanovic,22.588235294117652,16.235294117647058,2.8235294117647065,0.7058823529411766,0.7058823529411766,2.8235294117647065,47.71764705882353,P00079,P00079-2024
2023-24,2024,bobby portis,20.27755102040816,10.873469387755103,1.9102040816326533,1.1755102040816328,0.5877551020408164,1.616326530612245,39.86448979591836,P00080,P00080-2024
2023-24,2024,bogdan bogdanovic,20.01315789473684,4.026315789473684,3.671052631578948,1.4210526315789473,0.35526315789473684,1.657894736842105,34.02236842105263,P00082,P00082-2024
2023-24,2024,bojan bogdanovic,21.127413127413128,3.7528957528957534,2.362934362934363,0.6949806949806949,0.13899613899613902,2.501930501930502,29.175289575289575,P00083,P00083-2024
2023-24,2024,bol bol,17.174311926605505,10.568807339449542,1.3211009174311927,0.6605504587155964,1.9816513761467889,1.3211009174311927,38.444036697247704,P00084,P00084-2024
2023-24,2024,bones hyland,17.01369863013699,3.6986301369863015,6.164383561643835,1.7260273972602738,0.24657534246575344,2.958904109589041,33.657534246575345,P00085,P00085-2024
2023-24,2024,bradley beal,19.675675675675677,4.756756756756758,5.405405405405405,1.0810810810810811,0.5405405405405406,2.7027027027027026,35.65405405405406,P00087,P00087-2024
2023-24,2024,brandin podziemski,12.451127819548871,7.849624060150376,5.007518796992481,1.0827067669172932,0.2706766917293233,1.6240601503759398,31.818045112781952,P00089,P00089-2024
2023-24,2024,brandon boston,17.333333333333332,5.333333333333333,1.3333333333333333,1.0,1.0,2.6666666666666665,29.066666666666663,P00090,P00090-2024
2023-24,2024,brandon clarke,18.242152466367713,8.556053811659192,2.42152466367713,1.2914798206278026,1.6143497757847534,0.8071748878923767,40.052017937219716,P00091,P00091-2024
2023-24,2024,brandon ingram,22.75987841945289,5.580547112462006,6.237082066869302,0.8753799392097266,0.6565349544072948,2.735562310030395,40.672340425531914,P00093,P00093-2024
2023-24,2024,brandon miller,19.341614906832298,4.807453416149068,2.683229813664596,1.0062111801242235,0.670807453416149,2.012422360248447,32.15403726708074,P00095,P00095-2024
2023-24,2024,brandon williams,17.454545454545457,4.363636363636364,5.454545454545455,0.5454545454545455,0.5454545454545455,2.181818181818182,31.963636363636372,P00096,P00096-2024
2023-24,2024,braxton key,13.200000000000001,10.799999999999999,6.0,1.2,1.2,1.2,41.16,P00097,P00097-2024
2023-24,2024,brice sensabaugh,14.754098360655739,6.295081967213115,3.344262295081967,0.7868852459016393,0.39344262295081966,2.9508196721311473,27.914754098360653,P00098,P00098-2024
2023-24,2024,brook lopez,14.754098360655739,6.137704918032788,1.8885245901639345,0.5901639344262295,2.8327868852459015,1.180327868852459,34.04065573770492,P00101,P00101-2024
2023-24,2024,bruce brown,13.985611510791369,5.438848920863309,3.755395683453237,1.1654676258992807,0.3884892086330935,1.683453237410072,29.123741007194248,P00103,P00103-2024
2023-24,2024,bruno fernando,14.921052631578949,10.18421052631579,2.3684210526315788,1.4210526315789473,1.4210526315789473,2.3684210526315788,36.85263157894737,P00104,P00104-2024
2023-24,2024,bryce mcgowens,12.32214765100671,4.10738255033557,2.174496644295302,0.9664429530201342,0.4832214765100671,1.2080536912751678,23.653691275167784,P00105,P00105-2024
2023-24,2024,buddy boeheim,14.57142857142857,4.285714285714286,1.2857142857142856,0.0,0.42857142857142855,0.0,22.928571428571423,P00108,P00108-2024
2023-24,2024,buddy hield,16.94941634241245,4.482490272373542,3.9221789883268485,1.1206225680933855,0.7003891050583657,1.6809338521400778,31.993774319066148,P00109,P00109-2024
2023-24,2024,cj mccollum,22.01834862385321,4.7339449541284395,5.0642201834862375,0.9908256880733944,0.6605504587155963,1.8715596330275226,38.37798165137614,P00112,P00112-2024
2023-24,2024,cade cunningham,24.394029850746268,4.620895522388059,8.059701492537314,0.9671641791044776,0.4298507462686567,3.6537313432835816,42.56597014925373,P00113,P00113-2024
2023-24,2024,caleb houstan,11.217391304347826,3.652173913043478,1.3043478260869565,0.7826086956521738,0.2608695652173913,0.7826086956521738,19.904347826086955,P00114,P00114-2024
2023-24,2024,caleb martin,13.090909090909092,5.76,2.88,0.9163636363636363,0.6545454545454545,1.5709090909090908,27.464727272727277,P00116,P00116-2024
2023-24,2024,cam reddish,9.482926829268294,3.6878048780487807,1.7560975609756098,1.7560975609756098,0.526829268292683,1.053658536585366,22.337560975609758,P00119,P00119-2024
2023-24,2024,cam thomas,25.796178343949048,3.6687898089171975,3.3248407643312103,0.8025477707006369,0.22929936305732485,2.178343949044586,36.103184713375796,P00121,P00121-2024
2023-24,2024,cam whitmore,23.679144385026742,7.315508021390374,1.3475935828877004,1.1550802139037435,0.770053475935829,1.9251336898395721,38.329411764705895,P00122,P00122-2024
2023-24,2024,cameron johnson,17.47826086956522,5.608695652173913,3.1304347826086953,1.0434782608695652,0.3913043478260869,1.3043478260869565,31.90434782608695,P00123,P00123-2024
2023-24,2024,cameron payne,15.952095808383236,3.2335329341317367,5.604790419161677,1.0778443113772456,0.2155688622754491,1.7245508982035929,30.39520958083833,P00125,P00125-2024
2023-24,2024,caris levert,17.5,5.125,6.374999999999999,1.375,0.625,2.125,37.0875,P00126,P00126-2024
2023-24,2024,cason wallace,11.883495145631066,4.019417475728154,2.6213592233009706,1.5728155339805825,0.8737864077669902,0.8737864077669902,27.104854368932035,P00131,P00131-2024
2023-24,2024,cedi osman,13.909090909090907,5.113636363636363,3.4772727272727266,1.0227272727272727,0.4090909090909091,1.4318181818181817,28.125,P00134,P00134-2024
2023-24,2024,charles bassey,10.999999999999998,13.333333333333332,3.666666666666667,1.3333333333333333,3.0,2.6666666666666665,42.833333333333336,P00139,P00139-2024
2023-24,2024,charlie brown jr,6.2608695652173925,2.3478260869565215,0.0,0.0,2.3478260869565215,2.3478260869565215,13.773913043478261,P00140,P00140-2024
2023-24,2024,chet holmgren,20.204081632653065,9.673469387755103,2.938775510204082,0.7346938775510204,2.816326530612245,1.959183673469388,44.91428571428572,P00144,P00144-2024
2023-24,2024,chimezie metu,13.928571428571427,8.142857142857142,1.9285714285714284,1.7142857142857142,0.6428571428571428,2.142857142857143,31.52142857142857,P00146,P00146-2024
2023-24,2024,chris boucher,16.340425531914896,10.468085106382977,1.2765957446808511,0.7659574468085106,1.2765957446808511,1.5319148936170213,35.412765957446815,P00147,P00147-2024
2023-24,2024,chris duarte,11.508196721311476,5.311475409836066,2.0655737704918034,1.4754098360655739,0.29508196721311475,1.180327868852459,25.111475409836068,P00149,P00149-2024
2023-24,2024,chris livingston,10.046511627906977,8.372093023255815,1.674418604651163,0.8372093023255816,0.0,1.674418604651163,23.44186046511628,P00150,P00150-2024
2023-24,2024,chris paul,12.545454545454545,5.318181818181818,9.272727272727273,1.6363636363636365,0.13636363636363638,1.772727272727273,36.381818181818176,P00152,P00152-2024
2023-24,2024,christian braun,13.009900990099009,6.594059405940595,2.8514851485148514,0.8910891089108911,0.7128712871287128,1.2475247524752473,28.764356435643567,P00155,P00155-2024
2023-24,2024,christian wood,14.27586206896552,10.551724137931036,2.0689655172413794,0.6206896551724138,1.4482758620689655,2.0689655172413794,34.179310344827584,P00157,P00157-2024
2023-24,2024,chuma okeke,9.0,6.6521739130434785,1.5652173913043481,0.7826086956521741,0.39130434782608703,1.1739130434782608,21.67826086956522,P00158,P00158-2024
2023-24,2024,clint capela,16.046511627906977,14.790697674418603,1.6744186046511627,0.8372093023255813,2.0930232558139537,1.3953488372093024,43.70232558139534,P00159,P00159-2024
2023-24,2024,coby white,18.838356164383566,4.438356164383562,5.030136986301369,0.6904109589041095,0.19726027397260273,2.0712328767123287,32.3013698630137,P00160,P00160-2024
2023-24,2024,cody martin,10.037174721189592,5.219330855018587,4.951672862453533,1.472118959107807,0.8029739776951672,2.1412639405204463,28.41189591078067,P00161,P00161-2024
2023-24,2024,cody zeller,8.756756756756756,12.64864864864865,4.378378378378378,0.972972972972973,0.4864864864864865,1.945945945945946,32.935135135135134,P00163,P00163-2024
2023-24,2024,colby jones,11.8125,7.3125,3.9374999999999996,1.125,1.125,1.6874999999999998,31.55625,P00164,P00164-2024
2023-24,2024,cole anthony,18.642857142857146,6.107142857142858,4.6607142857142865,1.2857142857142858,0.8035714285714286,2.5714285714285716,36.65892857142858,P00165,P00165-2024
2023-24,2024,cole swider,17.25,3.0000000000000004,2.25,0.7500000000000001,0.7500000000000001,3.0000000000000004,25.725,P00166,P00166-2024
2023-24,2024,colin castleton,14.594594594594593,7.783783783783784,1.945945945945946,0.972972972972973,0.0,1.945945945945946,27.827027027027025,P00167,P00167-2024
2023-24,2024,collin gillespie,13.787234042553191,3.4468085106382977,4.212765957446809,1.9148936170212767,0.0,2.2978723404255317,27.689361702127663,P00168,P00168-2024
2023-24,2024,collin sexton,25.308270676691727,3.518796992481203,6.63157894736842,1.0827067669172932,0.2706766917293233,2.8421052631578947,40.69624060150375,P00170,P00170-2024
2023-24,2024,corey kispert,18.697674418604652,3.906976744186046,2.7906976744186047,0.6976744186046512,0.27906976744186046,1.6744186046511627,28.82790697674419,P00172,P00172-2024
2023-24,2024,cory joseph,7.578947368421052,3.789473684210526,5.052631578947368,0.631578947368421,0.3157894736842105,1.5789473684210527,20.968421052631577,P00174,P00174-2024
2023-24,2024,craig porter jr,15.874015748031496,5.952755905511811,6.519685039370078,1.1338582677165356,0.8503937007874016,2.5511811023622046,36.198425196850394,P00175,P00175-2024
2023-24,2024,d angelo russell,19.81651376146789,3.4128440366972477,6.935779816513761,0.9908256880733944,0.5504587155963302,2.3119266055045875,36.627522935779815,P00178,P00178-2024
2023-24,2024,d moi hodge,12.203389830508474,0.0,4.271186440677965,0.6101694915254238,0.6101694915254238,0.6101694915254238,21.66101694915254,P00179,P00179-2024
2023-24,2024,d j carton,11.2,4.0,3.2,1.2,0.0,1.2,23.2,P00181,P00181-2024
2023-24,2024,d j wilson,24.0,4.8,4.8,0.0,4.8,0.0,51.35999999999999,P00182,P00182-2024
2023-24,2024,daquan jeffries,10.666666666666666,4.0,4.0,0.0,1.3333333333333333,2.6666666666666665,22.799999999999997,P00183,P00183-2024
2023-24,2024,daishen nix,19.63636363636364,2.181818181818182,4.363636363636364,3.272727272727273,0.0,3.272727272727273,35.34545454545455,P00186,P00186-2024
2023-24,2024,dalano banton,19.113402061855673,6.123711340206186,4.453608247422681,1.1134020618556701,0.7422680412371135,2.597938144329897,36.111340206185574,P00188,P00188-2024
2023-24,2024,dalen terry,9.704347826086956,5.947826086956521,4.3826086956521735,1.5652173913043477,0.9391304347826086,1.5652173913043477,29.363478260869563,P00189,P00189-2024
2023-24,2024,damian jones,14.08695652173913,8.347826086956522,2.0869565217391304,1.0434782608695652,1.5652173913043477,1.5652173913043477,33.495652173913044,P00191,P00191-2024
2023-24,2024,damian lillard,24.78186968838527,4.487252124645893,7.138810198300283,1.0198300283286121,0.20396600566572243,2.651558073654391,41.89461756373938,P00192,P00192-2024
2023-24,2024,daniel gafford,16.163265306122447,11.16734693877551,2.3510204081632655,1.3224489795918368,3.085714285714286,1.4693877551020407,44.845714285714294,P00196,P00196-2024
2023-24,2024,daniel theis,13.420118343195266,8.733727810650887,2.1301775147928996,0.8520710059171599,1.9171597633136097,1.4911242603550297,33.91242603550297,P00198,P00198-2024
2023-24,2024,danilo gallinari,16.03125,6.1875,3.09375,0.8437499999999999,0.28125,1.40625,30.065625,P00199,P00199-2024
2023-24,2024,dante exum,14.181818181818182,4.90909090909091,5.2727272727272725,0.7272727272727273,0.18181818181818182,1.6363636363636365,29.072727272727274,P00203,P00203-2024
2023-24,2024,danuel house jr,10.080000000000002,4.08,1.9200000000000002,0.9600000000000001,0.24000000000000002,1.44,20.016,P00204,P00204-2024
2023-24,2024,dario saric,16.74418604651163,9.209302325581396,4.813953488372093,1.0465116279069768,0.4186046511627908,2.511627906976744,36.900000000000006,P00205,P00205-2024
2023-24,2024,dariq whitehead,4.5,6.0,4.5,0.0,1.5,0.0,22.95,P00206,P00206-2024
2023-24,2024,darius bazley,11.289940828402367,6.603550295857989,1.7041420118343198,1.4911242603550297,1.7041420118343198,1.9171597633136097,29.439053254437873,P00207,P00207-2024
2023-24,2024,darius garland,19.45945945945946,2.9189189189189197,7.027027027027027,1.4054054054054055,0.10810810810810813,3.3513513513513518,34.69189189189189,P00209,P00209-2024
2023-24,2024,david duke jr,18.28125,7.03125,3.65625,1.40625,0.0,2.25,34.171875,P00211,P00211-2024
2023-24,2024,david roddy,12.928176795580109,6.3646408839779,2.386740331491713,0.7955801104972375,0.39779005524861877,1.7900552486187844,25.93591160220994,P00214,P00214-2024
2023-24,2024,davion mitchell,12.470588235294118,3.058823529411765,4.470588235294117,0.47058823529411764,0.0,1.4117647058823528,22.84705882352941,P00215,P00215-2024
2023-24,2024,davis bertans,15.363057324840765,3.2101910828025475,1.8343949044585988,1.375796178343949,0.6878980891719745,0.9171974522292994,27.240764331210194,P00216,P00216-2024
2023-24,2024,day ron sharpe,16.211920529801326,15.258278145695366,3.337748344370861,0.9536423841059604,1.6688741721854305,2.6225165562913912,44.77350993377484,P00218,P00218-2024
2023-24,2024,de aaron fox,26.674094707520894,4.612813370473538,5.615598885793872,2.005571030640669,0.40111420612813375,2.6072423398328692,45.24568245125349,P00219,P00219-2024
2023-24,2024,de andre hunter,19.03728813559322,4.759322033898305,1.8305084745762712,0.8542372881355931,0.36610169491525424,1.8305084745762712,29.324745762711867,P00220,P00220-2024
2023-24,2024,de anthony melton,14.855018587360595,4.951672862453533,4.014869888475837,2.1412639405204463,0.5353159851301116,1.338289962825279,33.510780669144985,P00221,P00221-2024
2023-24,2024,deandre jordan,12.763636363636364,14.4,2.2909090909090906,0.6545454545454547,1.3090909090909093,1.9636363636363636,37.40727272727273,P00222,P00222-2024
2023-24,2024,dejon jarreau,10.347305389221557,10.562874251497007,6.251497005988024,1.5089820359281436,0.4311377245508982,2.155688622754491,36.06467065868264,P00224,P00224-2024
2023-24,2024,demar derozan,22.85714285714286,4.095238095238096,5.0476190476190474,1.047619047619048,0.5714285714285714,1.6190476190476193,38.58095238095239,P00225,P00225-2024
2023-24,2024,dean wade,9.482926829268294,7.024390243902439,1.4048780487804877,1.2292682926829266,0.8780487804878049,0.7024390243902439,25.639024390243904,P00227,P00227-2024
2023-24,2024,deandre ayton,18.555555555555554,12.333333333333334,1.777777777777778,1.1111111111111112,0.888888888888889,2.0,40.02222222222222,P00228,P00228-2024
2023-24,2024,dejounte murray,22.6890756302521,5.344537815126049,6.453781512605042,1.4117647058823526,0.3025210084033613,2.621848739495798,41.304201680672264,P00230,P00230-2024
2023-24,2024,delon wright,10.253164556962023,4.10126582278481,5.696202531645569,2.5063291139240507,0.45569620253164556,0.6835443037974682,31.92151898734177,P00231,P00231-2024
2023-24,2024,deni avdija,17.58139534883721,8.611295681063122,4.54485049833887,0.9568106312292359,0.5980066445182723,2.511627906976744,36.885049833887045,P00232,P00232-2024
2023-24,2024,dennis schroder,16.205787781350484,3.472668810289389,7.061093247588424,0.9260450160771704,0.2315112540192926,2.1993569131832795,32.237942122186496,P00233,P00233-2024
2023-24,2024,dennis smith jr,12.571428571428571,5.523809523809525,6.857142857142858,2.2857142857142856,0.380952380952381,2.2857142857142856,35.2,P00234,P00234-2024
2023-24,2024,dereck lively ii,13.480851063829789,10.570212765957448,1.6851063829787236,1.0723404255319149,2.1446808510638298,1.3787234042553191,36.965106382978725,P00236,P00236-2024
2023-24,2024,dereon seabron,9.0,4.695652173913043,3.1304347826086962,1.1739130434782608,0.7826086956521741,0.0,25.200000000000003,P00237,P00237-2024
2023-24,2024,derrick jones jr,13.174468085106382,5.055319148936169,1.5319148936170213,1.0723404255319149,1.0723404255319149,1.3787234042553191,26.594042553191485,P00240,P00240-2024
2023-24,2024,derrick rose,17.349397590361445,4.120481927710843,7.156626506024096,0.6506024096385542,0.21686746987951805,2.819277108433735,32.81204819277107,P00241,P00241-2024
2023-24,2024,derrick white,16.78527607361963,4.638036809815951,5.742331288343558,1.1042944785276074,1.3251533742331287,1.656441717791411,36.59631901840491,P00243,P00243-2024
2023-24,2024,desmond bane,24.802325581395348,4.604651162790698,5.7558139534883725,1.0465116279069768,0.5232558139534884,2.825581395348838,40.8453488372093,P00244,P00244-2024
2023-24,2024,devin booker,27.1,4.5,6.9,0.9,0.4,2.6,44.150000000000006,P00245,P00245-2024
2023-24,2024,devin vassell,21.20845921450151,4.1329305135951655,4.459214501510574,1.1963746223564955,0.3262839879154078,1.7401812688821752,35.6845921450151,P00248,P00248-2024
2023-24,2024,devonte graham,13.23529411764706,4.235294117647059,5.5588235294117645,1.0588235294117647,0.2647058823529412,1.852941176470588,28.773529411764706,P00251,P00251-2024
2023-24,2024,dexter dennis,26.4,11.04,4.8,0.0,1.44,3.8400000000000003,47.327999999999996,P00253,P00253-2024
2023-24,2024,dillon brooks,14.79611650485437,3.9611650485436893,1.9805825242718447,1.0485436893203883,0.11650485436893204,1.3980582524271845,24.617475728155345,P00255,P00255-2024
2023-24,2024,domantas sabonis,19.56302521008403,13.815126050420167,8.26890756302521,0.9075630252100839,0.6050420168067226,3.3277310924369745,49.75462184873949,P00257,P00257-2024
2023-24,2024,dominick barlow,12.472440944881892,9.637795275590552,3.118110236220473,1.1338582677165356,1.1338582677165356,0.8503937007874016,34.66771653543308,P00258,P00258-2024
2023-24,2024,donovan mitchell,27.12747875354108,5.201133144475921,6.220963172804533,1.8356940509915016,0.5099150141643061,2.855524079320113,46.8815864022663,P00260,P00260-2024
2023-24,2024,donte divincenzo,19.175257731958762,4.577319587628866,3.3402061855670104,1.6082474226804124,0.4948453608247423,1.7319587628865978,34.25567010309278,P00262,P00262-2024
2023-24,2024,dorian finney smith,10.736842105263158,5.936842105263159,2.0210526315789474,1.0105263157894737,0.7578947368421053,1.1368421052631579,25.061052631578946,P00263,P00263-2024
2023-24,2024,doug mcdermott,14.042553191489361,2.297872340425532,2.8085106382978724,0.7659574468085106,0.0,1.021276595744681,22.28936170212766,P00264,P00264-2024
2023-24,2024,draymond green,11.424354243542435,9.564575645756458,7.970479704797048,1.3284132841328413,1.1955719557195572,3.321033210332103,39.108487084870845,P00266,P00266-2024
2023-24,2024,drew eubanks,11.76923076923077,9.923076923076923,1.8461538461538463,0.9230769230769231,1.8461538461538463,1.8461538461538463,32.90769230769231,P00267,P00267-2024
2023-24,2024,drew peterson,17.2987012987013,1.4025974025974026,1.4025974025974026,3.2727272727272725,0.0,1.4025974025974026,29.5012987012987,P00268,P00268-2024
2023-24,2024,dru smith,10.602739726027398,3.945205479452055,3.945205479452055,2.4657534246575343,0.7397260273972602,1.4794520547945205,29.39178082191781,P00270,P00270-2024
2023-24,2024,duncan robinson,16.585714285714285,3.2142857142857144,3.5999999999999996,0.8999999999999999,0.2571428571428572,1.7999999999999998,27.514285714285712,P00272,P00272-2024
2023-24,2024,duop reath,18.301675977653634,7.441340782122906,2.011173184357542,1.005586592178771,1.2067039106145252,1.6089385474860338,35.27597765363129,P00273,P00273-2024
2023-24,2024,dwight powell,8.932330827067668,9.203007518796992,3.518796992481203,1.0827067669172932,0.8120300751879699,1.3533834586466165,29.584962406015034,P00275,P00275-2024
2023-24,2024,dylan windler,14.0625,5.0625,3.3749999999999996,0.5625,0.0,0.5625,26.325,P00278,P00278-2024
2023-24,2024,dyson daniels,9.363228699551568,6.295964125560538,4.358744394618834,2.2600896860986546,0.6457399103139013,1.6143497757847534,30.559641255605378,P00279,P00279-2024
2023-24,2024,e j liddell,6.206896551724139,7.448275862068965,1.2413793103448276,3.7241379310344827,3.7241379310344827,3.7241379310344827,35.62758620689655,P00280,P00280-2024
2023-24,2024,emoni bates,10.921348314606742,3.640449438202247,2.831460674157303,0.4044943820224719,0.4044943820224719,2.0224719101123596,19.941573033707865,P00289,P00289-2024
2023-24,2024,eric gordon,14.244604316546763,2.3309352517985613,2.5899280575539567,1.2949640287769784,0.5179856115107914,1.4244604316546763,24.941007194244605,P00293,P00293-2024
2023-24,2024,eugene omoruyi,18.98901098901099,7.912087912087912,3.164835164835165,2.3736263736263736,0.39560439560439564,1.978021978021978,39.56043956043956,P00296,P00296-2024
2023-24,2024,evan fournier,13.723756906077346,3.580110497237569,2.983425414364641,1.7900552486187844,0.39779005524861877,1.3922651933701655,27.666298342541435,P00297,P00297-2024
2023-24,2024,evan mobley,18.470588235294116,11.058823529411764,3.764705882352941,1.0588235294117647,1.6470588235294117,2.1176470588235294,43.38823529411764,P00298,P00298-2024
2023-24,2024,filip petrusev,12.0,3.5999999999999996,0.0,0.0,0.0,0.0,16.32,P00300,P00300-2024
2023-24,2024,frank ntilikina,4.186046511627907,5.023255813953488,3.348837209302326,0.0,0.0,0.8372093023255816,14.4,P00303,P00303-2024
2023-24,2024,franz wagner,21.821538461538463,5.8707692307692305,4.098461538461539,1.2184615384615387,0.4430769230769231,2.1046153846153848,37.89415384615385,P00304,P00304-2024
2023-24,2024,fred vanvleet,17.02173913043478,3.717391304347826,7.923913043478261,1.3695652173913044,0.7826086956521741,1.6630434782608696,38.161956521739135,P00305,P00305-2024
2023-24,2024,furkan korkmaz,10.465116279069768,3.7674418604651163,2.9302325581395348,1.674418604651163,0.4186046511627908,1.255813953488372,24.4046511627907,P00307,P00307-2024
2023-24,2024,gg jackson,20.45136186770428,5.743190661478598,1.6809338521400778,0.8404669260700389,0.7003891050583657,1.9610894941634243,32.5260700389105,P00308,P00308-2024
2023-24,2024,gabe vincent,5.636363636363637,1.4545454545454546,3.454545454545454,1.4545454545454546,0.0,0.9090909090909091,16.018181818181816,P00309,P00309-2024
2023-24,2024,garrett temple,11.102803738317757,5.7196261682243,3.3644859813084116,1.3457943925233646,0.33644859813084116,1.6822429906542058,26.377570093457944,P00313,P00313-2024
2023-24,2024,garrison mathews,11.760000000000002,3.3599999999999994,1.44,0.72,0.24000000000000002,0.72,20.112000000000002,P00314,P00314-2024
2023-24,2024,gary harris,10.350000000000001,2.55,2.4,1.3499999999999999,0.44999999999999996,0.8999999999999999,21.51,P00316,P00316-2024
2023-24,2024,gary payton ii,12.774193548387098,6.038709677419355,2.554838709677419,2.0903225806451613,0.9290322580645162,1.3935483870967742,31.51741935483871,P00317,P00317-2024
2023-24,2024,gary trent jr,17.551601423487543,3.3309608540925266,2.177935943060498,1.4092526690391458,0.12811387900355872,0.8967971530249109,28.530960854092523,P00318,P00318-2024
2023-24,2024,georges niang,15.174887892376681,5.488789237668161,1.9372197309417039,0.6457399103139013,0.32286995515695066,1.452914798206278,26.120179372197306,P00321,P00321-2024
2023-24,2024,giannis antetokounmpo,31.090909090909086,11.761363636363635,6.647727272727272,1.227272727272727,1.125,3.4772727272727266,58.755681818181806,P00323,P00323-2024
2023-24,2024,goga bitadze,11.688311688311689,10.753246753246753,3.038961038961039,1.1688311688311688,2.8051948051948052,1.6363636363636362,39.436363636363645,P00324,P00324-2024
2023-24,2024,gordon hayward,14.459016393442624,5.163934426229509,4.573770491803279,1.180327868852459,0.4426229508196721,1.918032786885246,30.4672131147541,P00326,P00326-2024
2023-24,2024,gradey dick,14.502369668246445,3.7535545023696684,1.8767772511848342,1.0236966824644549,0.0,1.3649289099526067,23.527962085308054,P00328,P00328-2024
2023-24,2024,grant williams,13.242857142857144,5.3999999999999995,2.9571428571428573,0.7714285714285715,0.6428571428571428,1.7999999999999998,26.60142857142857,P00330,P00330-2024
2023-24,2024,grayson allen,14.507462686567164,4.191044776119403,3.2238805970149254,0.9671641791044776,0.6447761194029851,1.3970149253731343,27.81134328358209,P00331,P00331-2024
2023-24,2024,greg brown iii,13.432835820895521,8.059701492537314,3.761194029850746,0.0,3.761194029850746,3.761194029850746,36.26865671641791,P00332,P00332-2024
2023-24,2024,gui santos,15.6144578313253,9.108433734939759,2.602409638554217,0.8674698795180722,0.4337349397590361,1.3012048192771084,33.05060240963855,P00335,P00335-2024
2023-24,2024,hamidou diallo,14.4,14.4,7.2,14.4,0.0,7.2,78.48,P00336,P00336-2024
2023-24,2024,harrison barnes,15.144827586206894,3.7241379310344827,1.489655172413793,0.8689655172413793,0.12413793103448277,0.8689655172413793,23.95862068965517,P00337,P00337-2024
2023-24,2024,harry giles iii,20.093023255813954,10.88372093023256,2.511627906976744,0.8372093023255816,0.8372093023255816,2.511627906976744,39.43255813953488,P00339,P00339-2024
2023-24,2024,haywood highsmith,10.608695652173912,5.565217391304349,1.9130434782608698,1.3913043478260871,0.8695652173913043,0.8695652173913043,26.069565217391304,P00343,P00343-2024
2023-24,2024,henri drell,13.439999999999998,4.8,4.8,2.4,1.44,2.4,35.519999999999996,P00344,P00344-2024
2023-24,2024,herbert jones,12.98360655737705,4.249180327868853,3.068852459016394,1.6524590163934425,0.9442622950819672,1.4163934426229507,29.05967213114754,P00345,P00345-2024
2023-24,2024,hunter tyson,14.666666666666668,6.666666666666666,1.3333333333333333,1.3333333333333333,0.0,1.3333333333333333,27.333333333333336,P00349,P00349-2024
2023-24,2024,ibou badji,5.242718446601941,8.038834951456309,2.0970873786407767,0.3495145631067961,3.145631067961165,2.4466019417475726,26.07378640776699,P00350,P00350-2024
2023-24,2024,immanuel quickley,20.958904109589042,4.684931506849315,6.0410958904109595,0.8630136986301369,0.12328767123287672,1.8493150684931507,36.75205479452055,P00352,P00352-2024
2023-24,2024,isaac okoro,12.395604395604396,3.956043956043956,2.505494505494505,1.054945054945055,0.6593406593406593,1.054945054945055,24.989010989010985,P00355,P00355-2024
2023-24,2024,isaiah hartenstein,11.098814229249012,11.810276679841897,3.5573122529644268,1.7075098814229248,1.5652173913043481,1.7075098814229248,38.71778656126482,P00358,P00358-2024
2023-24,2024,isaiah jackson,17.86046511627907,11.162790697674419,2.2325581395348837,1.6744186046511627,2.7906976744186047,1.953488372093023,46.04651162790698,P00359,P00359-2024
2023-24,2024,isaiah joe,15.956756756756755,4.475675675675675,2.5297297297297296,1.1675675675675676,0.5837837837837838,1.1675675675675676,29.20864864864865,P00360,P00360-2024
2023-24,2024,isaiah livers,8.823529411764707,3.7058823529411766,1.9411764705882357,1.0588235294117647,0.3529411764705883,1.2352941176470589,19.18235294117647,P00361,P00361-2024
2023-24,2024,isaiah mobley,11.5,5.0,3.0,1.0,0.0,1.0,24.0,P00362,P00362-2024
2023-24,2024,isaiah stewart,12.699029126213594,7.689320388349514,1.8640776699029127,0.46601941747572817,0.9320388349514563,1.6310679611650485,27.285436893203883,P00365,P00365-2024
2023-24,2024,isaiah thomas,14.625,0.0,5.625,0.0,0.0,0.0,23.0625,P00366,P00366-2024
2023-24,2024,isaiah wong,18.0,0.0,0.0,0.0,0.0,0.0,18.0,P00368,P00368-2024
2023-24,2024,ish smith,6.697674418604652,3.7674418604651163,7.116279069767441,0.8372093023255816,0.2093023255813954,2.302325581395349,22.730232558139537,P00369,P00369-2024
2023-24,2024,ish wainright,13.500000000000002,8.357142857142858,0.6428571428571429,2.5714285714285716,0.6428571428571429,1.2857142857142858,32.85000000000001,P00370,P00370-2024
2023-24,2024,ivica zubac,15.954545454545455,12.545454545454545,1.9090909090909092,0.4090909090909091,1.6363636363636365,1.6363636363636365,38.372727272727275,P00371,P00371-2024
2023-24,2024,izaiah brockington,48.0,24.0,0.0,0.0,0.0,0.0,76.8,P00372,P00372-2024
2023-24,2024,jd davison,14.693877551020407,9.551020408163266,9.551020408163266,0.7346938775510203,0.7346938775510203,2.204081632653061,42.68571428571428,P00373,P00373-2024
2023-24,2024,jt thor,9.29032258064516,6.677419354838709,1.4516129032258065,0.5806451612903225,1.161290322580645,0.5806451612903225,24.1258064516129,P00374,P00374-2024
2023-24,2024,ja morant,25.597733711048164,5.711048158640226,8.260623229461757,0.8158640226628897,0.6118980169971672,3.0594900849858355,46.065722379603415,P00375,P00375-2024
2023-24,2024,javale mcgee,19.459459459459456,13.135135135135135,1.945945945945946,1.4594594594594592,1.945945945945946,3.4054054054054053,44.95135135135135,P00378,P00378-2024
2023-24,2024,jabari smith jr,15.460815047021944,9.141065830721002,1.8056426332288402,0.7899686520376176,0.9028213166144201,1.35423197492163,32.862695924764886,P00380,P00380-2024
2023-24,2024,jabari walker,13.576271186440678,10.83050847457627,1.5254237288135593,0.9152542372881355,0.45762711864406774,1.3728813559322033,31.606779661016947,P00381,P00381-2024
2023-24,2024,jack white,3.375,6.75,0.6749999999999999,2.25,0.6749999999999999,1.125,20.137499999999996,P00383,P00383-2024
2023-24,2024,jacob gilyard,8.894117647058824,2.3294117647058825,6.988235294117646,1.6941176470588235,0.21176470588235294,1.4823529411764707,26.40705882352941,P00385,P00385-2024
2023-24,2024,jacob toppin,12.0,6.857142857142857,2.571428571428571,0.0,0.8571428571428571,0.8571428571428571,25.8,P00386,P00386-2024
2023-24,2024,jaden hardy,19.46666666666667,4.8,4.0,0.8,0.26666666666666666,2.1333333333333333,32.29333333333333,P00387,P00387-2024
2023-24,2024,jaden ivey,19.25,4.25,4.75,0.8749999999999999,0.625,3.125,32.85,P00388,P00388-2024
2023-24,2024,jaden mcdaniels,12.945205479452055,3.8219178082191783,1.7260273972602738,1.1095890410958904,0.7397260273972602,1.4794520547945205,24.189041095890413,P00389,P00389-2024
2023-24,2024,jaden springer,11.53398058252427,5.592233009708737,3.145631067961165,2.4466019417475726,1.0485436893203883,2.4466019417475726,31.001941747572808,P00390,P00390-2024
2023-24,2024,jae crowder,9.662337662337663,4.987012987012987,2.0259740259740258,1.2467532467532467,0.3116883116883117,0.7792207792207791,22.581818181818182,P00391,P00391-2024
2023-24,2024,jae sean tate,9.283018867924529,6.792452830188679,2.2641509433962264,1.3584905660377358,0.4528301886792453,1.3584905660377358,24.90566037735849,P00392,P00392-2024
2023-24,2024,jahmi us ramsey,13.942196531791907,6.4508670520231215,2.2890173410404624,2.0809248554913293,0.0,2.0809248554913293,29.27861271676301,P00394,P00394-2024
2023-24,2024,jaime jaquez jr,15.191489361702128,4.851063829787234,3.319148936170213,1.2765957446808511,0.3829787234042553,1.9148936170212767,29.05531914893617,P00397,P00397-2024
2023-24,2024,jake laravia,16.90434782608696,5.791304347826087,2.6608695652173915,1.2521739130434784,0.4695652173913043,2.034782608695652,30.975652173913048,P00398,P00398-2024
2023-24,2024,jakob poeltl,15.136363636363637,11.727272727272727,3.409090909090909,0.9545454545454546,2.045454545454546,2.045454545454546,41.27727272727274,P00400,P00400-2024
2023-24,2024,jalen brunson,29.186440677966104,3.6610169491525424,6.813559322033899,0.9152542372881356,0.20338983050847462,2.440677966101695,44.715254237288136,P00402,P00402-2024
2023-24,2024,jalen duren,17.072164948453608,14.350515463917525,2.9690721649484537,0.6185567010309277,0.9896907216494846,2.5979381443298966,40.97319587628866,P00403,P00403-2024
2023-24,2024,jalen green,22.258675078864353,5.905362776025237,3.9747634069400632,0.9085173501577288,0.34069400630914826,2.61198738170347,36.442902208201886,P00404,P00404-2024
2023-24,2024,jalen hood schifino,11.076923076923077,4.153846153846153,2.769230769230769,0.6923076923076923,0.6923076923076923,2.769230769230769,21.599999999999998,P00405,P00405-2024
2023-24,2024,jalen johnson,17.0919881305638,9.293768545994064,3.8456973293768546,1.2818991097922847,0.8545994065281899,1.9228486646884273,38.499703264094954,P00406,P00406-2024
2023-24,2024,jalen mcdaniels,11.333333333333332,5.333333333333333,2.333333333333333,1.3333333333333333,0.3333333333333333,2.0,24.23333333333333,P00407,P00407-2024
2023-24,2024,jalen pickett,12.8,4.0,6.4,0.8,0.0,2.4,27.200000000000003,P00408,P00408-2024
2023-24,2024,jalen slawson,8.129032258064514,6.967741935483871,2.32258064516129,1.161290322580645,1.161290322580645,2.32258064516129,24.619354838709675,P00409,P00409-2024
2023-24,2024,jalen smith,20.72093023255814,11.511627906976745,2.0930232558139537,0.627906976744186,1.255813953488372,1.4651162790697674,41.86046511627907,P00410,P00410-2024
2023-24,2024,jalen suggs,16.8,4.133333333333333,3.6,1.8666666666666667,0.8,2.4,32.76,P00411,P00411-2024
2023-24,2024,jalen williams,21.968051118210866,4.600638977635782,5.175718849840256,1.2651757188498405,0.6900958466453674,1.9552715654952075,39.16293929712461,P00412,P00412-2024
2023-24,2024,jalen wilson,11.612903225806452,6.967741935483871,2.32258064516129,0.6967741935483871,0.23225806451612904,0.9290322580645162,25.316129032258065,P00413,P00413-2024
2023-24,2024,jamal cain,13.32,5.039999999999999,1.44,1.44,0.72,1.08,26.927999999999997,P00414,P00414-2024
2023-24,2024,jamal murray,24.228571428571428,4.685714285714285,7.428571428571428,1.1428571428571428,0.7999999999999999,2.4,44.42285714285714,P00415,P00415-2024
2023-24,2024,jamaree bouyea,7.811320754716981,7.132075471698114,4.0754716981132075,0.339622641509434,0.0,3.3962264150943398,20.10566037735849,P00417,P00417-2024
2023-24,2024,james bouknight,22.344827586206897,3.7241379310344827,2.4827586206896552,0.6206896551724138,0.6206896551724138,0.6206896551724138,33.641379310344824,P00418,P00418-2024
2023-24,2024,james harden,17.422740524781343,5.352769679300291,8.92128279883382,1.1545189504373181,0.8396501457725949,2.728862973760933,40.481632653061226,P00420,P00420-2024
2023-24,2024,james johnson,6.230769230769231,2.769230769230769,6.230769230769231,4.153846153846153,0.6923076923076923,4.153846153846153,29.284615384615385,P00421,P00421-2024
2023-24,2024,james wiseman,14.774566473988438,11.028901734104045,1.8728323699421967,0.41618497109826585,1.2485549132947975,2.0809248554913293,33.73179190751444,P00422,P00422-2024
2023-24,2024,jarace walker,12.58252427184466,6.640776699029125,4.194174757281553,1.7475728155339805,1.0485436893203883,1.7475728155339805,33.48349514563107,P00426,P00426-2024
2023-24,2024,jared butler,15.971830985915494,3.802816901408451,8.11267605633803,1.7746478873239435,0.5070422535211269,3.295774647887324,36.253521126760575,P00427,P00427-2024
2023-24,2024,jared rhoden,12.25,4.75,2.0,0.5,2.0,1.0,27.45,P00430,P00430-2024
2023-24,2024,jaren jackson jr,25.15527950310559,6.149068322981366,2.5714285714285707,1.341614906832298,1.7888198757763973,2.683229813664596,43.099378881987576,P00431,P00431-2024
2023-24,2024,jarred vanderbilt,9.36,8.64,2.16,2.16,0.36,1.8,28.728000000000005,P00432,P00432-2024
2023-24,2024,jarrett allen,18.738170347003155,11.92429022082019,3.066246056782335,0.7949526813880126,1.2492113564668772,1.8170347003154577,41.96214511041009,P00434,P00434-2024
2023-24,2024,jason preston,6.0594059405940595,8.554455445544555,8.198019801980198,1.0693069306930694,0.3564356435643564,1.0693069306930694,31.829702970297024,P00438,P00438-2024
2023-24,2024,javon freeman liberty,13.770491803278688,6.295081967213115,3.540983606557377,0.9836065573770492,0.39344262295081966,2.1639344262295084,28.603278688524583,P00439,P00439-2024
2023-24,2024,javonte green,17.156249999999996,10.40625,0.8437499999999999,1.546875,1.265625,1.125,38.221875,P00442,P00442-2024
2023-24,2024,jaxson hayes,12.383999999999999,8.64,1.44,1.44,1.1520000000000001,1.728,30.96,P00444,P00444-2024
2023-24,2024,jay huff,17.28,8.64,1.44,1.44,2.88,1.44,41.328,P00445,P00445-2024
2023-24,2024,jaylen brown,24.71641791044776,5.91044776119403,3.8686567164179104,1.2895522388059701,0.5373134328358209,2.5791044776119403,40.51343283582089,P00447,P00447-2024
2023-24,2024,jaylen nowell,13.52727272727273,3.9272727272727277,3.272727272727273,0.6545454545454545,0.43636363636363634,1.0909090909090908,25.330909090909095,P00452,P00452-2024
2023-24,2024,jaylin williams,11.076923076923077,9.415384615384616,4.430769230769231,1.1076923076923078,1.1076923076923078,1.3846153846153846,34.283076923076926,P00455,P00455-2024
2023-24,2024,jayson tatum,27.126050420168063,8.168067226890756,4.9411764705882355,1.0084033613445378,0.6050420168067226,2.5210084033613445,46.65882352941176,P00458,P00458-2024
2023-24,2024,jeff dowtin jr,13.118644067796609,5.186440677966101,7.016949152542372,1.830508474576271,0.3050847457627119,1.2203389830508475,35.054237288135596,P00460,P00460-2024
2023-24,2024,jeff green,13.928571428571427,4.928571428571428,1.9285714285714284,0.42857142857142855,0.8571428571428571,1.2857142857142856,25.307142857142857,P00461,P00461-2024
2023-24,2024,jerami grant,22.300884955752217,3.7168141592920354,2.9734513274336285,0.8495575221238939,0.6371681415929203,2.2300884955752216,33.45132743362832,P00463,P00463-2024
2023-24,2024,jeremiah robinson earl,12.13953488372093,7.953488372093023,2.0930232558139537,1.255813953488372,0.4186046511627908,1.674418604651163,28.172093023255815,P00465,P00465-2024
2023-24,2024,jeremy sochan,14.108108108108109,7.783783783783784,4.135135135135135,0.972972972972973,0.608108108108108,2.3108108108108105,32.08378378378379,P00467,P00467-2024
2023-24,2024,jericho sims,5.538461538461538,9.138461538461538,1.6615384615384614,0.5538461538461539,1.1076923076923078,1.1076923076923078,22.873846153846152,P00468,P00468-2024
2023-24,2024,jermaine samuels jr,11.720930232558139,7.534883720930233,1.674418604651163,0.8372093023255816,0.8372093023255816,0.0,28.297674418604654,P00469,P00469-2024
2023-24,2024,jerome robinson,13.621621621621621,2.9189189189189184,1.945945945945946,0.0,0.972972972972973,0.972972972972973,21.98918918918919,P00470,P00470-2024
2023-24,2024,jett howard,15.567567567567568,3.891891891891892,2.9189189189189184,0.972972972972973,0.972972972972973,1.945945945945946,28.508108108108107,P00471,P00471-2024
2023-24,2024,jevon carter,12.949640287769784,2.0719424460431655,3.366906474820144,1.2949640287769784,0.5179856115107914,1.2949640287769784,24.63021582733813,P00472,P00472-2024
2023-24,2024,jimmy butler iii,22.023529411764706,5.6117647058823525,5.294117647058823,1.3764705882352941,0.3176470588235294,1.7999999999999998,39.98117647058824,P00473,P00473-2024
2023-24,2024,jock landale,12.97058823529412,8.205882352941178,3.1764705882352944,1.0588235294117647,1.5882352941176472,1.5882352941176472,33.93529411764707,P00475,P00475-2024
2023-24,2024,joe harris,8.150943396226415,2.716981132075472,2.0377358490566038,0.679245283018868,0.339622641509434,1.0188679245283019,16.505660377358492,P00476,P00476-2024
2023-24,2024,joe ingles,9.209302325581396,4.395348837209303,6.279069767441861,1.255813953488372,0.2093023255813954,2.0930232558139537,26.2046511627907,P00477,P00477-2024
2023-24,2024,joel embiid,37.17857142857143,11.785714285714286,6.0,1.2857142857142856,1.8214285714285712,4.071428571428571,65.57142857142857,P00481,P00481-2024
2023-24,2024,john collins,19.414285714285715,10.928571428571427,1.4142857142857146,0.7714285714285715,1.1571428571428573,1.7999999999999998,38.635714285714286,P00483,P00483-2024
2023-24,2024,john konchar,7.267605633802816,7.943661971830986,3.380281690140845,1.5211267605633803,1.5211267605633803,1.352112676056338,29.645070422535206,P00484,P00484-2024
2023-24,2024,johnny davis,8.78048780487805,4.097560975609755,1.7560975609756095,1.170731707317073,0.5853658536585366,0.8780487804878048,20.721951219512196,P00489,P00489-2024
2023-24,2024,johnny juzang,13.935483870967742,3.4838709677419355,2.32258064516129,0.3870967741935484,0.1935483870967742,1.354838709677419,21.98709677419355,P00491,P00491-2024
2023-24,2024,jonas valanciunas,18.68936170212766,13.480851063829789,3.217021276595745,0.6127659574468085,1.225531914893617,2.1446808510638298,43.06212765957447,P00492,P00492-2024
2023-24,2024,jonathan isaac,15.493670886075948,10.253164556962023,1.1392405063291138,1.5949367088607593,2.734177215189873,1.1392405063291138,41.35443037974683,P00493,P00493-2024
2023-24,2024,jonathan kuminga,21.95454545454546,6.545454545454546,3.0000000000000004,0.9545454545454546,0.6818181818181819,2.181818181818182,37.03636363636365,P00494,P00494-2024
2023-24,2024,jontay porter,11.478260869565219,8.347826086956522,6.0,2.0869565217391304,2.0869565217391304,2.0869565217391304,40.93043478260869,P00496,P00496-2024
2023-24,2024,jordan clarkson,20.11764705882353,4.0,5.882352941176471,0.7058823529411764,0.11764705882352941,3.1764705882352944,33.035294117647055,P00497,P00497-2024
2023-24,2024,jordan ford,19.459459459459456,2.9189189189189184,2.9189189189189184,0.0,0.0,1.945945945945946,25.39459459459459,P00498,P00498-2024
2023-24,2024,jordan goodwin,12.64864864864865,8.562162162162164,5.254054054054055,1.5567567567567568,0.5837837837837838,1.945945945945946,35.28000000000001,P00499,P00499-2024
2023-24,2024,jordan hawkins,16.23121387283237,4.578034682080925,2.0809248554913293,0.6242774566473988,0.20809248554913293,1.2485549132947975,26.09479768786127,P00501,P00501-2024
2023-24,2024,jordan mclaughlin,11.25,4.178571428571429,6.428571428571429,1.9285714285714288,0.32142857142857145,0.9642857142857144,31.692857142857143,P00502,P00502-2024
2023-24,2024,jordan miller,16.45714285714286,6.171428571428572,0.0,0.0,0.0,1.0285714285714287,22.834285714285716,P00503,P00503-2024
2023-24,2024,jordan nwora,18.394160583941606,7.62043795620438,3.153284671532847,1.3138686131386863,0.7883211678832117,2.6277372262773726,35.94744525547445,P00504,P00504-2024
2023-24,2024,jordan poole,20.810631229235877,3.2292358803986714,5.262458471760798,1.3156146179401995,0.3588039867109634,2.8704318936877073,34.73222591362126,P00505,P00505-2024
2023-24,2024,jordan walsh,6.6521739130434785,8.608695652173914,2.3478260869565215,2.3478260869565215,0.39130434782608703,1.1739130434782608,27.54782608695652,P00507,P00507-2024
2023-24,2024,jose alvarado,13.891304347826086,4.5,4.108695652173913,2.1521739130434785,0.5869565217391304,1.3695652173913044,32.302173913043475,P00508,P00508-2024
2023-24,2024,josh giddey,17.571428571428573,9.142857142857144,6.857142857142857,1.0,0.8571428571428571,3.0000000000000004,41.4,P00510,P00510-2024
2023-24,2024,josh green,11.181818181818182,4.363636363636364,3.1363636363636362,1.090909090909091,0.27272727272727276,1.5000000000000002,23.71363636363636,P00511,P00511-2024
2023-24,2024,josh hart,10.131736526946108,8.94610778443114,4.419161676646707,0.9700598802395209,0.32335329341317365,1.6167664670658684,29.75928143712575,P00512,P00512-2024
2023-24,2024,josh minott,20.571428571428573,6.428571428571429,3.8571428571428577,2.5714285714285716,2.5714285714285716,1.2857142857142858,48.21428571428572,P00514,P00514-2024
2023-24,2024,josh okogie,10.35,5.8500000000000005,2.475,1.8,0.9,1.3499999999999999,27.8325,P00516,P00516-2024
2023-24,2024,josh richardson,13.867704280155642,3.9221789883268485,3.3618677042801557,0.8404669260700389,0.42023346303501946,1.1206225680933855,26.278599221789882,P00517,P00517-2024
2023-24,2024,joshua primo,7.2,3.6,0.0,0.0,3.6,14.4,7.92,P00518,P00518-2024
2023-24,2024,jrue holiday,13.71951219512195,5.926829268292684,5.26829268292683,0.9878048780487806,0.878048780487805,1.9756097560975612,32.35609756097561,P00519,P00519-2024
2023-24,2024,juan toscano anderson,4.5,9.750000000000002,3.0000000000000004,0.7500000000000001,0.7500000000000001,1.5000000000000002,23.700000000000003,P00520,P00520-2024
2023-24,2024,jules bernard,18.0,6.461538461538462,3.6923076923076925,0.9230769230769231,0.46153846153846156,1.8461538461538463,33.6,P00522,P00522-2024
2023-24,2024,julian champagnie,12.363636363636363,5.090909090909091,2.5454545454545454,1.0909090909090908,1.0909090909090908,1.4545454545454546,27.381818181818183,P00523,P00523-2024
2023-24,2024,julian phillips,9.777777777777779,4.0,1.3333333333333333,0.888888888888889,0.888888888888889,1.3333333333333333,20.577777777777783,P00524,P00524-2024
2023-24,2024,julian strawther,14.862385321100916,3.9633027522935778,2.9724770642201834,0.9908256880733944,0.3302752293577982,1.6513761467889907,26.38899082568807,P00526,P00526-2024
2023-24,2024,julius randle,24.40677966101695,9.35593220338983,5.084745762711864,0.5084745762711864,0.3050847457627119,3.5593220338983054,42.14237288135594,P00527,P00527-2024
2023-24,2024,justin champagnie,13.528662420382167,8.02547770700637,2.980891719745223,1.6050955414012738,1.375796178343949,1.6050955414012738,34.968152866242036,P00529,P00529-2024
2023-24,2024,justin holiday,9.664429530201343,2.8993288590604025,2.8993288590604025,1.4496644295302012,0.4832214765100671,0.4832214765100671,22.80805369127517,P00531,P00531-2024
2023-24,2024,justin minaya,5.7857142857142865,5.142857142857143,1.9285714285714288,0.9642857142857144,0.9642857142857144,0.9642857142857144,19.67142857142857,P00533,P00533-2024
2023-24,2024,jusuf nurkic,14.373626373626374,14.505494505494505,5.274725274725275,1.4505494505494507,1.4505494505494507,3.032967032967033,45.36263736263736,P00536,P00536-2024
2023-24,2024,kj martin,10.741935483870968,6.387096774193549,2.612903225806452,1.161290322580645,0.5806451612903225,1.4516129032258065,26.1,P00538,P00538-2024
2023-24,2024,karl anthony towns,24.0,9.137614678899082,3.3027522935779814,0.7706422018348622,0.7706422018348622,3.192660550458715,41.35045871559633,P00544,P00544-2024
2023-24,2024,kawhi leonard,24.87463556851312,6.402332361516035,3.778425655976677,1.6793002915451898,0.9446064139941692,1.8892128279883385,44.207580174927116,P00547,P00547-2024
2023-24,2024,keegan murray,16.285714285714285,5.892857142857143,1.8214285714285712,1.0714285714285714,0.8571428571428571,0.8571428571428571,31.017857142857142,P00549,P00549-2024
2023-24,2024,keita bates diop,10.656000000000002,6.048,2.016,1.44,1.1520000000000001,0.864,27.849600000000002,P00552,P00552-2024
2023-24,2024,keldon johnson,19.159322033898302,6.711864406779661,3.4169491525423723,0.8542372881355931,0.36610169491525424,1.7084745762711862,34.29152542372881,P00555,P00555-2024
2023-24,2024,kelly olynyk,15.610619469026549,8.442477876106194,7.008849557522124,1.4336283185840708,0.6371681415929203,3.0265486725663715,39.44070796460177,P00557,P00557-2024
2023-24,2024,kelly oubre jr,18.357615894039736,5.960264900662252,1.7880794701986757,1.3112582781456956,0.8344370860927153,1.5496688741721856,33.0794701986755,P00558,P00558-2024
2023-24,2024,kendall brown,12.0,2.571428571428571,2.571428571428571,0.0,0.0,0.8571428571428571,18.085714285714285,P00560,P00560-2024
2023-24,2024,kenneth lofton jr,17.617021276595743,6.8936170212765955,6.127659574468085,1.1489361702127658,0.7659574468085106,2.6808510638297873,38.14468085106383,P00563,P00563-2024
2023-24,2024,kenrich williams,11.355704697986576,7.248322147651006,3.140939597315436,1.4496644295302012,0.24161073825503354,1.2080536912751678,28.630872483221474,P00564,P00564-2024
2023-24,2024,kentavious caldwell pope,11.50632911392405,2.734177215189873,2.734177215189873,1.481012658227848,0.6835443037974682,1.1392405063291138,24.243037974683546,P00566,P00566-2024
2023-24,2024,keon ellis,11.302325581395351,4.604651162790698,3.1395348837209305,1.8837209302325582,1.0465116279069768,1.255813953488372,29.07209302325582,P00567,P00567-2024
2023-24,2024,keon johnson,18.295081967213115,4.131147540983607,1.7704918032786885,1.7704918032786885,0.5901639344262295,2.9508196721311477,30.03934426229508,P00568,P00568-2024
2023-24,2024,kessler edwards,12.000000000000002,5.647058823529413,2.1176470588235294,1.4117647058823533,0.7058823529411766,0.7058823529411766,27.600000000000005,P00571,P00571-2024
2023-24,2024,kevin durant,26.225806451612904,6.387096774193548,4.838709677419354,0.8709677419354839,1.161290322580645,3.193548387096774,44.0516129032258,P00572,P00572-2024
2023-24,2024,kevin huerter,15.049180327868854,5.163934426229509,3.836065573770492,1.0327868852459017,0.5901639344262295,1.180327868852459,30.688524590163937,P00573,P00573-2024
2023-24,2024,kevin knox ii,14.320441988950275,4.773480662983426,1.3922651933701655,0.7955801104972375,0.39779005524861877,1.3922651933701655,24.324861878453042,P00574,P00574-2024
2023-24,2024,kevin love,18.857142857142858,13.071428571428571,4.5,0.6428571428571428,0.42857142857142855,1.9285714285714284,42.57857142857143,P00575,P00575-2024
2023-24,2024,kevon harris,24.0,12.0,6.0,0.0,0.0,6.0,41.4,P00579,P00579-2024
2023-24,2024,kevon looney,10.062111801242235,12.745341614906833,4.024844720496894,0.8944099378881987,0.8944099378881987,1.5652173913043474,35.19503105590063,P00580,P00580-2024
2023-24,2024,keyontae johnson,5.917808219178082,5.424657534246576,1.9726027397260275,0.4931506849315069,0.0,1.9726027397260275,14.893150684931506,P00581,P00581-2024
2023-24,2024,keyonte george,17.333333333333332,3.7333333333333334,5.866666666666667,0.6666666666666666,0.13333333333333333,3.333333333333333,29.679999999999996,P00582,P00582-2024
2023-24,2024,khris middleton,20.133333333333333,6.266666666666667,7.066666666666666,1.2,0.4,3.0666666666666664,39.986666666666665,P00585,P00585-2024
2023-24,2024,killian hayes,10.350000000000001,4.199999999999999,7.3500000000000005,1.3499999999999999,0.75,1.7999999999999998,30.915000000000003,P00586,P00586-2024
2023-24,2024,kira lewis jr,12.25531914893617,3.4468085106382977,4.9787234042553195,1.1489361702127658,0.3829787234042553,1.9148936170212767,26.540425531914895,P00588,P00588-2024
2023-24,2024,klay thompson,21.696969696969695,4.0,2.7878787878787876,0.7272727272727272,0.6060606060606061,1.8181818181818181,32.86060606060606,P00589,P00589-2024
2023-24,2024,kobe brown,8.0,5.6,2.4,1.2,0.4,0.8,22.32,P00590,P00590-2024
2023-24,2024,kobe bufkin,15.026086956521738,5.947826086956521,5.008695652173913,1.2521739130434784,0.9391304347826086,1.8782608695652172,34.372173913043476,P00591,P00591-2024
2023-24,2024,kobi simmons,10.714285714285714,3.8571428571428568,6.428571428571429,3.2142857142857144,1.0714285714285714,0.6428571428571428,37.199999999999996,P00593,P00593-2024
2023-24,2024,kris dunn,10.285714285714286,5.523809523809525,7.238095238095239,1.9047619047619049,0.761904761904762,2.2857142857142856,33.48571428571429,P00596,P00596-2024
2023-24,2024,kris murray,10.119815668202765,5.972350230414746,2.1566820276497696,1.4930875576036866,0.49769585253456217,1.4930875576036866,25.000921658986176,P00597,P00597-2024
2023-24,2024,kristaps porzingis,24.445945945945947,8.756756756756756,2.432432432432432,0.8513513513513513,2.3108108108108105,1.945945945945946,46.14324324324324,P00598,P00598-2024
2023-24,2024,kyle anderson,10.194690265486726,5.575221238938052,6.6902654867256635,1.4336283185840708,0.9557522123893804,1.9115044247787607,32.176991150442475,P00599,P00599-2024
2023-24,2024,kyle kuzma,24.515337423312882,7.288343558282207,4.638036809815951,0.5521472392638037,0.773006134969325,2.98159509202454,41.212269938650294,P00602,P00602-2024
2023-24,2024,kyle lowry,10.340425531914892,4.085106382978724,5.3617021276595755,1.2765957446808511,0.5106382978723405,1.7872340425531914,26.859574468085107,P00603,P00603-2024
2023-24,2024,kyrie irving,26.33142857142857,5.142857142857142,5.348571428571429,1.3371428571428572,0.5142857142857142,1.8514285714285714,44.22857142857143,P00605,P00605-2024
2023-24,2024,lamelo ball,26.637770897832816,5.684210526315789,8.916408668730652,2.0061919504643964,0.2229102167182663,4.235294117647059,49.28544891640866,P00609,P00609-2024
2023-24,2024,lamar stevens,17.63265306122449,8.081632653061224,1.7142857142857142,1.469387755102041,1.469387755102041,1.469387755102041,37.248979591836736,P00611,P00611-2024
2023-24,2024,landry shamet,16.177215189873415,2.962025316455696,2.734177215189873,1.1392405063291138,0.45569620253164556,1.5949367088607593,27.022784810126577,P00613,P00613-2024
2023-24,2024,larry nance jr,10.311557788944725,9.045226130653267,3.437185929648241,1.8090452261306533,0.542713567839196,1.4472361809045229,31.929648241206035,P00615,P00615-2024
2023-24,2024,lauri markkanen,25.23262839879154,8.918429003021147,2.1752265861027187,0.9788519637462235,0.5438066465256797,1.522658610271903,42.2429003021148,P00616,P00616-2024
2023-24,2024,lebron james,26.20963172804533,7.444759206798867,8.46458923512748,1.3257790368271956,0.5099150141643061,3.5694050991501416,49.77790368271956,P00618,P00618-2024
2023-24,2024,leaky black,8.917431192660551,5.944954128440367,2.9724770642201834,0.9908256880733944,1.3211009174311927,0.6605504587155964,26.78532110091743,P00619,P00619-2024
2023-24,2024,leonard miller,19.741935483870968,13.935483870967742,5.806451612903226,1.161290322580645,1.161290322580645,1.161290322580645,50.980645161290326,P00621,P00621-2024
2023-24,2024,lester quinones,14.943396226415096,6.452830188679245,3.3962264150943398,0.679245283018868,0.339622641509434,1.6981132075471699,29.139622641509437,P00622,P00622-2024
2023-24,2024,lindell wigginton,26.666666666666664,0.0,0.0,0.0,0.0,4.0,22.666666666666664,P00625,P00625-2024
2023-24,2024,lindy waters iii,17.513513513513512,5.351351351351352,2.9189189189189184,0.4864864864864865,0.972972972972973,0.972972972972973,31.71891891891892,P00626,P00626-2024
2023-24,2024,lonnie walker iv,20.06896551724138,4.551724137931035,2.689655172413793,1.2413793103448276,0.6206896551724138,1.8620689655172415,33.289655172413795,P00627,P00627-2024
2023-24,2024,luguentz dort,13.816901408450706,4.563380281690141,1.7746478873239435,1.1408450704225352,0.7605633802816901,1.1408450704225352,26.518309859154932,P00632,P00632-2024
2023-24,2024,luka doncic,32.544,8.831999999999999,9.408000000000001,1.3439999999999999,0.48000000000000004,3.8400000000000003,58.886399999999995,P00633,P00633-2024
2023-24,2024,luka garza,29.387755102040813,8.816326530612244,1.4693877551020407,1.4693877551020407,0.0,1.4693877551020407,45.110204081632645,P00634,P00634-2024
2023-24,2024,luka samanic,15.702127659574467,9.191489361702127,1.5319148936170213,0.3829787234042553,0.7659574468085106,2.6808510638297873,29.79574468085106,P00635,P00635-2024
2023-24,2024,luke kennard,15.46875,4.078124999999999,4.921875,0.703125,0.140625,1.9687499999999998,28.307812499999997,P00636,P00636-2024
2023-24,2024,luke kornet,12.230769230769232,9.461538461538462,2.5384615384615388,0.9230769230769231,2.307692307692308,0.6923076923076923,36.392307692307696,P00637,P00637-2024
2023-24,2024,malachi flynn,15.590551181102363,4.818897637795276,5.3858267716535435,1.7007874015748032,0.2834645669291339,2.5511811023622046,32.85354330708661,P00640,P00640-2024
2023-24,2024,malaki branham,15.549295774647886,3.380281690140845,3.5492957746478875,0.676056338028169,0.16901408450704225,2.028169014084507,25.43661971830986,P00642,P00642-2024
2023-24,2024,malcolm brogdon,19.693379790940764,4.7665505226480835,6.898954703832753,0.8780487804878048,0.25087108013937287,1.8815331010452963,37.26689895470383,P00643,P00643-2024
2023-24,2024,malik beasley,13.743243243243242,4.5,1.7027027027027026,0.8513513513513513,0.12162162162162163,0.8513513513513513,23.764864864864858,P00646,P00646-2024
2023-24,2024,malik monk,21.323076923076922,4.015384615384615,7.061538461538461,0.8307692307692307,0.6923076923076923,2.907692307692308,38.39538461538461,P00648,P00648-2024
2023-24,2024,malik williams,6.352941176470589,12.705882352941178,0.7058823529411764,0.9411764705882353,1.4117647058823528,0.9411764705882353,28.776470588235295,P00650,P00650-2024
2023-24,2024,mamadi diakite,18.0,6.3,2.6999999999999997,1.8,1.8,1.8,38.61,P00651,P00651-2024
2023-24,2024,maozinha pereira,14.27586206896552,10.965517241379311,0.6206896551724138,1.8620689655172415,1.2413793103448276,1.4482758620689655,36.227586206896554,P00652,P00652-2024
2023-24,2024,marjon beauchamp,12.472440944881892,5.952755905511811,1.7007874015748032,0.8503937007874016,0.2834645669291339,1.7007874015748032,23.86771653543307,P00653,P00653-2024
2023-24,2024,marcus morris sr,13.796407185628743,5.820359281437127,1.5089820359281436,0.6467065868263473,0.6467065868263473,1.2934131736526946,25.6311377245509,P00656,P00656-2024
2023-24,2024,marcus sasser,15.726315789473684,3.4105263157894736,6.252631578947367,1.1368421052631579,0.37894736842105264,2.463157894736842,31.28210526315789,P00657,P00657-2024
2023-24,2024,marcus smart,17.227722772277225,3.207920792079208,5.108910891089109,2.4950495049504955,0.3564356435643564,3.6831683168316833,33.61188118811881,P00658,P00658-2024
2023-24,2024,mark williams,17.123595505617978,13.078651685393258,1.6179775280898876,1.0786516853932586,1.4831460674157304,1.2134831460674156,41.716853932584264,P00660,P00660-2024
2023-24,2024,markelle fultz,13.245283018867926,5.433962264150944,4.754716981132075,1.6981132075471699,0.5094339622641509,2.0377358490566038,31.483018867924535,P00661,P00661-2024
2023-24,2024,markieff morris,10.843373493975903,6.506024096385541,2.602409638554217,0.8674698795180722,0.4337349397590361,2.1686746987951806,24.28915662650602,P00662,P00662-2024
2023-24,2024,markquis nowell,18.0,18.0,18.0,9.0,0.0,0.0,93.6,P00664,P00664-2024
2023-24,2024,marques bolden,11.127272727272727,10.145454545454545,1.3090909090909093,0.9818181818181818,1.9636363636363636,0.9818181818181818,33.12,P00666,P00666-2024
2023-24,2024,marvin bagley iii,19.96208530805687,10.578199052132701,1.8767772511848342,0.6824644549763034,1.1943127962085307,2.0473933649289098,39.05402843601895,P00668,P00668-2024
2023-24,2024,mason jones,9.0,6.428571428571429,6.428571428571429,1.2857142857142858,0.0,2.5714285714285716,27.642857142857142,P00669,P00669-2024
2023-24,2024,mason plumlee,12.979591836734695,12.489795918367347,2.938775510204082,0.7346938775510204,0.979591836734694,1.959183673469388,35.55918367346939,P00670,P00670-2024
2023-24,2024,matisse thybulle,8.489082969432316,3.3013100436681224,2.2008733624454146,2.6724890829694328,1.2576419213973802,0.943231441048035,26.59912663755459,P00672,P00672-2024
2023-24,2024,matt hurt,10.212765957446809,5.1063829787234045,1.2765957446808511,1.021276595744681,1.021276595744681,0.7659574468085106,23.617021276595747,P00673,P00673-2024
2023-24,2024,matt ryan,13.985611510791369,3.6258992805755392,1.553956834532374,0.5179856115107914,0.0,1.8129496402877696,20.408633093525182,P00674,P00674-2024
2023-24,2024,max christie,10.723404255319151,5.3617021276595755,2.297872340425532,0.7659574468085106,0.7659574468085106,1.2765957446808511,23.923404255319152,P00678,P00678-2024
2023-24,2024,max strus,13.725,5.3999999999999995,4.5,1.0125,0.45,1.8,29.5425,P00680,P00680-2024
2023-24,2024,maxi kleber,7.802955665024631,5.852216748768472,2.8374384236453203,0.7093596059113301,1.2413793103448276,1.2413793103448276,23.692610837438423,P00681,P00681-2024
2023-24,2024,maxwell lewis,3.5999999999999996,1.2,2.4,1.2,0.0,3.5999999999999996,8.639999999999999,P00683,P00683-2024
2023-24,2024,micah potter,10.241379310344827,8.379310344827587,1.2413793103448276,0.9310344827586207,1.2413793103448276,0.9310344827586207,27.7448275862069,P00689,P00689-2024
2023-24,2024,michael porter jr,18.965299684542586,7.9495268138801265,1.7034700315457414,0.5678233438485805,0.7949526813880126,1.2492113564668772,33.89905362776025,P00691,P00691-2024
2023-24,2024,mikal bridges,20.27586206896552,4.655172413793104,3.724137931034483,1.0344827586206897,0.4137931034482759,2.0689655172413794,33.724137931034484,P00692,P00692-2024
2023-24,2024,mike conley,14.200692041522494,3.612456747404844,7.349480968858132,1.4948096885813147,0.24913494809688586,1.619377162629758,33.17231833910035,P00693,P00693-2024
2023-24,2024,mike muscala,9.557522123893804,7.646017699115043,2.230088495575221,0.6371681415929203,0.6371681415929203,1.2743362831858407,24.626548672566372,P00694,P00694-2024
2023-24,2024,miles bridges,20.21390374331551,7.026737967914439,3.176470588235294,0.8663101604278076,0.48128342245989303,1.9251336898395721,35.528342245989315,P00695,P00695-2024
2023-24,2024,miles mcbride,15.323076923076925,2.769230769230769,3.1384615384615384,1.2923076923076922,0.18461538461538463,0.7384615384615385,27.04615384615385,P00697,P00697-2024
2023-24,2024,mitchell robinson,8.129032258064514,12.338709677419354,0.8709677419354839,1.7419354838709677,1.5967741935483872,1.161290322580645,33.09677419354838,P00699,P00699-2024
2023-24,2024,mo bamba,12.184615384615386,11.630769230769232,1.9384615384615382,1.1076923076923078,3.0461538461538464,1.9384615384615382,39.572307692307696,P00701,P00701-2024
2023-24,2024,monte morris,12.5,4.25,5.25,1.5,0.75,0.5,31.725,P00703,P00703-2024
2023-24,2024,moritz wagner,22.169491525423734,8.745762711864407,2.440677966101695,1.0169491525423728,0.6101694915254238,2.440677966101695,38.76610169491526,P00705,P00705-2024
2023-24,2024,moses brown,13.45054945054945,15.42857142857143,1.1868131868131868,0.7912087912087913,1.1868131868131868,1.978021978021978,37.7010989010989,P00706,P00706-2024
2023-24,2024,moses moody,16.662857142857142,6.171428571428572,1.8514285714285714,1.2342857142857144,0.8228571428571428,1.44,31.577142857142857,P00707,P00707-2024
2023-24,2024,mouhamadou gueye,7.9266055045871555,6.935779816513762,1.6513761467889907,0.9908256880733944,5.284403669724771,3.6330275229357802,33.91926605504587,P00709,P00709-2024
2023-24,2024,mouhamed gueye,11.80327868852459,10.918032786885249,2.0655737704918034,2.360655737704918,2.0655737704918034,0.5901639344262295,40.691803278688525,P00710,P00710-2024
2023-24,2024,moussa diabate,16.137931034482758,13.655172413793105,2.4827586206896552,3.1034482758620694,0.6206896551724138,1.2413793103448276,46.17931034482759,P00712,P00712-2024
2023-24,2024,myles turner,22.800000000000004,9.200000000000001,1.7333333333333334,0.6666666666666666,2.533333333333333,1.8666666666666667,44.17333333333334,P00715,P00715-2024
2023-24,2024,naji marshall,13.452631578947368,6.821052631578947,3.5999999999999996,1.3263157894736841,0.37894736842105264,1.894736842105263,30.25894736842105,P00719,P00719-2024
2023-24,2024,nassir little,12.000000000000002,6.000000000000001,1.7647058823529413,0.7058823529411766,0.7058823529411766,1.0588235294117647,25.02352941176471,P00720,P00720-2024
2023-24,2024,nate hinton,15.840000000000002,10.799999999999999,5.039999999999999,1.44,0.72,1.44,41.400000000000006,P00721,P00721-2024
2023-24,2024,nate mensah,3.8048780487804876,7.609756097560975,1.170731707317073,0.5853658536585366,1.7560975609756095,1.7560975609756095,19.96097560975609,P00722,P00722-2024
2023-24,2024,nate williams,17.694915254237287,6.101694915254237,1.830508474576271,1.2203389830508475,0.0,1.2203389830508475,30.20338983050847,P00723,P00723-2024
2023-24,2024,naz reid,20.082644628099175,7.735537190082645,1.9338842975206612,1.1900826446280992,1.3388429752066116,2.0826446280991733,37.77024793388429,P00725,P00725-2024
2023-24,2024,neemias queta,16.63865546218487,13.3109243697479,2.117647058823529,1.5126050420168067,2.4201680672268906,1.5126050420168067,46.073949579831925,P00726,P00726-2024
2023-24,2024,nic claxton,14.255033557046982,11.959731543624162,2.536912751677852,0.7248322147651006,2.536912751677852,1.570469798657718,40.62684563758389,P00729,P00729-2024
2023-24,2024,nick richards,13.277566539923955,10.950570342205323,1.0950570342205324,0.5475285171102662,1.5057034220532322,1.5057034220532322,32.71482889733841,P00730,P00730-2024
2023-24,2024,nick smith jr,14.853146853146853,3.524475524475524,3.020979020979021,0.5034965034965035,0.2517482517482518,2.013986013986014,23.865734265734268,P00731,P00731-2024
2023-24,2024,nickeil alexander walker,12.307692307692308,3.076923076923077,3.8461538461538467,1.2307692307692308,0.7692307692307693,1.3846153846153846,26.384615384615387,P00732,P00732-2024
2023-24,2024,nicolas batum,7.48235294117647,5.788235294117646,2.9647058823529413,1.1294117647058823,0.8470588235294118,0.9882352941176471,23.816470588235294,P00733,P00733-2024
2023-24,2024,nikola jokic,27.468208092485547,12.901734104046243,9.364161849710982,1.4566473988439304,0.9364161849710984,3.121387283236994,61.0543352601156,P00736,P00736-2024
2023-24,2024,nikola jovic,14.215384615384615,7.753846153846155,3.692307692307692,0.923076923076923,0.5538461538461538,1.6615384615384616,31.827692307692303,P00737,P00737-2024
2023-24,2024,nikola vucevic,18.892128279883384,11.020408163265307,3.4635568513119535,0.7346938775510204,0.8396501457725949,1.6793002915451898,40.355685131195344,P00739,P00739-2024
2023-24,2024,noah clowney,12.96894409937888,7.826086956521739,1.7888198757763973,0.670807453416149,1.5652173913043474,1.5652173913043474,30.186335403726705,P00741,P00741-2024
2023-24,2024,norman powell,19.099236641221374,3.5725190839694663,1.5114503816793896,0.8244274809160306,0.4122137404580153,1.2366412213740459,28.126717557251915,P00746,P00746-2024
2023-24,2024,og anunoby,15.56470588235294,4.447058823529412,2.223529411764706,1.4823529411764707,0.7411764705882353,1.6941176470588235,29.212941176470583,P00748,P00748-2024
2023-24,2024,obi toppin,17.57345971563981,6.654028436018957,2.7298578199052135,1.0236966824644549,0.8530805687203791,1.3649289099526067,33.918483412322274,P00749,P00749-2024
2023-24,2024,ochai agbaji,9.895734597156396,4.777251184834123,1.8767772511848342,1.0236966824644549,1.0236966824644549,1.3649289099526067,23.22085308056872,P00750,P00750-2024
2023-24,2024,olivier sarr,12.738461538461538,13.292307692307691,0.5538461538461539,0.0,2.769230769230769,1.1076923076923078,36.71999999999999,P00751,P00751-2024
2023-24,2024,olivier maxence prosper,12.857142857142858,8.571428571428571,2.571428571428571,0.8571428571428571,0.42857142857142855,0.8571428571428571,29.999999999999996,P00752,P00752-2024
2023-24,2024,omer yurtseven,14.526315789473683,13.578947368421051,1.894736842105263,0.631578947368421,1.263157894736842,2.526315789473684,36.821052631578944,P00753,P00753-2024
2023-24,2024,onuralp bitim,10.769230769230768,4.3076923076923075,1.846153846153846,0.3076923076923077,0.3076923076923077,1.2307692307692308,19.323076923076922,P00754,P00754-2024
2023-24,2024,onyeka okongwu,14.399999999999999,9.6,1.8352941176470587,0.7058823529411764,1.5529411764705885,1.1294117647058823,34.32,P00755,P00755-2024
2023-24,2024,orlando robinson,12.0,9.857142857142856,3.8571428571428568,0.8571428571428571,0.8571428571428571,2.142857142857143,32.61428571428571,P00756,P00756-2024
2023-24,2024,oscar tshiebwe,22.41509433962264,13.584905660377359,2.0377358490566038,2.0377358490566038,0.679245283018868,0.0,49.924528301886795,P00757,P00757-2024
2023-24,2024,oshae brissett,11.582608695652175,9.078260869565216,2.5043478260869567,0.9391304347826086,0.3130434782608696,1.2521739130434784,28.737391304347824,P00758,P00758-2024
2023-24,2024,otto porter jr,8.068965517241379,5.896551724137931,1.5517241379310347,0.9310344827586207,0.9310344827586207,0.3103448275862069,22.748275862068965,P00760,P00760-2024
2023-24,2024,ousmane dieng,12.972972972972974,4.864864864864865,3.567567567567568,0.6486486486486487,0.6486486486486487,1.945945945945946,26.10810810810811,P00761,P00761-2024
2023-24,2024,p j tucker,3.8980891719745223,6.191082802547771,1.1464968152866242,1.1464968152866242,0.4585987261146497,0.6878980891719745,17.174522292993633,P00762,P00762-2024
2023-24,2024,p j washington,15.276315789473685,6.63157894736842,2.25,1.1842105263157894,0.9473684210526316,1.5394736842105263,31.464473684210525,P00763,P00763-2024
2023-24,2024,paolo banchero,23.24571428571429,7.097142857142857,5.554285714285715,0.9257142857142857,0.6171428571428572,3.1885714285714286,41.53371428571429,P00767,P00767-2024
2023-24,2024,pascal siakam,23.530120481927707,7.6987951807228905,4.662650602409638,0.8674698795180722,0.3253012048192771,1.9518072289156625,41.389156626506015,P00769,P00769-2024
2023-24,2024,pat connaughton,9.122171945701357,5.049773755656108,3.420814479638009,0.8144796380090498,0.4886877828054298,0.9773755656108596,23.245248868778276,P00770,P00770-2024
2023-24,2024,pat spencer,5.8604651162790695,5.8604651162790695,6.697674418604652,0.0,0.0,1.674418604651163,21.26511627906977,P00771,P00771-2024
2023-24,2024,patrick baldwin jr,12.184615384615386,8.861538461538462,2.2153846153846155,1.3846153846153846,1.1076923076923078,1.3846153846153846,32.23384615384615,P00772,P00772-2024
2023-24,2024,patrick beverley,11.16,5.9399999999999995,5.22,1.08,0.72,1.6199999999999999,29.898000000000003,P00773,P00773-2024
2023-24,2024,patrick williams,13.186813186813186,5.142857142857142,1.978021978021978,1.1868131868131868,1.054945054945055,1.7142857142857142,27.336263736263735,P00774,P00774-2024
2023-24,2024,patty mills,11.076923076923077,3.0461538461538464,3.0461538461538464,1.6615384615384614,0.0,1.3846153846153846,22.901538461538465,P00775,P00775-2024
2023-24,2024,paul george,24.071005917159766,5.538461538461538,3.7278106508875744,1.5976331360946747,0.5325443786982249,2.2366863905325447,40.46272189349112,P00776,P00776-2024
2023-24,2024,paul reed,13.54639175257732,11.1340206185567,2.412371134020619,1.484536082474227,1.8556701030927836,1.484536082474227,39.06185567010309,P00778,P00778-2024
2023-24,2024,payton pritchard,15.49775784753363,5.165919282511211,5.488789237668161,0.8071748878923767,0.16143497757847533,1.1300448430493273,31.705829596412556,P00780,P00780-2024
2023-24,2024,pete nance,4.235294117647059,4.235294117647059,0.0,1.0588235294117647,0.0,1.0588235294117647,11.435294117647057,P00783,P00783-2024
2023-24,2024,peyton watson,12.96774193548387,6.193548387096774,2.129032258064516,0.9677419354838709,2.129032258064516,1.354838709677419,31.529032258064515,P00785,P00785-2024
2023-24,2024,precious achiuwa,12.493150684931507,10.84931506849315,2.136986301369863,0.9863013698630138,1.4794520547945207,1.808219178082192,34.3068493150685,P00787,P00787-2024
2023-24,2024,quentin grimes,12.53731343283582,3.5820895522388057,2.328358208955224,1.253731343283582,0.1791044776119403,0.8955223880597014,23.731343283582085,P00788,P00788-2024
2023-24,2024,quenton jackson,6.8108108108108105,12.64864864864865,6.8108108108108105,2.9189189189189184,0.0,0.0,40.96216216216216,P00789,P00789-2024
2023-24,2024,r j hampton,4.926315789473684,3.031578947368421,3.789473684210526,0.0,0.0,1.5157894736842106,12.73263157894737,P00793,P00793-2024
2023-24,2024,rj barrett,22.94006309148265,6.13249211356467,3.7476340694006307,0.5678233438485805,0.4542586750788644,2.4984227129337544,36.48832807570978,P00794,P00794-2024
2023-24,2024,raiquan gray,21.323076923076922,6.369230769230769,5.538461538461538,0.8307692307692307,0.8307692307692307,0.8307692307692307,41.427692307692304,P00796,P00796-2024
2023-24,2024,rayan rupert,8.88888888888889,5.333333333333333,3.555555555555556,0.6666666666666666,0.22222222222222224,1.777777777777778,21.51111111111111,P00801,P00801-2024
2023-24,2024,reggie bullock jr,8.336842105263159,6.442105263157895,1.1368421052631579,1.1368421052631579,0.37894736842105264,0.7578947368421053,21.562105263157896,P00805,P00805-2024
2023-24,2024,reggie jackson,16.54054054054054,3.081081081081081,6.162162162162162,0.8108108108108109,0.16216216216216217,2.1081081081081083,30.29189189189189,P00806,P00806-2024
2023-24,2024,richaun holmes,12.949640287769784,11.913669064748198,1.553956834532374,0.776978417266187,1.2949640287769784,1.553956834532374,34.238848920863305,P00808,P00808-2024
2023-24,2024,ricky council iv,21.6,5.6,2.0,1.2,0.0,0.8,34.120000000000005,P00809,P00809-2024
2023-24,2024,robert covington,9.428571428571429,7.07142857142857,1.7142857142857142,2.7857142857142856,1.2857142857142856,0.8571428571428571,31.842857142857138,P00814,P00814-2024
2023-24,2024,robert williams iii,12.363636363636363,11.454545454545455,1.4545454545454546,2.1818181818181817,2.1818181818181817,2.1818181818181817,39.2,P00815,P00815-2024
2023-24,2024,robin lopez,9.658536585365857,2.634146341463415,2.634146341463415,0.878048780487805,1.75609756097561,0.878048780487805,23.79512195121952,P00817,P00817-2024
2023-24,2024,royce o neale,11.222672064777328,6.995951417004049,4.080971659919029,1.0202429149797572,0.8744939271255061,1.3117408906882593,30.11174089068826,P00824,P00824-2024
2023-24,2024,rudy gobert,14.780058651026392,13.618768328445748,1.372434017595308,0.7390029325513197,2.2170087976539588,1.689149560117302,40.36011730205279,P00826,P00826-2024
2023-24,2024,rui hachimura,18.26865671641791,5.776119402985074,1.6119402985074627,0.8059701492537313,0.5373134328358209,0.9402985074626865,30.707462686567165,P00827,P00827-2024
2023-24,2024,russell westbrook,17.759999999999998,8.0,7.2,1.76,0.48,3.3600000000000003,41.519999999999996,P00828,P00828-2024
2023-24,2024,ryan rollins,20.4,6.0,6.6000000000000005,4.8,1.2,3.5999999999999996,51.9,P00833,P00833-2024
2023-24,2024,saben lee,14.025974025974026,6.077922077922078,6.077922077922078,1.4025974025974026,0.4675324675324676,1.4025974025974026,34.64415584415585,P00834,P00834-2024
2023-24,2024,saddiq bey,15.082568807339447,7.155963302752293,1.6513761467889907,0.8807339449541285,0.22018348623853212,0.9908256880733944,28.458715596330272,P00835,P00835-2024
2023-24,2024,sam hauser,14.727272727272728,5.7272727272727275,1.6363636363636365,0.8181818181818182,0.4909090909090909,0.6545454545454547,27.327272727272724,P00836,P00836-2024
2023-24,2024,sam merrill,16.457142857142856,4.114285714285714,3.702857142857143,0.6171428571428572,0.2057142857142857,0.6171428571428572,28.799999999999997,P00837,P00837-2024
2023-24,2024,sandro mamukelashvili,15.061224489795915,11.755102040816325,4.040816326530612,0.7346938775510203,1.1020408163265305,1.4693877551020407,39.26938775510204,P00838,P00838-2024
2023-24,2024,santi aldama,14.535849056603773,7.879245283018868,3.124528301886792,0.950943396226415,1.2226415094339622,1.4943396226415095,33.70415094339622,P00839,P00839-2024
2023-24,2024,sasha vezenkov,15.934426229508198,6.786885245901638,1.4754098360655739,1.4754098360655739,0.5901639344262295,0.8852459016393442,31.60327868852459,P00840,P00840-2024
2023-24,2024,scoot henderson,17.684210526315788,3.9157894736842107,6.821052631578947,1.0105263157894737,0.25263157894736843,4.294736842105263,32.10947368421052,P00841,P00841-2024
2023-24,2024,scottie barnes,20.52722063037249,8.458452722063038,6.292263610315185,1.340974212034384,1.547277936962751,2.8882521489971342,45.89226361031518,P00842,P00842-2024
2023-24,2024,scotty pippen jr,18.50199203187251,4.589641434262948,6.741035856573705,2.438247011952191,0.7171314741035857,3.8725099601593627,39.714741035856576,P00845,P00845-2024
2023-24,2024,seth curry,13.114285714285714,3.8571428571428568,2.571428571428571,1.2857142857142856,0.2571428571428572,1.2857142857142856,24.942857142857143,P00850,P00850-2024
2023-24,2024,seth lundy,9.931034482758621,4.9655172413793105,0.0,0.0,0.0,0.6206896551724138,15.268965517241378,P00851,P00851-2024
2023-24,2024,shaedon sharpe,17.293051359516618,5.438066465256798,3.1540785498489425,0.9788519637462235,0.4350453172205438,2.5015105740181265,30.290030211480364,P00852,P00852-2024
2023-24,2024,shai gilgeous alexander,31.87058823529412,5.8235294117647065,6.564705882352942,2.1176470588235294,0.9529411764705882,2.3294117647058825,55.58823529411766,P00853,P00853-2024
2023-24,2024,shake milton,13.388429752066116,4.760330578512397,3.8677685950413223,1.1900826446280992,0.2975206611570248,1.7851239669421488,27.580165289256197,P00854,P00854-2024
2023-24,2024,shaquille harrison,12.6,12.6,0.0,0.0,5.3999999999999995,0.0,43.92,P00856,P00856-2024
2023-24,2024,sidy cissoko,11.59322033898305,5.491525423728813,2.440677966101695,1.830508474576271,0.9152542372881355,0.9152542372881355,29.166101694915252,P00858,P00858-2024
2023-24,2024,simone fontecchio,15.180722891566266,5.349397590361447,2.168674698795181,1.0120481927710843,0.43373493975903615,1.4457831325301205,27.74457831325301,P00859,P00859-2024
2023-24,2024,skylar mays,12.94736842105263,3.473684210526316,6.947368421052632,1.894736842105263,0.3157894736842105,1.5789473684210527,32.589473684210525,P00862,P00862-2024
2023-24,2024,spencer dinwiddie,13.356890459363957,3.4346289752650176,5.978798586572439,0.8904593639575972,0.381625441696113,1.526501766784452,28.73639575971732,P00864,P00864-2024
2023-24,2024,stanley umude,14.906249999999998,5.90625,1.40625,0.8437499999999999,0.8437499999999999,1.6874999999999998,27.478125,P00867,P00867-2024
2023-24,2024,stephen curry,29.064220183486235,4.954128440366972,5.614678899082568,0.7706422018348622,0.44036697247706424,3.082568807339449,43.981651376146786,P00868,P00868-2024
2023-24,2024,svi mykhailiuk,14.257425742574258,4.2772277227722775,3.207920792079208,1.0693069306930694,0.0,1.0693069306930694,26.34059405940594,P00872,P00872-2024
2023-24,2024,t j mcconnell,20.175824175824175,5.340659340659341,10.87912087912088,1.978021978021978,0.19780219780219782,2.967032967032967,46.463736263736266,P00873,P00873-2024
2023-24,2024,t j warren,11.68421052631579,6.315789473684211,2.526315789473684,1.263157894736842,0.3157894736842105,1.263157894736842,26.526315789473685,P00874,P00874-2024
2023-24,2024,taj gibson,5.941747572815533,6.640776699029125,2.0970873786407767,0.6990291262135921,1.3980582524271843,1.0485436893203883,22.29902912621359,P00877,P00877-2024
2023-24,2024,talen horton tucker,18.363636363636363,4.363636363636363,6.363636363636363,1.6363636363636365,0.7272727272727273,2.3636363636363638,37.87272727272726,P00878,P00878-2024
2023-24,2024,tari eason,16.18348623853211,11.559633027522935,1.9816513761467889,2.3119266055045866,1.4862385321100917,1.4862385321100917,42.93577981651376,P00879,P00879-2024
2023-24,2024,taurean prince,11.866666666666667,3.8666666666666667,2.0,0.9333333333333333,0.5333333333333333,1.2,22.70666666666667,P00880,P00880-2024
2023-24,2024,taylor hendricks,12.280373831775702,7.738317757009345,1.3457943925233646,1.1775700934579438,1.3457943925233646,1.1775700934579438,29.977570093457942,P00881,P00881-2024
2023-24,2024,taze moore,16.2,7.2,4.68,1.8,0.0,2.88,34.379999999999995,P00882,P00882-2024
2023-24,2024,terance mann,12.672,4.896000000000001,2.3040000000000003,0.864,0.28800000000000003,0.864,24.5952,P00883,P00883-2024
2023-24,2024,terquavion smith,22.41509433962264,2.0377358490566038,5.433962264150944,3.3962264150943398,0.0,2.716981132075472,40.48301886792453,P00885,P00885-2024
2023-24,2024,terry rozier,21.34131736526946,4.311377245508982,6.0359281437125745,1.0778443113772456,0.32335329341317365,1.8323353293413174,37.94011976047904,P00888,P00888-2024
2023-24,2024,terry taylor,8.852459016393443,7.081967213114754,1.7704918032786885,1.180327868852459,0.5901639344262295,1.180327868852459,24.13770491803278,P00889,P00889-2024
2023-24,2024,thaddeus young,11.368421052631579,8.390977443609023,4.601503759398496,1.894736842105263,0.5413533834586466,1.3533834586466165,34.29473684210526,P00890,P00890-2024
2023-24,2024,thanasis antetokounmpo,7.043478260869565,3.1304347826086962,3.91304347826087,1.5652173913043481,0.7826086956521741,3.1304347826086962,20.582608695652176,P00891,P00891-2024
2023-24,2024,theo maledon,10.080000000000002,4.032,4.6080000000000005,1.1520000000000001,0.0,3.168,22.118400000000005,P00892,P00892-2024
2023-24,2024,thomas bryant,17.689655172413794,11.482758620689657,1.8620689655172413,0.9310344827586207,1.2413793103448276,1.8620689655172413,38.917241379310354,P00894,P00894-2024
2023-24,2024,tim hardaway jr,19.34328358208955,4.298507462686567,2.417910447761194,0.6716417910447761,0.13432835820895522,1.208955223880597,29.33731343283582,P00897,P00897-2024
2023-24,2024,timmy allen,3.744,4.896000000000001,1.44,1.1520000000000001,0.0,0.5760000000000001,14.659200000000002,P00898,P00898-2024
2023-24,2024,tobias harris,18.319526627218938,6.923076923076923,3.3017751479289945,1.0650887573964498,0.7455621301775148,1.3846153846153846,35.62721893491125,P00900,P00900-2024
2023-24,2024,torrey craig,10.363636363636365,7.454545454545453,2.0,1.0909090909090908,0.7272727272727273,1.0909090909090908,26.672727272727276,P00906,P00906-2024
2023-24,2024,tosan evbuomwan,9.833333333333332,5.833333333333333,1.5,0.6666666666666666,0.5,0.8333333333333333,21.75,P00907,P00907-2024
2023-24,2024,toumani camara,10.887096774193548,7.112903225806452,1.7419354838709677,1.306451612903226,0.7258064516129032,1.7419354838709677,26.39032258064516,P00908,P00908-2024
2023-24,2024,trae young,25.7,2.8,10.8,1.3,0.2,4.4,45.36000000000001,P00909,P00909-2024
2023-24,2024,trayce jackson davis,17.132530120481928,10.843373493975903,2.602409638554217,0.8674698795180722,2.385542168674699,1.5180722891566263,42.28915662650602,P00910,P00910-2024
2023-24,2024,tre jones,12.949640287769784,4.920863309352518,8.028776978417266,1.2949640287769784,0.12949640287769784,1.9424460431654675,33.228776978417265,P00912,P00912-2024
2023-24,2024,tre mann,13.892116182572614,5.37759336099585,5.975103734439834,1.79253112033195,0.14937759336099585,2.3900414937759336,32.74356846473029,P00913,P00913-2024
2023-24,2024,trendon watford,18.264705882352946,8.205882352941178,3.4411764705882355,1.0588235294117647,0.7941176470588236,2.6470588235294117,36.18529411764707,P00915,P00915-2024
2023-24,2024,trent forrest,7.2660550458715605,4.293577981651376,7.9266055045871555,0.9908256880733944,0.3302752293577982,1.6513761467889907,26.62018348623853,P00916,P00916-2024
2023-24,2024,trevelin queen,8.847457627118644,4.271186440677965,3.9661016949152543,1.5254237288135593,1.2203389830508475,1.5254237288135593,26.633898305084745,P00918,P00918-2024
2023-24,2024,trey jemison iii,10.643478260869566,8.45217391304348,1.7217391304347827,0.7826086956521738,1.7217391304347827,2.1913043478260867,28.690434782608698,P00925,P00925-2024
2023-24,2024,trey lyles,12.959999999999999,7.920000000000001,2.16,0.54,0.54,1.2599999999999998,27.684000000000005,P00926,P00926-2024
2023-24,2024,trey murphy iii,18.0,5.95945945945946,2.675675675675676,1.0945945945945945,0.608108108108108,0.7297297297297296,33.543243243243246,P00927,P00927-2024
2023-24,2024,tristan thompson,10.607142857142858,11.571428571428573,3.2142857142857144,0.6428571428571429,0.9642857142857144,1.9285714285714288,32.20714285714286,P00929,P00929-2024
2023-24,2024,tristan vukcevic,20.0,8.470588235294118,3.058823529411765,1.1764705882352942,1.6470588235294117,2.3529411764705883,40.870588235294115,P00930,P00930-2024
2023-24,2024,troy brown jr,10.799999999999999,6.171428571428572,2.571428571428571,1.0285714285714287,0.2571428571428572,1.2857142857142856,24.634285714285717,P00933,P00933-2024
2023-24,2024,ty jerome,9.6,2.4,7.2,0.0,0.0,2.4,20.880000000000003,P00934,P00934-2024
2023-24,2024,tyty washington jr,9.176470588235295,3.5294117647058827,3.5294117647058827,2.1176470588235294,0.0,1.4117647058823533,23.647058823529413,P00935,P00935-2024
2023-24,2024,tyler herro,22.35223880597015,5.695522388059701,4.835820895522388,0.7522388059701491,0.10746268656716418,2.3641791044776124,36.6555223880597,P00939,P00939-2024
2023-24,2024,tyrese haliburton,22.472049689440993,4.3602484472049685,12.186335403726707,1.341614906832298,0.7826086956521737,2.5714285714285707,49.78509316770186,P00944,P00944-2024
2023-24,2024,tyrese maxey,24.864,3.552,5.952,0.9600000000000001,0.48000000000000004,1.632,40.7424,P00946,P00946-2024
2023-24,2024,tyus jones,14.744027303754265,3.31740614334471,8.969283276450511,1.3515358361774745,0.36860068259385664,1.2286689419795223,36.11058020477817,P00950,P00950-2024
2023-24,2024,udoka azubuike,11.15492957746479,10.140845070422536,1.0140845070422537,0.5070422535211269,2.0281690140845074,1.5211267605633803,30.929577464788732,P00951,P00951-2024
2023-24,2024,usman garuba,6.0,14.399999999999999,2.4,2.4,6.0,3.5999999999999996,48.48,P00954,P00954-2024
2023-24,2024,vasilije micic,12.857142857142856,2.7551020408163263,8.081632653061224,0.9183673469387754,0.18367346938775508,3.1224489795918364,28.469387755102037,P00956,P00956-2024
2023-24,2024,victor wembanyama,25.939393939393938,12.848484848484848,4.7272727272727275,1.4545454545454544,4.363636363636363,4.484848484848485,61.41818181818182,P00959,P00959-2024
2023-24,2024,vince williams jr,13.043478260869565,7.304347826086956,4.434782608695652,1.1739130434782608,0.9130434782608695,2.3478260869565215,32.373913043478254,P00960,P00960-2024
2023-24,2024,vit krejci,8.926829268292682,3.512195121951219,3.365853658536585,0.8780487804878048,0.4390243902439024,1.3170731707317072,20.824390243902435,P00961,P00961-2024
2023-24,2024,walker kessler,12.515021459227468,11.587982832618026,1.390557939914163,0.7725321888412017,3.708154506437768,1.5450643776824033,40.40343347639485,P00964,P00964-2024
2023-24,2024,wendell carter jr,15.46875,9.703125,2.390625,0.8437499999999999,0.703125,1.6874999999999998,33.6515625,P00968,P00968-2024
2023-24,2024,wendell moore jr,8.399999999999999,6.0,2.4,2.4,0.0,2.4,23.999999999999996,P00969,P00969-2024
2023-24,2024,wenyen gabriel,7.555555555555556,11.111111111111112,1.3333333333333333,0.888888888888889,0.888888888888889,3.555555555555556,24.666666666666668,P00970,P00970-2024
2023-24,2024,wesley matthews,9.704347826086956,4.695652173913043,1.8782608695652172,1.2521739130434784,0.9391304347826086,0.6260869565217392,24.104347826086954,P00972,P00972-2024
2023-24,2024,xavier moon,10.16470588235294,5.5058823529411764,6.352941176470589,0.8470588235294118,0.8470588235294118,1.6941176470588235,29.68941176470588,P00979,P00979-2024
2023-24,2024,xavier tillman,10.541436464088397,7.756906077348066,2.784530386740331,1.7900552486187844,1.591160220994475,1.1933701657458564,32.97679558011049,P00981,P00981-2024
2023-24,2024,yuta watanabe,9.0,4.235294117647059,1.0588235294117647,1.0588235294117647,0.5294117647058824,1.5882352941176472,18.847058823529412,P00987,P00987-2024
2023-24,2024,zach collins,18.244343891402714,8.796380090497737,4.5610859728506785,0.8144796380090498,1.3031674208144794,3.095022624434389,38.89954751131221,P00991,P00991-2024
2023-24,2024,zach lavine,20.11461318051576,5.363896848137536,4.022922636103152,0.8252148997134672,0.30945558739255014,2.166189111747851,33.823495702005744,P00993,P00993-2024
2023-24,2024,zavier simpson,9.391304347826086,4.539130434782608,5.6347826086956525,1.5652173913043477,0.6260869565217392,2.1913043478260867,27.673043478260865,P00994,P00994-2024
2023-24,2024,zeke nnaji,11.636363636363637,8.0,2.1818181818181817,1.0909090909090908,2.5454545454545454,1.8181818181818181,33.6,P00995,P00995-2024
2023-24,2024,ziaire williams,14.470588235294118,6.176470588235294,2.6470588235294117,1.2352941176470589,0.3529411764705883,2.294117647058824,28.323529411764707,P00996,P00996-2024
2023-24,2024,zion williamson,26.17142857142857,6.628571428571428,5.7142857142857135,1.2571428571428571,0.7999999999999999,3.1999999999999997,45.66857142857142,P00997,P00997-2024
2024-25,2025,a j lawson,17.518716577540108,6.352941176470588,2.310160427807487,0.9625668449197861,0.3850267379679145,1.1550802139037435,31.4951871657754,P00001,P00001-2025
2024-25,2025,aj green,11.73568281938326,3.8061674008810575,2.3788546255506606,0.7929515418502203,0.15859030837004406,0.7929515418502203,21.933039647577097,P00002,P00002-2025
2024-25,2025,aj johnson,12.436363636363637,3.272727272727273,4.254545454545455,0.6545454545454547,0.16363636363636366,1.9636363636363636,23.236363636363638,P00004,P00004-2025
2024-25,2025,aaron gordon,18.633802816901408,6.084507042253521,4.056338028169015,0.6338028169014085,0.38028169014084506,1.7746478873239435,33.28732394366197,P00005,P00005-2025
2024-25,2025,aaron holiday,15.46875,3.65625,3.65625,0.8437499999999999,0.5625,1.6874999999999998,27.871875,P00007,P00007-2025
2024-25,2025,aaron nesmith,17.34939759036145,5.783132530120482,1.7349397590361446,1.1566265060240966,0.5783132530120483,1.1566265060240966,30.93975903614458,P00008,P00008-2025
2024-25,2025,aaron wiggins,18.8646288209607,6.131004366812228,2.8296943231441047,1.2576419213973802,0.31441048034934505,1.4148471615720524,33.767685589519644,P00009,P00009-2025
2024-25,2025,adam flagler,11.781818181818181,4.581818181818181,1.9636363636363636,1.3090909090909093,0.6545454545454547,0.6545454545454547,25.461818181818177,P00012,P00012-2025
2024-25,2025,adama sanogo,13.584905660377359,10.18867924528302,2.0377358490566038,0.0,0.0,2.0377358490566038,26.830188679245282,P00014,P00014-2025
2024-25,2025,adem bona,13.384615384615385,9.692307692307693,1.153846153846154,0.9230769230769231,2.769230769230769,2.5384615384615388,35.284615384615385,P00015,P00015-2025
2024-25,2025,ajay mitchell,14.096385542168674,4.120481927710843,3.903614457831325,1.5180722891566263,0.21686746987951805,1.7349397590361444,28.366265060240963,P00019,P00019-2025
2024-25,2025,al horford,11.696750902527077,8.057761732851986,2.729241877256318,0.779783393501805,1.1696750902527078,1.0397111913357402,30.268592057761737,P00020,P00020-2025
2024-25,2025,alec burks,14.93181818181818,5.113636363636363,2.25,1.227272727272727,0.20454545454545456,1.227272727272727,27.511363636363633,P00021,P00021-2025
2024-25,2025,alex caruso,13.243523316062175,5.409326424870466,4.66321243523316,2.9844559585492227,1.1191709844559585,1.305699481865285,37.73471502590673,P00025,P00025-2025
2024-25,2025,alex ducas,10.2,7.199999999999999,1.2,1.2,0.0,1.2,23.039999999999996,P00026,P00026-2025
2024-25,2025,alex len,6.939759036144578,9.108433734939759,3.469879518072289,0.8674698795180722,2.1686746987951806,1.7349397590361444,30.448192771084337,P00028,P00028-2025
2024-25,2025,alex reese,12.749999999999998,7.75,0.75,1.7499999999999998,1.7499999999999998,1.0,32.675,P00030,P00030-2025
2024-25,2025,alex sarr,17.269372693726936,8.634686346863468,3.188191881918819,0.9298892988929888,1.992619926199262,2.2583025830258303,38.92250922509225,P00031,P00031-2025
2024-25,2025,alondes williams,45.0,0.0,9.0,0.0,0.0,0.0,58.5,P00035,P00035-2025
2024-25,2025,alperen sengun,21.82857142857143,11.771428571428572,5.6,1.2571428571428571,0.9142857142857143,2.9714285714285715,47.89714285714285,P00036,P00036-2025
2024-25,2025,amen thompson,15.763975155279502,9.167701863354036,4.248447204968944,1.5652173913043474,1.453416149068323,2.2360248447204967,39.957763975155274,P00039,P00039-2025
2024-25,2025,amir coffey,14.370370370370368,3.2592592592592595,1.6296296296296298,0.8888888888888888,0.14814814814814817,0.8888888888888888,22.948148148148142,P00040,P00040-2025
2024-25,2025,andre drummond,13.978723404255318,14.936170212765957,1.7234042553191489,1.9148936170212767,0.9574468085106383,2.6808510638297873,40.42340425531915,P00042,P00042-2025
2024-25,2025,andre jackson jr,8.383561643835616,6.657534246575343,2.958904109589041,1.2328767123287672,0.4931506849315069,2.219178082191781,23.769863013698632,P00044,P00044-2025
2024-25,2025,andrew nembhard,12.456747404844291,4.110726643598616,6.228373702422146,1.4948096885813147,0.24913494809688586,2.1176470588235294,29.846366782006925,P00045,P00045-2025
2024-25,2025,andrew wiggins,21.107491856677527,5.276872964169382,3.0488599348534207,1.1726384364820848,0.9381107491856678,1.993485342019544,36.351791530944624,P00046,P00046-2025
2024-25,2025,anfernee simons,21.247706422018346,2.9724770642201834,5.28440366972477,0.9908256880733944,0.11009174311926606,2.201834862385321,33.84220183486239,P00047,P00047-2025
2024-25,2025,anthony black,13.983471074380166,4.31404958677686,4.611570247933885,1.6363636363636367,0.8925619834710744,2.677685950413223,30.986776859504136,P00048,P00048-2025
2024-25,2025,anthony davis,26.622754491017965,12.502994011976048,3.7724550898203595,1.2934131736526946,2.37125748502994,2.37125748502994,55.90778443113772,P00049,P00049-2025
2024-25,2025,anthony edwards,27.371900826446286,5.652892561983471,4.462809917355372,1.1900826446280992,0.5950413223140496,3.173553719008265,43.03140495867769,P00050,P00050-2025
2024-25,2025,anthony gill,11.53846153846154,6.000000000000001,1.3846153846153846,0.9230769230769231,0.0,0.9230769230769231,22.661538461538466,P00051,P00051-2025
2024-25,2025,anton watson,13.5,4.5,3.0000000000000004,1.5000000000000002,0.0,3.0000000000000004,24.9,P00053,P00053-2025
2024-25,2025,antonio reeves,16.560000000000002,3.3599999999999994,2.16,1.2,0.24000000000000002,1.6799999999999997,26.472,P00054,P00054-2025
2024-25,2025,ariel hukporti,7.862068965517242,8.275862068965518,1.6551724137931036,0.0,2.4827586206896552,3.3103448275862073,24.413793103448278,P00055,P00055-2025
2024-25,2025,armel traore,7.783783783783784,8.27027027027027,0.4864864864864865,1.945945945945946,0.972972972972973,1.4594594594594592,25.735135135135135,P00056,P00056-2025
2024-25,2025,ausar thompson,16.16,8.16,3.6799999999999997,2.72,1.1199999999999999,2.2399999999999998,40.751999999999995,P00060,P00060-2025
2024-25,2025,austin reaves,20.836676217765042,4.641833810888252,5.982808022922637,1.1346704871060174,0.30945558739255014,2.475644699140401,37.237822349570195,P00061,P00061-2025
2024-25,2025,ayo dosunmu,14.613861386138614,4.158415841584159,5.346534653465346,1.0693069306930694,0.4752475247524752,1.782178217821782,30.475247524752476,P00064,P00064-2025
2024-25,2025,bam adebayo,18.997084548104958,10.075801749271138,4.513119533527697,1.3644314868804666,0.7346938775510204,2.2040816326530615,41.951020408163274,P00066,P00066-2025
2024-25,2025,baylor scheierman,10.451612903225808,6.096774193548388,3.1935483870967745,1.4516129032258065,0.29032258064516125,1.161290322580645,26.622580645161296,P00067,P00067-2025
2024-25,2025,ben sheppard,9.784615384615384,5.169230769230769,2.4,1.1076923076923075,0.36923076923076925,0.5538461538461538,23.46461538461538,P00070,P00070-2025
2024-25,2025,ben simmons,8.181818181818182,7.690909090909091,9.163636363636362,1.1454545454545453,0.8181818181818182,3.272727272727273,33.774545454545446,P00071,P00071-2025
2024-25,2025,bennedict mathurin,19.449664429530202,6.402684563758389,2.2953020134228184,0.8456375838926173,0.3624161073825503,2.2953020134228184,31.904697986577183,P00072,P00072-2025
2024-25,2025,bilal coulibaly,13.418181818181818,5.454545454545455,3.709090909090909,1.4181818181818184,0.7636363636363636,2.290909090909091,29.78181818181818,P00074,P00074-2025
2024-25,2025,bismack biyombo,9.76595744680851,10.72340425531915,2.1063829787234045,1.1489361702127658,1.5319148936170213,1.9148936170212767,31.921276595744686,P00075,P00075-2025
2024-25,2025,blake wesley,11.288135593220339,3.3559322033898304,6.101694915254237,1.830508474576271,0.3050847457627119,2.7457627118644066,28.128813559322033,P00078,P00078-2025
2024-25,2025,bobby portis,19.700787401574804,11.905511811023622,2.9763779527559056,0.9921259842519685,0.7086614173228346,1.7007874015748032,41.85354330708662,P00080,P00080-2025
2024-25,2025,bobi klintman,12.90566037735849,6.113207547169812,6.113207547169812,2.0377358490566038,0.679245283018868,0.679245283018868,36.88301886792453,P00081,P00081-2025
2024-25,2025,bogdan bogdanovic,15.552000000000001,4.176,3.8880000000000003,1.1520000000000001,0.28800000000000003,2.016,28.699200000000005,P00082,P00082-2025
2024-25,2025,bol bol,19.741935483870968,8.419354838709676,1.7419354838709677,0.8709677419354839,2.0322580645161286,1.7419354838709677,39.42580645161289,P00084,P00084-2025
2024-25,2025,bones hyland,22.32,3.6,4.68,2.88,0.72,3.6,40.85999999999999,P00085,P00085-2025
2024-25,2025,bradley beal,19.06542056074766,3.700934579439252,4.149532710280374,1.2336448598130842,0.5607476635514018,2.130841121495327,32.98317757009345,P00087,P00087-2025
2024-25,2025,branden carlson,17.766233766233764,7.948051948051948,1.8701298701298703,0.9350649350649352,3.2727272727272725,0.9350649350649352,41.79740259740259,P00088,P00088-2025
2024-25,2025,brandin podziemski,15.71641791044776,6.850746268656716,4.567164179104478,1.4776119402985075,0.26865671641791045,1.6119402985074627,34.41492537313433,P00089,P00089-2025
2024-25,2025,brandon boston,16.322033898305083,4.88135593220339,3.3559322033898304,1.9830508474576272,0.3050847457627119,1.830508474576271,32.24745762711864,P00090,P00090-2025
2024-25,2025,brandon clarke,15.809523809523812,9.714285714285714,1.9047619047619049,1.523809523809524,1.1428571428571428,1.1428571428571428,37.180952380952384,P00091,P00091-2025
2024-25,2025,brandon ingram,24.14501510574018,6.090634441087612,5.6555891238670695,0.9788519637462235,0.6525679758308156,4.1329305135951655,40.69848942598187,P00093,P00093-2025
2024-25,2025,brandon miller,22.105263157894733,5.157894736842105,3.789473684210526,1.1578947368421053,0.7368421052631577,2.947368421052631,36.715789473684204,P00095,P00095-2025
2024-25,2025,brandon williams,20.18918918918919,4.378378378378378,5.594594594594593,1.7027027027027026,0.4864864864864865,2.9189189189189184,37.48378378378378,P00096,P00096-2025
2024-25,2025,braxton key,9.729729729729728,6.8108108108108105,0.0,6.8108108108108105,0.0,2.9189189189189184,35.41621621621621,P00097,P00097-2025
2024-25,2025,brice sensabaugh,19.425742574257427,5.346534653465346,2.673267326732673,1.0693069306930694,0.1782178217821782,2.673267326732673,30.920792079207924,P00098,P00098-2025
2024-25,2025,bronny james,12.35820895522388,3.761194029850746,4.298507462686567,1.6119402985074627,0.5373134328358209,2.6865671641791042,27.080597014925374,P00100,P00100-2025
2024-25,2025,brook lopez,14.716981132075471,5.660377358490566,2.0377358490566038,0.6792452830188679,2.150943396226415,1.2452830188679245,31.81132075471698,P00101,P00101-2025
2024-25,2025,bruce brown,13.280000000000001,6.4,3.2,1.28,0.32,1.6,28.96,P00103,P00103-2025
2024-25,2025,bruno fernando,14.232558139534882,12.558139534883722,4.604651162790698,0.8372093023255816,2.0930232558139537,3.348837209302326,41.65116279069767,P00104,P00104-2025
2024-25,2025,bryce mcgowens,14.4,2.88,2.88,1.44,0.0,4.32,22.176000000000002,P00105,P00105-2025
2024-25,2025,bub carrington,11.760000000000002,5.040000000000001,5.28,0.8399999999999999,0.36,2.04,27.288000000000004,P00107,P00107-2025
2024-25,2025,buddy hield,17.603524229074893,5.07488986784141,2.537444933920705,1.2687224669603525,0.4757709251101322,1.7444933920704848,30.988546255506616,P00109,P00109-2025
2024-25,2025,cj mccollum,23.229357798165136,4.18348623853211,4.513761467889908,0.8807339449541285,0.44036697247706424,2.091743119266055,36.89174311926605,P00112,P00112-2025
2024-25,2025,cade cunningham,26.845714285714287,6.274285714285714,9.36,1.0285714285714285,0.8228571428571428,4.525714285714286,49.443428571428576,P00113,P00113-2025
2024-25,2025,caleb houstan,10.852941176470587,3.4411764705882355,1.5882352941176472,1.0588235294117647,0.2647058823529412,0.5294117647058824,20.805882352941172,P00114,P00114-2025
2024-25,2025,caleb martin,10.494464944649446,5.180811808118081,2.789667896678967,1.3284132841328413,0.6642066420664207,1.5940959409594095,25.27970479704797,P00116,P00116-2025
2024-25,2025,cam christie,11.2,7.2,4.0,3.2,0.8,1.6,36.239999999999995,P00117,P00117-2025
2024-25,2025,cam reddish,6.47191011235955,4.044943820224719,1.4157303370786516,2.0224719101123596,0.6067415730337078,0.8089887640449438,20.528089887640448,P00119,P00119-2025
2024-25,2025,cam spencer,14.970297029702971,4.2772277227722775,4.990099009900989,1.4257425742574257,0.0,0.7128712871287128,31.15247524752475,P00120,P00120-2025
2024-25,2025,cam thomas,27.692307692307693,3.8076923076923075,4.384615384615384,0.6923076923076923,0.11538461538461539,2.884615384615385,38.376923076923084,P00121,P00121-2025
2024-25,2025,cam whitmore,20.88888888888889,6.666666666666667,2.2222222222222223,1.3333333333333333,0.6666666666666666,2.0,36.22222222222222,P00122,P00122-2025
2024-25,2025,cameron johnson,21.41772151898734,4.898734177215189,3.873417721518987,1.0253164556962024,0.45569620253164556,1.9367088607594936,35.612658227848094,P00123,P00123-2025
2024-25,2025,cameron payne,16.450331125827816,3.337748344370861,6.675496688741722,1.1920529801324504,0.4768211920529802,1.6688741721854305,33.80662251655629,P00125,P00125-2025
2024-25,2025,caris levert,17.49397590361446,4.626506024096386,4.9156626506024095,1.3012048192771086,0.7228915662650602,1.7349397590361446,34.7566265060241,P00126,P00126-2025
2024-25,2025,cason wallace,10.956521739130435,4.434782608695652,3.260869565217391,2.3478260869565215,0.6521739130434783,1.1739130434782608,28.995652173913044,P00131,P00131-2025
2024-25,2025,charles bassey,15.23076923076923,14.538461538461538,1.7307692307692306,1.3846153846153846,2.769230769230769,2.0769230769230766,45.6576923076923,P00139,P00139-2025
2024-25,2025,chet holmgren,19.708029197080293,10.51094890510949,2.6277372262773726,0.9197080291970803,2.89051094890511,2.3649635036496353,45.32846715328467,P00144,P00144-2025
2024-25,2025,chris boucher,20.930232558139537,9.418604651162791,1.4651162790697674,1.0465116279069768,1.0465116279069768,1.255813953488372,39.45348837209302,P00147,P00147-2025
2024-25,2025,chris duarte,17.18181818181818,9.818181818181817,4.090909090909091,0.0,0.0,0.8181818181818182,34.281818181818174,P00149,P00149-2025
2024-25,2025,chris livingston,10.079999999999998,12.239999999999998,1.44,1.44,0.0,2.16,29.087999999999994,P00150,P00150-2025
2024-25,2025,chris paul,11.314285714285717,4.628571428571429,9.514285714285714,1.6714285714285715,0.38571428571428573,2.0571428571428574,35.25428571428572,P00152,P00152-2025
2024-25,2025,christian braun,16.353982300884958,5.522123893805309,2.7610619469026547,1.1681415929203542,0.5309734513274336,1.0619469026548671,31.157522123893813,P00155,P00155-2025
2024-25,2025,christian koloko,9.391304347826086,9.782608695652176,1.5652173913043481,0.7826086956521741,1.5652173913043481,1.1739130434782608,29.347826086956527,P00156,P00156-2025
2024-25,2025,chuma okeke,9.698630136986303,8.547945205479452,2.794520547945206,0.9863013698630138,0.6575342465753425,0.4931506849315069,28.58630136986302,P00158,P00158-2025
2024-25,2025,clint capela,14.971962616822431,14.29906542056075,1.8504672897196264,1.0093457943925233,1.6822429906542058,1.5140186915887852,41.467289719626166,P00159,P00159-2025
2024-25,2025,coby white,22.187311178247732,4.02416918429003,4.894259818731118,0.9788519637462235,0.2175226586102719,2.6102719033232624,35.33655589123866,P00160,P00160-2025
2024-25,2025,cody martin,11.076923076923075,6.841628959276018,3.257918552036199,1.7918552036199096,0.9773755656108596,1.6289592760180995,30.852488687782795,P00161,P00161-2025
2024-25,2025,cody williams,7.811320754716981,3.9056603773584904,2.0377358490566038,0.8490566037735849,0.5094339622641509,1.528301886792453,18.10188679245283,P00162,P00162-2025
2024-25,2025,colby jones,10.90909090909091,6.000000000000001,3.0000000000000004,1.9090909090909092,0.8181818181818182,1.6363636363636365,29.154545454545453,P00164,P00164-2025
2024-25,2025,cole anthony,18.39130434782609,5.869565217391305,5.673913043478261,1.3695652173913044,0.9782608695652175,2.9347826086956523,38.05434782608695,P00165,P00165-2025
2024-25,2025,cole swider,12.494117647058825,5.71764705882353,0.6352941176470588,0.8470588235294118,0.4235294117647059,0.8470588235294118,23.27294117647059,P00166,P00166-2025
2024-25,2025,colin castleton,10.192771084337348,10.192771084337348,2.385542168674699,0.6506024096385542,0.8674698795180722,1.9518072289156625,28.60481927710843,P00167,P00167-2025
2024-25,2025,collin gillespie,15.17142857142857,6.171428571428572,6.171428571428572,1.542857142857143,0.5142857142857143,1.2857142857142856,36.72,P00168,P00168-2025
2024-25,2025,collin sexton,23.741935483870968,3.483870967741936,5.419354838709678,0.903225806451613,0.12903225806451615,3.225806451612903,35.92258064516129,P00170,P00170-2025
2024-25,2025,corey kispert,15.878326996197718,4.106463878326997,2.326996197718631,0.5475285171102662,0.2737642585551331,1.3688212927756653,25.391634980988595,P00172,P00172-2025
2024-25,2025,cory joseph,10.327868852459018,4.426229508196721,4.131147540983607,1.4754098360655739,0.29508196721311475,1.180327868852459,25.967213114754102,P00174,P00174-2025
2024-25,2025,craig porter jr,13.18811881188119,4.633663366336634,4.990099009900989,1.0693069306930694,1.0693069306930694,2.4950495049504946,30.154455445544556,P00175,P00175-2025
2024-25,2025,d angelo russell,17.788235294117644,3.9529411764705884,7.199999999999999,1.4117647058823528,0.5647058823529412,2.6823529411764704,36.578823529411764,P00178,P00178-2025
2024-25,2025,d j carton,3.469879518072289,4.337349397590361,3.469879518072289,2.1686746987951806,0.0,4.337349397590361,16.048192771084334,P00181,P00181-2025
2024-25,2025,daquan jeffries,10.578947368421053,4.578947368421052,1.736842105263158,0.9473684210526315,0.7894736842105263,1.1052631578947367,22.78421052631579,P00183,P00183-2025
2024-25,2025,daeqwon plowden,21.599999999999998,5.3999999999999995,0.8999999999999999,0.0,0.0,2.0999999999999996,27.33,P00185,P00185-2025
2024-25,2025,daishen nix,2.511627906976744,10.88372093023256,8.372093023255815,0.0,0.0,10.88372093023256,17.246511627906976,P00186,P00186-2025
2024-25,2025,dalano banton,17.89221556886228,4.311377245508982,5.173652694610778,1.2934131736526946,1.0778443113772456,2.8023952095808387,35.137724550898206,P00188,P00188-2025
2024-25,2025,dalen terry,12.0,4.533333333333333,3.466666666666667,1.6,0.5333333333333333,1.8666666666666667,27.173333333333332,P00189,P00189-2025
2024-25,2025,dalton knecht,17.0625,5.25,1.5000000000000002,0.5625,0.18750000000000003,0.9375,26.925,P00190,P00190-2025
2024-25,2025,damian lillard,24.831024930747922,4.686980609418283,7.080332409972298,1.1966759002770082,0.1994459833795014,2.7922437673130194,42.47202216066482,P00192,P00192-2025
2024-25,2025,damion baugh,10.639676113360323,4.809716599190283,5.392712550607287,1.45748987854251,0.145748987854251,3.0607287449392717,26.249392712550602,P00193,P00193-2025
2024-25,2025,damion lee,20.482758620689655,4.9655172413793105,2.4827586206896552,1.2413793103448276,0.0,2.4827586206896552,31.40689655172414,P00194,P00194-2025
2024-25,2025,daniel gafford,20.595348837209304,11.386046511627907,2.344186046511628,0.6697674418604651,3.013953488372093,2.0093023255813955,46.81674418604651,P00196,P00196-2025
2024-25,2025,daniel theis,9.496932515337422,9.496932515337422,3.5337423312883436,1.1042944785276074,1.1042944785276074,1.54601226993865,31.273619631901838,P00198,P00198-2025
2024-25,2025,daniss jenkins,10.90909090909091,3.272727272727273,4.363636363636364,0.0,0.0,1.090909090909091,20.290909090909093,P00200,P00200-2025
2024-25,2025,dante exum,16.838709677419352,3.290322580645161,5.419354838709676,1.161290322580645,0.3870967741935484,2.129032258064516,31.43225806451613,P00203,P00203-2025
2024-25,2025,dario saric,9.618320610687023,8.51908396946565,3.847328244274809,1.099236641221374,0.2748091603053435,2.4732824427480917,27.261068702290075,P00205,P00205-2025
2024-25,2025,dariq whitehead,16.68292682926829,4.390243902439025,1.7560975609756095,0.8780487804878048,0.2926829268292683,2.341463414634146,25.756097560975608,P00206,P00206-2025
2024-25,2025,darius garland,24.15635179153095,3.400651465798046,7.856677524429968,1.4071661237785016,0.11726384364820848,2.931596091205212,41.66384364820847,P00209,P00209-2025
2024-25,2025,david duke jr,17.05263157894737,5.052631578947368,4.421052631578947,1.263157894736842,0.0,1.894736842105263,31.64210526315789,P00211,P00211-2025
2024-25,2025,david roddy,13.354838709677418,7.258064516129032,3.1935483870967745,1.161290322580645,0.8709677419354839,2.0322580645161286,30.919354838709673,P00214,P00214-2025
2024-25,2025,davion mitchell,10.379562043795621,3.0218978102189777,6.437956204379563,1.3138686131386863,0.26277372262773724,2.2335766423357666,26.159124087591245,P00215,P00215-2025
2024-25,2025,day ron sharpe,15.712707182320441,13.127071823204417,3.580110497237569,1.591160220994475,1.591160220994475,2.585635359116022,43.796685082872926,P00218,P00218-2025
2024-25,2025,de aaron fox,23.434903047091414,4.786703601108033,6.282548476454293,1.4958448753462603,0.3988919667590028,2.7922437673130194,41.49473684210526,P00219,P00219-2025
2024-25,2025,de andre hunter,22.5,5.294117647058823,1.852941176470588,1.0588235294117647,0.2647058823529412,1.7205882352941178,33.88235294117648,P00220,P00220-2025
2024-25,2025,de anthony melton,18.356435643564357,5.881188118811881,4.990099009900989,2.1386138613861387,0.5346534653465347,3.0297029702970297,37.88910891089108,P00221,P00221-2025
2024-25,2025,deandre jordan,10.829268292682926,14.92682926829268,2.6341463414634143,0.8780487804878048,1.4634146341463414,2.0487804878048776,37.668292682926825,P00222,P00222-2025
2024-25,2025,demar derozan,22.26183844011142,3.9108635097493036,4.412256267409471,0.8022284122562675,0.40111420612813375,1.403899721448468,35.77938718662953,P00225,P00225-2025
2024-25,2025,dean wade,9.169811320754716,7.132075471698114,2.207547169811321,1.1886792452830188,0.5094339622641509,0.679245283018868,25.454716981132073,P00227,P00227-2025
2024-25,2025,deandre ayton,17.165562913907287,12.158940397350994,1.9072847682119207,0.9536423841059604,1.1920529801324504,2.0264900662251657,39.02781456953643,P00228,P00228-2025
2024-25,2025,dejounte murray,19.32515337423313,7.177914110429447,8.171779141104293,2.208588957055215,0.44171779141104295,3.7546012269938647,44.39263803680982,P00230,P00230-2025
2024-25,2025,delon wright,7.018867924528302,3.8490566037735845,4.30188679245283,2.0377358490566038,0.6792452830188679,1.3584905660377358,24.883018867924523,P00231,P00231-2025
2024-25,2025,deni avdija,20.279999999999998,8.76,4.68,1.2,0.6,3.24,39.971999999999994,P00232,P00232-2025
2024-25,2025,dennis schroder,16.78291814946619,3.3309608540925266,6.918149466192171,1.1530249110320285,0.25622775800711745,2.4341637010676154,32.950889679715296,P00233,P00233-2025
2024-25,2025,dereck lively ii,13.558441558441556,11.688311688311689,3.74025974025974,0.935064935064935,2.4935064935064934,1.7142857142857144,41.76623376623377,P00236,P00236-2025
2024-25,2025,derrick jones jr,14.962962962962962,5.037037037037037,1.1851851851851853,1.4814814814814814,0.5925925925925927,1.3333333333333333,27.674074074074074,P00240,P00240-2025
2024-25,2025,derrick white,17.41592920353982,4.778761061946903,5.097345132743363,0.9557522123893807,1.1681415929203542,1.8053097345132743,35.36283185840708,P00243,P00243-2025
2024-25,2025,desmond bane,21.599999999999998,6.8625,5.9624999999999995,1.3499999999999999,0.45,2.6999999999999997,41.47874999999999,P00244,P00244-2025
2024-25,2025,devin booker,24.70777479892762,3.9571045576407506,6.8525469168900806,0.8686327077747991,0.19302949061662203,2.7989276139410193,40.12117962466488,P00245,P00245-2025
2024-25,2025,devin carter,12.436363636363637,6.872727272727273,3.6,1.9636363636363636,0.3272727272727273,1.6363636363636365,31.320000000000004,P00247,P00247-2025
2024-25,2025,devin vassell,18.929032258064517,4.64516129032258,3.367741935483871,1.5096774193548388,0.5806451612903225,1.6258064516129032,34.2,P00248,P00248-2025
2024-25,2025,dillon brooks,15.849056603773585,4.188679245283019,1.9245283018867922,0.9056603773584906,0.22641509433962265,1.1320754716981132,26.026415094339626,P00255,P00255-2025
2024-25,2025,dillon jones,8.823529411764707,7.764705882352943,3.8823529411764715,1.0588235294117647,0.3529411764705883,1.7647058823529413,26.43529411764706,P00256,P00256-2025
2024-25,2025,domantas sabonis,19.81556195965418,14.420749279538905,6.224783861671469,0.7262247838616713,0.41498559077809793,3.0086455331412103,46.87262247838616,P00257,P00257-2025
2024-25,2025,dominick barlow,14.13084112149533,8.074766355140186,1.6822429906542058,1.0093457943925233,1.6822429906542058,0.33644859813084116,34.0822429906542,P00258,P00258-2025
2024-25,2025,donovan clingan,11.818181818181818,14.363636363636363,2.0,0.9090909090909091,2.909090909090909,2.0,41.50909090909091,P00259,P00259-2025
2024-25,2025,donovan mitchell,27.515923566878982,5.159235668789809,5.7324840764331215,1.4904458598726116,0.22929936305732485,2.4076433121019107,45.05732484076433,P00260,P00260-2025
2024-25,2025,donte divincenzo,16.26254826254826,5.142857142857143,5.003861003861004,1.667953667953668,0.416988416988417,2.2239382239382244,33.970656370656364,P00262,P00262-2025
2024-25,2025,dorian finney smith,10.837370242214533,4.858131487889274,1.7439446366782008,1.1211072664359862,0.4982698961937717,1.1211072664359862,23.020069204152254,P00263,P00263-2025
2024-25,2025,doug mcdermott,15.555555555555557,2.2222222222222223,0.888888888888889,0.4444444444444445,0.0,0.4444444444444445,20.444444444444446,P00264,P00264-2025
2024-25,2025,draymond green,11.095890410958905,7.52054794520548,6.904109589041095,1.8493150684931507,1.2328767123287672,3.205479452054795,36.51780821917808,P00266,P00266-2025
2024-25,2025,drew eubanks,13.573770491803277,10.918032786885249,2.655737704918033,0.5901639344262295,1.7704918032786885,2.0655737704918034,35.675409836065576,P00267,P00267-2025
2024-25,2025,drew peterson,10.702702702702704,7.783783783783784,2.432432432432432,0.972972972972973,0.4864864864864865,1.4594594594594592,26.610810810810815,P00268,P00268-2025
2024-25,2025,drew timme,15.446808510638299,9.191489361702128,2.8085106382978724,0.5106382978723405,0.12765957446808512,2.1702127659574466,30.434042553191492,P00269,P00269-2025
2024-25,2025,dru smith,11.68586387434555,4.900523560209424,3.0157068062827226,2.8272251308900525,0.7539267015706806,2.2617801047120416,30.5717277486911,P00270,P00270-2025
2024-25,2025,duncan robinson,16.431535269709542,3.435684647302904,3.5850622406639,0.7468879668049793,0.14937759336099585,1.79253112033195,26.82821576763485,P00272,P00272-2025
2024-25,2025,duop reath,14.823529411764707,7.058823529411765,2.1176470588235294,1.0588235294117647,1.0588235294117647,1.0588235294117647,31.764705882352946,P00273,P00273-2025
2024-25,2025,dwight powell,7.5600000000000005,7.5600000000000005,3.6,1.08,1.44,1.08,28.512000000000008,P00275,P00275-2025
2024-25,2025,dyson daniels,15.017751479289942,6.284023668639055,4.6863905325443795,3.1952662721893494,0.7455621301775148,2.1301775147928996,39.280473372781074,P00279,P00279-2025
2024-25,2025,e j liddell,14.727272727272727,6.545454545454546,2.454545454545454,0.8181818181818182,0.8181818181818182,1.6363636363636365,29.53636363636363,P00280,P00280-2025
2024-25,2025,elfrid payton,5.915492957746478,5.577464788732394,11.661971830985916,1.6901408450704225,0.8450704225352113,4.225352112676056,33.48169014084507,P00284,P00284-2025
2024-25,2025,elijah harkless,8.347826086956522,5.478260869565218,2.0869565217391304,2.608695652173913,0.2608695652173913,0.7826086956521738,25.878260869565217,P00285,P00285-2025
2024-25,2025,emanuel miller,14.57142857142857,11.142857142857142,2.571428571428571,1.7142857142857142,0.0,0.0,36.942857142857136,P00287,P00287-2025
2024-25,2025,emoni bates,17.76,3.3599999999999994,3.8400000000000003,0.48000000000000004,0.48000000000000004,0.9600000000000001,29.472000000000005,P00289,P00289-2025
2024-25,2025,enrique freeman,9.21951219512195,6.146341463414634,1.75609756097561,0.4390243902439025,0.4390243902439025,1.3170731707317076,20.54634146341463,P00291,P00291-2025
2024-25,2025,eric gordon,12.426395939086294,2.1928934010152283,3.1065989847715736,1.2791878172588833,0.5482233502538071,1.2791878172588833,23.92081218274112,P00293,P00293-2025
2024-25,2025,evan mobley,21.83606557377049,10.977049180327871,3.777049180327869,1.0622950819672132,1.8885245901639345,2.360655737704918,47.16590163934427,P00298,P00298-2025
2024-25,2025,franz wagner,25.851632047477743,6.089020771513352,5.0207715133531154,1.3887240356083086,0.42729970326409494,2.4569732937685456,43.6807121661721,P00304,P00304-2025
2024-25,2025,fred vanvleet,14.420454545454543,3.7840909090909087,5.727272727272727,1.6363636363636365,0.4090909090909091,1.534090909090909,32.15454545454545,P00305,P00305-2025
2024-25,2025,gg jackson,16.40506329113924,7.291139240506329,2.2784810126582276,0.9113924050632911,0.45569620253164556,2.5063291139240507,30.167088607594938,P00308,P00308-2025
2024-25,2025,gabe vincent,10.867924528301888,2.207547169811321,2.3773584905660377,1.1886792452830188,0.339622641509434,1.0188679245283019,20.649056603773587,P00309,P00309-2025
2024-25,2025,garrett temple,8.444444444444445,4.444444444444445,4.888888888888889,2.6666666666666665,0.4444444444444445,1.777777777777778,28.666666666666668,P00313,P00313-2025
2024-25,2025,garrison mathews,15.254237288135595,3.864406779661017,2.6440677966101696,1.2203389830508475,0.6101694915254238,1.4237288135593218,27.92542372881356,P00314,P00314-2025
2024-25,2025,gary harris,7.2972972972972965,3.1621621621621623,1.4594594594594592,1.216216216216216,0.7297297297297296,0.972972972972973,18.145945945945947,P00316,P00316-2025
2024-25,2025,gary payton ii,15.600000000000001,7.2,3.12,1.9200000000000002,0.72,1.44,35.400000000000006,P00317,P00317-2025
2024-25,2025,gary trent jr,15.609374999999998,3.2343749999999996,1.6874999999999998,1.40625,0.140625,0.8437499999999999,25.818749999999998,P00318,P00318-2025
2024-25,2025,georges niang,16.57674418604651,5.693023255813953,2.344186046511628,0.6697674418604651,0.33488372093023255,1.6744186046511627,28.264186046511625,P00321,P00321-2025
2024-25,2025,giannis antetokounmpo,31.999999999999993,12.526315789473685,6.842105263157895,0.9473684210526315,1.263157894736842,3.263157894736842,60.66315789473684,P00323,P00323-2025
2024-25,2025,goga bitadze,12.705882352941178,11.647058823529413,3.5294117647058827,1.2352941176470589,2.4705882352941178,1.7647058823529413,41.32941176470589,P00324,P00324-2025
2024-25,2025,gradey dick,17.63265306122449,4.408163265306123,2.2040816326530615,1.1020408163265307,0.2448979591836735,1.836734693877551,28.432653061224492,P00328,P00328-2025
2024-25,2025,grant williams,12.521739130434785,6.1404682274247495,2.769230769230769,1.3244147157190636,0.9632107023411373,2.1672240802675584,28.73979933110368,P00330,P00330-2025
2024-25,2025,grayson allen,15.834024896265557,4.481327800829875,3.136929460580913,1.1950207468879668,0.4481327800829875,1.79253112033195,29.053941908713686,P00331,P00331-2025
2024-25,2025,guerschon yabusele,14.612546125461254,7.43911439114391,2.789667896678967,1.062730627306273,0.3985239852398524,1.5940959409594095,30.513653136531364,P00334,P00334-2025
2024-25,2025,gui santos,10.852941176470587,8.205882352941178,3.705882352941176,1.0588235294117647,0.5294117647058824,2.1176470588235294,28.905882352941177,P00335,P00335-2025
2024-25,2025,harrison barnes,16.279411764705884,5.029411764705882,2.25,0.6617647058823529,0.2647058823529412,0.7941176470588236,27.675,P00337,P00337-2025
2024-25,2025,harrison ingram,4.114285714285715,9.257142857142858,3.085714285714286,3.085714285714286,0.0,1.0285714285714287,28.080000000000002,P00338,P00338-2025
2024-25,2025,haywood highsmith,9.512195121951219,4.97560975609756,2.1951219512195124,1.3170731707317072,0.7317073170731707,1.0243902439024388,23.897560975609753,P00343,P00343-2025
2024-25,2025,herbert jones,11.444444444444445,4.333333333333334,3.6666666666666665,2.111111111111111,0.5555555555555556,2.0,28.14444444444445,P00345,P00345-2025
2024-25,2025,hunter tyson,12.000000000000002,6.923076923076923,1.8461538461538463,0.9230769230769231,0.46153846153846156,1.3846153846153846,25.84615384615385,P00349,P00349-2025
2024-25,2025,immanuel quickley,22.143884892086334,4.532374100719425,7.510791366906474,0.9064748201438848,0.12949640287769784,2.3309352517985613,39.62589928057554,P00352,P00352-2025
2024-25,2025,isaac jones,16.105263157894736,6.63157894736842,1.4210526315789473,0.4736842105263158,1.4210526315789473,1.8947368421052633,29.98421052631579,P00354,P00354-2025
2024-25,2025,isaac okoro,11.497382198952877,4.523560209424083,2.2617801047120416,1.1308900523560208,0.5654450261780104,0.7539267015706806,24.653403141361252,P00355,P00355-2025
2024-25,2025,isaiah collier,12.092664092664092,4.586872586872587,8.756756756756758,1.250965250965251,0.27799227799227805,4.030888030888031,31.28803088803089,P00356,P00356-2025
2024-25,2025,isaiah crawford,10.451612903225808,5.806451612903226,1.161290322580645,1.161290322580645,1.161290322580645,1.161290322580645,24.967741935483875,P00357,P00357-2025
2024-25,2025,isaiah hartenstein,14.451612903225808,13.806451612903226,4.903225806451613,1.0322580645161292,1.4193548387096775,2.193548387096774,43.53548387096774,P00358,P00358-2025
2024-25,2025,isaiah jackson,14.999999999999998,12.0,2.142857142857143,1.2857142857142856,3.4285714285714284,2.142857142857143,44.61428571428571,P00359,P00359-2025
2024-25,2025,isaiah joe,16.921658986175114,4.313364055299539,2.654377880184332,0.9953917050691243,0.16589861751152074,0.8294930875576038,28.73364055299539,P00360,P00360-2025
2024-25,2025,isaiah mobley,12.705882352941178,8.470588235294118,10.588235294117647,2.1176470588235294,2.1176470588235294,0.0,51.45882352941176,P00362,P00362-2025
2024-25,2025,isaiah stewart,10.85427135678392,9.949748743718594,3.075376884422111,0.7236180904522614,2.5326633165829144,1.6281407035175879,35.54773869346734,P00365,P00365-2025
2024-25,2025,isaiah wong,16.240601503759397,4.330827067669173,3.789473684210526,1.6240601503759398,0.0,2.43609022556391,29.5578947368421,P00368,P00368-2025
2024-25,2025,ivica zubac,18.4390243902439,13.829268292682928,2.963414634146342,0.7682926829268293,1.2073170731707321,1.75609756097561,43.65,P00371,P00371-2025
2024-25,2025,jd davison,13.03448275862069,4.9655172413793105,4.9655172413793105,1.8620689655172413,0.6206896551724138,4.9655172413793105,28.92413793103448,P00373,P00373-2025
2024-25,2025,jt thor,10.368000000000002,6.912,0.864,1.1520000000000001,1.44,1.44,26.2944,P00374,P00374-2025
2024-25,2025,ja morant,27.47368421052632,4.855263157894737,8.644736842105264,1.4210526315789473,0.2368421052631579,4.381578947368421,46.85921052631579,P00375,P00375-2025
2024-25,2025,ja kobe walter,14.60377358490566,5.264150943396226,2.716981132075472,1.358490566037736,0.339622641509434,1.6981132075471699,28.392452830188677,P00376,P00376-2025
2024-25,2025,jabari smith jr,14.591362126245844,8.372093023255815,1.3156146179401995,0.47840531561461797,0.8372093023255812,1.3156146179401995,29.24252491694352,P00380,P00380-2025
2024-25,2025,jabari walker,14.976,10.080000000000002,1.728,1.728,0.28800000000000003,1.728,33.983999999999995,P00381,P00381-2025
2024-25,2025,jack mcveigh,12.000000000000002,4.5,0.7500000000000001,0.0,1.5000000000000002,1.5000000000000002,21.525000000000002,P00382,P00382-2025
2024-25,2025,jackson rowe,15.310344827586208,7.448275862068966,2.896551724137931,2.896551724137931,0.0,0.8275862068965518,36.4551724137931,P00384,P00384-2025
2024-25,2025,jacob toppin,11.454545454545453,7.363636363636363,3.272727272727273,0.8181818181818182,0.0,1.6363636363636365,26.018181818181816,P00386,P00386-2025
2024-25,2025,jaden hardy,19.69811320754717,3.6226415094339623,3.1698113207547167,1.1320754716981132,0.22641509433962265,3.1698113207547167,29.705660377358484,P00387,P00387-2025
2024-25,2025,jaden ivey,21.190635451505017,4.936454849498327,4.816053511705685,1.0836120401337792,0.48160535117056863,3.6120401337792645,35.42207357859532,P00388,P00388-2025
2024-25,2025,jaden mcdaniels,13.768025078369906,6.432601880877743,2.2570532915360504,1.4670846394984327,1.0156739811912225,1.35423197492163,30.966771159874604,P00389,P00389-2025
2024-25,2025,jaden springer,10.588235294117647,5.5058823529411764,3.388235294117647,2.541176470588235,0.4235294117647059,1.6941176470588235,29.477647058823525,P00390,P00390-2025
2024-25,2025,jae crowder,8.210526315789473,6.947368421052632,2.2105263157894735,0.9473684210526315,0.0,1.263157894736842,21.44210526315789,P00391,P00391-2025
2024-25,2025,jae sean tate,11.469026548672566,7.327433628318584,2.8672566371681416,1.592920353982301,0.3185840707964602,1.2743362831858407,29.023008849557524,P00392,P00392-2025
2024-25,2025,jahmir young,12.959999999999999,3.6,7.2,0.0,0.0,1.44,26.64,P00395,P00395-2025
2024-25,2025,jaime jaquez jr,14.956521739130435,7.652173913043479,4.347826086956522,1.5652173913043481,0.3478260869565218,2.608695652173913,33.791304347826085,P00397,P00397-2025
2024-25,2025,jake laravia,12.176470588235295,6.882352941176471,4.235294117647059,1.5882352941176472,0.5294117647058824,2.294117647058824,30.847058823529412,P00398,P00398-2025
2024-25,2025,jakob poeltl,17.635135135135133,11.675675675675674,3.4054054054054053,1.4594594594594592,1.4594594594594592,2.3108108108108105,43.19999999999999,P00400,P00400-2025
2024-25,2025,jalen bridges,10.421052631578949,4.7368421052631575,0.0,0.0,0.0,4.7368421052631575,11.368421052631579,P00401,P00401-2025
2024-25,2025,jalen brunson,26.440677966101696,2.949152542372881,7.423728813559323,0.9152542372881356,0.10169491525423731,2.542372881355932,41.623728813559325,P00402,P00402-2025
2024-25,2025,jalen duren,16.275862068965516,14.206896551724139,3.7241379310344827,0.9655172413793103,1.517241379310345,2.3448275862068964,44.01379310344827,P00403,P00403-2025
2024-25,2025,jalen green,22.97872340425532,5.033434650455927,3.7203647416413372,0.9848024316109423,0.3282674772036474,2.735562310030395,35.80303951367781,P00404,P00404-2025
2024-25,2025,jalen hood schifino,12.17142857142857,3.085714285714286,4.285714285714286,0.5142857142857142,0.8571428571428571,2.057142857142857,24.36,P00405,P00405-2025
2024-25,2025,jalen johnson,19.05882352941176,10.084033613445378,5.042016806722689,1.6134453781512605,1.0084033613445378,2.924369747899159,43.663865546218496,P00406,P00406-2025
2024-25,2025,jalen pickett,10.852941176470587,3.705882352941176,5.8235294117647065,1.0588235294117647,0.2647058823529412,1.3235294117647058,26.682352941176465,P00408,P00408-2025
2024-25,2025,jalen smith,19.68,13.439999999999998,2.4,0.72,1.6799999999999997,1.44,45.168,P00410,P00410-2025
2024-25,2025,jalen suggs,20.39160839160839,5.034965034965034,4.6573426573426575,1.8881118881118881,1.1328671328671327,3.65034965034965,38.832167832167826,P00411,P00411-2025
2024-25,2025,jalen williams,24.000000000000004,5.888888888888889,5.666666666666667,1.777777777777778,0.7777777777777777,2.4444444444444446,44.7888888888889,P00412,P00412-2025
2024-25,2025,jalen wilson,13.30739299610895,4.762645914396887,2.5214007782101167,0.7003891050583657,0.14007782101167318,1.4007782101167314,23.925291828793775,P00413,P00413-2025
2024-25,2025,jamal cain,14.029411764705882,6.088235294117647,1.5882352941176472,1.5882352941176472,0.5294117647058824,1.5882352941176472,28.482352941176472,P00414,P00414-2025
2024-25,2025,jamal murray,21.340720221606645,3.8891966759002767,5.983379501385041,1.3961218836565097,0.4986149584487535,2.0941828254847645,38.57285318559556,P00415,P00415-2025
2024-25,2025,jamal shead,13.04081632653061,2.7551020408163263,7.7142857142857135,1.4693877551020407,0.18367346938775508,2.9387755102040813,29.93877551020408,P00416,P00416-2025
2024-25,2025,jamaree bouyea,9.870967741935484,2.903225806451613,5.806451612903226,2.32258064516129,1.161290322580645,4.64516129032258,27.870967741935484,P00417,P00417-2025
2024-25,2025,james harden,23.252124645892355,5.9150141643059495,8.872521246458923,1.5297450424929178,0.7138810198300283,4.385269121813031,46.00453257790368,P00420,P00420-2025
2024-25,2025,james johnson,8.129032258064514,5.806451612903226,3.4838709677419355,0.0,2.32258064516129,3.4838709677419355,23.806451612903224,P00421,P00421-2025
2024-25,2025,james wiseman,43.199999999999996,7.2,0.0,0.0,0.0,0.0,51.839999999999996,P00422,P00422-2025
2024-25,2025,jamison battle,14.440677966101696,5.491525423728814,1.8305084745762712,0.6101694915254238,0.40677966101694923,1.0169491525423728,25.810169491525425,P00424,P00424-2025
2024-25,2025,jarace walker,13.898734177215188,7.063291139240506,3.4177215189873413,1.5949367088607593,0.6835443037974682,2.2784810126582276,32.05822784810126,P00426,P00426-2025
2024-25,2025,jared butler,18.620689655172416,3.724137931034483,7.655172413793104,1.4482758620689655,0.4137931034482759,2.689655172413793,37.46896551724138,P00427,P00427-2025
2024-25,2025,jared mccain,21.43190661478599,3.3618677042801557,3.642023346303502,0.9805447470817121,0.0,2.241245136186771,31.629571984435792,P00429,P00429-2025
2024-25,2025,jared rhoden,18.782608695652172,6.70807453416149,2.459627329192547,1.5652173913043474,0.22360248447204967,1.341614906832298,34.546583850931675,P00430,P00430-2025
2024-25,2025,jaren jackson jr,26.81879194630872,6.765100671140939,2.4161073825503356,1.4496644295302012,1.8120805369127515,2.536912751677852,45.80939597315436,P00431,P00431-2025
2024-25,2025,jarred vanderbilt,9.167701863354036,11.403726708074531,2.459627329192547,2.2360248447204967,0.670807453416149,1.7888198757763973,33.47329192546583,P00432,P00432-2025
2024-25,2025,jarrett allen,17.357142857142858,12.471428571428572,2.4428571428571426,1.1571428571428573,1.1571428571428573,1.542857142857143,41.38714285714286,P00434,P00434-2025
2024-25,2025,javonte green,9.924324324324322,6.227027027027027,1.5567567567567568,1.945945945945946,0.972972972972973,0.972972972972973,27.515675675675677,P00442,P00442-2025
2024-25,2025,jaxson hayes,12.553846153846154,8.86153846153846,1.846153846153846,1.1076923076923075,1.6615384615384616,1.476923076923077,32.7876923076923,P00444,P00444-2025
2024-25,2025,jay huff,21.23076923076923,6.153846153846154,1.846153846153846,0.923076923076923,2.769230769230769,1.5384615384615385,40.92307692307692,P00445,P00445-2025
2024-25,2025,jaylen brown,23.30029154518951,6.087463556851312,4.723032069970846,1.2594752186588922,0.31486880466472306,2.728862973760933,39.68396501457727,P00447,P00447-2025
2024-25,2025,jaylen clark,11.267175572519083,3.5725190839694663,1.9236641221374045,2.4732824427480917,0.2748091603053435,0.549618320610687,26.134351145038163,P00448,P00448-2025
2024-25,2025,jaylen martin,11.838926174496645,6.765100671140939,2.6577181208053693,1.4496644295302012,0.0,1.9328859060402683,26.359731543624164,P00450,P00450-2025
2024-25,2025,jaylen nowell,14.4,4.285714285714286,3.942857142857142,0.17142857142857143,0.8571428571428571,1.7142857142857142,26.828571428571422,P00452,P00452-2025
2024-25,2025,jaylen sims,13.475935828877006,1.9251336898395721,3.8502673796791442,0.9625668449197861,0.3850267379679145,2.502673796791444,23.101604278074866,P00453,P00453-2025
2024-25,2025,jaylen wells,14.455598455598457,4.725868725868726,2.362934362934363,0.833976833976834,0.13899613899613902,1.250965250965251,25.33899613899614,P00454,P00454-2025
2024-25,2025,jaylin williams,12.718562874251496,12.071856287425149,5.604790419161677,1.0778443113772456,1.2934131736526946,1.5089820359281436,41.216766467065874,P00455,P00455-2025
2024-25,2025,jaylon tyson,13.5,7.5,3.375,1.125,0.37500000000000006,2.25,29.8125,P00456,P00456-2025
2024-25,2025,jayson tatum,26.505494505494507,8.604395604395604,5.934065934065934,1.087912087912088,0.4945054945054945,2.8681318681318677,47.610989010989016,P00458,P00458-2025
2024-25,2025,jazian gortman,14.999999999999998,3.0,4.0,1.0,1.0,3.0,27.599999999999998,P00459,P00459-2025
2024-25,2025,jeff dowtin jr,16.688741721854306,3.5761589403973515,4.529801324503311,1.4304635761589404,0.7152317880794702,0.9536423841059604,33.258278145695364,P00460,P00460-2025
2024-25,2025,jeff green,15.67741935483871,5.225806451612904,1.7419354838709677,0.5806451612903225,0.29032258064516125,0.8709677419354839,26.303225806451614,P00461,P00461-2025
2024-25,2025,jerami grant,16.0,3.8888888888888893,2.333333333333334,1.0,1.1111111111111112,1.5555555555555554,28.944444444444443,P00463,P00463-2025
2024-25,2025,jeremiah robinson earl,12.063829787234042,9.191489361702127,2.4893617021276597,1.1489361702127658,0.19148936170212766,1.5319148936170213,29.317021276595742,P00465,P00465-2025
2024-25,2025,jeremy sochan,16.221343873517785,9.24901185770751,3.4150197628458496,1.1383399209486165,0.7114624505928854,2.276679841897233,35.715415019762844,P00467,P00467-2025
2024-25,2025,jericho sims,5.4453781512605035,11.193277310924369,1.8151260504201678,0.6050420168067226,1.2100840336134453,1.8151260504201678,25.23025210084033,P00468,P00468-2025
2024-25,2025,jett howard,13.846153846153847,3.692307692307692,2.1538461538461537,0.6153846153846154,0.6153846153846154,1.846153846153846,23.353846153846153,P00471,P00471-2025
2024-25,2025,jevon carter,17.39325842696629,4.449438202247191,4.449438202247191,1.6179775280898876,0.4044943820224719,1.2134831460674156,34.26067415730337,P00472,P00472-2025
2024-25,2025,jimmy butler iii,19.873817034700316,6.13249211356467,6.13249211356467,1.5899053627760251,0.34069400630914826,1.4763406940063093,40.74700315457413,P00473,P00473-2025
2024-25,2025,jock landale,14.521008403361343,9.983193277310923,2.7226890756302518,0.9075630252100839,0.6050420168067226,1.5126050420168067,33.61008403361344,P00475,P00475-2025
2024-25,2025,joe ingles,4.8,3.5999999999999996,7.199999999999999,0.6,0.0,3.0,18.72,P00477,P00477-2025
2024-25,2025,joel embiid,28.370860927152318,9.774834437086092,5.364238410596027,0.8344370860927153,1.0728476821192054,3.933774834437086,49.93509933774834,P00481,P00481-2025
2024-25,2025,john collins,22.426229508196723,9.678688524590164,2.360655737704918,1.180327868852459,1.180327868852459,3.068852459016394,41.59475409836066,P00483,P00483-2025
2024-25,2025,john konchar,7.140495867768595,9.818181818181817,2.677685950413223,2.0826446280991733,0.8925619834710744,0.8925619834710744,30.971900826446277,P00484,P00484-2025
2024-25,2025,johnny davis,12.169014084507042,5.577464788732395,1.5211267605633803,2.0281690140845074,1.0140845070422537,1.0140845070422537,29.256338028169015,P00489,P00489-2025
2024-25,2025,johnny furphy,9.947368421052632,6.63157894736842,1.8947368421052633,1.8947368421052633,0.9473684210526316,0.9473684210526316,28.326315789473686,P00490,P00490-2025
2024-25,2025,johnny juzang,16.181818181818183,5.2727272727272725,2.0,1.0909090909090908,0.18181818181818182,1.0909090909090908,28.23636363636364,P00491,P00491-2025
2024-25,2025,jonas valanciunas,19.914893617021278,14.74468085106383,3.8297872340425534,0.9574468085106383,1.1489361702127658,2.8723404255319145,46.800000000000004,P00492,P00492-2025
2024-25,2025,jonathan isaac,12.623376623376624,10.285714285714286,1.4025974025974026,2.103896103896104,2.5714285714285716,1.1688311688311688,39.92727272727273,P00493,P00493-2025
2024-25,2025,jonathan kuminga,22.666666666666668,6.814814814814814,3.2592592592592595,1.1851851851851853,0.5925925925925927,2.2222222222222223,38.84444444444445,P00494,P00494-2025
2024-25,2025,jonathan mogbo,10.941176470588236,8.647058823529413,4.0588235294117645,1.5882352941176472,0.8823529411764707,1.9411764705882357,32.87647058823529,P00495,P00495-2025
2024-25,2025,jordan clarkson,22.43076923076923,4.430769230769231,5.123076923076923,1.1076923076923078,0.27692307692307694,3.1846153846153844,36.40153846153846,P00497,P00497-2025
2024-25,2025,jordan goodwin,10.780748663101603,7.508021390374331,2.6951871657754007,1.9251336898395721,0.770053475935829,1.7326203208556152,30.186096256684493,P00499,P00499-2025
2024-25,2025,jordan hawkins,16.47457627118644,4.271186440677965,1.830508474576271,0.7627118644067796,0.6101694915254238,1.5254237288135593,26.93898305084745,P00501,P00501-2025
2024-25,2025,jordan mclaughlin,11.117647058823529,3.705882352941176,5.8235294117647065,1.5882352941176472,0.0,1.5882352941176472,27.47647058823529,P00502,P00502-2025
2024-25,2025,jordan miller,12.94736842105263,5.052631578947368,2.8421052631578947,1.5789473684210527,0.3157894736842105,2.2105263157894735,26.747368421052627,P00503,P00503-2025
2024-25,2025,jordan poole,25.10204081632653,3.673469387755102,5.510204081632653,1.5918367346938775,0.489795918367347,3.673469387755102,40.346938775510196,P00505,P00505-2025
2024-25,2025,jordan walsh,7.384615384615385,6.000000000000001,1.8461538461538463,0.9230769230769231,0.9230769230769231,1.3846153846153846,21.507692307692313,P00507,P00507-2025
2024-25,2025,jose alvarado,15.196721311475413,3.540983606557377,6.786885245901638,1.918032786885246,0.4426229508196721,2.2131147540983607,34.49508196721312,P00508,P00508-2025
2024-25,2025,josh christopher,14.693877551020407,4.408163265306122,4.408163265306122,2.9387755102040813,1.4693877551020407,2.9387755102040813,36.881632653061224,P00509,P00509-2025
2024-25,2025,josh giddey,17.403973509933778,9.655629139072847,8.582781456953644,1.4304635761589404,0.7152317880794702,3.4569536423841063,44.84503311258278,P00510,P00510-2025
2024-25,2025,josh green,9.582733812949641,3.237410071942446,2.0719424460431655,1.4244604316546763,0.2589928057553957,1.2949640287769784,20.330935251798564,P00511,P00511-2025
2024-25,2025,josh hart,13.02127659574468,9.191489361702127,5.648936170212766,1.4361702127659572,0.3829787234042553,2.0106382978723403,35.971276595744676,P00512,P00512-2025
2024-25,2025,josh minott,15.600000000000001,6.0,2.4,1.7999999999999998,1.7999999999999998,1.2,35.99999999999999,P00514,P00514-2025
2024-25,2025,josh okogie,16.384615384615383,6.461538461538462,1.8461538461538463,2.769230769230769,1.153846153846154,1.8461538461538463,36.83076923076923,P00516,P00516-2025
2024-25,2025,josh richardson,7.741935483870967,2.903225806451613,2.903225806451613,1.9354838709677418,0.1935483870967742,1.9354838709677418,20.03225806451613,P00517,P00517-2025
2024-25,2025,jrue holiday,13.058823529411764,5.0588235294117645,4.588235294117647,1.2941176470588236,0.47058823529411764,1.4117647058823528,29.894117647058824,P00519,P00519-2025
2024-25,2025,julian champagnie,15.101694915254237,5.949152542372881,2.1355932203389827,1.0677966101694913,0.6101694915254238,1.3728813559322033,29.105084745762706,P00523,P00523-2025
2024-25,2025,julian phillips,11.661971830985916,5.323943661971832,1.267605633802817,1.267605633802817,0.7605633802816901,0.7605633802816901,25.27605633802817,P00524,P00524-2025
2024-25,2025,julian strawther,15.211267605633802,3.71830985915493,2.1971830985915495,1.0140845070422535,0.3380281690140845,1.5211267605633803,25.504225352112673,P00526,P00526-2025
2024-25,2025,julius randle,20.842105263157897,7.913312693498453,5.238390092879257,0.7801857585139319,0.2229102167182663,3.1207430340557276,38.08421052631579,P00527,P00527-2025
2024-25,2025,justin champagnie,14.666666666666668,9.5,1.6666666666666665,1.6666666666666665,1.0,1.5,35.06666666666667,P00529,P00529-2025
2024-25,2025,justin edwards,13.825095057034218,4.653992395437262,2.1901140684410647,1.3688212927756653,0.5475285171102662,1.5057034220532322,26.93840304182509,P00530,P00530-2025
2024-25,2025,justin minaya,6.113207547169812,3.3962264150943398,2.716981132075472,2.0377358490566038,0.679245283018868,2.0377358490566038,20.37735849056604,P00533,P00533-2025
2024-25,2025,jusuf nurkic,15.403846153846153,13.5,3.98076923076923,1.3846153846153846,1.2115384615384615,3.2884615384615383,42.074999999999996,P00536,P00536-2025
2024-25,2025,kj martin,10.867924528301888,4.9245283018867925,1.867924528301887,0.679245283018868,0.8490566037735849,1.0188679245283019,23.14528301886793,P00538,P00538-2025
2024-25,2025,kj simpson,12.000000000000002,4.615384615384616,4.769230769230769,1.3846153846153846,0.3076923076923077,2.4615384615384617,27.307692307692307,P00539,P00539-2025
2024-25,2025,kai jones,15.384615384615387,9.538461538461538,1.846153846153846,1.2307692307692308,1.846153846153846,1.5384615384615385,37.292307692307695,P00542,P00542-2025
2024-25,2025,karl anthony towns,25.097142857142856,13.165714285714285,3.1885714285714286,1.0285714285714285,0.72,2.7771428571428576,48.14742857142857,P00544,P00544-2025
2024-25,2025,karlo matkovic,14.74468085106383,9.574468085106382,2.1063829787234045,0.9574468085106383,1.9148936170212767,1.9148936170212767,36.095744680851055,P00545,P00545-2025
2024-25,2025,kawhi leonard,24.263322884012542,6.6583072100313485,3.498432601880878,1.8056426332288402,0.5642633228840126,2.1442006269592477,42.466457680250784,P00547,P00547-2025
2024-25,2025,keaton wallace,12.000000000000002,3.555555555555556,5.777777777777779,2.0,0.6666666666666666,2.4444444444444446,30.488888888888894,P00548,P00548-2025
2024-25,2025,keegan murray,13.014577259475221,7.032069970845481,1.469387755102041,0.8396501457725949,0.9446064139941692,0.8396501457725949,28.170262390670555,P00549,P00549-2025
2024-25,2025,keion brooks jr,15.341772151898734,6.227848101265822,1.3670886075949367,1.0632911392405062,1.0632911392405062,1.3670886075949367,29.878481012658227,P00551,P00551-2025
2024-25,2025,kel el ware,15.081081081081082,12.000000000000002,1.4594594594594597,0.972972972972973,1.783783783783784,1.4594594594594597,38.48108108108109,P00553,P00553-2025
2024-25,2025,keldon johnson,19.12970711297071,7.2301255230125525,2.410041841004184,0.9037656903765691,0.45188284518828453,1.5062761506276152,33.981589958159,P00555,P00555-2025
2024-25,2025,kelly olynyk,15.428571428571427,8.334975369458128,5.142857142857142,1.4187192118226601,0.7093596059113301,3.0147783251231526,36.51428571428571,P00557,P00557-2025
2024-25,2025,kelly oubre jr,15.710982658959537,6.3468208092485545,1.8728323699421967,1.560693641618497,0.5202312138728323,1.3526011560693643,31.02658959537572,P00558,P00558-2025
2024-25,2025,kenrich williams,13.829268292682928,7.682926829268293,3.073170731707317,1.3170731707317076,0.21951219512195125,1.3170731707317076,30.951219512195127,P00564,P00564-2025
2024-25,2025,kentavious caldwell pope,10.581081081081079,2.675675675675676,2.189189189189189,1.5810810810810811,0.4864864864864865,0.972972972972973,22.305405405405406,P00566,P00566-2025
2024-25,2025,keon ellis,12.245901639344265,3.9836065573770494,2.2131147540983607,2.2131147540983607,1.180327868852459,1.3278688524590165,29.19836065573771,P00567,P00567-2025
2024-25,2025,keon johnson,15.639344262295083,5.606557377049181,3.245901639344263,1.4754098360655739,0.5901639344262295,2.2131147540983607,31.219672131147544,P00568,P00568-2025
2024-25,2025,keshad johnson,15.934426229508198,10.622950819672132,1.7704918032786885,1.7704918032786885,1.7704918032786885,1.7704918032786885,40.19016393442623,P00569,P00569-2025
2024-25,2025,kessler edwards,9.947368421052632,6.86842105263158,2.605263157894737,1.1842105263157894,1.1842105263157894,0.9473684210526316,28.25526315789474,P00571,P00571-2025
2024-25,2025,kevin durant,26.235616438356164,5.917808219178082,4.142465753424657,0.7890410958904109,1.1835616438356162,3.0575342465753423,42.41095890410959,P00572,P00572-2025
2024-25,2025,kevin huerter,14.666666666666666,4.444444444444445,3.407407407407407,1.4814814814814814,0.4444444444444444,1.4814814814814814,29.40740740740741,P00573,P00573-2025
2024-25,2025,kevin knox ii,19.799999999999997,7.199999999999999,2.4,0.6,1.7999999999999998,1.7999999999999998,37.44,P00574,P00574-2025
2024-25,2025,kevin love,17.5045871559633,13.541284403669724,3.3027522935779814,2.3119266055045866,0.6605504587155964,1.9816513761467889,45.6440366972477,P00575,P00575-2025
2024-25,2025,kevin mccullar jr,7.397260273972603,9.863013698630137,2.4657534246575343,1.4794520547945205,1.4794520547945205,0.0,31.808219178082197,P00576,P00576-2025
2024-25,2025,kevin porter jr,18.727272727272727,6.7272727272727275,6.181818181818182,2.0,0.36363636363636365,3.272727272727273,39.89090909090909,P00578,P00578-2025
2024-25,2025,kevon looney,10.799999999999999,14.639999999999999,3.8400000000000003,1.44,1.2,1.2,40.84799999999999,P00580,P00580-2025
2024-25,2025,keyonte george,19.2,4.3428571428571425,6.3999999999999995,0.7999999999999999,0.11428571428571428,3.085714285714286,33.66857142857142,P00582,P00582-2025
2024-25,2025,khris middleton,18.789473684210524,5.842105263157895,6.473684210526315,1.4210526315789473,0.3157894736842105,2.3684210526315788,38.35263157894737,P00585,P00585-2025
2024-25,2025,killian hayes,12.0,4.0,6.933333333333334,0.9333333333333333,0.9333333333333333,2.0,30.800000000000004,P00586,P00586-2025
2024-25,2025,klay thompson,18.46153846153846,4.483516483516483,2.6373626373626373,0.923076923076923,0.5274725274725275,1.5824175824175823,30.567032967032965,P00589,P00589-2025
2024-25,2025,kobe brown,10.058823529411764,8.470588235294118,3.1764705882352944,1.0588235294117647,0.5294117647058824,1.5882352941176472,28.16470588235294,P00590,P00590-2025
2024-25,2025,kobe bufkin,15.387096774193546,6.096774193548388,4.935483870967742,0.8709677419354839,0.5806451612903225,2.32258064516129,32.13870967741936,P00591,P00591-2025
2024-25,2025,kris dunn,9.560165975103734,5.078838174273859,4.182572614107883,2.5394190871369293,0.5975103734439834,1.4937759336099585,29.84564315352697,P00596,P00596-2025
2024-25,2025,kris murray,10.013245033112584,6.198675496688742,2.384105960264901,1.1920529801324504,0.4768211920529802,1.4304635761589404,24.603973509933784,P00597,P00597-2025
2024-25,2025,kristaps porzingis,24.375,8.5,2.625,0.8749999999999999,1.8749999999999998,1.625,45.1375,P00598,P00598-2025
2024-25,2025,kyle anderson,12.951219512195124,7.463414634146342,5.26829268292683,1.5365853658536586,1.0975609756097562,1.3170731707317076,36.395121951219515,P00599,P00599-2025
2024-25,2025,kyle filipowski,16.379146919431278,10.407582938388625,3.24170616113744,1.1943127962085307,0.5118483412322274,2.3886255924170614,36.460663507109,P00600,P00600-2025
2024-25,2025,kyle kuzma,17.879194630872483,6.885906040268456,2.7785234899328852,0.7248322147651006,0.3624161073825503,2.6577181208053693,30.914093959731538,P00602,P00602-2025
2024-25,2025,kyle lowry,7.468085106382978,3.6382978723404253,5.170212765957447,1.7234042553191489,0.5744680851063829,1.1489361702127658,25.334042553191487,P00603,P00603-2025
2024-25,2025,kylor kelley,9.704347826086956,10.956521739130435,1.5652173913043477,0.3130434782608696,0.9391304347826086,1.2521739130434784,27.70434782608696,P00604,P00604-2025
2024-25,2025,kyrie irving,24.631578947368418,4.786703601108033,4.587257617728531,1.296398891966759,0.4986149584487535,2.193905817174515,40.44764542936287,P00605,P00605-2025
2024-25,2025,kyshawn george,11.818867924528302,5.705660377358491,3.3962264150943398,1.3584905660377358,0.950943396226415,1.90188679245283,28.786415094339624,P00606,P00606-2025
2024-25,2025,lamelo ball,28.349999999999998,5.5125,8.325000000000001,1.2375,0.33749999999999997,4.05,48.127500000000005,P00609,P00609-2025
2024-25,2025,lamar stevens,17.217391304347828,8.608695652173914,1.956521739130435,1.1739130434782608,0.7826086956521741,2.3478260869565215,34.00434782608696,P00611,P00611-2025
2024-25,2025,landry shamet,13.500000000000002,2.8421052631578947,1.1842105263157894,1.1842105263157894,0.0,0.9473684210526316,21.2921052631579,P00613,P00613-2025
2024-25,2025,larry nance jr,15.854922279792746,8.020725388601036,2.9844559585492227,1.4922279792746114,0.9326424870466321,1.305699481865285,35.925388601036275,P00615,P00615-2025
2024-25,2025,lauri markkanen,21.783439490445858,6.7643312101910835,1.7197452229299364,0.8025477707006369,0.4585987261146497,1.6050955414012738,34.65859872611464,P00616,P00616-2025
2024-25,2025,lebron james,25.16905444126074,8.045845272206304,8.458452722063038,1.031518624641834,0.6189111747851003,3.8166189111747855,48.64641833810887,P00618,P00618-2025
2024-25,2025,leonard miller,21.599999999999998,11.52,0.0,2.88,1.44,2.88,45.504,P00621,P00621-2025
2024-25,2025,lester quinones,16.851063829787236,3.8297872340425534,4.595744680851064,0.5106382978723405,0.5106382978723405,2.8085106382978724,28.595744680851066,P00622,P00622-2025
2024-25,2025,liam robbins,5.727272727272727,7.363636363636363,1.6363636363636365,1.6363636363636365,1.6363636363636365,4.090909090909091,22.745454545454546,P00624,P00624-2025
2024-25,2025,lindy waters iii,11.760000000000002,5.040000000000001,2.4,1.2,0.48000000000000004,0.9600000000000001,25.488000000000003,P00626,P00626-2025
2024-25,2025,lonnie walker iv,18.677824267782427,4.820083682008368,3.765690376569038,0.7531380753138076,0.45188284518828453,1.9581589958158996,31.7673640167364,P00627,P00627-2025
2024-25,2025,lonzo ball,12.324324324324325,5.513513513513513,5.351351351351352,2.1081081081081083,0.8108108108108109,1.945945945945946,33.778378378378385,P00628,P00628-2025
2024-25,2025,luguentz dort,12.452054794520548,5.0547945205479445,1.9726027397260275,1.356164383561644,0.6164383561643836,0.8630136986301369,26.531506849315065,P00632,P00632-2025
2024-25,2025,luka doncic,28.677966101694913,8.338983050847459,7.830508474576272,1.8305084745762712,0.40677966101694923,3.6610169491525424,53.4813559322034,P00633,P00633-2025
2024-25,2025,luka garza,22.5,9.0,1.9285714285714288,1.2857142857142858,0.6428571428571429,1.9285714285714288,40.05,P00634,P00634-2025
2024-25,2025,luke kennard,14.176991150442477,4.460176991150442,5.256637168141592,1.2743362831858407,0.1592920353982301,1.752212389380531,29.962831858407075,P00636,P00636-2025
2024-25,2025,luke kornet,11.612903225806452,10.258064516129032,3.096774193548387,0.9677419354838709,1.9354838709677418,0.7741935483870968,36.50322580645161,P00637,P00637-2025
2024-25,2025,luke travers,4.931506849315069,8.383561643835616,3.4520547945205475,0.4931506849315069,0.4931506849315069,3.4520547945205475,19.676712328767124,P00638,P00638-2025
2024-25,2025,malachi flynn,13.090909090909092,5.890909090909091,5.890909090909091,2.6181818181818186,0.0,3.272727272727273,33.57818181818182,P00640,P00640-2025
2024-25,2025,malaki branham,19.78021978021978,4.351648351648352,3.164835164835165,0.7912087912087913,0.0,2.769230769230769,29.353846153846153,P00642,P00642-2025
2024-25,2025,malcolm brogdon,19.45531914893617,5.82127659574468,6.280851063829786,0.7659574468085106,0.30638297872340425,2.451063829787234,36.62808510638298,P00643,P00643-2025
2024-25,2025,malevy leons,3.085714285714286,5.142857142857142,2.0571428571428574,0.0,0.0,2.0571428571428574,10.285714285714285,P00645,P00645-2025
2024-25,2025,malik beasley,21.10791366906475,3.366906474820144,2.201438848920863,1.1654676258992807,0.12949640287769784,1.2949640287769784,31.040287769784175,P00646,P00646-2025
2024-25,2025,malik monk,19.594936708860757,4.329113924050633,6.379746835443037,1.0253164556962024,0.6835443037974682,2.734177215189873,36.75189873417721,P00648,P00648-2025
2024-25,2025,marjon beauchamp,18.4,10.4,2.4,0.8,0.0,3.2,33.67999999999999,P00653,P00653-2025
2024-25,2025,marcus bagley,9.533596837944664,9.960474308300396,1.4229249011857708,1.2806324110671938,1.7075098814229248,0.9960474308300394,31.588932806324117,P00654,P00654-2025
2024-25,2025,marcus garrett,12.727272727272727,2.7272727272727275,6.0,1.4545454545454546,0.9090909090909091,2.7272727272727275,29.363636363636367,P00655,P00655-2025
2024-25,2025,marcus sasser,16.732394366197184,3.0422535211267605,5.830985915492958,1.5211267605633803,0.25352112676056343,2.2816901408450705,32.17183098591549,P00657,P00657-2025
2024-25,2025,marcus smart,16.2,3.7800000000000002,5.76,1.9800000000000002,0.54,2.88,34.056,P00658,P00658-2025
2024-25,2025,mark williams,20.706766917293233,13.804511278195488,3.3834586466165413,0.9473684210526315,1.6240601503759398,2.1654135338345863,47.896240601503756,P00660,P00660-2025
2024-25,2025,markelle fultz,11.863636363636363,4.090909090909091,5.3181818181818175,2.0454545454545454,0.4090909090909091,2.8636363636363633,29.250000000000004,P00661,P00661-2025
2024-25,2025,markieff morris,12.220183486238533,4.954128440366973,4.623853211009173,0.3302752293577982,0.6605504587155964,0.9908256880733944,27.082568807339452,P00662,P00662-2025
2024-25,2025,marvin bagley iii,18.63529411764706,11.43529411764706,1.6941176470588235,1.2705882352941176,1.2705882352941176,1.6941176470588235,40.82823529411765,P00668,P00668-2025
2024-25,2025,mason jones,18.4,7.2,8.8,0.0,0.8,0.8,41.84,P00669,P00669-2025
2024-25,2025,mason plumlee,9.204545454545455,12.477272727272727,3.6818181818181817,0.8181818181818182,1.227272727272727,1.6363636363636365,34.2,P00670,P00670-2025
2024-25,2025,matas buzelis,16.380952380952383,6.666666666666667,1.9047619047619049,0.761904761904762,1.7142857142857144,1.7142857142857144,32.952380952380956,P00671,P00671-2025
2024-25,2025,matisse thybulle,12.98076923076923,6.0576923076923075,3.2884615384615383,3.8076923076923075,1.0384615384615383,1.5576923076923077,38.16346153846153,P00672,P00672-2025
2024-25,2025,matt ryan,14.999999999999998,4.0,2.0,1.0,0.0,2.0,23.799999999999997,P00674,P00674-2025
2024-25,2025,max christie,12.659340659340659,4.351648351648351,2.505494505494505,1.054945054945055,0.5274725274725275,1.4505494505494507,24.93626373626374,P00678,P00678-2025
2024-25,2025,max strus,13.270588235294118,6.070588235294117,4.517647058823529,0.7058823529411764,0.2823529411764706,1.5529411764705885,28.743529411764705,P00680,P00680-2025
2024-25,2025,maxi kleber,5.775401069518717,5.3903743315508015,2.502673796791444,0.5775401069518717,0.9625668449197861,1.3475935828877004,19.270588235294117,P00681,P00681-2025
2024-25,2025,maxwell lewis,12.615384615384615,6.153846153846154,2.1538461538461537,0.923076923076923,0.923076923076923,1.5384615384615385,27.23076923076923,P00683,P00683-2025
2024-25,2025,micah potter,8.322580645161288,8.322580645161288,1.5483870967741935,0.7741935483870968,0.7741935483870968,1.5483870967741935,23.729032258064507,P00689,P00689-2025
2024-25,2025,michael porter jr,19.442136498516316,7.4777448071216615,2.2433234421364987,0.6409495548961424,0.5341246290801187,1.495548961424332,33.81008902077151,P00691,P00691-2025
2024-25,2025,mikal bridges,17.124324324324327,3.1135135135135137,3.6,0.8756756756756757,0.4864864864864865,1.5567567567567568,28.790270270270277,P00692,P00692-2025
2024-25,2025,mike conley,11.951417004048581,3.7894736842105265,6.558704453441296,1.6032388663967612,0.291497975708502,1.6032388663967612,30.417813765182185,P00693,P00693-2025
2024-25,2025,miles bridges,23.05362776025237,8.517350157728707,4.429022082018927,0.7949526813880126,0.7949526813880126,2.384858044164038,42.30283911671925,P00695,P00695-2025
2024-25,2025,miles mcbride,13.734939759036145,3.6144578313253013,4.19277108433735,1.4457831325301205,0.43373493975903615,0.8674698795180723,29.132530120481928,P00697,P00697-2025
2024-25,2025,miles norris,7.076923076923077,9.230769230769232,0.0,2.1538461538461537,0.923076923076923,0.0,27.384615384615383,P00698,P00698-2025
2024-25,2025,mitchell robinson,10.736842105263156,12.421052631578947,1.6842105263157894,1.894736842105263,2.3157894736842106,1.263157894736842,39.536842105263155,P00699,P00699-2025
2024-25,2025,mo bamba,12.0,12.558139534883722,1.6744186046511627,0.8372093023255813,2.7906976744186047,1.6744186046511627,38.7906976744186,P00701,P00701-2025
2024-25,2025,monte morris,14.740157480314963,4.251968503937008,4.535433070866143,1.1338582677165356,0.2834645669291339,1.4173228346456692,29.480314960629926,P00703,P00703-2025
2024-25,2025,moritz wagner,24.70212765957447,9.382978723404255,2.6808510638297873,1.5319148936170213,0.7659574468085106,3.0638297872340425,43.812765957446814,P00705,P00705-2025
2024-25,2025,moses brown,22.695652173913043,13.304347826086957,0.7826086956521741,1.956521739130435,1.1739130434782608,3.1304347826086962,46.09565217391304,P00706,P00706-2025
2024-25,2025,moses moody,15.820627802690582,4.197309417040358,2.098654708520179,1.2914798206278026,0.6457399103139013,1.1300448430493273,28.686995515695067,P00707,P00707-2025
2024-25,2025,mouhamed gueye,13.333333333333334,9.333333333333336,1.777777777777778,1.777777777777778,2.2222222222222223,1.1111111111111112,38.08888888888889,P00710,P00710-2025
2024-25,2025,moussa diabate,11.725714285714286,12.754285714285714,1.6457142857142857,1.2342857142857144,1.2342857142857144,1.8514285714285714,35.053714285714285,P00712,P00712-2025
2024-25,2025,myles turner,18.596026490066222,7.748344370860928,1.7880794701986757,0.9536423841059604,2.384105960264901,2.0264900662251657,38.56291390728477,P00715,P00715-2025
2024-25,2025,n faly dante,16.875,14.906249999999998,1.40625,0.8437499999999999,3.65625,1.40625,48.965624999999996,P00717,P00717-2025
2024-25,2025,nae qwan tomlin,20.571428571428573,12.000000000000002,1.142857142857143,0.0,0.5714285714285715,1.142857142857143,37.25714285714286,P00718,P00718-2025
2024-25,2025,naji marshall,17.093525179856115,6.215827338129496,3.884892086330935,1.2949640287769784,0.2589928057553957,2.0719424460431655,32.96978417266187,P00719,P00719-2025
2024-25,2025,nate williams,16.054054054054053,3.4054054054054053,2.432432432432432,1.945945945945946,0.972972972972973,3.4054054054054053,29.14054054054054,P00723,P00723-2025
2024-25,2025,naz reid,18.58909090909091,7.8545454545454545,3.0109090909090908,0.9163636363636363,1.1781818181818182,1.8327272727272725,36.98181818181818,P00725,P00725-2025
2024-25,2025,neemias queta,12.949640287769784,9.841726618705035,1.8129496402877696,0.776978417266187,1.8129496402877696,1.553956834532374,33.69496402877698,P00726,P00726-2025
2024-25,2025,nic claxton,13.784386617100374,9.903345724907066,2.944237918215614,1.204460966542751,1.8736059479553904,1.6059479553903344,37.713011152416364,P00729,P00729-2025
2024-25,2025,nick richards,15.21818181818182,13.418181818181816,1.4727272727272727,0.3272727272727273,1.6363636363636365,2.2909090909090906,37.12909090909091,P00730,P00730-2025
2024-25,2025,nick smith jr,15.631578947368421,3.31578947368421,3.789473684210526,0.47368421052631576,0.15789473684210525,2.2105263157894735,24.978947368421057,P00731,P00731-2025
2024-25,2025,nickeil alexander walker,13.375494071146246,4.553359683794466,3.8418972332015815,0.8537549407114624,0.5691699604743082,1.7075098814229248,27.163636363636364,P00732,P00732-2025
2024-25,2025,nicolas batum,8.228571428571428,5.76,2.262857142857143,1.44,1.0285714285714285,0.8228571428571428,25.117714285714285,P00733,P00733-2025
2024-25,2025,nikola jokic,29.035422343324253,12.45776566757493,10.005449591280652,1.76566757493188,0.5885558583106266,3.2370572207084463,62.81852861035423,P00736,P00736-2025
2024-25,2025,nikola jovic,15.346613545816732,5.5936254980079685,4.015936254980079,1.147410358565737,0.43027888446215135,1.8645418326693226,30.95139442231076,P00737,P00737-2025
2024-25,2025,nikola vucevic,21.346153846153847,11.653846153846155,4.038461538461538,0.9230769230769231,0.8076923076923077,1.8461538461538463,44.73461538461539,P00739,P00739-2025
2024-25,2025,noah clowney,14.431718061674008,6.185022026431718,1.4273127753303965,0.7929515418502203,0.7929515418502203,1.5859030837004406,27.16651982378855,P00741,P00741-2025
2024-25,2025,norman powell,24.073619631901842,3.5337423312883436,2.3190184049079754,1.3251533742331287,0.22085889570552147,1.9877300613496933,34.442944785276076,P00746,P00746-2025
2024-25,2025,og anunoby,17.704918032786885,4.721311475409835,2.1639344262295084,1.4754098360655736,0.8852459016393442,1.3770491803278686,32.321311475409836,P00748,P00748-2025
2024-25,2025,obi toppin,19.285714285714285,7.346938775510203,2.9387755102040813,1.1020408163265305,0.7346938775510203,1.6530612244897958,36.367346938775505,P00749,P00749-2025
2024-25,2025,ochai agbaji,13.764705882352942,5.029411764705882,1.9852941176470589,1.1911764705882353,0.6617647058823529,1.0588235294117647,27.277941176470588,P00750,P00750-2025
2024-25,2025,olivier maxence prosper,12.535714285714286,7.714285714285715,2.5714285714285716,1.6071428571428572,0.32142857142857145,0.9642857142857144,30.471428571428575,P00752,P00752-2025
2024-25,2025,onyeka okongwu,17.290322580645164,11.483870967741936,2.967741935483871,1.161290322580645,1.161290322580645,1.5483870967741937,40.94193548387097,P00755,P00755-2025
2024-25,2025,orlando robinson,14.194285714285714,10.285714285714285,3.702857142857143,0.8228571428571428,0.8228571428571428,2.262857142857143,34.76571428571428,P00756,P00756-2025
2024-25,2025,oscar tshiebwe,15.032967032967033,17.208791208791208,1.1868131868131868,1.7802197802197803,0.19780219780219782,1.3846153846153846,42.01318681318681,P00757,P00757-2025
2024-25,2025,oshae brissett,13.215189873417721,5.620253164556963,1.0632911392405062,1.0632911392405062,0.7594936708860759,1.9746835443037976,25.048101265822783,P00758,P00758-2025
2024-25,2025,oso ighodaro,8.842105263157894,7.578947368421052,2.526315789473684,1.0526315789473684,1.0526315789473684,1.263157894736842,26.778947368421054,P00759,P00759-2025
2024-25,2025,ousmane dieng,12.55045871559633,7.2660550458715605,2.6422018348623855,1.6513761467889907,0.6605504587155964,1.6513761467889907,30.517431192660553,P00761,P00761-2025
2024-25,2025,p j tucker,5.595854922279793,5.036269430051814,0.0,0.5595854922279793,0.5595854922279793,0.5595854922279793,14.437305699481866,P00762,P00762-2025
2024-25,2025,p j washington,16.43478260869565,8.720496894409937,2.5714285714285707,1.2298136645962734,1.2298136645962734,2.3478260869565215,35.78757763975155,P00763,P00763-2025
2024-25,2025,pj dozier,7.384615384615385,5.538461538461538,5.538461538461538,0.9230769230769231,0.0,0.9230769230769231,24.184615384615384,P00764,P00764-2025
2024-25,2025,pj hall,17.485714285714284,12.342857142857143,2.0571428571428574,0.0,2.0571428571428574,1.0285714285714287,40.52571428571429,P00765,P00765-2025
2024-25,2025,pacome dadiet,9.870967741935484,5.806451612903226,1.7419354838709677,1.161290322580645,0.5806451612903225,1.161290322580645,23.516129032258068,P00766,P00766-2025
2024-25,2025,paolo banchero,27.1046511627907,7.848837209302325,5.023255813953488,0.8372093023255816,0.627906976744186,3.1395348837209305,45.31395348837209,P00767,P00767-2025
2024-25,2025,pascal siakam,22.23853211009174,7.5963302752293576,3.743119266055045,0.9908256880733944,0.5504587155963302,1.5412844036697244,40.051376146788996,P00769,P00769-2025
2024-25,2025,pat connaughton,12.979591836734695,6.612244897959184,4.163265306122449,0.489795918367347,0.7346938775510204,1.469387755102041,29.36326530612245,P00770,P00770-2025
2024-25,2025,pat spencer,14.0625,6.749999999999999,6.749999999999999,2.25,0.5625,2.8125,37.912499999999994,P00771,P00771-2025
2024-25,2025,patrick baldwin jr,17.6,8.0,0.8,0.8,0.8,1.6,31.6,P00772,P00772-2025
2024-25,2025,patrick williams,12.959999999999999,5.4719999999999995,2.88,1.1520000000000001,0.72,2.016,27.446399999999997,P00774,P00774-2025
2024-25,2025,patty mills,12.324324324324325,2.5945945945945947,2.9189189189189193,1.2972972972972974,0.32432432432432434,1.945945945945946,22.735135135135135,P00775,P00775-2025
2024-25,2025,paul george,17.944615384615386,5.8707692307692305,4.763076923076922,1.9938461538461538,0.5538461538461539,2.88,36.89723076923077,P00776,P00776-2025
2024-25,2025,paul reed,15.216494845360824,10.020618556701033,3.711340206185567,3.3402061855670104,2.2268041237113403,2.2268041237113403,47.282474226804126,P00778,P00778-2025
2024-25,2025,payton pritchard,18.12676056338028,4.816901408450704,4.436619718309859,1.1408450704225352,0.25352112676056343,1.267605633802817,33.47746478873239,P00780,P00780-2025
2024-25,2025,pelle larsson,11.661971830985916,4.309859154929578,3.0422535211267605,1.5211267605633803,0.25352112676056343,1.0140845070422537,25.70704225352113,P00782,P00782-2025
2024-25,2025,pete nance,9.849056603773585,5.433962264150944,2.716981132075472,0.679245283018868,0.679245283018868,1.0188679245283019,23.50188679245283,P00783,P00783-2025
2024-25,2025,peyton watson,11.950819672131146,5.0163934426229515,2.0655737704918034,1.0327868852459017,2.0655737704918034,1.180327868852459,29.183606557377047,P00785,P00785-2025
2024-25,2025,phillip wheeler,6.545454545454546,6.545454545454546,1.6363636363636365,0.8181818181818182,1.6363636363636365,0.8181818181818182,23.400000000000002,P00786,P00786-2025
2024-25,2025,precious achiuwa,11.590243902439024,9.834146341463413,1.7560975609756098,1.4048780487804877,1.2292682926829266,1.4048780487804877,32.522926829268286,P00787,P00787-2025
2024-25,2025,quentin grimes,19.611940298507463,5.776119402985074,4.029850746268657,1.3432835820895521,0.40298507462686567,2.5522388059701493,35.27462686567164,P00788,P00788-2025
2024-25,2025,quenton jackson,15.352941176470587,4.235294117647059,5.029411764705882,2.1176470588235294,0.5294117647058824,1.5882352941176472,34.33235294117647,P00789,P00789-2025
2024-25,2025,quincy olivari,10.799999999999999,0.0,3.6,0.0,0.0,3.6,12.6,P00790,P00790-2025
2024-25,2025,quinten post,17.889570552147237,7.730061349693251,2.871165644171779,0.8834355828220859,0.8834355828220859,1.7668711656441718,35.00613496932515,P00792,P00792-2025
2024-25,2025,rj barrett,23.59006211180124,7.0434782608695645,6.037267080745341,0.8944099378881987,0.3354037267080745,3.24223602484472,41.54534161490683,P00794,P00794-2025
2024-25,2025,rayj dennis,15.1875,6.1875,7.3125,3.3749999999999996,1.125,2.8125,44.26875,P00800,P00800-2025
2024-25,2025,rayan rupert,12.272727272727272,5.3181818181818175,2.0454545454545454,1.227272727272727,0.4090909090909091,2.454545454545454,24.177272727272722,P00801,P00801-2025
2024-25,2025,reece beekman,7.2,3.0461538461538464,4.984615384615385,2.4923076923076923,0.27692307692307694,1.6615384615384614,24.97846153846154,P00803,P00803-2025
2024-25,2025,reed sheppard,12.571428571428573,4.285714285714286,4.0,2.0,0.8571428571428571,2.0,30.285714285714285,P00804,P00804-2025
2024-25,2025,reggie jackson,12.774193548387098,4.064516129032257,4.354838709677419,1.4516129032258065,0.29032258064516125,1.4516129032258065,27.95806451612903,P00806,P00806-2025
2024-25,2025,richaun holmes,15.488372093023257,11.930232558139537,2.9302325581395348,0.627906976744186,1.4651162790697674,1.4651162790697674,39.013953488372096,P00808,P00808-2025
2024-25,2025,ricky council iv,15.368421052631579,6.105263157894736,2.7368421052631575,0.8421052631578947,0.42105263157894735,1.4736842105263155,29.11578947368421,P00809,P00809-2025
2024-25,2025,rob dillingham,15.428571428571427,3.4285714285714284,6.857142857142857,1.3714285714285714,0.0,3.7714285714285714,30.171428571428564,P00812,P00812-2025
2024-25,2025,robert williams iii,11.863636363636363,12.068181818181817,2.25,1.4318181818181817,3.4772727272727266,1.8409090909090908,42.60681818181818,P00815,P00815-2025
2024-25,2025,ron harper jr,8.470588235294118,14.823529411764705,4.235294117647059,0.0,0.0,0.0,32.61176470588235,P00822,P00822-2025
2024-25,2025,ronald holland ii,14.76923076923077,6.230769230769232,2.307692307692308,1.3846153846153846,0.46153846153846156,2.076923076923077,29.169230769230772,P00823,P00823-2025
2024-25,2025,royce o neale,13.371428571428572,6.906122448979592,3.23265306122449,1.3224489795918368,0.5877551020408164,1.3224489795918368,30.915918367346936,P00824,P00824-2025
2024-25,2025,rudy gobert,13.012048192771083,11.819277108433734,1.9518072289156625,0.8674698795180722,1.5180722891566263,1.3012048192771084,35.97831325301204,P00826,P00826-2025
2024-25,2025,rui hachimura,14.876971608832807,5.678233438485804,1.5899053627760251,0.9085173501577288,0.4542586750788644,0.9085173501577288,27.25552050473186,P00827,P00827-2025
2024-25,2025,russell westbrook,17.161290322580648,6.322580645161291,7.870967741935484,1.806451612903226,0.6451612903225807,4.129032258064517,39.78064516129032,P00828,P00828-2025
2024-25,2025,ryan dunn,13.00523560209424,6.785340314136125,1.5078534031413613,1.1308900523560208,0.9424083769633507,0.9424083769633507,28.6869109947644,P00830,P00830-2025
2024-25,2025,ryan rollins,15.287671232876713,4.684931506849315,4.684931506849315,1.9726027397260275,0.7397260273972602,2.219178082191781,33.85479452054795,P00833,P00833-2025
2024-25,2025,sam hauser,14.101382488479263,5.308755760368664,1.4930875576036866,0.9953917050691243,0.3317972350230415,0.49769585253456217,26.195391705069127,P00836,P00836-2025
2024-25,2025,sam merrill,13.157360406091373,4.020304568527919,2.7411167512690358,1.2791878172588833,0.3654822335025381,0.9137055837563451,26.113705583756342,P00837,P00837-2025
2024-25,2025,sandro mamukelashvili,20.25,9.964285714285715,2.5714285714285716,1.2857142857142858,0.9642857142857144,1.2857142857142858,41.52857142857144,P00838,P00838-2025
2024-25,2025,santi aldama,17.64705882352941,9.035294117647059,4.094117647058823,1.1294117647058823,0.5647058823529412,1.5529411764705885,38.16,P00839,P00839-2025
2024-25,2025,scoot henderson,17.123595505617978,4.044943820224719,6.876404494382022,1.348314606741573,0.26966292134831465,3.6404494382022476,33.50561797752808,P00841,P00841-2025
2024-25,2025,scottie barnes,21.182926829268297,8.451219512195122,6.365853658536586,1.5365853658536586,1.0975609756097562,3.073170731707317,45.70243902439025,P00842,P00842-2025
2024-25,2025,scotty pippen jr,16.732394366197184,5.577464788732394,7.43661971830986,2.1971830985915495,0.676056338028169,2.8732394366197185,40.326760563380276,P00845,P00845-2025
2024-25,2025,seth curry,15.0,3.9230769230769234,2.076923076923077,0.9230769230769231,0.23076923076923078,1.153846153846154,25.130769230769236,P00850,P00850-2025
2024-25,2025,shaedon sharpe,21.277955271565496,5.175718849840256,3.220447284345048,1.035143769968051,0.23003194888178916,2.415335463258786,33.699680511182116,P00852,P00852-2025
2024-25,2025,shai gilgeous alexander,34.421052631578945,5.263157894736842,6.7368421052631575,1.789473684210526,1.0526315789473684,2.526315789473684,56.84210526315788,P00853,P00853-2025
2024-25,2025,shake milton,13.469387755102042,4.408163265306123,4.408163265306123,0.979591836734694,0.2448979591836735,1.7142857142857142,27.33061224489796,P00854,P00854-2025
2024-25,2025,sidy cissoko,10.384615384615383,6.9230769230769225,4.846153846153846,0.6923076923076923,0.0,3.4615384615384612,24.576923076923077,P00858,P00858-2025
2024-25,2025,simone fontecchio,12.872727272727273,6.327272727272727,1.9636363636363638,0.8727272727272727,0.43636363636363634,1.5272727272727271,25.81090909090909,P00859,P00859-2025
2024-25,2025,skal labissiere,15.600000000000001,9.6,3.5999999999999996,0.0,0.0,0.0,32.52,P00861,P00861-2025
2024-25,2025,spencer dinwiddie,14.666666666666666,3.466666666666667,5.866666666666667,1.2,0.26666666666666666,1.7333333333333334,30.29333333333333,P00864,P00864-2025
2024-25,2025,spencer jones,7.428571428571429,5.142857142857143,1.7142857142857142,1.7142857142857142,1.7142857142857142,1.7142857142857142,24.74285714285714,P00865,P00865-2025
2024-25,2025,stanley umude,6.461538461538462,7.384615384615385,1.8461538461538463,0.9230769230769231,2.769230769230769,0.9230769230769231,28.246153846153845,P00867,P00867-2025
2024-25,2025,stephen curry,27.391304347826086,4.919254658385094,6.70807453416149,1.2298136645962734,0.44720496894409933,3.24223602484472,45.145341614906826,P00868,P00868-2025
2024-25,2025,stephon castle,19.820224719101123,4.988764044943821,5.528089887640449,1.2134831460674156,0.4044943820224719,2.966292134831461,35.986516853932585,P00869,P00869-2025
2024-25,2025,steven adams,10.248175182481752,14.715328467153284,2.89051094890511,1.051094890510949,1.3138686131386863,2.3649635036496353,36.972262773722626,P00871,P00871-2025
2024-25,2025,svi mykhailiuk,15.840000000000002,4.32,3.6,0.9,0.36,2.5199999999999996,27.684,P00872,P00872-2025
2024-25,2025,t j mcconnell,18.301675977653634,4.826815642458101,8.849162011173187,2.2122905027932966,0.6033519553072626,2.815642458100559,42.998882681564254,P00873,P00873-2025
2024-25,2025,taj gibson,9.405405405405405,10.378378378378379,1.945945945945946,0.6486486486486487,1.6216216216216217,2.27027027027027,29.31891891891892,P00877,P00877-2025
2024-25,2025,talen horton tucker,18.72,4.896000000000001,4.032,1.1520000000000001,0.5760000000000001,2.016,33.81120000000001,P00878,P00878-2025
2024-25,2025,tari eason,17.34939759036145,9.253012048192772,2.168674698795181,2.4578313253012047,1.3012048192771086,1.5903614457831328,41.392771084337355,P00879,P00879-2025
2024-25,2025,taurean prince,10.892988929889297,4.782287822878229,2.523985239852398,1.3284132841328413,0.2656826568265683,1.3284132841328413,23.871586715867156,P00880,P00880-2025
2024-25,2025,taylor hendricks,6.768,7.2,1.008,2.4480000000000004,1.872,1.008,28.872000000000003,P00881,P00881-2025
2024-25,2025,taze moore,10.799999999999999,14.4,1.8,3.6,0.0,3.6,37.98,P00882,P00882-2025
2024-25,2025,terance mann,13.137440758293838,5.118483412322274,3.0710900473933647,1.1943127962085307,0.3412322274881517,1.1943127962085307,27.298578199052127,P00883,P00883-2025
2024-25,2025,terrence shannon jr,14.60377358490566,5.09433962264151,3.3962264150943398,0.679245283018868,0.679245283018868,1.6981132075471699,28.188679245283016,P00887,P00887-2025
2024-25,2025,terry rozier,14.733590733590734,5.142857142857143,3.6138996138996142,0.833976833976834,0.27799227799227805,1.667953667953668,27.993822393822395,P00888,P00888-2025
2024-25,2025,thomas bryant,16.027397260273972,9.36986301369863,1.9726027397260275,0.9863013698630138,1.4794520547945205,1.2328767123287672,36.394520547945206,P00894,P00894-2025
2024-25,2025,tidjane salaun,10.260869565217392,8.173913043478262,2.0869565217391304,0.8695652173913043,0.3478260869565218,1.7391304347826086,25.113043478260874,P00895,P00895-2025
2024-25,2025,tim hardaway jr,14.142857142857142,3.085714285714286,2.0571428571428574,0.6428571428571428,0.1285714285714286,0.7714285714285715,22.474285714285713,P00897,P00897-2025
2024-25,2025,tobias harris,15.60759493670886,6.7215189873417724,2.5063291139240507,1.1392405063291138,0.9113924050632911,1.3670886075949364,32.21772151898734,P00900,P00900-2025
2024-25,2025,tolu smith,22.90909090909091,13.090909090909092,0.0,0.0,0.0,3.272727272727273,35.345454545454544,P00902,P00902-2025
2024-25,2025,tony bradley,19.555555555555557,13.333333333333334,1.777777777777778,0.4444444444444445,2.6666666666666665,1.777777777777778,45.77777777777778,P00904,P00904-2025
2024-25,2025,torrey craig,12.495867768595042,8.330578512396693,2.0826446280991733,0.8925619834710744,1.487603305785124,0.8925619834710744,31.86446280991735,P00906,P00906-2025
2024-25,2025,tosan evbuomwan,14.369747899159663,6.504201680672269,3.0252100840336134,1.3613445378151259,0.6050420168067226,2.117647058823529,30.49411764705882,P00907,P00907-2025
2024-25,2025,toumani camara,12.440366972477065,6.38532110091743,2.422018348623853,1.6513761467889907,0.6605504587155963,1.5412844036697244,29.1302752293578,P00908,P00908-2025
2024-25,2025,trae young,24.2,3.1,11.599999999999998,1.2,0.2,4.7,44.81999999999999,P00909,P00909-2025
2024-25,2025,trayce jackson davis,15.23076923076923,11.53846153846154,3.9230769230769234,0.9230769230769231,1.3846153846153846,1.6153846153846154,40.269230769230774,P00910,P00910-2025
2024-25,2025,tre jones,13.157360406091373,4.568527918781726,7.6751269035533,1.4619289340101524,0.3654822335025381,1.4619289340101524,34.172588832487314,P00912,P00912-2025
2024-25,2025,tre mann,20.718367346938777,4.261224489795918,4.408163265306122,0.7346938775510203,0.4408163265306122,2.7918367346938777,33.17877551020408,P00913,P00913-2025
2024-25,2025,trendon watford,17.65384615384615,6.230769230769231,4.5,1.0384615384615383,0.5192307692307692,3.2884615384615383,33.265384615384605,P00915,P00915-2025
2024-25,2025,trentyn flowers,14.4,5.6,0.0,0.0,0.0,1.6,19.52,P00917,P00917-2025
2024-25,2025,trevelin queen,12.69064748201439,4.402877697841726,3.107913669064748,2.5899280575539567,0.776978417266187,1.8129496402877696,30.923741007194238,P00918,P00918-2025
2024-25,2025,trey alexander,9.551020408163266,3.6734693877551017,3.6734693877551017,0.7346938775510203,0.0,1.4693877551020407,20.20408163265306,P00923,P00923-2025
2024-25,2025,trey jemison iii,8.737864077669903,9.78640776699029,1.3980582524271843,0.6990291262135921,1.3980582524271843,2.0970873786407767,26.77281553398058,P00925,P00925-2025
2024-25,2025,trey lyles,11.938775510204081,8.448979591836734,2.204081632653061,1.1020408163265305,0.5510204081632653,1.1020408163265305,29.240816326530613,P00926,P00926-2025
2024-25,2025,trey murphy iii,21.805714285714284,5.2457142857142856,3.6,1.1314285714285715,0.72,1.9542857142857142,37.10057142857143,P00927,P00927-2025
2024-25,2025,tristan thompson,7.463414634146342,14.926829268292684,2.634146341463415,0.4390243902439025,1.3170731707317076,1.75609756097561,32.83902439024391,P00929,P00929-2025
2024-25,2025,tristan vukcevic,23.02040816326531,9.061224489795919,2.6938775510204085,0.7346938775510204,1.7142857142857142,2.938775510204082,42.34285714285714,P00930,P00930-2025
2024-25,2025,tristan da silva,11.781818181818181,5.3999999999999995,2.454545454545454,0.6545454545454547,0.3272727272727273,1.3090909090909093,23.58,P00931,P00931-2025
2024-25,2025,tristen newton,7.2,9.0,5.3999999999999995,1.8,0.0,5.3999999999999995,26.1,P00932,P00932-2025
2024-25,2025,ty jerome,22.61306532663317,4.522613065326634,6.150753768844222,1.989949748743719,0.0,2.351758793969849,40.88442211055277,P00934,P00934-2025
2024-25,2025,tyty washington jr,10.702702702702704,3.891891891891892,4.864864864864864,0.972972972972973,0.0,0.972972972972973,24.61621621621622,P00935,P00935-2025
2024-25,2025,tyler herro,24.30508474576271,5.288135593220339,5.593220338983051,0.9152542372881356,0.20338983050847462,2.6440677966101696,39.75254237288135,P00939,P00939-2025
2024-25,2025,tyler kolek,10.0,3.4999999999999996,8.5,1.5,0.5,2.0,30.950000000000003,P00941,P00941-2025
2024-25,2025,tyler smith,19.69811320754717,7.471698113207548,1.358490566037736,0.679245283018868,1.358490566037736,2.0377358490566038,34.777358490566044,P00942,P00942-2025
2024-25,2025,tyrese haliburton,19.92857142857143,3.7499999999999996,9.857142857142856,1.5,0.75,1.7142857142857142,44.25,P00944,P00944-2025
2024-25,2025,tyrese martin,14.301369863013697,6.082191780821918,3.2876712328767126,0.9863013698630138,0.32876712328767127,1.9726027397260275,28.504109589041093,P00945,P00945-2025
2024-25,2025,tyrese maxey,25.114058355437663,3.1511936339522544,5.824933687002652,1.7188328912466841,0.3819628647214854,2.291777188328912,41.64350132625994,P00946,P00946-2025
2024-25,2025,tyson etienne,13.166666666666668,2.1666666666666665,2.833333333333333,0.6666666666666666,0.16666666666666666,1.8333333333333335,20.683333333333334,P00949,P00949-2025
2024-25,2025,tyus jones,13.701492537313433,3.2238805970149254,7.119402985074626,1.208955223880597,0.13432835820895522,1.4776119402985075,30.80149253731343,P00950,P00950-2025
2024-25,2025,ulrich chomche,5.478260869565218,8.608695652173914,2.3478260869565215,0.0,0.7826086956521741,2.3478260869565215,19.330434782608698,P00953,P00953-2025
2024-25,2025,vasilije micic,12.439790575916229,4.146596858638743,5.842931937172775,0.7539267015706806,0.0,3.5811518324607325,24.86073298429319,P00956,P00956-2025
2024-25,2025,victor wembanyama,26.349397590361445,11.927710843373493,4.0120481927710845,1.1927710843373496,4.120481927710843,3.469879518072289,59.15060240963855,P00959,P00959-2025
2024-25,2025,vince williams jr,12.843243243243242,7.005405405405406,3.891891891891892,0.7783783783783784,0.5837837837837838,2.3351351351351353,28.83891891891892,P00960,P00960-2025
2024-25,2025,vit krejci,12.831683168316832,4.811881188118813,4.633663366336634,1.0693069306930694,0.8910891089108911,1.603960396039604,29.833663366336637,P00961,P00961-2025
2024-25,2025,vlatko cancar,6.171428571428572,8.571428571428571,2.4,0.6857142857142857,0.6857142857142857,2.742857142857143,21.428571428571427,P00963,P00963-2025
2024-25,2025,walker kessler,13.32,14.639999999999999,2.04,0.72,2.88,1.8,42.94800000000001,P00964,P00964-2025
2024-25,2025,wendell carter jr,12.64864864864865,10.007722007722007,2.7799227799227797,1.1119691119691122,0.833976833976834,1.5289575289575292,33.13667953667954,P00968,P00968-2025
2024-25,2025,wendell moore jr,10.877697841726619,6.733812949640288,3.107913669064748,1.553956834532374,0.2589928057553957,2.0719424460431655,26.987050359712228,P00969,P00969-2025
2024-25,2025,xavier tillman,5.142857142857142,6.685714285714286,1.0285714285714287,1.542857142857143,1.0285714285714287,2.0571428571428574,20.365714285714287,P00981,P00981-2025
2024-25,2025,yongxi cui,10.799999999999999,7.2,0.0,0.0,0.0,0.0,19.439999999999998,P00984,P00984-2025
2024-25,2025,yuki kawamura,13.714285714285714,4.285714285714286,7.7142857142857135,0.8571428571428571,0.0,1.7142857142857142,31.285714285714278,P00985,P00985-2025
2024-25,2025,yuri collins,4.5,6.75,9.0,4.5,0.0,0.0,39.6,P00986,P00986-2025
2024-25,2025,yves missi,12.223880597014924,11.014925373134327,1.880597014925373,0.6716417910447761,1.7462686567164178,1.4776119402985075,34.03880597014925,P00988,P00988-2025
2024-25,2025,zaccharie risacher,18.4390243902439,5.268292682926829,1.7560975609756095,1.0243902439024388,0.7317073170731707,1.7560975609756095,30.907317073170724,P00990,P00990-2025
2024-25,2025,zach collins,15.058823529411764,10.588235294117647,4.0,1.1764705882352942,1.1764705882352942,2.1176470588235294,38.70588235294118,P00991,P00991-2025
2024-25,2025,zach edey,15.404651162790698,13.897674418604652,1.6744186046511627,0.8372093023255813,2.1767441860465118,2.1767441860465118,41.45860465116279,P00992,P00992-2025
2024-25,2025,zach lavine,23.829545454545453,4.3977272727272725,4.295454545454545,0.8181818181818182,0.20454545454545456,2.8636363636363633,35.75454545454545,P00993,P00993-2025
2024-25,2025,zeke nnaji,10.766355140186917,5.3831775700934585,1.3457943925233646,1.3457943925233646,2.3551401869158877,0.6728971962616823,29.674766355140182,P00995,P00995-2025
2024-25,2025,ziaire williams,14.693877551020408,6.759183673469387,1.9102040816326533,1.4693877551020407,0.5877551020408164,1.616326530612245,30.22530612244898,P00996,P00996-2025
2024-25,2025,zion williamson,30.965034965034963,9.062937062937062,6.671328671328672,1.5104895104895104,1.1328671328671327,3.7762237762237763,56.001398601398606,P00997,P00997-2025
2025-26,2026,a j lawson,16.085106382978722,6.8936170212765955,1.1489361702127658,1.9148936170212767,0.7659574468085106,1.1489361702127658,32.97446808510639,P00001,P00001-2026
2025-26,2026,aj green,12.8659793814433,3.3402061855670104,2.3505154639175254,0.6185567010309277,0.12371134020618557,1.2371134020618555,21.389690721649483,P00002,P00002-2026
2025-26,2026,aj johnson,12.638297872340424,4.212765957446809,3.8297872340425534,0.7659574468085106,0.3829787234042553,2.2978723404255317,24.58723404255319,P00004,P00004-2026
2025-26,2026,aaron gordon,20.903225806451616,7.483870967741935,3.483870967741936,0.7741935483870969,0.38709677419354843,1.4193548387096775,37.174193548387095,P00005,P00005-2026
2025-26,2026,aaron holiday,14.452554744525548,2.6277372262773726,2.89051094890511,1.3138686131386863,0.26277372262773724,1.8394160583941606,24.83211678832117,P00007,P00007-2026
2025-26,2026,aaron nesmith,16.72727272727273,5.090909090909092,2.303030303030303,0.7272727272727272,0.6060606060606061,1.696969696969697,28.5939393939394,P00008,P00008-2026
2025-26,2026,aaron wiggins,15.522935779816514,5.1192660550458715,2.807339449541284,1.4862385321100917,0.6605504587155964,1.9816513761467889,30.33577981651376,P00009,P00009-2026
2025-26,2026,ace bailey,18.0,5.478260869565218,2.3478260869565215,1.0434782608695652,0.9130434782608695,1.9565217391304348,32.008695652173905,P00011,P00011-2026
2025-26,2026,adama bal,12.438538205980066,3.707641196013289,2.8704318936877073,1.3156146179401995,0.11960132890365449,0.9568106312292359,24.5421926910299,P00013,P00013-2026
2025-26,2026,adem bona,9.931034482758621,8.89655172413793,1.0344827586206897,0.8275862068965518,2.4827586206896552,1.6551724137931036,30.43448275862069,P00015,P00015-2026
2025-26,2026,adou thiero,11.399999999999999,6.6000000000000005,2.4,1.7999999999999998,0.6,2.4,27.720000000000002,P00017,P00017-2026
2025-26,2026,ajay mitchell,18.97674418604651,4.604651162790697,5.023255813953488,1.6744186046511627,0.41860465116279066,1.953488372093023,36.36279069767442,P00019,P00019-2026
2025-26,2026,al horford,13.897674418604652,8.204651162790698,4.3534883720930235,1.172093023255814,1.8418604651162793,1.5069767441860464,37.80837209302325,P00020,P00020-2026
2025-26,2026,alex antetokounmpo,32.91428571428572,10.285714285714285,2.0571428571428574,0.0,2.0571428571428574,2.0571428571428574,52.45714285714286,P00024,P00024-2026
2025-26,2026,alex caruso,12.263736263736265,5.538461538461538,3.956043956043956,2.5714285714285716,0.5934065934065934,1.7802197802197803,32.55824175824176,P00025,P00025-2026
2025-26,2026,alex morales,12.0,4.8,6.0,0.0,0.0,6.0,20.759999999999998,P00029,P00029-2026
2025-26,2026,alex sarr,21.57352941176471,9.794117647058824,3.573529411764706,1.0588235294117647,2.6470588235294117,2.25,47.55441176470589,P00031,P00031-2026
2025-26,2026,alijah martin,12.571428571428573,5.142857142857143,2.8571428571428568,1.7142857142857142,1.142857142857143,1.7142857142857142,29.885714285714286,P00033,P00033-2026
2025-26,2026,alondes williams,15.652173913043478,8.964426877470355,4.2687747035573125,1.1383399209486165,1.1383399209486165,1.849802371541502,37.79288537549408,P00035,P00035-2026
2025-26,2026,alperen sengun,22.054054054054053,9.621621621621623,6.7027027027027035,1.2972972972972974,1.1891891891891895,3.45945945945946,47.654054054054065,P00036,P00036-2026
2025-26,2026,amari williams,7.636363636363637,9.81818181818182,2.7272727272727275,0.5454545454545455,2.7272727272727275,2.7272727272727275,30.60000000000001,P00038,P00038-2026
2025-26,2026,amen thompson,17.614973262032088,7.508021390374331,5.101604278074866,1.4438502673796791,0.5775401069518717,2.310160427807487,38.03101604278075,P00039,P00039-2026
2025-26,2026,amir coffey,10.766355140186917,4.037383177570093,2.0186915887850465,0.6728971962616823,0.33644859813084116,0.6728971962616823,20.994392523364485,P00040,P00040-2026
2025-26,2026,andersson garcia,5.538461538461538,8.946745562130179,2.9822485207100593,1.7041420118343198,0.8520710059171599,1.4911242603550297,26.92544378698225,P00041,P00041-2026
2025-26,2026,andre drummond,11.815384615384616,15.50769230769231,2.4,1.1076923076923075,1.476923076923077,1.846153846153846,39.932307692307695,P00042,P00042-2026
2025-26,2026,andre jackson jr,10.16470588235294,6.352941176470589,3.8117647058823527,1.6941176470588235,0.4235294117647059,2.541176470588235,27.317647058823532,P00044,P00044-2026
2025-26,2026,andrew nembhard,19.43769968051118,3.220447284345048,8.856230031948883,1.035143769968051,0.11501597444089458,2.7603833865814695,37.276677316293934,P00045,P00045-2026
2025-26,2026,andrew wiggins,18.2970297029703,5.702970297029703,3.207920792079208,1.306930693069307,1.188118811881188,1.782178217821782,35.65544554455445,P00046,P00046-2026
2025-26,2026,anfernee simons,20.674698795180724,3.6144578313253013,3.4698795180722892,0.7228915662650602,0.14457831325301207,1.7349397590361446,31.084337349397593,P00047,P00047-2026
2025-26,2026,anthony black,18.120805369127513,4.590604026845637,4.469798657718121,1.6912751677852347,0.8456375838926173,2.536912751677852,35.408053691275164,P00048,P00048-2026
2025-26,2026,anthony davis,23.46325878594249,12.766773162939296,3.220447284345048,1.2651757188498405,1.9552715654952075,2.415335463258786,50.860063897763574,P00049,P00049-2026
2025-26,2026,anthony edwards,29.622857142857143,5.142857142857142,3.805714285714286,1.44,0.8228571428571428,2.9828571428571427,45.30857142857143,P00050,P00050-2026
2025-26,2026,anthony gill,12.06936416184971,6.034682080924855,2.7052023121387285,1.2485549132947975,0.8323699421965317,1.4566473988439304,28.15491329479769,P00051,P00051-2026
2025-26,2026,antonio reeves,14.294117647058824,4.235294117647059,1.5882352941176472,0.5294117647058824,0.0,0.5294117647058824,22.81764705882353,P00054,P00054-2026
2025-26,2026,ariel hukporti,8.608695652173914,11.347826086956522,1.956521739130435,0.7826086956521741,1.956521739130435,2.3478260869565215,31.0304347826087,P00055,P00055-2026
2025-26,2026,asa newell,16.421052631578945,6.947368421052632,1.894736842105263,1.263157894736842,0.9473684210526315,1.5789473684210527,32.652631578947364,P00058,P00058-2026
2025-26,2026,ausar thompson,13.707692307692309,7.892307692307693,4.292307692307692,2.769230769230769,1.2461538461538462,2.076923076923077,39.58615384615384,P00060,P00060-2026
2025-26,2026,austin reaves,24.31304347826087,4.904347826086957,5.739130434782608,1.147826086956522,0.4173913043478261,3.1304347826086953,40.37217391304348,P00061,P00061-2026
2025-26,2026,ayo dosunmu,19.516483516483515,4.483516483516483,4.747252747252747,1.054945054945055,0.3956043956043956,1.846153846153846,34.52307692307693,P00064,P00064-2026
2025-26,2026,bam adebayo,22.333333333333336,11.111111111111112,3.555555555555556,1.3333333333333333,0.7777777777777777,1.777777777777778,45.555555555555564,P00066,P00066-2026
2025-26,2026,baylor scheierman,10.64516129032258,6.774193548387097,2.903225806451613,0.9677419354838709,0.1935483870967742,1.161290322580645,25.451612903225808,P00067,P00067-2026
2025-26,2026,ben saraf,12.98076923076923,3.6346153846153846,5.711538461538462,1.5576923076923077,0.34615384615384615,3.98076923076923,27.640384615384615,P00069,P00069-2026
2025-26,2026,ben sheppard,11.943925233644858,5.046728971962617,3.0280373831775704,1.0093457943925233,0.16822429906542058,1.0093457943925233,25.065420560747665,P00070,P00070-2026
2025-26,2026,bennedict mathurin,21.12,6.48,2.88,0.9600000000000001,0.24000000000000002,2.64,34.176,P00072,P00072-2026
2025-26,2026,bez mbeng,8.890243902439025,4.170731707317073,4.5,2.524390243902439,0.3292682926829269,1.6463414634146343,27.559756097560978,P00073,P00073-2026
2025-26,2026,bilal coulibaly,16.076335877862594,5.908396946564885,3.5725190839694663,1.7862595419847331,1.3740458015267176,1.9236641221374045,36.0824427480916,P00074,P00074-2026
2025-26,2026,bismack biyombo,5.7857142857142865,6.428571428571429,1.2857142857142858,1.2857142857142858,0.6428571428571429,1.9285714285714288,19.285714285714285,P00075,P00075-2026
2025-26,2026,blake hinson,21.0,4.235294117647059,1.9411764705882357,0.7058823529411766,0.17647058823529416,0.7058823529411766,30.93529411764706,P00077,P00077-2026
2025-26,2026,blake wesley,14.89655172413793,4.0344827586206895,6.206896551724139,1.5517241379310347,0.6206896551724138,3.1034482758620694,32.46206896551723,P00078,P00078-2026
2025-26,2026,bobby portis,20.380165289256198,9.520661157024794,2.3801652892561984,0.8925619834710744,0.2975206611570248,1.487603305785124,37.457851239669424,P00080,P00080-2026
2025-26,2026,bobi klintman,10.983050847457626,9.76271186440678,3.0508474576271185,1.830508474576271,0.0,3.0508474576271185,29.715254237288132,P00081,P00081-2026
2025-26,2026,bogdan bogdanovic,13.52284263959391,4.751269035532995,4.020304568527919,0.7309644670050762,0.18274111675126906,2.1928934010152283,25.803045685279187,P00082,P00082-2026
2025-26,2026,bones hyland,18.433734939759034,3.903614457831325,5.63855421686747,1.3012048192771084,0.4337349397590361,2.1686746987951806,34.612048192771084,P00085,P00085-2026
2025-26,2026,bradley beal,14.613861386138613,1.4257425742574257,3.0297029702970297,0.8910891089108911,0.0,2.673267326732673,20.86930693069307,P00087,P00087-2026
2025-26,2026,branden carlson,18.0,9.310344827586208,2.172413793103448,0.6206896551724138,1.8620689655172413,1.2413793103448276,38.63793103448276,P00088,P00088-2026
2025-26,2026,brandin podziemski,17.431578947368422,6.442105263157895,4.673684210526316,1.3894736842105264,0.25263157894736843,2.0210526315789474,35.07789473684211,P00089,P00089-2026
2025-26,2026,brandon clarke,14.4,10.799999999999999,1.8,3.6,0.0,0.0,40.86,P00091,P00091-2026
2025-26,2026,brandon ingram,22.89940828402367,5.964497041420119,3.9408284023668645,0.8520710059171599,0.7455621301775148,2.5562130177514795,38.204733727810655,P00093,P00093-2026
2025-26,2026,brandon miller,24.0,5.8217821782178225,3.9207920792079203,1.188118811881188,0.8316831683168316,2.9702970297029703,39.95643564356435,P00095,P00095-2026
2025-26,2026,brandon williams,21.08108108108108,4.702702702702703,6.324324324324325,1.4594594594594597,0.4864864864864865,3.081081081081081,38.96756756756757,P00096,P00096-2026
2025-26,2026,brice sensabaugh,22.825531914893617,4.748936170212766,2.91063829787234,1.0723404255319149,0.30638297872340425,2.604255319148936,34.422127659574464,P00098,P00098-2026
2025-26,2026,bronny james,11.730337078651685,2.0224719101123596,4.853932584269662,2.0224719101123596,0.4044943820224719,2.426966292134831,26.29213483146067,P00100,P00100-2026
2025-26,2026,brook lopez,14.036697247706421,5.944954128440367,2.146788990825688,0.9908256880733944,1.9816513761467889,1.3211009174311927,31.98715596330275,P00101,P00101-2026
2025-26,2026,brooks barnhizer,7.03448275862069,8.275862068965518,2.4827586206896552,1.2413793103448276,0.4137931034482759,1.2413793103448276,24.413793103448278,P00102,P00102-2026
2025-26,2026,bruce brown,11.655737704918034,5.754098360655738,3.0983606557377055,1.4754098360655739,0.29508196721311475,1.6229508196721314,26.896721311475414,P00103,P00103-2026
2025-26,2026,bryce mcgowens,13.885714285714284,3.6,2.571428571428571,1.0285714285714285,0.34285714285714286,0.6857142857142857,25.49142857142857,P00105,P00105-2026
2025-26,2026,bub carrington,13.906137184115524,4.418772563176895,5.978339350180505,0.779783393501805,0.25992779783393505,2.9891696750902526,28.306137184115524,P00107,P00107-2026
2025-26,2026,buddy boeheim,14.210526315789474,0.0,0.0,0.0,0.0,0.0,14.210526315789474,P00108,P00108-2026
2025-26,2026,buddy hield,16.993788819875775,5.1428571428571415,3.130434782608695,1.7888198757763973,0.44720496894409933,2.012422360248447,32.55652173913043,P00109,P00109-2026
2025-26,2026,cj huntley,10.799999999999999,4.68,1.8,1.08,0.0,0.0,22.355999999999995,P00111,P00111-2026
2025-26,2026,cj mccollum,22.590604026845636,3.9865771812080535,4.7114093959731544,0.9664429530201342,0.6040268456375839,2.174496644295302,36.97852348993288,P00112,P00112-2026
2025-26,2026,cade cunningham,25.380530973451325,5.84070796460177,10.513274336283185,1.4867256637168142,0.8495575221238939,3.929203539823009,51.23893805309734,P00113,P00113-2026
2025-26,2026,caleb houstan,19.71428571428571,5.142857142857142,1.7142857142857142,0.8571428571428571,0.8571428571428571,1.7142857142857142,31.88571428571428,P00114,P00114-2026
2025-26,2026,caleb love,18.086956521739133,4.0,4.347826086956522,1.0434782608695652,0.1739130434782609,2.2608695652173916,30.800000000000004,P00115,P00115-2026
2025-26,2026,caleb martin,9.486486486486486,6.081081081081081,3.4054054054054053,1.7027027027027026,0.7297297297297296,1.7027027027027026,27.486486486486488,P00116,P00116-2026
2025-26,2026,cam christie,11.586206896551724,5.793103448275862,2.4827586206896552,1.2413793103448276,0.4137931034482759,1.6551724137931036,25.572413793103454,P00117,P00117-2026
2025-26,2026,cam spencer,16.789915966386552,3.7815126050420167,8.470588235294116,1.0588235294117645,0.3025210084033613,1.9663865546218489,36.15126050420167,P00120,P00120-2026
2025-26,2026,cam thomas,23.142857142857146,2.9142857142857146,4.457142857142857,0.34285714285714286,0.17142857142857143,3.085714285714286,31.78285714285715,P00121,P00121-2026
2025-26,2026,cam whitmore,19.597633136094675,5.964497041420119,1.4911242603550297,1.4911242603550297,0.8520710059171599,1.9171597633136097,34.10414201183432,P00122,P00122-2026
2025-26,2026,cameron johnson,14.399999999999999,4.485245901639344,2.8327868852459015,0.8262295081967213,0.4721311475409836,1.0622950819672132,26.864262295081964,P00123,P00123-2026
2025-26,2026,cameron payne,15.670588235294119,4.235294117647059,5.5058823529411764,2.3294117647058825,0.6352941176470588,1.0588235294117647,36.84705882352941,P00125,P00125-2026
2025-26,2026,caris levert,13.875,3.75,5.062500000000001,1.6875,1.3125,2.625,32.34375,P00126,P00126-2026
2025-26,2026,carter bryant,13.147826086956522,7.826086956521739,2.1913043478260867,0.6260869565217392,0.9391304347826086,1.5652173913043477,28.95652173913043,P00130,P00130-2026
2025-26,2026,cason wallace,11.639097744360901,4.195488721804511,3.518796992481203,2.571428571428571,0.5413533834586466,1.218045112781955,30.072180451127817,P00131,P00131-2026
2025-26,2026,cedric coward,18.97674418604651,8.232558139534884,3.906976744186046,0.8372093023255813,0.5581395348837209,2.3720930232558137,36.53023255813953,P00135,P00135-2026
2025-26,2026,chaney johnson,14.399999999999999,8.078048780487805,3.6878048780487807,1.5804878048780489,0.8780487804878049,2.107317073170732,34.89365853658536,P00138,P00138-2026
2025-26,2026,charles bassey,17.694915254237287,13.423728813559322,1.5254237288135593,0.9152542372881355,2.440677966101695,1.5254237288135593,44.63389830508475,P00139,P00139-2026
2025-26,2026,chaz lanier,11.220779220779221,3.2727272727272725,2.3376623376623376,0.9350649350649352,0.0,0.4675324675324676,20.99220779220779,P00142,P00142-2026
2025-26,2026,chet holmgren,21.30103806228374,11.086505190311419,2.1176470588235294,0.7474048442906573,2.366782006920415,1.9930795847750868,45.13079584775086,P00144,P00144-2026
2025-26,2026,chris boucher,7.96153846153846,6.9230769230769225,1.0384615384615383,2.0769230769230766,2.769230769230769,0.34615384615384615,32.01923076923077,P00147,P00147-2026
2025-26,2026,chris livingston,18.94736842105263,6.315789473684211,1.894736842105263,1.894736842105263,0.0,0.0,35.05263157894736,P00150,P00150-2026
2025-26,2026,chris manon,5.647058823529413,7.764705882352943,2.1176470588235294,4.235294117647059,1.4117647058823533,0.7058823529411766,34.3764705882353,P00151,P00151-2026
2025-26,2026,chris paul,7.3006993006993,4.531468531468531,8.307692307692307,1.762237762237762,0.0,2.517482517482517,27.969230769230766,P00152,P00152-2026
2025-26,2026,chris youngblood,14.0,5.333333333333333,2.6666666666666665,0.6666666666666666,0.6666666666666666,0.6666666666666666,27.73333333333333,P00154,P00154-2026
2025-26,2026,christian braun,13.584905660377357,5.433962264150943,3.056603773584906,0.7924528301886792,0.33962264150943394,1.1320754716981132,26.954716981132076,P00155,P00155-2026
2025-26,2026,christian koloko,7.363636363636364,8.181818181818183,1.9090909090909092,1.3636363636363638,2.454545454545455,1.6363636363636365,29.86363636363637,P00156,P00156-2026
2025-26,2026,clint capela,11.121951219512194,13.46341463414634,2.0487804878048776,1.4634146341463414,2.341463414634146,1.4634146341463414,40.30243902439024,P00159,P00159-2026
2025-26,2026,coby white,25.055999999999997,4.896000000000001,5.76,0.72,0.14400000000000002,3.744,38.419200000000004,P00160,P00160-2026
2025-26,2026,cody martin,4.695652173913043,9.130434782608694,1.3043478260869565,2.608695652173913,1.3043478260869565,2.608695652173913,26.739130434782606,P00161,P00161-2026
2025-26,2026,cody williams,13.037037037037038,4.444444444444445,2.962962962962963,1.1851851851851853,0.5925925925925927,1.6296296296296298,26.518518518518523,P00162,P00162-2026
2025-26,2026,colby jones,10.285714285714285,20.57142857142857,10.285714285714285,0.0,0.0,0.0,50.39999999999999,P00164,P00164-2026
2025-26,2026,cole anthony,15.973509933774835,5.960264900662252,8.344370860927153,1.4304635761589404,0.7152317880794702,4.529801324503311,37.54966887417219,P00165,P00165-2026
2025-26,2026,colin castleton,8.830188679245284,13.584905660377359,2.0377358490566038,2.0377358490566038,0.0,3.3962264150943398,30.905660377358494,P00167,P00167-2026
2025-26,2026,collin gillespie,16.042105263157893,5.178947368421052,5.810526315789473,1.5157894736842106,0.25263157894736843,2.0210526315789474,34.25684210526315,P00168,P00168-2026
2025-26,2026,collin murray boyles,13.972602739726028,8.219178082191782,3.1232876712328768,1.4794520547945207,1.4794520547945207,1.6438356164383563,35.75342465753425,P00169,P00169-2026
2025-26,2026,collin sexton,23.392405063291143,3.4936708860759493,5.012658227848101,1.6708860759493671,0.15189873417721522,3.189873417721519,37.38227848101266,P00170,P00170-2026
2025-26,2026,cooper flagg,22.56716417910448,7.2,4.835820895522388,1.2895522388059701,0.9671641791044776,2.4716417910447763,42.75940298507463,P00171,P00171-2026
2025-26,2026,corey kispert,17.806451612903224,4.451612903225806,3.096774193548387,0.5806451612903225,0.3870967741935484,1.5483870967741935,29.14838709677419,P00172,P00172-2026
2025-26,2026,cormac ryan,20.926829268292682,3.6585365853658534,2.48780487804878,1.4634146341463414,0.4390243902439024,2.1951219512195124,32.5609756097561,P00173,P00173-2026
2025-26,2026,craig porter jr,9.050279329608939,6.837988826815643,6.435754189944135,1.8100558659217878,1.2067039106145252,1.8100558659217878,34.149720670391055,P00175,P00175-2026
2025-26,2026,curtis jones,11.863636363636363,4.5,4.090909090909091,1.6363636363636365,0.0,0.8181818181818182,27.490909090909092,P00177,P00177-2026
2025-26,2026,d angelo russell,19.326315789473686,4.357894736842105,7.578947368421052,0.9473684210526315,0.18947368421052632,3.5999999999999996,35.734736842105264,P00178,P00178-2026
2025-26,2026,daquan jeffries,18.54,3.0599999999999996,0.54,1.2599999999999998,0.0,0.0,26.802,P00183,P00183-2026
2025-26,2026,daron holmes ii,15.857142857142858,6.0,2.571428571428571,0.0,0.8571428571428571,2.142857142857143,27.342857142857145,P00184,P00184-2026
2025-26,2026,daeqwon plowden,14.727272727272728,4.090909090909092,1.772727272727273,0.9545454545454546,0.27272727272727276,1.090909090909091,24.886363636363644,P00185,P00185-2026
2025-26,2026,dalano banton,6.990291262135922,2.7961165048543686,6.29126213592233,1.0485436893203883,2.7961165048543686,4.543689320388349,26.77281553398058,P00188,P00188-2026
2025-26,2026,dalen terry,11.582608695652175,5.6347826086956525,4.3826086956521735,1.8782608695652172,0.9391304347826086,1.5652173913043477,31.80521739130435,P00189,P00189-2026
2025-26,2026,dalton knecht,14.823529411764707,4.9411764705882355,1.4117647058823533,0.7058823529411766,0.7058823529411766,1.4117647058823533,25.694117647058825,P00190,P00190-2026
2025-26,2026,daniel gafford,15.76036866359447,11.44700460829493,1.8248847926267282,1.327188940092166,2.1566820276497696,1.8248847926267282,40.86082949308756,P00196,P00196-2026
2025-26,2026,daniss jenkins,16.574257425742577,4.099009900990099,6.9504950495049505,1.603960396039604,0.3564356435643564,2.8514851485148514,34.94851485148514,P00200,P00200-2026
2025-26,2026,danny wolf,15.403846153846153,8.48076923076923,3.8076923076923075,0.8653846153846153,1.0384615384615383,2.25,34.75384615384615,P00202,P00202-2026
2025-26,2026,dario saric,4.390243902439025,5.26829268292683,1.75609756097561,0.0,0.0,1.75609756097561,11.590243902439028,P00205,P00205-2026
2025-26,2026,dariq whitehead,19.239344262295084,4.721311475409836,1.7704918032786885,0.8262295081967213,0.0,2.0065573770491802,28.032786885245905,P00206,P00206-2026
2025-26,2026,darius garland,22.635451505016725,2.8896321070234112,8.066889632107024,1.2040133779264213,0.24080267558528431,3.4916387959866224,39.04615384615384,P00209,P00209-2026
2025-26,2026,david jones garcia,16.838709677419352,6.967741935483871,9.29032258064516,2.903225806451613,0.5806451612903225,2.903225806451613,46.683870967741925,P00212,P00212-2026
2025-26,2026,david roddy,19.726027397260275,9.863013698630137,1.9726027397260275,1.9726027397260275,0.4931506849315069,0.9863013698630138,40.93150684931507,P00214,P00214-2026
2025-26,2026,davion mitchell,11.706293706293707,3.3986013986013983,8.181818181818182,1.2587412587412585,0.2517482517482518,1.8881118881118881,30.700699300699306,P00215,P00215-2026
2025-26,2026,day ron sharpe,16.748663101604276,12.898395721925136,4.427807486631016,2.1176470588235294,0.770053475935829,3.272727272727273,44.258823529411764,P00218,P00218-2026
2025-26,2026,de aaron fox,21.6,4.412903225806452,7.2,1.3935483870967742,0.34838709677419355,2.670967741935484,40.25032258064517,P00219,P00219-2026
2025-26,2026,de andre hunter,18.89655172413793,5.655172413793102,2.758620689655172,0.9655172413793103,0.13793103448275862,2.3448275862068964,30.786206896551718,P00220,P00220-2026
2025-26,2026,de anthony melton,19.252173913043478,5.008695652173913,4.069565217391304,2.5043478260869567,0.6260869565217392,2.9739130434782606,37.78434782608696,P00221,P00221-2026
2025-26,2026,deandre jordan,9.542168674698797,13.662650602409636,1.9518072289156625,0.6506024096385542,1.7349397590361444,1.7349397590361444,34.2867469879518,P00222,P00222-2026
2025-26,2026,dejon jarreau,13.714285714285714,7.885714285714284,5.657142857142857,1.542857142857143,1.2,4.114285714285714,35.777142857142856,P00224,P00224-2026
2025-26,2026,demar derozan,21.23076923076923,3.3461538461538463,4.730769230769231,1.153846153846154,0.34615384615384615,1.3846153846153846,35.457692307692305,P00225,P00225-2026
2025-26,2026,dean wade,9.363228699551568,6.780269058295964,2.42152466367713,1.1300448430493273,0.6457399103139013,0.48430493273542596,25.974887892376678,P00227,P00227-2026
2025-26,2026,deandre ayton,16.544117647058826,10.588235294117647,1.0588235294117647,0.7941176470588236,1.3235294117647058,1.5882352941176472,35.60294117647059,P00228,P00228-2026
2025-26,2026,dejounte murray,21.62589928057554,6.992805755395684,8.287769784172662,2.0719424460431655,0.2589928057553957,4.402877697841726,45.038848920863316,P00230,P00230-2026
2025-26,2026,deni avdija,26.162162162162165,7.4594594594594605,7.243243243243244,0.864864864864865,0.6486486486486487,4.108108108108109,46.410810810810815,P00232,P00232-2026
2025-26,2026,dennis schroder,16.06611570247934,4.016528925619835,7.2892561983471085,1.1900826446280992,0.2975206611570248,2.677685950413223,33.60495867768596,P00233,P00233-2026
2025-26,2026,dereck lively ii,9.439024390243903,11.634146341463415,4.170731707317073,1.3170731707317076,3.51219512195122,3.073170731707317,41.07073170731708,P00236,P00236-2026
2025-26,2026,derik queen,16.848,10.223999999999998,5.328000000000001,1.44,1.2960000000000003,3.312,42.0048,P00238,P00238-2026
2025-26,2026,derrick jones jr,13.466666666666667,4.666666666666666,1.8666666666666667,1.2,1.3333333333333333,1.0666666666666667,28.400000000000002,P00240,P00240-2026
2025-26,2026,derrick white,17.419354838709676,4.64516129032258,5.700879765395895,1.161290322580645,1.372434017595308,1.7947214076246334,37.351319648093835,P00243,P00243-2026
2025-26,2026,desmond bane,21.535714285714285,4.392857142857142,4.392857142857142,1.0714285714285714,0.5357142857142857,2.142857142857143,36.074999999999996,P00244,P00244-2026
2025-26,2026,devin booker,28.047761194029853,4.191044776119403,6.447761194029851,0.8597014925373134,0.32238805970149254,3.3313432835820893,42.96358208955225,P00245,P00245-2026
2025-26,2026,devin carter,17.41304347826087,6.456521739130435,5.282608695652175,1.7608695652173914,0.39130434782608703,2.739130434782609,36.802173913043475,P00247,P00247-2026
2025-26,2026,devin vassell,16.40655737704918,4.721311475409836,2.9508196721311473,1.0622950819672132,0.4721311475409836,1.0622950819672132,30.03934426229508,P00248,P00248-2026
2025-26,2026,dillon brooks,23.92105263157895,4.2631578947368425,2.1315789473684212,1.1842105263157894,0.2368421052631579,2.1315789473684212,34.36578947368422,P00255,P00255-2026
2025-26,2026,dillon jones,8.357142857142858,6.428571428571429,3.8571428571428577,2.5714285714285716,0.0,0.0,29.571428571428577,P00256,P00256-2026
2025-26,2026,domantas sabonis,19.151515151515152,13.81818181818182,4.969696969696969,1.0909090909090908,0.24242424242424243,3.272727272727273,43.915151515151514,P00257,P00257-2026
2025-26,2026,dominick barlow,11.647058823529413,7.260504201680671,1.8151260504201678,1.3613445378151259,1.0588235294117645,1.2100840336134453,29.132773109243697,P00258,P00258-2026
2025-26,2026,donovan clingan,16.014705882352942,15.352941176470587,2.7794117647058822,0.7941176470588236,2.25,1.5882352941176472,46.1514705882353,P00259,P00259-2026
2025-26,2026,donovan mitchell,29.982089552238804,4.835820895522388,6.125373134328359,1.6119402985074627,0.32238805970149254,3.0089552238805966,47.76716417910448,P00260,P00260-2026
2025-26,2026,donte divincenzo,14.44736842105263,4.855263157894737,4.5,1.5394736842105263,0.4736842105263158,1.657894736842105,31.405263157894733,P00262,P00262-2026
2025-26,2026,dorian finney smith,7.07142857142857,5.357142857142857,2.142857142857143,0.8571428571428571,0.42857142857142855,1.2857142857142856,19.285714285714285,P00263,P00263-2026
2025-26,2026,doug mcdermott,13.589403973509935,3.099337748344371,1.9072847682119207,0.4768211920529802,0.2384105960264901,0.9536423841059604,21.36158940397351,P00264,P00264-2026
2025-26,2026,drake powell,11.142857142857142,3.085714285714286,2.4,1.0285714285714285,0.34285714285714286,1.7142857142857142,20.845714285714283,P00265,P00265-2026
2025-26,2026,draymond green,10.996363636363638,7.2,7.2,1.1781818181818182,0.7854545454545454,3.5345454545454547,32.792727272727284,P00266,P00266-2026
2025-26,2026,drew eubanks,14.290076335877865,8.244274809160306,1.3740458015267176,1.099236641221374,1.6488549618320612,1.9236641221374045,32.56488549618321,P00267,P00267-2026
2025-26,2026,drew peterson,2.6915887850467293,5.046728971962617,1.0093457943925233,1.6822429906542058,0.6728971962616823,0.0,17.327102803738317,P00268,P00268-2026
2025-26,2026,drew timme,14.06896551724138,4.9655172413793105,3.724137931034483,0.8275862068965518,0.0,2.0689655172413794,26.027586206896554,P00269,P00269-2026
2025-26,2026,dru smith,12.3680981595092,5.521472392638037,5.742331288343558,3.0920245398773,0.6625766871165644,1.7668711656441718,37.104294478527606,P00270,P00270-2026
2025-26,2026,duncan robinson,16.029197080291972,3.5474452554744533,2.759124087591241,0.7883211678832117,0.39416058394160586,0.9197080291970803,27.052554744525544,P00272,P00272-2026
2025-26,2026,duop reath,12.888888888888888,5.333333333333333,1.3333333333333333,0.888888888888889,1.3333333333333333,0.888888888888889,27.066666666666666,P00273,P00273-2026
2025-26,2026,dwight powell,8.307692307692307,10.32167832167832,2.769230769230769,1.2587412587412585,0.7552447552447552,1.762237762237762,29.127272727272725,P00275,P00275-2026
2025-26,2026,dylan cardwell,9.436893203883495,13.106796116504853,2.4466019417475726,1.2233009708737863,2.6213592233009706,1.5728155339805825,38.79611650485437,P00276,P00276-2026
2025-26,2026,dylan harper,18.79646017699115,5.4159292035398225,6.212389380530973,1.2743362831858407,0.4778761061946902,2.230088495575221,37.640707964601766,P00277,P00277-2026
2025-26,2026,dyson daniels,12.903614457831324,7.373493975903613,6.397590361445783,2.1686746987951806,0.4337349397590361,1.9518072289156625,37.20361445783132,P00279,P00279-2026
2025-26,2026,e j liddell,15.313432835820896,7.253731343283582,2.417910447761194,0.5373134328358209,1.0746268656716418,1.6119402985074627,30.86865671641791,P00280,P00280-2026
2025-26,2026,egor demin,14.714285714285715,4.571428571428572,4.714285714285714,1.142857142857143,0.42857142857142855,2.4285714285714284,29.55714285714286,P00283,P00283-2026
2025-26,2026,elijah harkless,11.657142857142858,3.4285714285714284,4.9714285714285715,2.057142857142857,0.34285714285714286,1.7142857142857142,28.71428571428571,P00285,P00285-2026
2025-26,2026,emanuel miller,16.363636363636367,3.272727272727273,4.363636363636364,2.181818181818182,0.0,0.0,33.38181818181819,P00287,P00287-2026
2025-26,2026,enrique freeman,12.774193548387096,9.677419354838708,1.9354838709677418,1.9354838709677418,3.096774193548387,1.9354838709677418,40.4516129032258,P00291,P00291-2026
2025-26,2026,eric gordon,16.097560975609756,0.8780487804878048,1.4634146341463414,2.0487804878048776,0.5853658536585366,1.4634146341463414,25.785365853658536,P00293,P00293-2026
2025-26,2026,ethan thompson,12.352941176470589,3.8823529411764715,3.1764705882352944,1.0588235294117647,0.5294117647058824,1.4117647058823533,25.129411764705885,P00295,P00295-2026
2025-26,2026,evan mobley,20.539184952978054,10.156739811912226,4.06269592476489,0.7899686520376176,1.9184952978056427,2.1442006269592477,44.8025078369906,P00298,P00298-2026
2025-26,2026,franz wagner,24.720000000000002,6.24,3.96,1.08,0.36,2.04,40.428,P00304,P00304-2026
2025-26,2026,gg jackson,21.02803738317757,7.233644859813084,2.5233644859813085,1.0093457943925233,1.3457943925233646,2.5233644859813085,38.03551401869158,P00308,P00308-2026
2025-26,2026,gabe vincent,9.542168674698797,2.1686746987951806,3.0361445783132526,1.0843373493975903,0.21686746987951805,1.0843373493975903,19.518072289156628,P00309,P00309-2026
2025-26,2026,garrett temple,8.727272727272728,4.363636363636364,4.363636363636364,2.181818181818182,1.090909090909091,3.272727272727273,27.05454545454546,P00313,P00313-2026
2025-26,2026,garrison mathews,14.290076335877865,3.022900763358779,1.9236641221374045,1.099236641221374,0.549618320610687,0.549618320610687,25.200000000000003,P00314,P00314-2026
2025-26,2026,gary harris,7.043478260869565,3.391304347826087,2.8695652173913047,1.5652173913043477,0.5217391304347826,1.0434782608695652,20.63478260869565,P00316,P00316-2026
2025-26,2026,gary payton ii,17.307692307692307,8.307692307692308,3.9230769230769234,2.076923076923077,0.6923076923076923,1.8461538461538463,39.62307692307693,P00317,P00317-2026
2025-26,2026,gary trent jr,13.754716981132074,1.6981132075471699,2.0377358490566038,0.8490566037735849,0.0,1.0188679245283019,20.37735849056604,P00318,P00318-2026
2025-26,2026,giannis antetokounmpo,34.38062283737025,12.207612456747405,6.726643598615918,1.1211072664359862,0.8719723183391004,3.9861591695501737,61.11280276816609,P00323,P00323-2026
2025-26,2026,goga bitadze,13.973684210526317,11.842105263157896,3.0789473684210527,1.4210526315789473,2.3684210526315788,1.657894736842105,42.51315789473684,P00324,P00324-2026
2025-26,2026,gradey dick,15.428571428571427,4.885714285714285,1.7999999999999998,1.542857142857143,0.2571428571428572,1.542857142857143,27.848571428571425,P00328,P00328-2026
2025-26,2026,grant nelson,17.59090909090909,6.136363636363636,5.3181818181818175,1.227272727272727,5.3181818181818175,4.090909090909091,48.47727272727272,P00329,P00329-2026
2025-26,2026,grant williams,12.727272727272727,7.090909090909091,2.909090909090909,0.9090909090909091,0.9090909090909091,1.6363636363636365,29.418181818181814,P00330,P00330-2026
2025-26,2026,grayson allen,20.625,3.7499999999999996,4.75,1.7499999999999998,0.375,2.0,36.625,P00331,P00331-2026
2025-26,2026,guerschon yabusele,13.439999999999998,8.4,2.16,0.9600000000000001,0.48000000000000004,1.44,29.639999999999997,P00334,P00334-2026
2025-26,2026,gui santos,16.15609756097561,6.848780487804878,4.0390243902439025,1.5804878048780489,0.526829268292683,2.6341463414634143,34.120975609756094,P00335,P00335-2026
2025-26,2026,harrison barnes,13.813953488372093,3.906976744186046,2.6511627906976742,0.8372093023255813,0.27906976744186046,1.1162790697674418,24.711627906976744,P00337,P00337-2026
2025-26,2026,harrison ingram,15.567567567567568,3.891891891891892,0.972972972972973,0.0,0.0,0.972972972972973,20.724324324324325,P00338,P00338-2026
2025-26,2026,hayden gray,8.64,0.0,1.44,1.44,1.44,1.44,18.0,P00342,P00342-2026
2025-26,2026,haywood highsmith,14.953846153846154,5.261538461538461,2.769230769230769,1.6615384615384614,0.0,0.0,30.406153846153845,P00343,P00343-2026
2025-26,2026,herbert jones,11.281690140845072,4.309859154929578,3.549295774647887,2.0281690140845074,0.6338028169014085,1.647887323943662,28.115492957746476,P00345,P00345-2026
2025-26,2026,hugo gonzalez,9.616438356164384,8.136986301369863,1.2328767123287672,1.4794520547945205,0.7397260273972602,1.2328767123287672,26.654794520547945,P00346,P00346-2026
2025-26,2026,hunter dickinson,10.285714285714285,4.285714285714286,1.7142857142857142,0.8571428571428571,1.7142857142857142,2.571428571428571,23.14285714285714,P00347,P00347-2026
2025-26,2026,hunter sallis,9.729729729729728,0.972972972972973,5.837837837837837,0.0,0.972972972972973,6.8108108108108105,15.76216216216216,P00348,P00348-2026
2025-26,2026,hunter tyson,10.285714285714286,7.948051948051948,3.7402597402597406,0.4675324675324676,0.0,0.9350649350649352,25.9012987012987,P00349,P00349-2026
2025-26,2026,immanuel quickley,18.507836990595614,4.514106583072101,6.6583072100313485,1.4670846394984327,0.11285266457680251,1.6927899686520378,36.959247648902824,P00352,P00352-2026
2025-26,2026,isaac jones,9.176470588235295,4.9411764705882355,0.7058823529411766,0.0,0.7058823529411766,0.7058823529411766,17.576470588235296,P00354,P00354-2026
2025-26,2026,isaac okoro,12.446096654275095,3.6133828996282533,2.1412639405204463,0.9368029739776952,0.6691449814126395,0.9368029739776952,23.875092936802975,P00355,P00355-2026
2025-26,2026,isaiah collier,16.389105058365757,3.501945525291829,10.085603112840467,1.540856031128405,0.42023346303501946,3.501945525291829,38.1011673151751,P00356,P00356-2026
2025-26,2026,isaiah crawford,10.90909090909091,6.000000000000001,2.181818181818182,0.5454545454545455,1.090909090909091,1.6363636363636365,24.654545454545456,P00357,P00357-2026
2025-26,2026,isaiah hartenstein,13.68595041322314,13.983471074380166,5.206611570247935,1.487603305785124,1.1900826446280992,2.5289256198347108,43.7801652892562,P00358,P00358-2026
2025-26,2026,isaiah jackson,14.618181818181819,11.563636363636364,1.9636363636363638,1.5272727272727271,1.9636363636363638,2.4,39.512727272727275,P00359,P00359-2026
2025-26,2026,isaiah joe,18.849056603773587,4.245283018867925,2.207547169811321,1.1886792452830188,0.339622641509434,1.0188679245283019,30.820754716981135,P00360,P00360-2026
2025-26,2026,isaiah livers,6.75,6.375,2.25,1.5000000000000002,0.7500000000000001,1.125,23.4,P00361,P00361-2026
2025-26,2026,isaiah stevens,8.307692307692307,2.517482517482517,8.307692307692307,4.279720279720279,0.0,1.762237762237762,34.86713286713287,P00364,P00364-2026
2025-26,2026,isaiah stewart,15.859030837004406,7.929515418502203,1.7444933920704848,0.4757709251101322,2.537444933920705,1.9030837004405288,35.12775330396476,P00365,P00365-2026
2025-26,2026,ivica zubac,16.86378737541528,12.677740863787374,2.631229235880399,0.47840531561461797,0.9568106312292359,2.1528239202657806,38.176744186046506,P00371,P00371-2026
2025-26,2026,jd davison,11.53846153846154,5.538461538461538,6.000000000000001,0.9230769230769231,0.9230769230769231,1.3846153846153846,31.33846153846154,P00373,P00373-2026
2025-26,2026,ja morant,24.63157894736842,4.168421052631579,10.23157894736842,1.263157894736842,0.37894736842105264,4.5473684210526315,45.36,P00375,P00375-2026
2025-26,2026,ja kobe walter,13.170731707317072,4.565853658536586,2.107317073170732,1.7560975609756098,0.35121951219512193,0.8780487804878049,27.254634146341463,P00376,P00376-2026
2025-26,2026,jabari smith jr,16.205128205128204,7.076923076923077,1.9487179487179485,0.7179487179487178,0.923076923076923,1.4358974358974357,31.107692307692307,P00380,P00380-2026
2025-26,2026,jabari walker,13.008403361344538,9.07563025210084,1.5126050420168067,1.2100840336134453,0.6050420168067226,1.2100840336134453,30.403361344537817,P00381,P00381-2026
2025-26,2026,jacob toppin,16.941176470588236,2.1176470588235294,2.1176470588235294,0.0,2.1176470588235294,0.0,29.011764705882356,P00386,P00386-2026
2025-26,2026,jaden hardy,20.96202531645569,3.4177215189873413,2.2784810126582276,0.6835443037974682,0.22784810126582278,2.5063291139240507,28.708860759493668,P00387,P00387-2026
2025-26,2026,jaden ivey,16.906077348066297,4.972375690607734,3.580110497237569,1.1933701657458564,0.7955801104972375,2.187845303867403,32.02209944751381,P00388,P00388-2026
2025-26,2026,jaden mcdaniels,16.807570977917983,4.769716088328076,3.066246056782335,1.2492113564668772,1.135646687697161,2.0441640378548898,32.2410094637224,P00389,P00389-2026
2025-26,2026,jae sean tate,11.454545454545453,6.545454545454546,2.0454545454545454,0.8181818181818182,0.4090909090909091,1.227272727272727,24.83181818181818,P00392,P00392-2026
2025-26,2026,jahmai mashack,10.285714285714286,4.313364055299539,3.6497695852534564,1.9907834101382487,0.8294930875576038,2.654377880184332,26.742857142857144,P00393,P00393-2026
2025-26,2026,jahmir young,15.80487804878049,2.634146341463415,5.26829268292683,0.878048780487805,0.0,1.75609756097561,27.746341463414637,P00395,P00395-2026
2025-26,2026,jahmyl telfort,0.9,3.6,0.9,0.9,0.0,0.9,8.37,P00396,P00396-2026
2025-26,2026,jaime jaquez jr,19.59010600706714,6.360424028268551,5.978798586572439,0.8904593639575972,0.381625441696113,2.544169611307421,37.46289752650176,P00397,P00397-2026
2025-26,2026,jake laravia,11.760956175298801,5.7370517928286855,2.581673306772908,1.8645418326693226,0.7171314741035857,1.5776892430278886,28.685258964143426,P00398,P00398-2026
2025-26,2026,jakob poeltl,15.408,10.080000000000002,2.88,1.2960000000000003,1.008,1.728,37.008,P00400,P00400-2026
2025-26,2026,jalen brunson,26.742857142857144,3.394285714285714,6.994285714285715,0.8228571428571428,0.10285714285714286,2.468571428571429,41.616,P00402,P00402-2026
2025-26,2026,jalen duren,24.893617021276597,13.404255319148936,2.5531914893617023,1.021276595744681,1.021276595744681,2.425531914893617,48.51063829787234,P00403,P00403-2026
2025-26,2026,jalen green,24.741312741312743,5.003861003861004,3.891891891891892,1.5289575289575292,0.416988416988417,3.196911196911197,39.22471042471043,P00404,P00404-2026
2025-26,2026,jalen johnson,23.011363636363633,10.534090909090908,8.079545454545455,1.227272727272727,0.4090909090909091,3.4772727272727266,49.20340909090908,P00406,P00406-2026
2025-26,2026,jalen pickett,11.627329192546584,5.1428571428571415,5.1428571428571415,0.670807453416149,0.22360248447204967,1.5652173913043474,26.631055900621114,P00408,P00408-2026
2025-26,2026,jalen slawson,10.99581589958159,6.627615062761508,4.2175732217573225,2.2594142259414225,1.656903765690377,1.9581589958158996,35.06610878661088,P00409,P00409-2026
2025-26,2026,jalen smith,17.73913043478261,11.652173913043478,2.0869565217391304,0.8695652173913043,1.3913043478260871,1.7391304347826086,39.89565217391305,P00410,P00410-2026
2025-26,2026,jalen suggs,18.0,5.08695652173913,7.173913043478261,2.3478260869565215,0.9130434782608695,3.5217391304347827,41.12608695652174,P00411,P00411-2026
2025-26,2026,jalen williams,21.67605633802817,5.830985915492958,6.971830985915494,1.5211267605633803,0.38028169014084506,2.408450704225352,42.426760563380284,P00412,P00412-2026
2025-26,2026,jalen wilson,14.49056603773585,4.754716981132075,2.0377358490566038,0.9056603773584906,0.0,1.5849056603773584,24.38490566037736,P00413,P00413-2026
2025-26,2026,jamal cain,15.934426229508198,5.901639344262295,2.0655737704918034,0.8852459016393442,0.29508196721311475,1.4754098360655739,28.18032786885246,P00414,P00414-2026
2025-26,2026,jamal murray,25.83050847457627,4.474576271186441,7.220338983050848,0.9152542372881356,0.40677966101694923,2.3389830508474576,43.65762711864407,P00415,P00415-2026
2025-26,2026,jamal shead,10.513274336283184,2.7079646017699113,8.601769911504425,1.4336283185840708,0.3185840707964602,2.230088495575221,29.692035398230086,P00416,P00416-2026
2025-26,2026,jamaree bouyea,14.657142857142857,4.628571428571429,4.628571428571429,1.542857142857143,0.7714285714285715,1.7999999999999998,32.29714285714286,P00417,P00417-2026
2025-26,2026,james harden,24.413793103448278,4.9655172413793105,8.275862068965518,1.1379310344827587,0.4137931034482759,3.6206896551724137,43.82068965517242,P00420,P00420-2026
2025-26,2026,james wiseman,8.193103448275862,4.9655172413793105,1.9862068965517243,0.0,0.7448275862068965,3.2275862068965515,16.137931034482758,P00422,P00422-2026
2025-26,2026,jamir watkins,12.932038834951456,6.815533980582523,2.2718446601941746,1.9223300970873787,0.8737864077669902,1.3980582524271843,31.508737864077666,P00423,P00423-2026
2025-26,2026,jamison battle,13.129411764705884,6.352941176470589,1.6941176470588235,0.4235294117647059,0.0,1.2705882352941176,23.294117647058826,P00424,P00424-2026
2025-26,2026,jarace walker,16.249027237354085,7.14396887159533,3.501945525291829,1.1206225680933855,0.42023346303501946,2.5214007782101167,32.17587548638132,P00426,P00426-2026
2025-26,2026,jared mccain,17.271676300578036,4.161849710982659,2.7052023121387285,1.0404624277456647,0.20809248554913293,1.6647398843930634,28.404624277456648,P00429,P00429-2026
2025-26,2026,jaren jackson jr,23.04950495049505,6.772277227722772,2.376237623762376,1.306930693069307,1.6633663366336633,2.613861386138614,41.03762376237623,P00431,P00431-2026
2025-26,2026,jarred vanderbilt,9.10344827586207,9.310344827586208,2.689655172413793,1.6551724137931036,0.6206896551724138,1.8620689655172415,29.275862068965523,P00432,P00432-2026
2025-26,2026,jarrett allen,20.457564575645755,11.29151291512915,2.3911439114391144,1.3284132841328413,1.062730627306273,1.7269372693726939,43.040590405904055,P00434,P00434-2026
2025-26,2026,jase richardson,14.532110091743121,3.9633027522935778,3.6330275229357802,1.3211009174311927,0.0,1.6513761467889907,27.049541284403674,P00437,P00437-2026
2025-26,2026,javon small,17.287128712871286,5.524752475247524,6.594059405940595,1.4257425742574257,0.3564356435643564,2.4950495049504946,36.659405940594056,P00440,P00440-2026
2025-26,2026,javonte cooke,8.816326530612244,7.346938775510203,2.9387755102040813,2.204081632653061,0.0,3.6734693877551017,24.97959183673469,P00441,P00441-2026
2025-26,2026,javonte green,14.113636363636363,5.727272727272727,1.4318181818181817,2.454545454545454,0.6136363636363635,1.0227272727272727,31.315909090909088,P00442,P00442-2026
2025-26,2026,jaxson hayes,14.754098360655739,8.065573770491802,1.7704918032786885,0.7868852459016393,1.5737704918032787,0.9836065573770492,33.186885245901635,P00444,P00444-2026
2025-26,2026,jay huff,16.285714285714285,6.857142857142857,2.571428571428571,0.8571428571428571,3.257142857142857,1.542857142857143,39.17142857142857,P00445,P00445-2026
2025-26,2026,jaylen brown,30.034883720930235,7.220930232558141,5.337209302325581,1.0465116279069768,0.4186046511627908,3.7674418604651163,47.33372093023255,P00447,P00447-2026
2025-26,2026,jaylen clark,10.992366412213741,4.9465648854961835,1.6488549618320612,1.9236641221374045,0.2748091603053435,0.8244274809160306,25.17251908396947,P00448,P00448-2026
2025-26,2026,jaylen wells,17.045454545454547,4.363636363636364,2.181818181818182,1.2272727272727275,0.13636363636363638,1.5000000000000002,28.14545454545455,P00454,P00454-2026
2025-26,2026,jaylin williams,13.224489795918366,10.10204081632653,4.408163265306122,0.9183673469387754,1.1020408163265305,1.8367346938775508,36.183673469387756,P00455,P00455-2026
2025-26,2026,jaylon tyson,17.665427509293682,6.825278810408922,2.944237918215614,1.0706319702602232,0.5353159851301116,2.0074349442379185,33.08252788104089,P00456,P00456-2026
2025-26,2026,jayson kent,16.363636363636363,8.181818181818182,0.0,1.6363636363636365,1.6363636363636365,0.0,36.0,P00457,P00457-2026
2025-26,2026,jayson tatum,24.073619631901842,11.042944785276074,5.852760736196318,1.54601226993865,0.22085889570552147,2.6503067484662575,48.75460122699386,P00458,P00458-2026
2025-26,2026,jeff green,13.655172413793105,4.9655172413793105,1.8620689655172413,0.6206896551724138,0.6206896551724138,0.6206896551724138,25.51034482758621,P00461,P00461-2026
2025-26,2026,jerami grant,22.545454545454547,4.242424242424242,2.545454545454546,0.8484848484848485,0.7272727272727272,2.545454545454546,33.63636363636363,P00463,P00463-2026
2025-26,2026,jeremiah fears,19.953488372093023,5.162790697674419,4.7441860465116275,1.6744186046511627,0.5581395348837209,3.0697674418604652,36.89302325581396,P00464,P00464-2026
2025-26,2026,jeremiah robinson earl,10.097560975609756,10.317073170731708,1.5365853658536586,0.878048780487805,0.0,1.0975609756097562,26.31951219512195,P00465,P00465-2026
2025-26,2026,jeremy sochan,12.112149532710282,8.074766355140186,3.0280373831775704,1.3457943925233646,0.6728971962616823,1.6822429906542058,30.717757009345792,P00467,P00467-2026
2025-26,2026,jericho sims,9.137055837563452,10.050761421319796,2.923857868020305,0.5482233502538071,0.5482233502538071,2.0101522842639596,26.86294416243655,P00468,P00468-2026
2025-26,2026,jett howard,15.714285714285715,4.571428571428572,2.285714285714286,0.5714285714285715,0.5714285714285715,0.8571428571428571,27.200000000000006,P00471,P00471-2026
2025-26,2026,jevon carter,14.04878048780488,3.731707317073171,3.51219512195122,1.75609756097561,0.4390243902439025,1.5365853658536586,28.843902439024397,P00472,P00472-2026
2025-26,2026,jimmy butler iii,23.15112540192926,6.482315112540192,5.672025723472669,1.620578778135048,0.2315112540192926,1.8520900321543408,43.14212218649518,P00473,P00473-2026
2025-26,2026,joan beringer,17.772151898734176,10.481012658227845,1.3670886075949364,0.9113924050632911,3.1898734177215187,1.3670886075949364,43.33670886075949,P00474,P00474-2026
2025-26,2026,jock landale,17.266968325791854,9.285067873303166,2.7692307692307687,0.8144796380090498,0.8144796380090498,1.4660633484162897,35.98371040723981,P00475,P00475-2026
2025-26,2026,joe ingles,9.473684210526315,4.421052631578947,8.210526315789473,1.894736842105263,0.631578947368421,3.1578947368421053,31.515789473684205,P00477,P00477-2026
2025-26,2026,joel embiid,30.64556962025316,8.772151898734178,4.443037974683544,0.6835443037974682,1.3670886075949364,3.3037974683544302,50.68481012658227,P00481,P00481-2026
2025-26,2026,john collins,18.066420664206642,7.040590405904059,1.3284132841328413,1.1955719557195572,0.9298892988929888,1.8597785977859775,33.02435424354243,P00483,P00483-2026
2025-26,2026,john konchar,7.959798994974876,7.778894472361809,3.7989949748743723,2.71356783919598,1.2663316582914572,1.085427135678392,33.847236180904524,P00484,P00484-2026
2025-26,2026,john poulakidas,16.24615384615385,4.246153846153846,1.476923076923077,0.923076923076923,0.5538461538461538,0.5538461538461538,27.433846153846154,P00485,P00485-2026
2025-26,2026,john tonje,12.857142857142858,5.142857142857142,1.542857142857143,1.542857142857143,0.0,0.0,25.97142857142857,P00486,P00486-2026
2025-26,2026,johni broome,6.4799999999999995,10.799999999999999,2.88,2.16,1.44,2.16,32.400000000000006,P00488,P00488-2026
2025-26,2026,johnny furphy,9.978260869565219,8.608695652173914,2.3478260869565215,1.1739130434782608,0.39130434782608703,1.5652173913043481,26.960869565217394,P00490,P00490-2026
2025-26,2026,johnny juzang,17.142857142857142,6.857142857142857,2.571428571428571,0.8571428571428571,0.0,1.7142857142857142,30.085714285714282,P00491,P00491-2026
2025-26,2026,jonas valanciunas,23.373134328358205,13.701492537313433,3.2238805970149254,0.5373134328358209,1.6119402985074627,2.955223880597015,48.143283582089545,P00492,P00492-2026
2025-26,2026,jonathan isaac,9.36,9.0,1.44,1.44,2.16,1.08,32.04,P00493,P00493-2026
2025-26,2026,jonathan kuminga,19.01298701298701,8.727272727272727,3.584415584415584,0.935064935064935,0.4675324675324675,2.9610389610389607,36.10909090909091,P00494,P00494-2026
2025-26,2026,jonathan mogbo,8.709677419354838,9.870967741935484,3.4838709677419355,1.7419354838709677,1.161290322580645,2.32258064516129,32.167741935483875,P00495,P00495-2026
2025-26,2026,jordan clarkson,17.39325842696629,3.640449438202247,2.629213483146067,0.8089887640449438,0.20224719101123595,1.8202247191011236,26.919101123595507,P00497,P00497-2026
2025-26,2026,jordan goodwin,13.92,7.840000000000001,3.52,2.4,0.32,1.6,35.168000000000006,P00499,P00499-2026
2025-26,2026,jordan hawkins,13.5,4.5,2.1176470588235294,0.7941176470588236,0.5294117647058824,1.852941176470588,24.194117647058825,P00501,P00501-2026
2025-26,2026,jordan mclaughlin,11.25,3.9374999999999996,5.0625,2.8125,0.0,1.6874999999999998,30.31875,P00502,P00502-2026
2025-26,2026,jordan miller,16.289592760180994,4.886877828054298,3.7466063348416285,1.3031674208144794,0.32579185520361986,1.7918552036199096,30.868778280542983,P00503,P00503-2026
2025-26,2026,jordan poole,20.184100418410043,3.0125523012552304,4.669456066945607,0.9037656903765691,0.602510460251046,2.711297071129707,32.610878661087874,P00505,P00505-2026
2025-26,2026,jordan walsh,10.921348314606742,8.089887640449438,1.6179775280898876,1.4157303370786516,1.0112359550561798,1.0112359550561798,29.325842696629216,P00507,P00507-2026
2025-26,2026,jose alvarado,13.386934673366836,4.522613065326634,6.150753768844222,1.8090452261306533,0.18090452261306536,1.989949748743719,32.02010050251257,P00508,P00508-2026
2025-26,2026,josh giddey,19.06542056074766,9.308411214953273,10.205607476635514,1.1214953271028036,0.5607476635514018,4.037383177570093,46.55327102803738,P00510,P00510-2026
2025-26,2026,josh green,9.859872611464969,4.127388535031847,1.8343949044585988,1.375796178343949,0.22929936305732485,1.375796178343949,21.003821656050953,P00511,P00511-2026
2025-26,2026,josh hart,14.304635761589406,8.821192052980134,5.7218543046357615,1.3112582781456956,0.3576158940397351,2.2649006622516556,36.214569536423845,P00512,P00512-2026
2025-26,2026,josh minott,15.670588235294119,6.776470588235294,1.9058823529411764,1.9058823529411764,1.0588235294117647,1.9058823529411764,33.64941176470589,P00514,P00514-2026
2025-26,2026,josh oduro,10.945054945054945,10.153846153846153,1.7142857142857142,0.0,0.0,0.923076923076923,24.77802197802198,P00515,P00515-2026
2025-26,2026,josh okogie,9.310344827586208,5.379310344827586,1.8620689655172415,1.6551724137931036,0.4137931034482759,1.0344827586206897,23.73103448275862,P00516,P00516-2026
2025-26,2026,jrue holiday,19.95918367346939,5.63265306122449,7.469387755102041,1.2244897959183674,0.12244897959183675,3.4285714285714284,38.53469387755102,P00519,P00519-2026
2025-26,2026,julian champagnie,14.478260869565215,7.565217391304348,1.9565217391304348,1.0434782608695652,0.6521739130434783,1.0434782608695652,30.534782608695647,P00523,P00523-2026
2025-26,2026,julian phillips,11.730337078651685,4.044943820224719,0.8089887640449438,2.0224719101123596,0.4044943820224719,0.8089887640449438,24.26966292134831,P00524,P00524-2026
2025-26,2026,julian reese,13.747572815533982,12.233009708737864,2.0970873786407767,1.6310679611650485,0.6990291262135923,2.9126213592233015,35.650485436893206,P00525,P00525-2026
2025-26,2026,julian strawther,17.165562913907287,4.768211920529802,2.6225165562913912,0.9536423841059604,0.2384105960264901,1.4304635761589404,28.96688741721855,P00526,P00526-2026
2025-26,2026,julius randle,23.01818181818182,7.3090909090909095,5.454545454545455,1.2,0.21818181818181817,2.9454545454545453,41.28,P00527,P00527-2026
2025-26,2026,justin champagnie,15.659999999999998,10.079999999999998,2.16,1.6199999999999999,1.08,1.2599999999999998,37.836,P00529,P00529-2026
2025-26,2026,justin edwards,14.117647058823529,3.5294117647058822,3.058823529411765,1.8823529411764706,0.47058823529411764,1.4117647058823528,28.588235294117645,P00530,P00530-2026
2025-26,2026,jusuf nurkic,14.863636363636365,14.181818181818183,6.545454545454546,1.772727272727273,0.6818181818181819,3.409090909090909,45.65454545454546,P00536,P00536-2026
2025-26,2026,kj simpson,12.83720930232558,5.3023255813953485,6.1395348837209305,2.2325581395348837,0.0,3.627906976744186,31.479069767441857,P00539,P00539-2026
2025-26,2026,kadary richmond,13.399103139013453,5.3273542600896855,4.358744394618834,4.358744394618834,0.48430493273542596,1.1300448430493273,39.72914798206278,P00541,P00541-2026
2025-26,2026,kam jones,9.542168674698797,3.469879518072289,6.939759036144578,1.0843373493975903,0.0,2.1686746987951806,25.200000000000003,P00543,P00543-2026
2025-26,2026,karl anthony towns,23.34193548387097,13.819354838709678,3.4838709677419355,1.0451612903225806,0.5806451612903225,2.903225806451613,47.12516129032257,P00544,P00544-2026
2025-26,2026,karlo matkovic,13.95918367346939,9.061224489795919,1.959183673469388,0.979591836734694,2.2040816326530615,1.2244897959183674,36.097959183673474,P00545,P00545-2026
2025-26,2026,kasparas jakucionis,12.53932584269663,5.258426966292134,5.258426966292134,1.2134831460674156,0.20224719101123595,1.8202247191011236,29.164044943820226,P00546,P00546-2026
2025-26,2026,kawhi leonard,31.28971962616822,7.177570093457944,4.037383177570093,2.130841121495327,0.4485981308411215,2.2429906542056073,51.45420560747664,P00547,P00547-2026
2025-26,2026,keaton wallace,12.475247524752476,3.920792079207921,6.415841584158416,1.7821782178217822,0.3564356435643564,1.7821782178217822,31.437623762376237,P00548,P00548-2026
2025-26,2026,keegan murray,14.608695652173914,5.947826086956522,1.7739130434782606,1.0434782608695652,1.6695652173913045,1.2521739130434784,31.293913043478263,P00549,P00549-2026
2025-26,2026,kel el ware,18.081447963800905,14.660633484162895,1.1402714932126696,1.3031674208144794,1.7918552036199096,1.3031674208144794,45.366515837104075,P00553,P00553-2026
2025-26,2026,keldon johnson,20.39484978540772,8.343347639484978,2.1630901287553645,0.927038626609442,0.15450643776824036,1.390557939914163,35.50557939914163,P00555,P00555-2026
2025-26,2026,kelly olynyk,13.395348837209305,7.534883720930233,5.023255813953488,1.674418604651163,0.4186046511627908,2.511627906976744,33.739534883720935,P00557,P00557-2026
2025-26,2026,kelly oubre jr,16.114285714285714,5.7142857142857135,1.8285714285714285,1.5999999999999999,0.5714285714285714,1.5999999999999999,30.628571428571426,P00558,P00558-2026
2025-26,2026,kennedy chandler,16.71826625386997,3.7894736842105265,7.4674922600619205,1.1145510835913315,0.2229102167182663,2.340557275541796,34.13869969040248,P00562,P00562-2026
2025-26,2026,kenrich williams,15.294117647058822,7.76470588235294,3.2941176470588234,1.4117647058823528,0.23529411764705882,1.8823529411764706,32.611764705882344,P00564,P00564-2026
2025-26,2026,kentavious caldwell pope,14.19718309859155,4.225352112676056,4.563380281690141,1.352112676056338,0.3380281690140845,2.028169014084507,29.154929577464785,P00566,P00566-2026
2025-26,2026,keon ellis,11.765853658536585,3.3365853658536584,1.7560975609756098,2.107317073170732,1.053658536585366,1.053658536585366,26.833170731707316,P00567,P00567-2026
2025-26,2026,keshad johnson,17.59090909090909,7.772727272727272,1.227272727272727,2.0454545454545454,1.227272727272727,1.6363636363636365,36.94090909090909,P00569,P00569-2026
2025-26,2026,keshon gilbert,8.367567567567567,2.5297297297297296,5.837837837837839,1.5567567567567568,1.945945945945946,3.891891891891892,26.776216216216216,P00570,P00570-2026
2025-26,2026,kevin durant,25.714285714285715,5.43956043956044,4.747252747252747,0.7912087912087913,0.8901098901098902,3.164835164835165,41.241758241758234,P00572,P00572-2026
2025-26,2026,kevin huerter,16.071428571428573,5.625,4.178571428571429,1.4464285714285716,0.8035714285714286,1.6071428571428572,34.23214285714286,P00573,P00573-2026
2025-26,2026,kevin love,14.53012048192771,12.578313253012047,3.903614457831325,0.8674698795180722,0.4337349397590361,1.7349397590361444,37.64819277108433,P00575,P00575-2026
2025-26,2026,kevin mccullar jr,11.675675675675674,6.324324324324325,4.864864864864864,1.945945945945946,0.0,2.9189189189189184,29.48108108108108,P00576,P00576-2026
2025-26,2026,kevin porter jr,18.867469879518072,5.63855421686747,8.024096385542169,2.385542168674699,0.5421686746987951,3.1445783132530116,43.30843373493976,P00578,P00578-2026
2025-26,2026,kevon looney,6.904109589041095,13.80821917808219,3.945205479452055,0.9863013698630138,1.2328767123287672,0.9863013698630138,35.06301369863014,P00580,P00580-2026
2025-26,2026,keyonte george,25.667673716012086,4.02416918429003,6.634441087613292,1.1963746223564955,0.3262839879154078,3.3716012084592144,41.644712990936554,P00582,P00582-2026
2025-26,2026,khaman maluach,12.134831460674157,11.730337078651685,0.4044943820224719,0.4044943820224719,2.831460674157303,2.0224719101123596,34.503370786516854,P00583,P00583-2026
2025-26,2026,khris middleton,16.105263157894736,5.842105263157895,4.421052631578947,1.1052631578947367,0.15789473684210525,2.6842105263157894,30.852631578947367,P00585,P00585-2026
2025-26,2026,killian hayes,11.186440677966102,4.677966101694915,7.118644067796611,1.8305084745762712,0.40677966101694923,2.440677966101695,31.74915254237289,P00586,P00586-2026
2025-26,2026,klay thompson,19.410138248847925,3.483870967741936,2.32258064516129,0.8294930875576038,0.49769585253456217,1.4930875576036866,29.563133640552994,P00589,P00589-2026
2025-26,2026,kobe brown,13.215189873417721,6.835443037974683,2.962025316455696,0.9113924050632911,0.45569620253164556,2.050632911392405,27.911392405063292,P00590,P00590-2026
2025-26,2026,kobe bufkin,14.108108108108109,3.891891891891892,2.9189189189189184,0.4864864864864865,0.972972972972973,1.4594594594594592,26.075675675675676,P00591,P00591-2026
2025-26,2026,kobe sanders,13.20603015075377,4.160804020100502,2.8944723618090458,1.2663316582914572,0.18090452261306536,2.170854271356784,24.711557788944727,P00592,P00592-2026
2025-26,2026,koby brea,19.54285714285714,3.5999999999999996,4.114285714285715,0.5142857142857143,0.0,1.542857142857143,30.034285714285716,P00594,P00594-2026
2025-26,2026,kon knueppel,21.142857142857142,6.057142857142857,3.8857142857142852,0.7999999999999999,0.22857142857142856,2.2857142857142856,35.03999999999999,P00595,P00595-2026
2025-26,2026,kris dunn,9.661764705882353,4.367647058823529,4.764705882352941,2.1176470588235294,0.2647058823529412,1.852941176470588,27.34411764705882,P00596,P00596-2026
2025-26,2026,kris murray,8.923076923076923,5.538461538461538,2.1538461538461537,1.3846153846153846,0.6153846153846154,1.2307692307692308,23.56923076923077,P00597,P00597-2026
2025-26,2026,kristaps porzingis,25.049999999999997,7.800000000000001,3.75,0.8999999999999999,1.7999999999999998,1.9500000000000002,46.184999999999995,P00598,P00598-2026
2025-26,2026,kyle anderson,11.272727272727273,6.363636363636363,5.2727272727272725,1.8181818181818181,1.0909090909090908,1.6363636363636365,33.909090909090914,P00599,P00599-2026
2025-26,2026,kyle filipowski,17.53846153846154,11.076923076923077,4.0,1.3846153846153846,0.7692307692307693,2.4615384615384617,40.830769230769235,P00600,P00600-2026
2025-26,2026,kyle kuzma,17.862595419847327,6.183206106870229,3.7099236641221376,0.9618320610687022,0.549618320610687,2.33587786259542,33.04580152671756,P00602,P00602-2026
2025-26,2026,kyle lowry,5.142857142857142,2.571428571428571,3.4285714285714284,0.42857142857142855,0.42857142857142855,1.2857142857142856,14.657142857142855,P00603,P00603-2026
2025-26,2026,kyshawn george,18.372413793103448,6.3310344827586205,5.586206896551724,1.2413793103448276,1.1172413793103448,3.2275862068965515,38.19724137931035,P00606,P00606-2026
2025-26,2026,lj cryer,18.22222222222222,3.555555555555556,2.2222222222222223,0.4444444444444445,0.0,1.777777777777778,25.377777777777773,P00607,P00607-2026
2025-26,2026,lamelo ball,25.84285714285714,6.171428571428572,9.128571428571428,1.542857142857143,0.38571428571428573,3.5999999999999996,49.12714285714285,P00609,P00609-2026
2025-26,2026,lachlan olbrich,9.29032258064516,11.612903225806452,4.258064516129032,1.161290322580645,0.7741935483870968,1.5483870967741935,33.87096774193548,P00610,P00610-2026
2025-26,2026,landry shamet,14.556521739130437,2.8173913043478263,2.1913043478260867,0.9391304347826086,0.3130434782608696,0.9391304347826086,24.04173913043478,P00613,P00613-2026
2025-26,2026,larry nance jr,10.40625,7.59375,2.8125,1.6874999999999998,0.5625,1.6874999999999998,28.799999999999997,P00615,P00615-2026
2025-26,2026,lauri markkanen,27.94186046511628,7.220930232558141,2.1976744186046515,1.0465116279069768,0.5232558139534884,1.5697674418604652,43.043023255813964,P00616,P00616-2026
2025-26,2026,lawson lovering,10.285714285714285,11.020408163265307,2.204081632653061,2.204081632653061,0.7346938775510203,1.4693877551020407,34.16326530612245,P00617,P00617-2026
2025-26,2026,lebron james,22.662650602409638,6.614457831325301,7.80722891566265,1.3012048192771084,0.6506024096385542,3.2530120481927707,44.91325301204819,P00618,P00618-2026
2025-26,2026,leaky black,8.844290657439446,6.228373702422146,1.8685121107266438,1.4948096885813147,0.6228373702422145,1.1211072664359862,24.35294117647059,P00619,P00619-2026
2025-26,2026,leonard miller,18.0,9.0,2.076923076923077,0.9230769230769231,0.6923076923076923,1.8461538461538463,34.91538461538462,P00621,P00621-2026
2025-26,2026,liam mcneeley,13.008403361344538,7.260504201680671,2.4201680672268906,0.6050420168067226,0.3025210084033613,1.2100840336134453,26.86386554621849,P00623,P00623-2026
2025-26,2026,lindy waters iii,12.169014084507042,3.549295774647887,2.535211267605634,1.0140845070422537,0.0,1.0140845070422537,22.259154929577466,P00626,P00626-2026
2025-26,2026,lonzo ball,7.96153846153846,6.9230769230769225,6.75,2.25,0.5192307692307692,2.596153846153846,32.105769230769226,P00628,P00628-2026
2025-26,2026,lucas williamson,11.700000000000001,6.075,2.9250000000000003,1.8,0.1125,1.575,27.540000000000003,P00631,P00631-2026
2025-26,2026,luguentz dort,11.149253731343284,4.835820895522388,1.6119402985074627,1.208955223880597,0.5373134328358209,1.0746268656716418,23.534328358208956,P00632,P00632-2026
2025-26,2026,luka doncic,33.68715083798883,7.743016759776538,8.3463687150838,1.6089385474860338,0.5027932960893855,4.022346368715084,57.81117318435756,P00633,P00633-2026
2025-26,2026,luka garza,18.0,9.11111111111111,2.2222222222222223,0.888888888888889,0.888888888888889,1.5555555555555554,36.04444444444444,P00634,P00634-2026
2025-26,2026,luke kennard,14.065116279069768,3.8511627906976744,3.6837209302325586,1.172093023255814,0.16744186046511628,1.3395348837209302,26.891162790697678,P00636,P00636-2026
2025-26,2026,luke kornet,11.142857142857142,10.457142857142856,3.257142857142857,0.8571428571428571,1.7142857142857142,0.6857142857142857,35.605714285714285,P00637,P00637-2026
2025-26,2026,luke travers,9.627906976744185,8.372093023255815,3.348837209302326,2.511627906976744,1.255813953488372,1.255813953488372,34.744186046511636,P00638,P00638-2026
2025-26,2026,mac mcclung,17.853658536585364,2.6341463414634143,2.6341463414634143,2.926829268292683,0.8780487804878048,2.341463414634146,34.039024390243895,P00639,P00639-2026
2025-26,2026,malachi smith,12.502092050209207,5.121338912133892,4.97071129707113,1.205020920502092,0.45188284518828453,1.3556485355648535,29.718828451882846,P00641,P00641-2026
2025-26,2026,malaki branham,16.897959183673468,5.877551020408163,2.9387755102040813,1.4693877551020407,0.36734693877551017,1.8367346938775508,32.03265306122448,P00642,P00642-2026
2025-26,2026,malevy leons,10.799999999999999,6.872727272727273,2.9454545454545453,1.9636363636363636,1.3090909090909093,1.6363636363636365,31.647272727272725,P00645,P00645-2026
2025-26,2026,malik monk,20.454545454545457,3.1090909090909093,4.909090909090908,0.9818181818181818,0.6545454545454547,2.454545454545454,34.00363636363637,P00648,P00648-2026
2025-26,2026,marjon beauchamp,17.485714285714284,5.914285714285715,2.828571428571429,1.542857142857143,0.7714285714285715,2.3142857142857145,33.45428571428571,P00653,P00653-2026
2025-26,2026,marcus sasser,15.600000000000001,3.0,6.0,1.5,0.3,2.4,31.200000000000003,P00657,P00657-2026
2025-26,2026,marcus smart,11.747368421052633,3.536842105263158,3.789473684210526,1.768421052631579,0.5052631578947369,1.894736842105263,26.602105263157895,P00658,P00658-2026
2025-26,2026,mark sears,30.16216216216216,2.9189189189189184,2.9189189189189184,0.0,0.0,5.837837837837837,32.2054054054054,P00659,P00659-2026
2025-26,2026,mark williams,17.847457627118644,12.203389830508474,1.5254237288135593,1.3728813559322033,1.3728813559322033,1.6779661016949152,41.33898305084745,P00660,P00660-2026
2025-26,2026,markelle fultz,4.0,1.0,8.0,2.0,0.0,4.0,19.2,P00661,P00661-2026
2025-26,2026,marvin bagley iii,18.900000000000002,10.98,2.5199999999999996,0.9,1.2599999999999998,1.8,40.53600000000001,P00668,P00668-2026
2025-26,2026,mason plumlee,6.697674418604652,11.302325581395351,4.186046511627907,2.0930232558139537,0.0,2.511627906976744,30.30697674418605,P00670,P00670-2026
2025-26,2026,matas buzelis,20.095890410958905,7.150684931506849,2.589041095890411,0.8630136986301369,1.8493150684931507,2.589041095890411,38.108219178082194,P00671,P00671-2026
2025-26,2026,matisse thybulle,13.049999999999999,4.5,2.025,4.5,1.125,2.025,36.3375,P00672,P00672-2026
2025-26,2026,max christie,15.216494845360824,3.9587628865979383,2.474226804123711,0.7422680412371134,0.4948453608247423,1.4845360824742269,25.905154639175258,P00678,P00678-2026
2025-26,2026,max shulga,6.545454545454546,5.454545454545455,2.181818181818182,1.090909090909091,0.0,3.272727272727273,16.363636363636367,P00679,P00679-2026
2025-26,2026,max strus,16.799999999999997,8.1,3.0,0.44999999999999996,0.0,1.2,31.169999999999998,P00680,P00680-2026
2025-26,2026,maxi kleber,6.728971962616823,6.728971962616823,2.0186915887850465,1.3457943925233646,1.0093457943925233,1.3457943925233646,23.55140186915888,P00681,P00681-2026
2025-26,2026,maxime raynaud,16.9811320754717,10.18867924528302,1.90188679245283,0.6792452830188679,0.6792452830188679,1.7660377358490567,34.369811320754714,P00682,P00682-2026
2025-26,2026,micah peavy,10.32,4.56,2.4,1.6799999999999997,0.24000000000000002,0.72,24.432,P00688,P00688-2026
2025-26,2026,micah potter,18.09326424870466,9.32642487046632,2.7979274611398965,0.9326424870466321,0.5595854922279793,1.8652849740932642,36.09326424870466,P00689,P00689-2026
2025-26,2026,michael porter jr,26.806153846153844,7.864615384615385,3.3230769230769233,1.2184615384615387,0.3323076923076923,2.5476923076923077,43.33292307692308,P00691,P00691-2026
2025-26,2026,mikal bridges,15.80487804878049,4.170731707317073,4.060975609756098,1.4268292682926833,0.878048780487805,1.0975609756097562,32.71829268292683,P00692,P00692-2026
2025-26,2026,mike conley,8.804347826086957,3.3260869565217392,5.673913043478261,1.1739130434782608,0.5869565217391304,1.1739130434782608,25.415217391304346,P00693,P00693-2026
2025-26,2026,miles bridges,19.858064516129033,6.735483870967742,3.7161290322580647,0.6967741935483871,0.4645161290322581,1.6258064516129032,35.37290322580645,P00695,P00695-2026
2025-26,2026,miles kelly,11.625,6.375,3.375,1.125,0.37500000000000006,1.5000000000000002,27.3375,P00696,P00696-2026
2025-26,2026,miles mcbride,16.425855513307987,3.2851711026615966,3.55893536121673,1.231939163498099,0.2737642585551331,1.0950570342205324,29.128517110266163,P00697,P00697-2026
2025-26,2026,mitchell robinson,10.46938775510204,16.163265306122447,1.6530612244897958,1.6530612244897958,2.204081632653061,1.2857142857142856,42.630612244897954,P00699,P00699-2026
2025-26,2026,mo bamba,8.181818181818182,18.0,0.9818181818181818,0.0,2.6181818181818186,1.6363636363636365,37.472727272727276,P00701,P00701-2026
2025-26,2026,mohamed diawara,14.08695652173913,5.478260869565218,3.1304347826086962,0.7826086956521741,0.39130434782608703,1.5652173913043481,27.313043478260873,P00702,P00702-2026
2025-26,2026,monte morris,9.999999999999998,4.0,4.999999999999999,0.6666666666666666,0.6666666666666666,1.0,25.299999999999997,P00703,P00703-2026
2025-26,2026,moritz wagner,20.873949579831933,9.680672268907562,2.4201680672268906,1.2100840336134453,0.3025210084033613,1.5126050420168067,39.146218487394954,P00705,P00705-2026
2025-26,2026,moses moody,16.94941634241245,4.622568093385214,2.241245136186771,1.4007782101167314,0.8404669260700389,1.4007782101167314,31.181322957198443,P00707,P00707-2026
2025-26,2026,mouhamadou gueye,12.8,4.8,4.8,1.6,0.8,2.4,30.560000000000002,P00709,P00709-2026
2025-26,2026,mouhamed gueye,10.352941176470589,8.470588235294118,2.1176470588235294,1.8823529411764706,1.1764705882352942,0.9411764705882353,31.92941176470588,P00710,P00710-2026
2025-26,2026,moussa cisse,11.654676258992804,14.762589928057555,0.5179856115107914,1.2949640287769784,3.107913669064748,2.0719424460431655,41.283453237410065,P00711,P00711-2026
2025-26,2026,moussa diabate,10.938461538461539,12.046153846153846,2.6307692307692303,1.1076923076923078,1.3846153846153846,1.3846153846153846,35.43230769230769,P00712,P00712-2026
2025-26,2026,myles turner,15.92565055762082,7.092936802973978,2.0074349442379185,0.9368029739776952,2.1412639405204463,1.6059479553903344,35.07657992565056,P00715,P00715-2026
2025-26,2026,myron gardner,14.241758241758243,10.681318681318682,3.956043956043956,1.5824175824175826,0.7912087912087913,1.5824175824175826,38.53186813186814,P00716,P00716-2026
2025-26,2026,n faly dante,7.578947368421053,17.05263157894737,0.0,4.7368421052631575,0.0,2.8421052631578947,39.41052631578947,P00717,P00717-2026
2025-26,2026,nae qwan tomlin,13.299363057324841,6.649681528662421,1.8343949044585988,1.375796178343949,1.1464968152866242,1.1464968152866242,30.45095541401274,P00718,P00718-2026
2025-26,2026,naji marshall,18.54915254237288,5.735593220338983,4.027118644067796,1.3423728813559324,0.12203389830508476,1.9525423728813562,33.913220338983045,P00719,P00719-2026
2025-26,2026,nate williams,16.842105263157894,4.421052631578947,2.1052631578947367,0.8421052631578947,0.0,2.3157894736842106,25.515789473684208,P00723,P00723-2026
2025-26,2026,naz reid,18.75862068965517,8.551724137931036,3.03448275862069,1.379310344827586,1.379310344827586,2.206896551724138,39.641379310344824,P00725,P00725-2026
2025-26,2026,neemias queta,14.51383399209486,11.952569169960475,2.4189723320158105,1.1383399209486165,1.849802371541502,1.4229249011857708,40.026877470355736,P00726,P00726-2026
2025-26,2026,nic claxton,15.151079136690646,8.93525179856115,4.7913669064748206,0.9064748201438848,1.4244604316546763,1.8129496402877696,38.240287769784175,P00729,P00729-2026
2025-26,2026,nick richards,14.301369863013697,12.575342465753424,0.7397260273972602,0.4931506849315069,1.7260273972602738,2.958904109589041,34.199999999999996,P00730,P00730-2026
2025-26,2026,nick smith jr,17.856,2.3040000000000003,2.88,0.864,0.28800000000000003,2.016,26.3808,P00731,P00731-2026
2025-26,2026,nickeil alexander walker,22.41916167664671,3.6646706586826348,3.988023952095809,1.4011976047904193,0.5389221556886228,2.263473053892216,36.35568862275449,P00732,P00732-2026
2025-26,2026,nicolas batum,8.228571428571428,5.142857142857142,1.8514285714285714,1.2342857142857144,0.6171428571428572,1.0285714285714285,21.70285714285714,P00733,P00733-2026
2025-26,2026,nigel hayes davis,6.5,6.0,1.5,1.5,0.5,1.5,20.45,P00734,P00734-2026
2025-26,2026,nikola jokic,28.655172413793107,13.344827586206897,11.068965517241379,1.4482758620689655,0.8275862068965518,3.827586206896552,64.27241379310344,P00736,P00736-2026
2025-26,2026,nikola jovic,15.279069767441861,6.906976744186046,4.604651162790698,1.255813953488372,0.8372093023255816,2.9302325581395348,33.82325581395349,P00737,P00737-2026
2025-26,2026,nikola topic,11.700000000000001,4.2749999999999995,9.9,1.125,0.0,5.625,29.43,P00738,P00738-2026
2025-26,2026,nikola vucevic,19.140845070422536,10.647887323943664,4.183098591549296,0.7605633802816901,0.7605633802816901,1.647887323943662,41.108450704225355,P00739,P00739-2026
2025-26,2026,nique clifford,12.334661354581673,5.45019920318725,3.4422310756972108,1.290836653386454,0.43027888446215135,2.151394422310757,27.050199203187248,P00740,P00740-2026
2025-26,2026,noah clowney,16.400000000000002,5.466666666666667,2.1333333333333333,1.0666666666666667,0.9333333333333333,2.0,30.159999999999997,P00741,P00741-2026
2025-26,2026,noah penda,10.687499999999998,9.0,3.3749999999999996,1.40625,0.8437499999999999,1.9687499999999998,31.331249999999997,P00742,P00742-2026
2025-26,2026,nolan traore,14.432432432432433,2.9189189189189193,6.162162162162162,1.2972972972972974,0.6486486486486487,3.72972972972973,29.286486486486492,P00744,P00744-2026
2025-26,2026,norchad omier,25.2,10.799999999999999,2.6999999999999997,1.8,0.0,0.0,47.60999999999999,P00745,P00745-2026
2025-26,2026,norman powell,26.391891891891888,4.256756756756757,3.0405405405405403,1.337837837837838,0.24324324324324326,2.3108108108108105,38.49324324324324,P00746,P00746-2026
2025-26,2026,og anunoby,18.108433734939755,5.63855421686747,2.385542168674699,1.7349397590361444,0.7590361445783131,1.9518072289156625,33.98313253012048,P00748,P00748-2026
2025-26,2026,obi toppin,23.59322033898305,8.949152542372882,4.677966101694915,1.0169491525423728,0.0,2.440677966101695,41.95932203389831,P00749,P00749-2026
2025-26,2026,ochai agbaji,11.694267515923567,5.273885350318471,1.8343949044585988,0.9171974522292994,0.6878980891719745,1.1464968152866242,24.443312101910827,P00750,P00750-2026
2025-26,2026,olivier sarr,12.857142857142856,10.285714285714285,4.775510204081633,1.8367346938775508,2.9387755102040813,1.8367346938775508,44.853061224489785,P00751,P00751-2026
2025-26,2026,olivier maxence prosper,19.354838709677416,6.774193548387097,1.9354838709677418,1.5483870967741935,0.3870967741935484,1.7419354838709677,34.45161290322581,P00752,P00752-2026
2025-26,2026,omer yurtseven,11.793103448275861,10.241379310344827,2.793103448275862,0.6206896551724138,0.3103448275862069,3.1034482758620694,27.96206896551724,P00753,P00753-2026
2025-26,2026,onyeka okongwu,17.651612903225807,8.825806451612904,3.6,1.2774193548387096,1.2774193548387096,1.9741935483870967,39.33290322580644,P00755,P00755-2026
2025-26,2026,orlando robinson,10.285714285714286,5.7142857142857135,4.571428571428572,1.7142857142857142,0.0,0.0,29.142857142857142,P00756,P00756-2026
2025-26,2026,oscar tshiebwe,16.915662650602407,14.313253012048191,2.602409638554217,1.3012048192771084,0.4337349397590361,1.7349397590361444,41.46506024096385,P00757,P00757-2026
2025-26,2026,oso ighodaro,10.636363636363637,8.345454545454546,3.7636363636363632,1.4727272727272727,1.1454545454545453,1.9636363636363636,32.18727272727273,P00759,P00759-2026
2025-26,2026,ousmane dieng,14.176165803108807,5.9689119170984455,4.476683937823834,0.7461139896373057,0.5595854922279793,2.4248704663212437,29.546113989637302,P00761,P00761-2026
2025-26,2026,p j washington,16.490322580645163,8.129032258064516,2.0903225806451613,1.161290322580645,1.2774193548387096,1.9741935483870967,34.722580645161294,P00763,P00763-2026
2025-26,2026,pj hall,14.464285714285715,12.535714285714286,1.6071428571428572,0.6428571428571429,1.6071428571428572,2.5714285714285716,36.096428571428575,P00765,P00765-2026
2025-26,2026,pacome dadiet,13.02127659574468,6.8936170212765955,3.0638297872340425,0.7659574468085106,0.0,0.7659574468085106,27.42127659574468,P00766,P00766-2026
2025-26,2026,paolo banchero,22.965517241379313,8.689655172413794,5.379310344827586,0.7241379310344828,0.6206896551724138,3.2068965517241383,42.289655172413795,P00767,P00767-2026
2025-26,2026,pascal siakam,26.024096385542165,7.156626506024096,4.120481927710843,1.1927710843373496,0.4337349397590361,2.385542168674699,43.28674698795181,P00769,P00769-2026
2025-26,2026,pat connaughton,13.183098591549296,7.605633802816902,2.0281690140845074,1.5211267605633803,0.0,1.5211267605633803,28.394366197183096,P00770,P00770-2026
2025-26,2026,pat spencer,13.935483870967742,4.64516129032258,6.774193548387097,1.354838709677419,0.1935483870967742,2.516129032258064,31.799999999999997,P00771,P00771-2026
2025-26,2026,patrick baldwin jr,11.787610619469026,8.283185840707965,1.9115044247787607,0.9557522123893804,1.9115044247787607,1.9115044247787607,31.284955752212383,P00772,P00772-2026
2025-26,2026,patrick williams,12.292682926829269,5.268292682926829,2.6341463414634143,1.2292682926829266,0.7024390243902439,1.7560975609756098,26.604878048780485,P00774,P00774-2026
2025-26,2026,paul george,20.286644951140065,6.214983713355049,4.221498371335505,1.993485342019544,0.4690553745928339,1.993485342019544,39.47100977198697,P00776,P00776-2026
2025-26,2026,paul reed,20.201438848920862,11.654676258992804,3.107913669064748,2.3309352517985613,2.3309352517985613,2.3309352517985613,50.50359712230216,P00778,P00778-2026
2025-26,2026,payton pritchard,18.88888888888889,4.333333333333334,5.777777777777779,0.7777777777777777,0.11111111111111112,1.5555555555555554,33.866666666666674,P00780,P00780-2026
2025-26,2026,payton sandfort,20.050632911392405,5.696202531645569,0.0,0.6835443037974682,0.0,0.6835443037974682,28.253164556962027,P00781,P00781-2026
2025-26,2026,pelle larsson,15.545454545454547,4.7727272727272725,4.636363636363637,0.9545454545454546,0.27272727272727276,1.9090909090909092,29.999999999999996,P00782,P00782-2026
2025-26,2026,pete nance,12.382165605095542,6.191082802547771,2.2929936305732483,0.6878980891719745,0.6878980891719745,1.375796178343949,26.00254777070064,P00783,P00783-2026
2025-26,2026,peyton watson,17.756756756756754,5.95945945945946,2.554054054054054,1.0945945945945945,1.337837837837838,2.0675675675675675,33.968918918918924,P00785,P00785-2026
2025-26,2026,precious achiuwa,15.213389121338912,10.092050209205022,2.1087866108786613,1.3556485355648535,1.0543933054393306,1.3556485355648535,36.36150627615063,P00787,P00787-2026
2025-26,2026,quentin grimes,16.408163265306122,4.408163265306123,4.040816326530612,1.1020408163265307,0.489795918367347,2.2040816326530615,30.33061224489796,P00788,P00788-2026
2025-26,2026,quenton jackson,17.901639344262293,4.524590163934425,5.7049180327868845,1.1803278688524588,0.19672131147540983,2.5573770491803276,33.462295081967206,P00789,P00789-2026
2025-26,2026,quinten post,16.023121387283236,8.323699421965317,2.9132947976878607,0.8323699421965317,1.0404624277456647,1.6647398843930634,34.33526011560693,P00792,P00792-2026
2025-26,2026,rj barrett,22.930693069306933,6.297029702970296,3.9207920792079203,0.8316831683168316,0.3564356435643564,2.01980198019802,37.91287128712871,P00794,P00794-2026
2025-26,2026,rasheer fleming,12.688524590163935,6.786885245901638,0.8852459016393442,1.180327868852459,1.180327868852459,1.4754098360655739,27.767213114754096,P00798,P00798-2026
2025-26,2026,rayj dennis,13.090909090909093,4.462809917355372,5.652892561983471,0.5950413223140496,0.5950413223140496,2.975206611570248,27.520661157024797,P00800,P00800-2026
2025-26,2026,rayan rupert,11.142857142857142,6.214285714285714,2.357142857142857,1.9285714285714284,0.21428571428571427,1.9285714285714284,26.635714285714286,P00801,P00801-2026
2025-26,2026,reed sheppard,18.549618320610687,3.984732824427481,4.67175572519084,2.0610687022900764,0.9618320610687022,2.0610687022900764,37.34656488549618,P00804,P00804-2026
2025-26,2026,riley minix,21.9375,3.9374999999999996,3.3749999999999996,1.125,0.5625,1.6874999999999998,35.1,P00811,P00811-2026
2025-26,2026,rob dillingham,15.221476510067115,4.832214765100671,5.315436241610739,1.6912751677852347,0.24161073825503354,3.624161073825503,31.167785234899327,P00812,P00812-2026
2025-26,2026,robert williams iii,14.105263157894736,14.736842105263158,2.1052631578947367,1.263157894736842,3.1578947368421053,1.6842105263157894,46.526315789473685,P00815,P00815-2026
2025-26,2026,rocco zikarsky,13.999999999999998,13.999999999999998,2.0,0.0,5.0,1.0,47.8,P00818,P00818-2026
2025-26,2026,ron harper jr,13.745454545454546,5.5636363636363635,2.6181818181818186,0.9818181818181818,0.9818181818181818,0.9818181818181818,29.25818181818182,P00822,P00822-2026
2025-26,2026,ronald holland ii,14.834170854271356,7.236180904522613,2.170854271356784,2.170854271356784,0.542713567839196,2.170854271356784,32.743718592964825,P00823,P00823-2026
2025-26,2026,royce o neale,12.422535211267608,6.084507042253521,3.422535211267606,1.3943661971830987,0.5070422535211269,1.647887323943662,28.914084507042254,P00824,P00824-2026
2025-26,2026,rudy gobert,12.536741214057509,13.226837060702875,1.9552715654952075,0.9201277955271566,1.8402555910543132,1.610223642172524,38.01277955271566,P00826,P00826-2026
2025-26,2026,rui hachimura,14.628975265017669,4.1978798586572434,1.017667844522968,0.763250883392226,0.381625441696113,0.763250883392226,23.864310954063605,P00827,P00827-2026
2025-26,2026,russell westbrook,18.868965517241378,6.703448275862069,8.317241379310346,1.6137931034482758,0.24827586206896554,4.096551724137931,40.87862068965517,P00828,P00828-2026
2025-26,2026,ryan dunn,10.762886597938143,7.793814432989692,2.783505154639175,1.6701030927835052,0.7422680412371135,1.484536082474227,30.04329896907216,P00830,P00830-2026
2025-26,2026,ryan kalkbrenner,12.785046728971961,9.252336448598133,1.3457943925233646,0.8411214953271029,2.5233644859813085,1.5140186915887852,34.48598130841121,P00831,P00831-2026
2025-26,2026,ryan nembhard,12.184615384615384,4.061538461538462,9.784615384615384,0.7384615384615385,0.0,2.5846153846153843,31.36615384615385,P00832,P00832-2026
2025-26,2026,ryan rollins,19.401869158878505,5.158878504672897,6.280373831775701,1.6822429906542056,0.4485981308411215,3.02803738317757,38.37757009345794,P00833,P00833-2026
2025-26,2026,saddiq bey,20.423076923076923,6.461538461538462,2.884615384615385,1.0384615384615385,0.11538461538461539,1.0384615384615385,34.926923076923075,P00835,P00835-2026
2025-26,2026,sam hauser,13.354838709677418,5.516129032258064,2.1774193548387095,0.7258064516129032,0.43548387096774194,0.5806451612903225,26.143548387096768,P00836,P00836-2026
2025-26,2026,sam merrill,17.38867924528302,3.5320754716981133,3.2603773584905658,0.8150943396226414,0.13584905660377358,1.0867924528301887,28.28377358490566,P00837,P00837-2026
2025-26,2026,sandro mamukelashvili,18.410958904109588,8.054794520547947,3.1232876712328768,1.315068493150685,0.8219178082191781,1.315068493150685,37.85753424657535,P00838,P00838-2026
2025-26,2026,santi aldama,18.06451612903226,8.645161290322582,3.7419354838709675,1.161290322580645,0.903225806451613,1.6774193548387097,38.56774193548387,P00839,P00839-2026
2025-26,2026,scoot henderson,20.53012048192771,3.903614457831326,5.349397590361447,1.3012048192771086,0.43373493975903615,3.4698795180722892,34.973493975903615,P00841,P00841-2026
2025-26,2026,scottie barnes,19.45074626865672,8.059701492537314,6.340298507462687,1.5044776119402983,1.6119402985074627,2.7940298507462686,45.188059701492534,P00842,P00842-2026
2025-26,2026,scotty pippen jr,19.358490566037737,3.735849056603774,7.981132075471699,3.2264150943396226,0.679245283018868,4.584905660377358,42.945283018867926,P00845,P00845-2026
2025-26,2026,sean pedulla,15.545454545454543,3.272727272727273,5.727272727272727,0.0,0.0,0.8181818181818182,27.245454545454542,P00846,P00846-2026
2025-26,2026,seth curry,19.21804511278195,3.2481203007518795,2.706766917293233,0.8120300751879699,0.0,0.5413533834586466,29.070676691729318,P00850,P00850-2026
2025-26,2026,shaedon sharpe,25.46938775510204,5.26530612244898,3.183673469387755,1.7142857142857142,0.12244897959183675,3.5510204081632653,38.52244897959183,P00852,P00852-2026
2025-26,2026,shai gilgeous alexander,33.72289156626506,4.662650602409638,7.156626506024096,1.5180722891566263,0.8674698795180722,2.385542168674699,54.82409638554216,P00853,P00853-2026
2025-26,2026,sharife cooper,17.052631578947366,4.421052631578947,6.315789473684211,0.8421052631578947,0.21052631578947367,3.1578947368421053,31.83157894736841,P00857,P00857-2026
2025-26,2026,sidy cissoko,9.612565445026176,4.146596858638743,2.8272251308900525,1.319371727748691,0.5654450261780104,1.6963350785340312,22.787434554973817,P00858,P00858-2026
2025-26,2026,simone fontecchio,18.323353293413174,6.467065868263473,3.0179640718562872,1.0778443113772456,0.2155688622754491,1.5089820359281436,32.982035928143716,P00859,P00859-2026
2025-26,2026,sion james,8.64,5.6,3.2,0.96,0.32,1.28,22.72,P00860,P00860-2026
2025-26,2026,skal labissiere,12.188976377952756,8.503937007874017,2.8346456692913384,1.984251968503937,0.8503937007874016,0.8503937007874016,34.29921259842521,P00861,P00861-2026
2025-26,2026,spencer jones,8.959276018099546,5.375565610859727,1.3031674208144794,1.3031674208144794,0.8144796380090498,0.8144796380090498,22.903167420814473,P00865,P00865-2026
2025-26,2026,stanley umude,10.285714285714285,0.0,5.142857142857142,5.142857142857142,0.0,0.0,33.42857142857143,P00867,P00867-2026
2025-26,2026,stephen curry,30.990291262135926,4.194174757281553,5.475728155339807,1.2815533980582527,0.46601941747572817,3.262135922330097,46.21747572815534,P00868,P00868-2026
2025-26,2026,stephon castle,20.04,6.36,8.88,1.32,0.36,3.8400000000000003,42.19199999999999,P00869,P00869-2026
2025-26,2026,steven adams,9.157894736842104,13.578947368421051,2.3684210526315788,1.1052631578947367,0.9473684210526315,1.736842105263158,33.42631578947369,P00871,P00871-2026
2025-26,2026,svi mykhailiuk,14.649350649350648,3.896103896103896,2.9610389610389607,0.7792207792207791,0.15584415584415584,1.2467532467532467,25.324675324675322,P00872,P00872-2026
2025-26,2026,t j mcconnell,19.674418604651166,4.604651162790698,10.674418604651162,2.0930232558139537,0.4186046511627908,2.302325581395349,46.444186046511625,P00873,P00873-2026
2025-26,2026,taelon peter,12.558139534883722,4.465116279069767,3.0697674418604652,1.953488372093023,0.27906976744186046,1.953488372093023,27.26511627906977,P00876,P00876-2026
2025-26,2026,taj gibson,12.61855670103093,10.020618556701033,2.2268041237113403,0.7422680412371135,0.37113402061855677,0.37113402061855677,30.952577319587633,P00877,P00877-2026
2025-26,2026,tari eason,14.651162790697674,8.790697674418604,2.0930232558139537,1.6744186046511627,0.6976744186046512,1.953488372093023,33.502325581395354,P00879,P00879-2026
2025-26,2026,taurean prince,14.093617021276595,4.748936170212766,2.7574468085106383,0.9191489361702128,0.30638297872340425,1.8382978723404255,25.7668085106383,P00880,P00880-2026
2025-26,2026,taylor hendricks,14.095238095238097,7.047619047619048,1.7142857142857144,1.523809523809524,0.9523809523809524,1.523809523809524,31.028571428571432,P00881,P00881-2026
2025-26,2026,terance mann,10.666666666666666,4.740740740740741,4.444444444444445,1.037037037037037,0.29629629629629634,1.6296296296296298,25.392592592592592,P00883,P00883-2026
2025-26,2026,terrence shannon jr,16.128,3.168,2.5920000000000005,0.864,0.0,1.728,24.6816,P00887,P00887-2026
2025-26,2026,thanasis antetokounmpo,11.454545454545453,7.363636363636363,3.272727272727273,3.272727272727273,1.6363636363636365,2.454545454545454,37.47272727272727,P00891,P00891-2026
2025-26,2026,thomas bryant,18.295081967213115,10.032786885245903,1.7704918032786885,0.8852459016393442,1.180327868852459,1.4754098360655739,37.71147540983606,P00894,P00894-2026
2025-26,2026,tidjane salaun,13.935483870967742,9.29032258064516,1.6258064516129032,0.9290322580645162,0.4645161290322581,1.6258064516129032,30.077419354838707,P00895,P00895-2026
2025-26,2026,tim hardaway jr,18.27067669172932,3.518796992481203,1.894736842105263,0.6766917293233082,0.13533834586466165,0.6766917293233082,27.09473684210526,P00897,P00897-2026
2025-26,2026,tobias harris,17.28519855595668,6.628158844765342,3.2490974729241877,1.1696750902527078,0.5198555956678701,1.2996389891696751,33.881588447653435,P00900,P00900-2026
2025-26,2026,toby okani,9.944751381215468,3.480662983425414,0.9944751381215469,0.6961325966850828,0.49723756906077343,0.49723756906077343,18.69613259668508,P00901,P00901-2026
2025-26,2026,tolu smith,14.637362637362639,13.054945054945055,3.5604395604395607,0.39560439560439564,1.5824175824175826,1.978021978021978,39.6,P00902,P00902-2026
2025-26,2026,tony bradley,13.090909090909092,9.163636363636362,1.6363636363636365,0.3272727272727273,0.6545454545454547,1.3090909090909093,28.178181818181816,P00904,P00904-2026
2025-26,2026,toumani camara,14.486486486486488,5.513513513513513,2.7027027027027026,1.1891891891891895,0.4324324324324325,1.945945945945946,28.075675675675676,P00908,P00908-2026
2025-26,2026,trae young,25.171874999999996,2.8125,11.25,1.265625,0.140625,3.65625,45.984375,P00909,P00909-2026
2025-26,2026,trayce jackson davis,13.02127659574468,10.340425531914894,2.6808510638297873,1.1489361702127658,1.9148936170212767,1.5319148936170213,37.110638297872335,P00910,P00910-2026
2025-26,2026,tre johnson,18.224066390041493,4.182572614107883,2.987551867219917,0.896265560165975,0.4481327800829875,2.3900414937759336,29.367634854771786,P00911,P00911-2026
2025-26,2026,tre jones,18.8,4.133333333333333,7.2,1.6,0.26666666666666666,1.8666666666666667,38.29333333333333,P00912,P00912-2026
2025-26,2026,tre mann,15.714285714285715,4.857142857142857,4.571428571428572,1.4285714285714284,0.28571428571428575,2.8571428571428568,30.68571428571428,P00913,P00913-2026
2025-26,2026,trendon watford,14.355828220858895,7.288343558282207,5.521472392638037,0.6625766871165644,0.8834355828220859,2.6503067484662575,33.37177914110429,P00915,P00915-2026
2025-26,2026,trentyn flowers,24.0,6.0,6.0,0.0,0.0,6.0,34.2,P00917,P00917-2026
2025-26,2026,trevon scott,9.504950495049505,6.178217821782178,2.01980198019802,1.5445544554455446,0.9504950495049505,0.8316831683168316,26.601980198019803,P00919,P00919-2026
2025-26,2026,trevor keels,18.94736842105263,5.684210526315789,0.0,1.8947368421052633,0.0,0.0,31.45263157894737,P00922,P00922-2026
2025-26,2026,trey alexander,15.21951219512195,3.512195121951219,2.926829268292683,2.0487804878048776,0.5853658536585366,0.8780487804878048,30.848780487804877,P00923,P00923-2026
2025-26,2026,trey jemison iii,5.7142857142857135,8.0,2.285714285714286,0.5714285714285715,1.142857142857143,4.571428571428572,19.314285714285713,P00925,P00925-2026
2025-26,2026,trey murphy iii,21.80281690140845,5.780281690140845,3.853521126760563,1.5211267605633803,0.4056338028169014,1.8253521126760563,38.474366197183095,P00927,P00927-2026
2025-26,2026,tristan enaruna,15.702127659574467,6.127659574468085,3.0638297872340425,2.2978723404255317,0.0,1.1489361702127658,33.39574468085107,P00928,P00928-2026
2025-26,2026,tristan vukcevic,23.649635036496353,7.883211678832117,2.89051094890511,1.3138686131386863,1.8394160583941606,3.416058394160584,43.4890510948905,P00930,P00930-2026
2025-26,2026,tristan da silva,14.429149797570851,5.392712550607287,2.331983805668016,1.3117408906882593,0.43724696356275305,1.3117408906882593,28.3336032388664,P00931,P00931-2026
2025-26,2026,tristen newton,36.0,9.0,0.0,3.0,0.0,0.0,55.8,P00932,P00932-2026
2025-26,2026,ty jerome,31.380530973451325,4.460176991150442,9.079646017699115,1.752212389380531,0.4778761061946902,2.8672566371681416,54.17522123893805,P00934,P00934-2026
2025-26,2026,tyty washington jr,8.50909090909091,2.6181818181818186,7.2,2.6181818181818186,1.3090909090909093,1.3090909090909093,32.92363636363636,P00935,P00935-2026
2025-26,2026,tyler burton,15.1875,5.90625,1.40625,1.265625,0.42187499999999994,1.265625,28.18125,P00936,P00936-2026
2025-26,2026,tyler herro,23.578274760383387,5.520766773162939,4.715654952076677,0.805111821086262,0.4600638977635783,2.1853035143769968,38.88690095846645,P00939,P00939-2026
2025-26,2026,tyler kolek,13.53846153846154,4.923076923076923,8.307692307692308,1.2307692307692308,0.3076923076923077,2.769230769230769,33.753846153846155,P00941,P00941-2026
2025-26,2026,tyler smith,12.260869565217392,7.304347826086956,1.0434782608695652,1.3043478260869565,0.0,1.3043478260869565,25.2,P00942,P00942-2026
2025-26,2026,tyrese martin,13.420118343195266,5.325443786982249,3.621301775147929,1.0650887573964498,0.21301775147928997,1.9171597633136097,27.159763313609467,P00945,P00945-2026
2025-26,2026,tyrese maxey,26.810526315789474,3.884210526315789,6.252631578947367,1.7999999999999998,0.7578947368421053,2.2736842105263158,46.25052631578947,P00946,P00946-2026
2025-26,2026,tyrese proctor,17.834862385321102,4.293577981651376,4.954128440366973,1.6513761467889907,0.0,2.6422018348623855,32.7302752293578,P00947,P00947-2026
2025-26,2026,tyson etienne,18.0,2.5063291139240507,3.873417721518987,1.1392405063291138,0.0,1.5949367088607593,28.640506329113926,P00949,P00949-2026
2025-26,2026,tyus jones,7.397260273972603,2.712328767123288,5.917808219178082,1.4794520547945205,0.0,0.9863013698630138,22.98082191780822,P00950,P00950-2026
2025-26,2026,vj edgecombe,16.457142857142856,5.76,4.32,1.44,0.5142857142857142,1.8514285714285714,33.86057142857143,P00955,P00955-2026
2025-26,2026,victor wembanyama,30.821917808219176,14.178082191780822,3.8219178082191783,1.2328767123287672,3.8219178082191783,2.958904109589041,65.77397260273972,P00959,P00959-2026
2025-26,2026,vince williams jr,13.170731707317072,6.848780487804878,7.375609756097561,1.2292682926829266,0.7024390243902439,3.1609756097560977,35.08682926829268,P00960,P00960-2026
2025-26,2026,vit krejci,14.29906542056075,3.8691588785046727,2.5233644859813085,1.1775700934579438,0.5046728971962616,1.0093457943925233,26.76448598130841,P00961,P00961-2026
2025-26,2026,vladislav goldin,10.666666666666666,13.333333333333332,4.0,0.0,4.0,4.0,40.666666666666664,P00962,P00962-2026
2025-26,2026,walker kessler,16.83116883116883,12.623376623376624,3.5064935064935066,1.6363636363636362,2.103896103896104,3.7402597402597406,44.71948051948052,P00964,P00964-2026
2025-26,2026,walter clayton jr,13.764705882352942,3.5294117647058827,7.058823529411765,1.0588235294117647,0.5294117647058824,3.0000000000000004,30.352941176470587,P00965,P00965-2026
2025-26,2026,wendell carter jr,14.498293515358363,9.092150170648463,2.4573378839590445,0.9829351535836177,0.7372013651877133,1.5972696245733788,32.6580204778157,P00968,P00968-2026
2025-26,2026,wendell moore jr,6.119999999999999,3.6,2.5199999999999996,1.08,1.08,0.72,19.980000000000004,P00969,P00969-2026
2025-26,2026,will richard,11.52,4.5,2.34,2.16,0.18,1.44,26.009999999999998,P00974,P00974-2026
2025-26,2026,will riley,16.778280542986426,4.723981900452488,3.257918552036199,1.1402714932126696,0.16289592760180993,2.1176470588235294,29.125791855203616,P00975,P00975-2026
2025-26,2026,xavier tillman,8.852459016393443,8.262295081967213,2.360655737704918,1.7704918032786885,1.180327868852459,1.7704918032786885,29.390163934426226,P00981,P00981-2026
2025-26,2026,yang hansen,11.314285714285717,7.7142857142857135,2.571428571428571,0.5142857142857143,1.0285714285714287,3.5999999999999996,25.457142857142863,P00982,P00982-2026
2025-26,2026,yanic konan niederhauser,15.029126213592232,10.135922330097086,1.0485436893203883,0.3495145631067961,2.4466019417475726,2.0970873786407767,35.05631067961165,P00983,P00983-2026
2025-26,2026,yuki kawamura,10.551724137931034,5.586206896551724,8.068965517241379,1.5517241379310347,0.0,2.4827586206896552,31.531034482758624,P00985,P00985-2026
2025-26,2026,yves missi,10.416243654822336,10.598984771573605,2.3756345177664975,0.5482233502538071,2.7411167512690358,1.4619289340101524,35.10456852791878,P00988,P00988-2026
2025-26,2026,zaccharie risacher,15.42857142857143,6.107142857142858,1.767857142857143,1.4464285714285716,0.8035714285714286,1.4464285714285716,30.712500000000002,P00990,P00990-2026
2025-26,2026,zach collins,18.97826086956522,10.956521739130435,2.9347826086956523,0.39130434782608703,0.7826086956521741,1.956521739130435,38.09347826086956,P00991,P00991-2026
2025-26,2026,zach edey,18.97674418604651,15.488372093023255,1.5348837209302326,0.8372093023255813,2.6511627906976742,3.3488372093023253,46.981395348837204,P00992,P00992-2026
2025-26,2026,zach lavine,22.012738853503183,3.2101910828025475,2.6369426751592355,0.8025477707006369,0.34394904458598724,2.178343949044586,31.081528662420386,P00993,P00993-2026
2025-26,2026,zeke nnaji,11.100000000000001,7.800000000000001,1.7999999999999998,0.8999999999999999,1.5,1.5,28.86,P00995,P00995-2026
2025-26,2026,ziaire williams,16.034934497816593,3.77292576419214,1.7292576419213976,2.2008733624454146,0.6288209606986901,1.7292576419213976,29.916157205240175,P00996,P00996-2026
2025-26,2026,zion williamson,25.454545454545453,6.90909090909091,3.878787878787879,1.2121212121212122,0.6060606060606061,2.4242424242424243,42.5939393939394,P00997,P00997-2026
2025-26,2026,zyon pullin,19.25581395348837,2.511627906976744,7.534883720930233,0.8372093023255816,0.0,2.511627906976744,33.57209302325581,P00998,P00998-2026
