Season,SeasonEndYear,PlayerKeyRaw,FGA_3P_Frequency,FreeThrowRate,FG_Pct,FG_3P_Pct,FT_Pct,eFG_Pct,TS_Pct,DoubleDoubles,TripleDoubles,PlayerKey,PlayerSeasonKey
2021-22,2022,aaron gordon,0.3153153153153153,0.27927927927927926,0.52,0.335,0.743,0.5765765765765766,0.6017329910141207,6,0,P00005,P00005-2022
2021-22,2022,aaron henry,0.25,0.0,0.2,0.0,0.0,0.25,0.18749999999999994,0,0,P00006,P00006-2022
2021-22,2022,aaron holiday,0.2962962962962963,0.20370370370370372,0.447,0.379,0.868,0.4999999999999999,0.5353501019714478,0,0,P00007,P00007-2022
2021-22,2022,aaron nesmith,0.6285714285714286,0.14285714285714285,0.396,0.27,0.8079999999999999,0.48571428571428565,0.510752688172043,0,0,P00008,P00008-2022
2021-22,2022,aaron wiggins,0.417910447761194,0.2537313432835821,0.46299999999999997,0.304,0.7290000000000001,0.5223880597014925,0.5571965628356607,0,0,P00009,P00009-2022
2021-22,2022,abdel nader,0.4,0.27999999999999997,0.34299999999999997,0.28600000000000003,0.6,0.42,0.4273504273504274,0,0,P00010,P00010-2022
2021-22,2022,admiral schofield,0.6176470588235294,0.11764705882352942,0.419,0.32899999999999996,0.8,0.5147058823529412,0.5313199105145415,0,0,P00016,P00016-2022
2021-22,2022,ahmad caver,0.0,0.0,1.0,0.0,0.0,1.0,1.0,0,0,P00018,P00018-2022
2021-22,2022,al horford,0.4634146341463415,0.17073170731707318,0.467,0.336,0.8420000000000001,0.5548780487804879,0.5784936479128856,15,0,P00020,P00020-2022
2021-22,2022,alec burks,0.5333333333333333,0.3666666666666667,0.391,0.40399999999999997,0.8220000000000001,0.4944444444444444,0.5597014925373134,2,0,P00021,P00021-2022
2021-22,2022,aleem ford,0.75,0.0,0.3,0.133,0.0,0.35,0.35,0,0,P00022,P00022-2022
2021-22,2022,aleksej pokusevski,0.4266666666666667,0.10666666666666667,0.408,0.289,0.7,0.45999999999999996,0.48395313295975545,5,1,P00023,P00023-2022
2021-22,2022,alex caruso,0.5,0.29032258064516125,0.39799999999999996,0.33299999999999996,0.795,0.48387096774193544,0.5291762013729977,1,0,P00025,P00025-2022
2021-22,2022,alex len,0.1111111111111111,0.35555555555555557,0.534,0.28600000000000003,0.6509999999999999,0.5555555555555556,0.5764796310530361,2,0,P00028,P00028-2022
2021-22,2022,alfonzo mckinnie,0.4444444444444445,0.1388888888888889,0.39299999999999996,0.33299999999999996,0.25,0.45833333333333326,0.4581151832460733,0,0,P00032,P00032-2022
2021-22,2022,alize johnson,0.11764705882352942,0.29411764705882354,0.436,0.0,0.583,0.41176470588235287,0.46874999999999994,0,0,P00034,P00034-2022
2021-22,2022,alperen sengun,0.2191780821917808,0.4383561643835616,0.474,0.248,0.711,0.5068493150684931,0.5512172714745062,8,0,P00036,P00036-2022
2021-22,2022,amir coffey,0.5441176470588236,0.25,0.45299999999999996,0.37799999999999995,0.863,0.5588235294117647,0.5961844197138315,1,0,P00040,P00040-2022
2021-22,2022,andre drummond,0.0,0.3728813559322034,0.57,0.0,0.524,0.5762711864406779,0.5751310425160163,18,0,P00042,P00042-2022
2021-22,2022,andre iguodala,0.6153846153846153,0.15384615384615383,0.38,0.23,0.75,0.44871794871794873,0.4803073967339097,0,0,P00043,P00043-2022
2021-22,2022,andrew wiggins,0.39285714285714285,0.2285714285714286,0.466,0.39299999999999996,0.634,0.5428571428571428,0.5581516095534786,1,0,P00046,P00046-2022
2021-22,2022,anfernee simons,0.557142857142857,0.14285714285714285,0.44299999999999995,0.405,0.888,0.5535714285714286,0.5813172043010753,2,0,P00047,P00047-2022
2021-22,2022,anthony davis,0.10344827586206896,0.3505747126436782,0.532,0.18600000000000003,0.713,0.5431034482758621,0.5775741884086835,19,0,P00049,P00049-2022
2021-22,2022,anthony edwards,0.48554913294797686,0.22543352601156066,0.441,0.35700000000000004,0.7859999999999999,0.5260115606936415,0.560054690786706,4,0,P00050,P00050-2022
2021-22,2022,anthony gill,0.24,0.48,0.569,0.5379999999999999,0.8079999999999999,0.6199999999999999,0.6770145310435931,0,0,P00051,P00051-2022
2021-22,2022,armoni brooks,0.8518518518518517,0.07407407407407407,0.33899999999999997,0.297,0.857,0.4629629629629629,0.4752510760401721,0,0,P00057,P00057-2022
2021-22,2022,austin reaves,0.5192307692307693,0.36538461538461536,0.45899999999999996,0.317,0.8390000000000001,0.5480769230769231,0.6047051027170313,1,1,P00061,P00061-2022
2021-22,2022,austin rivers,0.6538461538461537,0.1346153846153846,0.41700000000000004,0.342,0.727,0.5384615384615384,0.5446623093681916,0,0,P00062,P00062-2022
2021-22,2022,avery bradley,0.6071428571428571,0.05357142857142857,0.423,0.39,0.889,0.5446428571428571,0.5582693649685974,0,0,P00063,P00063-2022
2021-22,2022,ayo dosunmu,0.3478260869565217,0.14492753623188404,0.52,0.376,0.679,0.5869565217391303,0.5994550408719346,4,0,P00064,P00064-2022
2021-22,2022,bj johnson,0.39682539682539686,0.0,0.44,0.4,0.0,0.5238095238095238,0.5158730158730159,0,0,P00065,P00065-2022
2021-22,2022,bam adebayo,0.007692307692307693,0.4692307692307692,0.557,0.0,0.753,0.5615384615384615,0.6089007906146392,27,0,P00066,P00066-2022
2021-22,2022,ben mclemore,0.7738095238095237,0.16666666666666666,0.401,0.36200000000000004,0.818,0.5476190476190476,0.5656610470275066,0,0,P00068,P00068-2022
2021-22,2022,bismack biyombo,0.0,0.5,0.593,0.0,0.535,0.6,0.5942622950819672,6,0,P00075,P00075-2022
2021-22,2022,blake griffin,0.4642857142857143,0.25,0.425,0.262,0.7240000000000001,0.4910714285714286,0.5148005148005149,1,0,P00076,P00076-2022
2021-22,2022,boban marjanovic,0.06666666666666668,0.3333333333333333,0.6,0.25,0.591,0.6,0.6249999999999999,0,0,P00079,P00079-2022
2021-22,2022,bobby portis,0.3884297520661158,0.1322314049586777,0.479,0.39299999999999996,0.752,0.5537190082644629,0.5701343330209311,24,0,P00080,P00080-2022
2021-22,2022,bogdan bogdanovic,0.5793650793650794,0.14285714285714288,0.431,0.368,0.843,0.5357142857142858,0.5637694145758663,0,0,P00082,P00082-2022
2021-22,2022,bojan bogdanovic,0.5074626865671642,0.2835820895522388,0.455,0.387,0.858,0.5522388059701492,0.6004511677282378,3,0,P00083,P00083-2022
2021-22,2022,bol bol,0.15789473684210528,0.21052631578947373,0.556,0.25,0.4,0.605263157894737,0.5780346820809249,0,0,P00084,P00084-2022
2021-22,2022,bones hyland,0.6265060240963856,0.21686746987951805,0.40299999999999997,0.366,0.856,0.5120481927710843,0.5554333479982402,1,0,P00085,P00085-2022
2021-22,2022,brad wanamaker,0.21212121212121213,0.33333333333333337,0.364,0.235,0.92,0.393939393939394,0.47568710359408034,0,0,P00086,P00086-2022
2021-22,2022,bradley beal,0.27461139896373055,0.26424870466321243,0.451,0.3,0.833,0.49222797927461137,0.5384329743780171,4,0,P00087,P00087-2022
2021-22,2022,brandon boston,0.34375,0.21874999999999994,0.385,0.306,0.8190000000000001,0.44531249999999994,0.47748004561003415,0,0,P00090,P00090-2022
2021-22,2022,brandon clarke,0.04285714285714286,0.2857142857142857,0.644,0.22699999999999998,0.654,0.65,0.6598984771573604,4,0,P00091,P00091-2022
2021-22,2022,brandon goodwin,0.34883720930232565,0.2558139534883721,0.41600000000000004,0.345,0.632,0.47674418604651164,0.5016722408026756,1,0,P00092,P00092-2022
2021-22,2022,brandon ingram,0.22905027932960895,0.3296089385474861,0.461,0.327,0.826,0.49441340782122906,0.5537665886026542,7,0,P00093,P00093-2022
2021-22,2022,brandon knight,0.68,0.32,0.4,0.235,1.0,0.48,0.5610098176718092,0,0,P00094,P00094-2022
2021-22,2022,brandon williams,0.37288135593220334,0.33898305084745756,0.37200000000000005,0.292,0.701,0.4279661016949152,0.47566371681415925,2,0,P00096,P00096-2022
2021-22,2022,braxton key,0.29230769230769227,0.1846153846153846,0.45799999999999996,0.28600000000000003,0.5379999999999999,0.5,0.512236767216847,0,0,P00097,P00097-2022
2021-22,2022,brodric thomas,0.5333333333333334,0.2666666666666667,0.444,0.222,0.6,0.5333333333333332,0.5369928400954653,0,0,P00099,P00099-2022
2021-22,2022,brook lopez,0.40594059405940597,0.17821782178217827,0.466,0.358,0.87,0.5396039603960396,0.5692251193536542,0,0,P00101,P00101-2022
2021-22,2022,bruce brown,0.18571428571428572,0.2571428571428571,0.506,0.40399999999999997,0.758,0.5499999999999999,0.5775154004106776,1,0,P00103,P00103-2022
2021-22,2022,bruno fernando,0.05555555555555555,0.4444444444444444,0.655,0.5,0.625,0.6666666666666666,0.6737918215613382,2,0,P00104,P00104-2022
2021-22,2022,bryn forbes,0.5416666666666666,0.16666666666666666,0.429,0.414,0.9079999999999999,0.5416666666666666,0.5693581780538302,0,0,P00106,P00106-2022
2021-22,2022,buddy hield,0.6470588235294119,0.11764705882352941,0.406,0.366,0.8740000000000001,0.5220588235294118,0.5453020134228188,1,0,P00109,P00109-2022
2021-22,2022,cj elleby,0.4150943396226416,0.2641509433962264,0.39299999999999996,0.294,0.7140000000000001,0.45283018867924535,0.49019607843137253,0,0,P00110,P00110-2022
2021-22,2022,cj mccollum,0.4042553191489361,0.14361702127659573,0.46,0.38799999999999996,0.682,0.5345744680851062,0.5528316990194116,3,0,P00112,P00112-2022
2021-22,2022,cade cunningham,0.35403726708074534,0.16149068322981366,0.41600000000000004,0.314,0.845,0.4720496894409938,0.5045233124565066,10,2,P00113,P00113-2022
2021-22,2022,caleb martin,0.38235294117647056,0.23529411764705882,0.507,0.413,0.763,0.5955882352941176,0.6130063965884861,1,0,P00116,P00116-2022
2021-22,2022,cam mcgriff,0.42553191489361697,0.14893617021276592,0.35700000000000004,0.33299999999999996,1.0,0.43617021276595735,0.4692492012779553,0,0,P00118,P00118-2022
2021-22,2022,cam reddish,0.45783132530120474,0.2771084337349397,0.40399999999999997,0.359,0.902,0.48795180722891557,0.5423109965635738,0,0,P00119,P00119-2022
2021-22,2022,cam thomas,0.3466666666666667,0.21333333333333335,0.433,0.27,0.8290000000000001,0.48666666666666664,0.5180399804973184,0,0,P00121,P00121-2022
2021-22,2022,cameron johnson,0.6413043478260871,0.1847826086956522,0.46,0.425,0.86,0.5923913043478262,0.6282669883393647,0,0,P00123,P00123-2022
2021-22,2022,cameron oliver,0.2,0.2,0.667,0.33299999999999996,0.667,0.7,0.704656862745098,0,0,P00124,P00124-2022
2021-22,2022,cameron payne,0.3564356435643565,0.14851485148514854,0.409,0.336,0.843,0.4653465346534653,0.5018587360594797,3,0,P00125,P00125-2022
2021-22,2022,caris levert,0.2993197278911565,0.22448979591836735,0.444,0.32,0.7559999999999999,0.48979591836734704,0.5262506191183755,1,0,P00126,P00126-2022
2021-22,2022,carlik jones,0.1111111111111111,0.2222222222222222,0.111,0.0,1.0,0.1111111111111111,0.20242914979757085,0,0,P00127,P00127-2022
2021-22,2022,carmelo anthony,0.5523809523809524,0.21904761904761902,0.441,0.375,0.83,0.5428571428571428,0.5776580958999306,1,0,P00128,P00128-2022
2021-22,2022,carsen edwards,0.5333333333333333,0.04,0.3,0.25,1.0,0.3733333333333333,0.379979035639413,0,0,P00129,P00129-2022
2021-22,2022,cassius stanley,0.3725490196078431,0.21568627450980393,0.413,0.235,1.0,0.4509803921568628,0.5193409742120343,0,0,P00132,P00132-2022
2021-22,2022,cassius winston,0.5624999999999999,0.375,0.364,0.33299999999999996,1.0,0.46874999999999994,0.5364806866952789,0,0,P00133,P00133-2022
2021-22,2022,cedi osman,0.6206896551724139,0.2298850574712644,0.43200000000000005,0.35700000000000004,0.664,0.5344827586206897,0.558455114822547,0,0,P00134,P00134-2022
2021-22,2022,chandler hutchison,0.0,1.0,0.5,0.0,1.0,0.6666666666666669,0.8101851851851851,0,0,P00137,P00137-2022
2021-22,2022,charles bassey,0.1,0.25,0.638,0.0,0.75,0.65,0.6756756756756757,1,0,P00139,P00139-2022
2021-22,2022,charlie brown jr,0.2777777777777778,0.2777777777777778,0.256,0.083,0.9,0.2777777777777778,0.3465346534653465,0,0,P00140,P00140-2022
2021-22,2022,chaundee brown jr,0.5625,0.1875,0.313,0.33299999999999996,0.833,0.40625,0.447459584295612,0,0,P00141,P00141-2022
2021-22,2022,cheick diallo,0.0,0.7407407407407406,0.375,0.0,0.833,0.3703703703703703,0.5167597765363128,0,0,P00143,P00143-2022
2021-22,2022,chimezie metu,0.41333333333333333,0.2,0.452,0.306,0.78,0.52,0.5453431372549019,6,0,P00146,P00146-2022
2021-22,2022,chris boucher,0.4027777777777778,0.3333333333333333,0.46399999999999997,0.297,0.777,0.5347222222222222,0.5692829457364341,10,0,P00147,P00147-2022
2021-22,2022,chris chiozza,0.6666666666666667,0.04166666666666667,0.29600000000000004,0.321,0.667,0.3958333333333333,0.4091653027823241,0,0,P00148,P00148-2022
2021-22,2022,chris duarte,0.4070796460176991,0.17699115044247787,0.43200000000000005,0.369,0.804,0.5088495575221239,0.5377668308702792,0,0,P00149,P00149-2022
2021-22,2022,chris paul,0.2743362831858407,0.2743362831858407,0.493,0.317,0.8370000000000001,0.5398230088495575,0.5803853442830069,34,2,P00152,P00152-2022
2021-22,2022,chris silva,0.0,0.8,0.5329999999999999,0.0,0.833,0.5333333333333333,0.641025641025641,0,0,P00153,P00153-2022
2021-22,2022,christian wood,0.3798449612403101,0.3798449612403101,0.501,0.39,0.623,0.5775193798449613,0.5944473963868224,33,0,P00157,P00157-2022
2021-22,2022,chuma okeke,0.6463414634146342,0.10975609756097561,0.376,0.318,0.846,0.4817073170731707,0.5002326663564448,3,0,P00158,P00158-2022
2021-22,2022,clint capela,0.0,0.2804878048780488,0.613,0.0,0.473,0.6097560975609757,0.6024750325662179,35,0,P00159,P00159-2022
2021-22,2022,coby white,0.5471698113207547,0.14150943396226415,0.433,0.385,0.857,0.5377358490566038,0.563943161634103,1,0,P00160,P00160-2022
2021-22,2022,cody martin,0.3666666666666667,0.25,0.48200000000000004,0.384,0.701,0.5583333333333333,0.5780780780780781,0,0,P00161,P00161-2022
2021-22,2022,cody zeller,0.030303030303030307,0.5454545454545455,0.5670000000000001,0.0,0.7759999999999999,0.5757575757575758,0.6353861192570871,0,0,P00163,P00163-2022
2021-22,2022,cole anthony,0.42857142857142855,0.2785714285714286,0.391,0.33799999999999997,0.8540000000000001,0.4642857142857143,0.518579791295495,9,0,P00165,P00165-2022
2021-22,2022,collin sexton,0.2992700729927007,0.25547445255474455,0.45,0.244,0.7440000000000001,0.489051094890511,0.5249343832020997,0,0,P00170,P00170-2022
2021-22,2022,corey kispert,0.6268656716417912,0.11940298507462688,0.455,0.35,0.871,0.5597014925373135,0.5813953488372092,0,0,P00172,P00172-2022
2021-22,2022,cory joseph,0.3870967741935484,0.27419354838709675,0.445,0.414,0.885,0.5161290322580645,0.5757052389176741,0,0,P00174,P00174-2022
2021-22,2022,craig sword,0.23076923076923073,0.0,0.75,0.0,0.0,0.7692307692307692,0.7692307692307692,0,0,P00176,P00176-2022
2021-22,2022,d angelo russell,0.5333333333333333,0.24666666666666667,0.41100000000000003,0.34,0.825,0.5033333333333333,0.5442626894394996,12,0,P00178,P00178-2022
2021-22,2022,d j augustin,0.75,0.2,0.423,0.415,0.884,0.575,0.6089154411764706,0,0,P00180,P00180-2022
2021-22,2022,d j wilson,0.13157894736842105,0.6578947368421053,0.733,0.0,0.8,0.7368421052631579,0.7653061224489796,0,0,P00182,P00182-2022
2021-22,2022,daquan jeffries,0.4285714285714286,0.0,0.5,0.0,0.0,0.4285714285714286,0.5,0,0,P00183,P00183-2022
2021-22,2022,daishen nix,0.39285714285714296,0.4642857142857144,0.40299999999999997,0.26899999999999996,0.5329999999999999,0.4464285714285715,0.47449584816132867,0,0,P00186,P00186-2022
2021-22,2022,dakota mathias,1.0,0.0,0.33299999999999996,0.33299999999999996,0.0,0.44999999999999996,0.5,0,0,P00187,P00187-2022
2021-22,2022,dalano banton,0.25,0.21874999999999997,0.41100000000000003,0.255,0.591,0.4375,0.45610034207525657,0,0,P00188,P00188-2022
2021-22,2022,damian jones,0.10416666666666666,0.4791666666666666,0.6579999999999999,0.345,0.718,0.6666666666666666,0.6968341362697866,2,0,P00191,P00191-2022
2021-22,2022,damian lillard,0.5157894736842106,0.3263157894736842,0.402,0.324,0.878,0.4894736842105264,0.5522827687776142,8,0,P00192,P00192-2022
2021-22,2022,damion lee,0.49180327868852464,0.19672131147540983,0.441,0.337,0.88,0.5245901639344264,0.5582377791188896,0,0,P00194,P00194-2022
2021-22,2022,damyean dotson,0.25,0.0,0.5,0.0,0.0,0.5,0.5,0,0,P00195,P00195-2022
2021-22,2022,daniel gafford,0.0,0.368421052631579,0.693,0.0,0.6990000000000001,0.7017543859649122,0.7095410628019324,8,0,P00196,P00196-2022
2021-22,2022,daniel oturu,0.15,0.85,0.5,0.0,0.6,0.5,0.5458515283842795,0,0,P00197,P00197-2022
2021-22,2022,daniel theis,0.3709677419354838,0.24193548387096772,0.519,0.308,0.6809999999999999,0.5725806451612903,0.597667638483965,3,0,P00198,P00198-2022
2021-22,2022,danilo gallinari,0.5,0.26666666666666666,0.434,0.381,0.904,0.5277777777777778,0.5817422434367541,2,0,P00199,P00199-2022
2021-22,2022,danny green,0.8461538461538461,0.03846153846153846,0.39399999999999996,0.38,0.7859999999999999,0.548076923076923,0.5578668683812404,0,0,P00201,P00201-2022
2021-22,2022,danuel house jr,0.5957446808510638,0.2978723404255319,0.40399999999999997,0.376,0.759,0.5106382978723404,0.5549285176824681,0,0,P00204,P00204-2022
2021-22,2022,darius bazley,0.41489361702127653,0.26595744680851063,0.42200000000000004,0.297,0.688,0.4893617021276595,0.5142857142857143,7,0,P00207,P00207-2022
2021-22,2022,darius garland,0.3872832369942196,0.20231213872832368,0.462,0.38299999999999995,0.892,0.53757225433526,0.5759023354564755,29,1,P00209,P00209-2022
2021-22,2022,darren collison,0.4347826086956522,0.0,0.28600000000000003,0.0,0.0,0.3043478260869565,0.28260869565217395,0,0,P00210,P00210-2022
2021-22,2022,david duke jr,0.346938775510204,0.2040816326530612,0.361,0.243,0.81,0.4081632653061224,0.44007490636704116,2,0,P00211,P00211-2022
2021-22,2022,david nwaba,0.2894736842105263,0.3947368421052632,0.483,0.306,0.716,0.5131578947368421,0.5717488789237669,0,0,P00213,P00213-2022
2021-22,2022,davion mitchell,0.38392857142857145,0.09821428571428571,0.418,0.316,0.659,0.47767857142857145,0.4921259842519685,3,0,P00215,P00215-2022
2021-22,2022,davis bertans,0.8367346938775508,0.14285714285714282,0.36,0.335,0.9,0.510204081632653,0.5376344086021504,0,0,P00216,P00216-2022
2021-22,2022,davon reed,0.5294117647058825,0.08823529411764705,0.503,0.43,0.667,0.6176470588235294,0.622876557191393,0,0,P00217,P00217-2022
2021-22,2022,day ron sharpe,0.0425531914893617,0.2765957446808511,0.5770000000000001,0.28600000000000003,0.585,0.5851063829787234,0.5880121396054628,2,0,P00218,P00218-2022
2021-22,2022,de aaron fox,0.22702702702702704,0.31891891891891894,0.473,0.297,0.75,0.5054054054054054,0.5498672734167614,5,0,P00219,P00219-2022
2021-22,2022,de andre hunter,0.34259259259259256,0.28703703703703703,0.442,0.379,0.765,0.5092592592592592,0.5508056560341992,2,0,P00220,P00220-2022
2021-22,2022,de anthony melton,0.5368421052631578,0.16842105263157897,0.40399999999999997,0.374,0.75,0.5,0.5292042336338691,2,0,P00221,P00221-2022
2021-22,2022,deandre jordan,0.0,0.2666666666666667,0.643,0.0,0.55,0.6333333333333333,0.6414081145584725,0,0,P00222,P00222-2022
2021-22,2022,deandre bembry,0.15384615384615385,0.15384615384615385,0.561,0.41700000000000004,0.6,0.6025641025641026,0.6123919308357348,0,0,P00223,P00223-2022
2021-22,2022,demar derozan,0.09405940594059406,0.3861386138613861,0.504,0.35200000000000004,0.877,0.5222772277227722,0.5903012863913337,6,0,P00225,P00225-2022
2021-22,2022,demarcus cousins,0.36764705882352944,0.3823529411764707,0.46,0.303,0.76,0.5147058823529412,0.5664652567975831,2,0,P00226,P00226-2022
2021-22,2022,dean wade,0.6511627906976744,0.13953488372093023,0.456,0.359,0.667,0.5581395348837209,0.5806310254163015,1,0,P00227,P00227-2022
2021-22,2022,deandre ayton,0.024999999999999998,0.19999999999999998,0.634,0.368,0.746,0.6375,0.6587009803921567,30,0,P00228,P00228-2022
2021-22,2022,deividas sirvydis,0.696969696969697,0.0,0.1,0.14300000000000002,0.0,0.13636363636363638,0.15151515151515155,0,0,P00229,P00229-2022
2021-22,2022,dejounte murray,0.23497267759562837,0.19672131147540983,0.462,0.327,0.794,0.4972677595628415,0.5305773486220077,39,13,P00230,P00230-2022
2021-22,2022,delon wright,0.42857142857142855,0.22857142857142856,0.45399999999999996,0.379,0.857,0.5428571428571429,0.5711318795430945,0,0,P00231,P00231-2022
2021-22,2022,deni avdija,0.4507042253521128,0.2394366197183099,0.43200000000000005,0.317,0.757,0.4929577464788733,0.5351681957186545,3,0,P00232,P00232-2022
2021-22,2022,dennis schroder,0.34513274336283184,0.2566371681415929,0.431,0.344,0.853,0.49115044247787615,0.536736641221374,1,0,P00233,P00233-2022
2021-22,2022,dennis smith jr,0.13725490196078433,0.33333333333333337,0.418,0.222,0.6559999999999999,0.4313725490196079,0.478796169630643,0,0,P00234,P00234-2022
2021-22,2022,denzel valentine,0.7142857142857144,0.0,0.379,0.40399999999999997,0.0,0.5000000000000001,0.5178571428571429,0,0,P00235,P00235-2022
2021-22,2022,derrick favors,0.0851063829787234,0.1276595744680851,0.516,0.125,0.64,0.5212765957446808,0.5338436744560837,1,0,P00239,P00239-2022
2021-22,2022,derrick jones jr,0.3157894736842105,0.3684210526315789,0.5379999999999999,0.32799999999999996,0.8,0.605263157894737,0.6340579710144927,0,0,P00240,P00240-2022
2021-22,2022,derrick rose,0.3333333333333333,0.11428571428571428,0.445,0.402,0.968,0.5142857142857143,0.544069640914037,0,0,P00241,P00241-2022
2021-22,2022,derrick walton jr,0.4942528735632184,0.14942528735632188,0.231,0.231,1.0,0.2873563218390805,0.339732528041415,0,0,P00242,P00242-2022
2021-22,2022,derrick white,0.45794392523364486,0.2897196261682243,0.42100000000000004,0.312,0.8640000000000001,0.49065420560747663,0.5470822281167109,2,0,P00243,P00243-2022
2021-22,2022,desmond bane,0.4758620689655172,0.13793103448275862,0.461,0.436,0.903,0.5655172413793104,0.5916775032509752,0,0,P00244,P00244-2022
2021-22,2022,devin booker,0.3349282296650718,0.2535885167464115,0.466,0.38299999999999995,0.868,0.5287081339712918,0.5767906336088156,5,0,P00245,P00245-2022
2021-22,2022,devin cannady,0.8409090909090909,0.1590909090909091,0.341,0.405,0.7140000000000001,0.5113636363636364,0.5310110450297366,0,0,P00246,P00246-2022
2021-22,2022,devin vassell,0.5,0.1296296296296296,0.42700000000000005,0.361,0.838,0.5138888888888887,0.5387175893482831,1,0,P00248,P00248-2022
2021-22,2022,devon dotson,0.380952380952381,0.380952380952381,0.478,0.222,0.556,0.5238095238095237,0.5301794453507341,0,0,P00249,P00249-2022
2021-22,2022,devontae cacok,0.0,0.23809523809523808,0.677,0.0,0.5710000000000001,0.6666666666666666,0.6681034482758621,0,0,P00250,P00250-2022
2021-22,2022,devonte graham,0.691588785046729,0.16822429906542058,0.363,0.341,0.843,0.48130841121495327,0.5177514792899408,0,0,P00251,P00251-2022
2021-22,2022,dewayne dedmon,0.16279069767441862,0.34883720930232565,0.5660000000000001,0.40399999999999997,0.75,0.5930232558139535,0.6350806451612904,3,0,P00252,P00252-2022
2021-22,2022,didi louzada,0.7027027027027026,0.05405405405405405,0.364,0.391,1.0,0.4864864864864865,0.5147835269271382,0,0,P00254,P00254-2022
2021-22,2022,dillon brooks,0.28658536585365857,0.20121951219512196,0.43200000000000005,0.309,0.8490000000000001,0.475609756097561,0.5153484203450595,0,0,P00255,P00255-2022
2021-22,2022,domantas sabonis,0.16,0.432,0.573,0.312,0.741,0.592,0.6352514116698037,46,5,P00257,P00257-2022
2021-22,2022,donovan mitchell,0.4780487804878049,0.22926829268292687,0.44799999999999995,0.355,0.853,0.5341463414634147,0.5738213399503722,3,0,P00260,P00260-2022
2021-22,2022,donte divincenzo,0.65,0.25,0.35100000000000003,0.33899999999999997,0.843,0.4625,0.5067567567567568,0,0,P00262,P00262-2022
2021-22,2022,dorian finney smith,0.6206896551724138,0.11494252873563218,0.47100000000000003,0.395,0.675,0.5977011494252874,0.6017505470459519,1,0,P00263,P00263-2022
2021-22,2022,doug mcdermott,0.5494505494505495,0.1098901098901099,0.462,0.42200000000000004,0.784,0.576923076923077,0.5922431865828094,0,0,P00264,P00264-2022
2021-22,2022,draymond green,0.2142857142857143,0.3571428571428572,0.525,0.29600000000000004,0.659,0.5446428571428572,0.5787037037037037,4,1,P00266,P00266-2022
2021-22,2022,drew eubanks,0.057692307692307696,0.34615384615384615,0.596,0.217,0.762,0.6057692307692308,0.6425233644859814,7,0,P00267,P00267-2022
2021-22,2022,duane washington jr,0.5056179775280898,0.14606741573033707,0.405,0.377,0.754,0.5,0.5225929054054054,0,0,P00271,P00271-2022
2021-22,2022,duncan robinson,0.8586956521739131,0.08695652173913045,0.39899999999999997,0.37200000000000005,0.836,0.5597826086956522,0.5705611390284757,0,0,P00272,P00272-2022
2021-22,2022,dwight howard,0.08108108108108109,0.6486486486486487,0.612,0.5329999999999999,0.6579999999999999,0.6081081081081081,0.6518082422203532,5,0,P00274,P00274-2022
2021-22,2022,dwight powell,0.10204081632653061,0.5306122448979592,0.6709999999999999,0.35100000000000003,0.7829999999999999,0.693877551020408,0.7197220383851753,2,0,P00275,P00275-2022
2021-22,2022,dylan windler,0.7,0.2,0.37799999999999995,0.3,0.833,0.45,0.505514705882353,0,0,P00278,P00278-2022
2021-22,2022,ed davis,0.0,1.0,0.688,0.0,0.429,0.8,0.625,0,0,P00281,P00281-2022
2021-22,2022,elfrid payton,0.11428571428571428,0.17142857142857143,0.38299999999999995,0.222,0.375,0.38571428571428573,0.3985122210414453,0,0,P00284,P00284-2022
2021-22,2022,elijah hughes,0.65,0.075,0.326,0.263,0.778,0.41250000000000003,0.42352371732817035,0,0,P00286,P00286-2022
2021-22,2022,emmanuel mudiay,0.0,2.0,0.0,0.0,0.75,0.0,0.398936170212766,0,0,P00288,P00288-2022
2021-22,2022,enes freedom,0.03571428571428571,0.2857142857142857,0.526,0.4,0.857,0.5535714285714286,0.5869289340101523,2,0,P00290,P00290-2022
2021-22,2022,eric bledsoe,0.3448275862068966,0.25287356321839083,0.42100000000000004,0.313,0.7609999999999999,0.46551724137931044,0.5119983450558544,2,0,P00292,P00292-2022
2021-22,2022,eric gordon,0.5353535353535352,0.24242424242424238,0.475,0.41200000000000003,0.778,0.5858585858585859,0.6115370573201898,0,0,P00293,P00293-2022
2021-22,2022,eric paschall,0.46341463414634143,0.3658536585365854,0.485,0.37,0.767,0.5731707317073171,0.6092436974789915,0,0,P00294,P00294-2022
2021-22,2022,eugene omoruyi,0.3846153846153846,0.7692307692307692,0.4,0.5,0.5,0.5,0.5172413793103449,0,0,P00296,P00296-2022
2021-22,2022,evan fournier,0.6363636363636364,0.11570247933884298,0.41700000000000004,0.389,0.708,0.5371900826446281,0.5544196288140925,0,0,P00297,P00297-2022
2021-22,2022,evan mobley,0.10833333333333334,0.30833333333333335,0.508,0.25,0.6629999999999999,0.5208333333333334,0.5503375403580862,21,0,P00298,P00298-2022
2021-22,2022,facundo campazzo,0.6521739130434783,0.2608695652173913,0.361,0.301,0.769,0.44565217391304346,0.49726989079563183,2,0,P00299,P00299-2022
2021-22,2022,frank jackson,0.5824175824175825,0.2197802197802198,0.402,0.308,0.8270000000000001,0.49450549450549464,0.531062124248497,0,0,P00301,P00301-2022
2021-22,2022,frank kaminsky,0.2328767123287671,0.3013698630136986,0.545,0.33299999999999996,0.9,0.589041095890411,0.641025641025641,0,0,P00302,P00302-2022
2021-22,2022,frank ntilikina,0.5,0.10526315789473686,0.39899999999999997,0.342,0.96,0.4868421052631579,0.5155935613682092,0,0,P00303,P00303-2022
2021-22,2022,franz wagner,0.2764227642276422,0.22764227642276422,0.46799999999999997,0.354,0.863,0.5203252032520325,0.5616316878510198,2,0,P00304,P00304-2022
2021-22,2022,fred vanvleet,0.5857988165680473,0.20118343195266272,0.40299999999999997,0.377,0.8740000000000001,0.5118343195266272,0.5517503805175038,10,1,P00305,P00305-2022
2021-22,2022,freddie gillespie,0.04166666666666667,0.33333333333333337,0.409,0.0,0.429,0.4166666666666667,0.4178779069767442,0,0,P00306,P00306-2022
2021-22,2022,furkan korkmaz,0.5714285714285714,0.18571428571428572,0.387,0.289,0.81,0.4642857142857143,0.5018489170628632,1,0,P00307,P00307-2022
2021-22,2022,gabe vincent,0.6399999999999999,0.10666666666666667,0.41700000000000004,0.368,0.815,0.5333333333333333,0.5539989811512989,0,0,P00309,P00309-2022
2021-22,2022,gabe york,0.8571428571428571,0.7142857142857143,0.28600000000000003,0.16699999999999998,0.6,0.35714285714285715,0.4347826086956522,0,0,P00310,P00310-2022
2021-22,2022,gabriel deck,0.3,0.0,0.5710000000000001,0.5,0.0,0.6250000000000001,0.65,0,0,P00311,P00311-2022
2021-22,2022,gabriel lundberg,0.4166666666666667,0.0,0.263,0.375,0.0,0.35416666666666674,0.34375,0,0,P00312,P00312-2022
2021-22,2022,garrett temple,0.62,0.13999999999999999,0.376,0.319,0.6829999999999999,0.48,0.48982667671439334,0,0,P00313,P00313-2022
2021-22,2022,garrison mathews,0.8309859154929577,0.39436619718309857,0.39899999999999997,0.36,0.794,0.5422535211267606,0.6000960153624579,0,0,P00314,P00314-2022
2021-22,2022,gary clark,0.7826086956521741,0.13043478260869568,0.375,0.4,0.7,0.5434782608695653,0.5550986842105263,0,0,P00315,P00315-2022
2021-22,2022,gary harris,0.5494505494505494,0.17582417582417584,0.434,0.384,0.8740000000000001,0.532967032967033,0.5660954712362302,0,0,P00316,P00316-2022
2021-22,2022,gary payton ii,0.3541666666666667,0.16666666666666669,0.616,0.358,0.603,0.6875,0.6890527950310558,1,0,P00317,P00317-2022
2021-22,2022,gary trent jr,0.5032258064516129,0.1870967741935484,0.414,0.38299999999999995,0.853,0.5096774193548387,0.5454220314735336,0,0,P00318,P00318-2022
2021-22,2022,george hill,0.4901960784313726,0.21568627450980396,0.429,0.306,0.919,0.5098039215686275,0.5551575931232092,0,0,P00319,P00319-2022
2021-22,2022,george king,0.7692307692307692,0.3846153846153846,0.0,0.0,0.5,0.0,0.09868421052631579,0,0,P00320,P00320-2022
2021-22,2022,georges niang,0.6891891891891891,0.10810810810810811,0.43700000000000006,0.40299999999999997,0.8809999999999999,0.5743243243243243,0.5933952528379773,0,0,P00321,P00321-2022
2021-22,2022,georgios kalaitzakis,0.3846153846153846,0.44230769230769224,0.46299999999999997,0.385,0.467,0.5384615384615383,0.5312298776561494,0,0,P00322,P00322-2022
2021-22,2022,giannis antetokounmpo,0.1935483870967742,0.6129032258064516,0.5529999999999999,0.293,0.722,0.5833333333333334,0.6330453929539295,46,4,P00323,P00323-2022
2021-22,2022,goga bitadze,0.32,0.38,0.52,0.287,0.6809999999999999,0.57,0.5997258396161754,2,0,P00324,P00324-2022
2021-22,2022,goran dragic,0.41666666666666663,0.2222222222222222,0.377,0.254,0.818,0.4305555555555556,0.47444331983805665,0,0,P00325,P00325-2022
2021-22,2022,gordon hayward,0.35714285714285715,0.2380952380952381,0.45899999999999996,0.391,0.846,0.5317460317460317,0.5711206896551725,1,0,P00326,P00326-2022
2021-22,2022,gorgui dieng,0.6,0.24,0.473,0.426,0.731,0.6199999999999999,0.6331403762662807,0,0,P00327,P00327-2022
2021-22,2022,grant williams,0.6071428571428572,0.21428571428571427,0.475,0.41100000000000003,0.905,0.6071428571428572,0.6364229765013055,1,0,P00330,P00330-2022
2021-22,2022,grayson allen,0.686046511627907,0.12790697674418605,0.44799999999999995,0.409,0.865,0.5930232558139534,0.6109643328929987,0,0,P00331,P00331-2022
2021-22,2022,greg brown iii,0.325,0.3499999999999999,0.426,0.311,0.677,0.4749999999999999,0.5090987868284229,0,0,P00332,P00332-2022
2021-22,2022,greg monroe,0.0,0.39024390243902446,0.561,0.0,0.522,0.5609756097560976,0.5620316402997503,0,0,P00333,P00333-2022
2021-22,2022,hamidou diallo,0.17582417582417587,0.26373626373626374,0.496,0.247,0.65,0.5164835164835165,0.5415517920441119,5,0,P00336,P00336-2022
2021-22,2022,harrison barnes,0.43518518518518523,0.5,0.469,0.39399999999999996,0.826,0.5555555555555556,0.6223436551305404,5,0,P00337,P00337-2022
2021-22,2022,hassan whiteside,0.0,0.5098039215686274,0.652,0.0,0.623,0.6470588235294118,0.6566303651505445,14,0,P00340,P00340-2022
2021-22,2022,hassani gravett,0.6875,0.10416666666666667,0.474,0.423,0.75,0.625,0.6274900398406374,0,0,P00341,P00341-2022
2021-22,2022,haywood highsmith,0.625,0.125,0.348,0.321,0.4,0.43750000000000006,0.4541864139020536,0,0,P00343,P00343-2022
2021-22,2022,herbert jones,0.2972972972972973,0.28378378378378377,0.47600000000000003,0.337,0.84,0.5202702702702703,0.5706391158097068,1,0,P00345,P00345-2022
2021-22,2022,ignas brazdeikis,0.4666666666666667,0.17777777777777778,0.431,0.31,0.6559999999999999,0.4888888888888888,0.5152514427040396,0,0,P00351,P00351-2022
2021-22,2022,immanuel quickley,0.5483870967741934,0.27956989247311825,0.392,0.34600000000000003,0.8809999999999999,0.48387096774193544,0.5409804672539257,4,2,P00352,P00352-2022
2021-22,2022,isaac bonga,0.3333333333333333,0.5555555555555556,0.231,0.25,0.625,0.2777777777777778,0.35714285714285715,0,0,P00353,P00353-2022
2021-22,2022,isaac okoro,0.359375,0.359375,0.48,0.35,0.768,0.546875,0.5936319481921208,0,0,P00355,P00355-2022
2021-22,2022,isaiah hartenstein,0.07407407407407407,0.3518518518518518,0.626,0.467,0.6890000000000001,0.648148148148148,0.6654906991661321,2,0,P00358,P00358-2022
2021-22,2022,isaiah jackson,0.07017543859649122,0.4210526315789473,0.563,0.313,0.682,0.5701754385964912,0.6142687981053878,3,0,P00359,P00359-2022
2021-22,2022,isaiah joe,0.78125,0.1875,0.35,0.33299999999999996,0.935,0.46875,0.5196304849884527,0,0,P00360,P00360-2022
2021-22,2022,isaiah livers,0.7234042553191489,0.14893617021276595,0.456,0.42200000000000004,0.857,0.6170212765957447,0.6389776357827477,1,0,P00361,P00361-2022
2021-22,2022,isaiah roby,0.3055555555555556,0.3611111111111111,0.514,0.444,0.672,0.5833333333333334,0.6052253116011505,4,0,P00363,P00363-2022
2021-22,2022,isaiah stewart,0.08695652173913043,0.21739130434782608,0.51,0.326,0.718,0.5217391304347826,0.5489417989417991,12,0,P00365,P00365-2022
2021-22,2022,isaiah thomas,0.5,0.15789473684210525,0.401,0.337,0.846,0.48026315789473684,0.516732283464567,0,0,P00366,P00366-2022
2021-22,2022,isaiah todd,0.5909090909090909,0.22727272727272727,0.26899999999999996,0.25,0.33299999999999996,0.3409090909090909,0.35123966942148754,0,0,P00367,P00367-2022
2021-22,2022,ish smith,0.15151515151515152,0.06060606060606061,0.43,0.373,0.625,0.45454545454545453,0.46487603305785125,1,0,P00369,P00369-2022
2021-22,2022,ish wainright,0.5652173913043479,0.13043478260869568,0.39399999999999996,0.322,0.583,0.47826086956521746,0.49342105263157904,0,0,P00370,P00370-2022
2021-22,2022,ivica zubac,0.0,0.46153846153846156,0.626,0.0,0.727,0.6307692307692307,0.6585677749360613,25,0,P00371,P00371-2022
2021-22,2022,jt thor,0.4705882352941177,0.35294117647058826,0.436,0.259,0.6,0.4705882352941176,0.5091649694501018,0,0,P00374,P00374-2022
2021-22,2022,ja morant,0.21844660194174756,0.3543689320388349,0.493,0.344,0.7609999999999999,0.5315533980582524,0.5753401646228792,10,1,P00375,P00375-2022
2021-22,2022,jamychal green,0.3877551020408163,0.2857142857142857,0.486,0.266,0.871,0.5408163265306122,0.580130529369108,1,0,P00377,P00377-2022
2021-22,2022,javale mcgee,0.016129032258064516,0.3225806451612903,0.629,0.222,0.6990000000000001,0.629032258064516,0.6497175141242937,10,0,P00378,P00378-2022
2021-22,2022,jabari parker,0.40625,0.25,0.474,0.5,1.0,0.5781249999999999,0.6193693693693693,0,0,P00379,P00379-2022
2021-22,2022,jaden mcdaniels,0.45569620253164556,0.12658227848101267,0.46,0.317,0.8029999999999999,0.5253164556962026,0.5515587529976019,0,0,P00389,P00389-2022
2021-22,2022,jaden springer,0.0,0.0,1.0,0.0,0.0,1.0,1.0,0,0,P00390,P00390-2022
2021-22,2022,jae crowder,0.6666666666666667,0.16049382716049387,0.39899999999999997,0.348,0.789,0.5123456790123457,0.5419741697416975,1,0,P00391,P00391-2022
2021-22,2022,jae sean tate,0.27956989247311825,0.2580645161290322,0.498,0.312,0.7070000000000001,0.5483870967741935,0.5697180378524527,7,0,P00392,P00392-2022
2021-22,2022,jahmi us ramsey,0.2903225806451613,0.22580645161290322,0.414,0.278,0.5,0.467741935483871,0.46948356807511743,0,0,P00394,P00394-2022
2021-22,2022,jake layman,0.47619047619047616,0.23809523809523808,0.41100000000000003,0.22899999999999998,0.722,0.47619047619047616,0.5172413793103448,0,0,P00399,P00399-2022
2021-22,2022,jakob poeltl,0.0,0.28571428571428564,0.618,1.0,0.495,0.6122448979591836,0.6118564176939811,28,0,P00400,P00400-2022
2021-22,2022,jalen brunson,0.25,0.2109375,0.502,0.373,0.84,0.546875,0.5826422647983985,7,0,P00402,P00402-2022
2021-22,2022,jalen green,0.4788732394366197,0.24647887323943662,0.426,0.34299999999999997,0.797,0.5105633802816901,0.5495552731893266,0,0,P00404,P00404-2022
2021-22,2022,jalen johnson,0.3157894736842105,0.15789473684210525,0.537,0.231,0.7140000000000001,0.5526315789473685,0.5905511811023623,0,0,P00406,P00406-2022
2021-22,2022,jalen mcdaniels,0.4347826086956522,0.28260869565217395,0.484,0.38,0.736,0.5543478260869565,0.5993812838360403,1,0,P00407,P00407-2022
2021-22,2022,jalen smith,0.3478260869565217,0.28985507246376807,0.503,0.32799999999999996,0.765,0.5652173913043478,0.5912596401028277,9,0,P00410,P00410-2022
2021-22,2022,jalen suggs,0.3596491228070175,0.29824561403508765,0.361,0.214,0.773,0.39912280701754377,0.45750620347394544,2,0,P00411,P00411-2022
2021-22,2022,james bouknight,0.35555555555555557,0.2222222222222222,0.348,0.34700000000000003,0.871,0.4111111111111111,0.46558704453441296,0,0,P00418,P00418-2022
2021-22,2022,james ennis iii,0.3235294117647059,0.20588235294117643,0.45799999999999996,0.375,0.8,0.5294117647058824,0.5528586839266451,0,0,P00419,P00419-2022
2021-22,2022,james harden,0.45098039215686275,0.5359477124183006,0.41,0.33,0.877,0.4869281045751634,0.5817643325576476,42,11,P00420,P00420-2022
2021-22,2022,james johnson,0.27999999999999997,0.18000000000000002,0.469,0.271,0.527,0.5,0.5096367679762787,1,0,P00421,P00421-2022
2021-22,2022,jamorko pickett,0.7894736842105263,0.052631578947368425,0.36,0.33299999999999996,0.5,0.5,0.4886831275720165,0,0,P00425,P00425-2022
2021-22,2022,jared butler,0.5833333333333333,0.1111111111111111,0.40399999999999997,0.318,0.688,0.5138888888888888,0.5031779661016949,0,0,P00427,P00427-2022
2021-22,2022,jared harper,0.46153846153846156,0.15384615384615385,0.5379999999999999,0.41700000000000004,1.0,0.6346153846153846,0.6664265129682997,0,0,P00428,P00428-2022
2021-22,2022,jaren jackson jr,0.3834586466165413,0.33082706766917297,0.415,0.319,0.823,0.4736842105263157,0.5349173011289052,7,0,P00431,P00431-2022
2021-22,2022,jarred vanderbilt,0.04081632653061224,0.3673469387755102,0.5870000000000001,0.14300000000000002,0.6559999999999999,0.5918367346938775,0.6061138439915671,8,0,P00432,P00432-2022
2021-22,2022,jarrett allen,0.02061855670103093,0.43298969072164956,0.677,0.1,0.708,0.6804123711340206,0.6970904052649811,32,0,P00434,P00434-2022
2021-22,2022,jarrett culver,0.36111111111111105,0.25,0.37799999999999995,0.255,0.47100000000000003,0.43055555555555547,0.43793793793793784,0,0,P00435,P00435-2022
2021-22,2022,jarron cumberland,0.4285714285714286,0.0,0.5,0.0,0.0,0.4285714285714286,0.5,0,0,P00436,P00436-2022
2021-22,2022,javonte green,0.32,0.3,0.542,0.35600000000000004,0.833,0.6,0.6360424028268552,0,0,P00442,P00442-2022
2021-22,2022,javonte smart,0.4571428571428572,0.1142857142857143,0.317,0.29600000000000004,0.833,0.3857142857142858,0.40805223068552776,0,0,P00443,P00443-2022
2021-22,2022,jaxson hayes,0.14035087719298245,0.47368421052631576,0.616,0.35100000000000003,0.7659999999999999,0.6403508771929824,0.6750871080139373,4,0,P00444,P00444-2022
2021-22,2022,jay scrubb,0.46153846153846145,0.23076923076923073,0.391,0.28600000000000003,0.7,0.44230769230769224,0.47136871508379885,0,0,P00446,P00446-2022
2021-22,2022,jaylen brown,0.3804347826086957,0.26086956521739135,0.473,0.358,0.758,0.5407608695652174,0.5752730109204369,11,2,P00447,P00447-2022
2021-22,2022,jaylen hoard,0.27906976744186046,0.15503875968992248,0.489,0.36,0.429,0.5387596899224806,0.5333817126269956,4,0,P00449,P00449-2022
2021-22,2022,jaylen morris,0.3499999999999999,0.65,0.0,0.0,0.5,0.0,0.13608087091757384,0,0,P00451,P00451-2022
2021-22,2022,jaylen nowell,0.3880597014925373,0.22388059701492535,0.475,0.39399999999999996,0.7829999999999999,0.5522388059701492,0.577445652173913,0,0,P00452,P00452-2022
2021-22,2022,jayson tatum,0.4174757281553398,0.30097087378640774,0.45299999999999996,0.353,0.853,0.5242718446601942,0.5765603566529491,22,0,P00458,P00458-2022
2021-22,2022,jeff dowtin jr,0.3448275862068966,0.06896551724137932,0.308,0.111,1.0,0.3275862068965517,0.3514056224899599,0,0,P00460,P00460-2022
2021-22,2022,jeff green,0.30985915492957744,0.36619718309859156,0.524,0.315,0.833,0.5704225352112676,0.6246967491508977,1,0,P00461,P00461-2022
2021-22,2022,jemerrio jones,0.0,0.0,0.667,0.0,0.0,0.6666666666666666,0.6666666666666666,0,0,P00462,P00462-2022
2021-22,2022,jerami grant,0.3624161073825503,0.36912751677852346,0.426,0.358,0.838,0.48657718120805354,0.5542725173210161,1,0,P00463,P00463-2022
2021-22,2022,jeremiah robinson earl,0.5151515151515151,0.16666666666666669,0.414,0.35200000000000004,0.741,0.5000000000000001,0.5293619424054207,3,0,P00465,P00465-2022
2021-22,2022,jeremy lamb,0.4838709677419355,0.3064516129032258,0.38299999999999995,0.324,0.84,0.467741935483871,0.5187606594656056,0,0,P00466,P00466-2022
2021-22,2022,jericho sims,0.0,0.5384615384615384,0.722,0.0,0.414,0.7692307692307692,0.6840796019900498,1,0,P00468,P00468-2022
2021-22,2022,jevon carter,0.6842105263157895,0.07894736842105264,0.387,0.38799999999999996,0.833,0.5263157894736843,0.5340793489318413,0,0,P00472,P00472-2022
2021-22,2022,jimmy butler iii,0.13793103448275862,0.5517241379310345,0.48,0.233,0.87,0.5,0.5937846836847946,12,4,P00473,P00473-2022
2021-22,2022,jock landale,0.4210526315789474,0.2105263157894737,0.495,0.326,0.8290000000000001,0.5657894736842105,0.5900770712909442,1,0,P00475,P00475-2022
2021-22,2022,joe harris,0.7078651685393258,0.0449438202247191,0.452,0.466,0.833,0.6123595505617977,0.622520934332305,0,0,P00476,P00476-2022
2021-22,2022,joe ingles,0.7936507936507936,0.07936507936507936,0.40399999999999997,0.34700000000000003,0.773,0.5476190476190477,0.5521472392638037,0,0,P00477,P00477-2022
2021-22,2022,joe johnson,0.0,0.0,1.0,0.0,0.0,1.0,1.0,0,0,P00478,P00478-2022
2021-22,2022,joe wieskamp,0.7894736842105264,0.21052631578947373,0.35700000000000004,0.326,0.5379999999999999,0.5,0.5057803468208093,0,0,P00479,P00479-2022
2021-22,2022,joel ayayi,0.11111111111111112,0.0,0.16699999999999998,0.0,0.0,0.11111111111111112,0.16666666666666669,0,0,P00480,P00480-2022
2021-22,2022,joel embiid,0.18877551020408162,0.6020408163265306,0.499,0.371,0.8140000000000001,0.5357142857142857,0.6171345595353339,46,2,P00481,P00481-2022
2021-22,2022,john collins,0.27731092436974786,0.2605042016806723,0.526,0.364,0.7929999999999999,0.5798319327731092,0.6106755126658624,16,0,P00483,P00483-2022
2021-22,2022,john konchar,0.5,0.19444444444444445,0.515,0.413,0.551,0.6249999999999999,0.6141248720573184,3,1,P00484,P00484-2022
2021-22,2022,jonas valanciunas,0.16535433070866143,0.3070866141732283,0.544,0.361,0.82,0.5748031496062993,0.6173695893451722,50,0,P00492,P00492-2022
2021-22,2022,jonathan kuminga,0.3181818181818182,0.4090909090909091,0.513,0.336,0.684,0.5681818181818182,0.5970724191063175,2,0,P00494,P00494-2022
2021-22,2022,jordan clarkson,0.5390070921985816,0.15602836879432627,0.419,0.318,0.828,0.5035460992907802,0.5309264666843643,1,0,P00497,P00497-2022
2021-22,2022,jordan mclaughlin,0.4375,0.18749999999999997,0.44,0.318,0.75,0.5,0.5484988452655889,1,0,P00502,P00502-2022
2021-22,2022,jordan nwora,0.49333333333333335,0.09333333333333332,0.40299999999999997,0.348,0.8370000000000001,0.4866666666666667,0.5058913934426229,3,0,P00504,P00504-2022
2021-22,2022,jordan poole,0.5467625899280575,0.2517985611510791,0.44799999999999995,0.364,0.925,0.5467625899280575,0.5990932642487047,2,0,P00505,P00505-2022
2021-22,2022,jordan schakel,0.5357142857142857,0.17857142857142858,0.091,0.16699999999999998,1.0,0.1607142857142857,0.21523178807947022,0,0,P00506,P00506-2022
2021-22,2022,jose alvarado,0.37037037037037035,0.18518518518518517,0.446,0.29100000000000004,0.679,0.4999999999999999,0.5222602739726027,1,0,P00508,P00508-2022
2021-22,2022,josh christopher,0.3823529411764706,0.22058823529411764,0.44799999999999995,0.29600000000000004,0.735,0.5,0.5294906166219839,0,0,P00509,P00509-2022
2021-22,2022,josh giddey,0.31451612903225806,0.12096774193548386,0.419,0.263,0.7090000000000001,0.4596774193548387,0.4785604900459418,16,4,P00510,P00510-2022
2021-22,2022,josh green,0.3157894736842105,0.18421052631578946,0.508,0.359,0.6890000000000001,0.5526315789473684,0.5842259006815969,1,0,P00511,P00511-2022
2021-22,2022,josh hart,0.37142857142857144,0.37142857142857144,0.504,0.34299999999999997,0.758,0.5714285714285714,0.6098559266535691,12,0,P00512,P00512-2022
2021-22,2022,josh jackson,0.42372881355932196,0.2542372881355932,0.4,0.254,0.7140000000000001,0.4576271186440677,0.4878048780487805,0,0,P00513,P00513-2022
2021-22,2022,josh okogie,0.47619047619047616,0.47619047619047616,0.40399999999999997,0.298,0.6859999999999999,0.5,0.531496062992126,0,0,P00516,P00516-2022
2021-22,2022,josh richardson,0.4634146341463415,0.2073170731707317,0.43799999999999994,0.415,0.889,0.5365853658536586,0.5699597675458203,0,0,P00517,P00517-2022
2021-22,2022,joshua primo,0.5,0.2222222222222222,0.374,0.307,0.746,0.4444444444444444,0.48920377867746295,0,0,P00518,P00518-2022
2021-22,2022,jrue holiday,0.3380281690140845,0.19014084507042256,0.501,0.41100000000000003,0.7609999999999999,0.5704225352112676,0.5946191837795685,12,0,P00519,P00519-2022
2021-22,2022,juan toscano anderson,0.37499999999999994,0.31249999999999994,0.489,0.322,0.5710000000000001,0.5625,0.5631868131868131,0,0,P00520,P00520-2022
2021-22,2022,juancho hernangomez,0.6296296296296297,0.3333333333333333,0.415,0.348,0.5589999999999999,0.5185185185185185,0.5329457364341085,0,0,P00521,P00521-2022
2021-22,2022,julius randle,0.3121387283236994,0.32369942196531787,0.41100000000000003,0.308,0.7559999999999999,0.45953757225433517,0.5085003035822708,31,1,P00527,P00527-2022
2021-22,2022,justin anderson,0.6271186440677966,0.20338983050847456,0.379,0.254,0.789,0.4661016949152542,0.4978220286247666,0,0,P00528,P00528-2022
2021-22,2022,justin champagnie,0.42105263157894746,0.15789473684210525,0.46299999999999997,0.35700000000000004,1.0,0.5526315789473685,0.5659448818897639,0,0,P00529,P00529-2022
2021-22,2022,justin holiday,0.7303370786516854,0.0898876404494382,0.39399999999999996,0.36700000000000005,0.8059999999999999,0.5280898876404494,0.5458279290964115,0,0,P00531,P00531-2022
2021-22,2022,justin jackson,0.619047619047619,0.14285714285714285,0.33299999999999996,0.33299999999999996,1.0,0.42857142857142855,0.47043010752688175,0,0,P00532,P00532-2022
2021-22,2022,justin robinson,0.6486486486486487,0.08108108108108109,0.301,0.295,0.5,0.3918918918918919,0.4044885177453027,0,0,P00534,P00534-2022
2021-22,2022,justise winslow,0.2592592592592592,0.2592592592592592,0.428,0.22699999999999998,0.591,0.4537037037037036,0.47373670212765956,2,0,P00535,P00535-2022
2021-22,2022,jusuf nurkic,0.09345794392523366,0.44859813084112155,0.535,0.268,0.69,0.5467289719626168,0.5853886980955354,30,0,P00536,P00536-2022
2021-22,2022,juwan morgan,0.6666666666666666,0.0,0.667,0.5,0.0,0.8333333333333334,0.8333333333333334,0,0,P00537,P00537-2022
2021-22,2022,kj martin,0.31818181818181823,0.24242424242424246,0.5329999999999999,0.35700000000000004,0.634,0.5909090909090909,0.6024096385542169,2,0,P00538,P00538-2022
2021-22,2022,kz okpala,0.36363636363636365,0.15151515151515152,0.435,0.34600000000000003,0.727,0.48484848484848486,0.5255681818181819,0,0,P00540,P00540-2022
2021-22,2022,kai jones,0.14285714285714288,0.5714285714285715,0.643,0.5,0.375,0.5714285714285715,0.5707762557077626,0,0,P00542,P00542-2022
2021-22,2022,karl anthony towns,0.2987804878048781,0.38414634146341464,0.529,0.41,0.8220000000000001,0.5914634146341463,0.6415606092217818,40,1,P00544,P00544-2022
2021-22,2022,keifer sykes,0.47457627118644063,0.0847457627118644,0.363,0.3,0.882,0.4406779661016949,0.45751633986928103,0,0,P00550,P00550-2022
2021-22,2022,keita bates diop,0.2,0.2222222222222222,0.517,0.309,0.754,0.5444444444444444,0.576923076923077,1,0,P00552,P00552-2022
2021-22,2022,kelan martin,0.43859649122807015,0.07017543859649122,0.409,0.293,0.6920000000000001,0.4649122807017544,0.4850238257317903,0,0,P00554,P00554-2022
2021-22,2022,keldon johnson,0.3925925925925926,0.22962962962962963,0.466,0.39799999999999996,0.7559999999999999,0.5444444444444444,0.5718514531754575,6,0,P00555,P00555-2022
2021-22,2022,keljin blevins,0.6388888888888888,0.1111111111111111,0.306,0.292,0.545,0.4027777777777778,0.4104872881355932,0,0,P00556,P00556-2022
2021-22,2022,kelly olynyk,0.4166666666666667,0.3055555555555556,0.44799999999999995,0.336,0.775,0.5138888888888888,0.5570519098922624,1,0,P00557,P00557-2022
2021-22,2022,kelly oubre jr,0.5934959349593495,0.2032520325203252,0.44,0.345,0.667,0.540650406504065,0.5597014925373134,1,0,P00558,P00558-2022
2021-22,2022,kemba walker,0.54,0.19,0.40299999999999997,0.36700000000000005,0.845,0.5,0.5352528608342562,1,1,P00559,P00559-2022
2021-22,2022,kenrich williams,0.38461538461538464,0.16923076923076924,0.461,0.33899999999999997,0.545,0.5230769230769231,0.5297823596792669,0,0,P00564,P00564-2022
2021-22,2022,kent bazemore,0.5833333333333334,0.11111111111111112,0.324,0.363,0.765,0.4305555555555555,0.4502118644067796,0,0,P00565,P00565-2022
2021-22,2022,kentavious caldwell pope,0.4907407407407407,0.18518518518518517,0.435,0.39,0.89,0.5324074074074074,0.5650684931506849,2,0,P00566,P00566-2022
2021-22,2022,keon johnson,0.36486486486486486,0.18918918918918917,0.353,0.34,0.804,0.41216216216216217,0.4491017964071857,0,0,P00568,P00568-2022
2021-22,2022,kessler edwards,0.5,0.07142857142857145,0.41200000000000003,0.353,0.8420000000000001,0.5,0.5107340720221609,1,0,P00571,P00571-2022
2021-22,2022,kevin durant,0.270935960591133,0.3645320197044335,0.518,0.38299999999999995,0.91,0.5689655172413793,0.6346578366445916,18,4,P00572,P00572-2022
2021-22,2022,kevin huerter,0.5436893203883495,0.06796116504854369,0.45399999999999996,0.389,0.8079999999999999,0.5631067961165048,0.5703242835595776,1,0,P00573,P00573-2022
2021-22,2022,kevin knox ii,0.6428571428571429,0.25,0.365,0.278,0.727,0.44642857142857145,0.49871299871299873,0,0,P00574,P00574-2022
2021-22,2022,kevin love,0.6213592233009708,0.2621359223300971,0.43,0.392,0.838,0.5485436893203883,0.5919220055710306,15,0,P00575,P00575-2022
2021-22,2022,kevin pangos,0.5789473684210528,0.10526315789473686,0.326,0.231,0.75,0.3947368421052632,0.40241448692152926,0,0,P00577,P00577-2022
2021-22,2022,kevin porter jr,0.5151515151515152,0.24242424242424246,0.415,0.375,0.642,0.5113636363636364,0.5339539978094195,10,1,P00578,P00578-2022
2021-22,2022,kevon looney,0.0,0.3409090909090909,0.5710000000000001,0.0,0.6,0.5681818181818181,0.5928853754940712,5,0,P00580,P00580-2022
2021-22,2022,khem birch,0.08333333333333333,0.3611111111111111,0.485,0.0,0.746,0.5,0.5393096836049855,0,0,P00584,P00584-2022
2021-22,2022,khris middleton,0.4258064516129032,0.28387096774193554,0.44299999999999995,0.373,0.89,0.5193548387096774,0.5763936682725396,4,0,P00585,P00585-2022
2021-22,2022,killian hayes,0.35714285714285715,0.15714285714285717,0.38299999999999995,0.263,0.77,0.4357142857142857,0.4609834313201497,2,0,P00586,P00586-2022
2021-22,2022,killian tillie,0.6857142857142856,0.05714285714285714,0.33899999999999997,0.314,0.625,0.4571428571428571,0.4598662207357859,0,0,P00587,P00587-2022
2021-22,2022,kira lewis jr,0.3934426229508197,0.0819672131147541,0.40399999999999997,0.22399999999999998,0.833,0.4508196721311476,0.46677215189873433,0,0,P00588,P00588-2022
2021-22,2022,klay thompson,0.5195530726256984,0.08938547486033521,0.429,0.385,0.902,0.5307262569832403,0.5482691894216297,0,0,P00589,P00589-2022
2021-22,2022,kris dunn,0.10958904109589042,0.1780821917808219,0.431,0.091,0.9440000000000001,0.4315068493150685,0.4827235772357723,0,0,P00596,P00596-2022
2021-22,2022,kristaps porzingis,0.32666666666666666,0.3733333333333333,0.45899999999999996,0.31,0.867,0.51,0.5783325698579936,15,0,P00598,P00598-2022
2021-22,2022,kyle anderson,0.23529411764705885,0.22058823529411764,0.446,0.33,0.638,0.47794117647058826,0.5093833780160858,2,0,P00599,P00599-2022
2021-22,2022,kyle guy,0.6176470588235294,0.17647058823529413,0.4,0.35,0.667,0.5147058823529412,0.5322052401746724,0,0,P00601,P00601-2022
2021-22,2022,kyle kuzma,0.4014084507042254,0.2323943661971831,0.452,0.341,0.7120000000000001,0.517605633802817,0.5462560695118835,24,1,P00602,P00602-2022
2021-22,2022,kyle lowry,0.6099999999999999,0.27999999999999997,0.44,0.377,0.851,0.555,0.5965099715099715,16,2,P00603,P00603-2022
2021-22,2022,kyrie irving,0.3867924528301887,0.2075471698113208,0.469,0.418,0.915,0.5518867924528302,0.5921507607192255,2,0,P00605,P00605-2022
2021-22,2022,lamarcus aldridge,0.10309278350515465,0.22680412371134023,0.55,0.304,0.873,0.5721649484536083,0.6046119235095614,2,0,P00608,P00608-2022
2021-22,2022,lamelo ball,0.4491017964071856,0.19161676646706588,0.429,0.389,0.872,0.5179640718562875,0.5550033134526177,23,5,P00609,P00609-2022
2021-22,2022,lamar stevens,0.19607843137254904,0.23529411764705885,0.489,0.27699999999999997,0.7070000000000001,0.5196078431372549,0.5419331911869225,0,0,P00611,P00611-2022
2021-22,2022,lance stephenson,0.2857142857142857,0.24285714285714285,0.455,0.3,0.7879999999999999,0.5000000000000001,0.5356220960247806,3,0,P00612,P00612-2022
2021-22,2022,landry shamet,0.6857142857142857,0.17142857142857143,0.39399999999999996,0.368,0.84,0.5285714285714286,0.5512752391073327,0,0,P00613,P00613-2022
2021-22,2022,langston galloway,0.6216216216216215,0.0,0.231,0.125,0.0,0.28378378378378377,0.27027027027027023,0,0,P00614,P00614-2022
2021-22,2022,larry nance jr,0.2777777777777778,0.2222222222222222,0.522,0.32899999999999996,0.7020000000000001,0.5648148148148148,0.5904183535762484,0,0,P00615,P00615-2022
2021-22,2022,lauri markkanen,0.5391304347826087,0.22608695652173913,0.445,0.358,0.868,0.5391304347826087,0.5852578298006961,3,0,P00616,P00616-2022
2021-22,2022,lebron james,0.3669724770642202,0.27522935779816515,0.524,0.359,0.7559999999999999,0.5894495412844037,0.619885433715221,21,6,P00618,P00618-2022
2021-22,2022,leandro bolmaro,0.3333333333333333,0.26666666666666666,0.315,0.278,0.846,0.36666666666666664,0.41766109785202865,0,0,P00620,P00620-2022
2021-22,2022,lindell wigginton,0.43749999999999994,0.5625,0.426,0.34600000000000003,0.5429999999999999,0.5156249999999999,0.5260521042084167,0,0,P00625,P00625-2022
2021-22,2022,lindy waters iii,0.8285714285714286,0.02857142857142857,0.406,0.363,0.8,0.55,0.5643340857787811,0,0,P00626,P00626-2022
2021-22,2022,lonnie walker iv,0.45871559633027525,0.1926605504587156,0.40700000000000003,0.314,0.784,0.47706422018348627,0.5116711772665764,0,0,P00627,P00627-2022
2021-22,2022,lonzo ball,0.6788990825688074,0.07339449541284404,0.423,0.423,0.75,0.5642201834862385,0.5776750799857803,3,1,P00628,P00628-2022
2021-22,2022,lou williams,0.3157894736842105,0.24561403508771928,0.391,0.363,0.8590000000000001,0.44736842105263164,0.49873337555414826,0,0,P00629,P00629-2022
2021-22,2022,louis king,0.574468085106383,0.2127659574468085,0.319,0.29600000000000004,0.7,0.40425531914893614,0.4377431906614786,0,0,P00630,P00630-2022
2021-22,2022,luguentz dort,0.5422535211267606,0.2605633802816902,0.40399999999999997,0.332,0.843,0.4894366197183099,0.5433409148344706,0,0,P00632,P00632-2022
2021-22,2022,luka doncic,0.4074074074074074,0.3472222222222222,0.457,0.353,0.7440000000000001,0.5300925925925926,0.570281124497992,44,10,P00633,P00633-2022
2021-22,2022,luka garza,0.32608695652173914,0.41304347826086957,0.449,0.327,0.623,0.5108695652173914,0.5334805003679176,2,0,P00634,P00634-2022
2021-22,2022,luke kennard,0.6593406593406593,0.12087912087912088,0.449,0.449,0.8959999999999999,0.5989010989010989,0.6208263772954925,1,0,P00636,P00636-2022
2021-22,2022,luke kornet,0.16666666666666666,0.2222222222222222,0.48100000000000004,0.0,0.667,0.5,0.5060728744939271,0,0,P00637,P00637-2022
2021-22,2022,mac mcclung,0.5,0.16666666666666666,0.5,0.33299999999999996,1.0,0.5833333333333334,0.6211180124223602,0,0,P00639,P00639-2022
2021-22,2022,malachi flynn,0.47619047619047616,0.11904761904761904,0.39299999999999996,0.33299999999999996,0.625,0.4642857142857143,0.4864253393665158,0,0,P00640,P00640-2022
2021-22,2022,malcolm brogdon,0.34437086092715236,0.304635761589404,0.44799999999999995,0.312,0.856,0.5033112582781456,0.5576967998131277,6,1,P00643,P00643-2022
2021-22,2022,malcolm hill,0.7037037037037037,0.2592592592592592,0.462,0.361,0.7859999999999999,0.611111111111111,0.6316489361702128,0,0,P00644,P00644-2022
2021-22,2022,malik beasley,0.7499999999999999,0.07407407407407407,0.391,0.377,0.8170000000000001,0.5277777777777778,0.5425035868005739,0,0,P00646,P00646-2022
2021-22,2022,malik fitts,0.5384615384615384,0.0,0.42100000000000004,0.5,0.0,0.5,0.5384615384615384,0,0,P00647,P00647-2022
2021-22,2022,malik monk,0.5321100917431193,0.13761467889908258,0.473,0.391,0.795,0.5733944954128439,0.596885813148789,1,0,P00648,P00648-2022
2021-22,2022,malik newman,0.2,0.4,0.6,0.0,1.0,0.6,0.6802721088435374,0,0,P00649,P00649-2022
2021-22,2022,mamadi diakite,0.1111111111111111,0.2222222222222222,0.532,0.0,0.545,0.5277777777777777,0.5440283400809716,0,0,P00651,P00651-2022
2021-22,2022,marcus garrett,0.16666666666666663,0.22222222222222224,0.23800000000000002,0.25,0.4,0.25,0.2783400809716599,0,0,P00655,P00655-2022
2021-22,2022,marcus morris sr,0.39843749999999994,0.2109375,0.434,0.36700000000000005,0.872,0.51171875,0.550471832999714,2,0,P00656,P00656-2022
2021-22,2022,marcus smart,0.5049504950495048,0.24752475247524752,0.418,0.331,0.7929999999999999,0.5,0.5401785714285714,2,0,P00658,P00658-2022
2021-22,2022,markelle fultz,0.09278350515463918,0.17525773195876287,0.474,0.235,0.8059999999999999,0.4845360824742268,0.5168453292496172,1,0,P00661,P00661-2022
2021-22,2022,markieff morris,0.3432835820895522,0.07462686567164178,0.474,0.33299999999999996,0.889,0.5373134328358209,0.5491329479768786,0,0,P00662,P00662-2022
2021-22,2022,marko simonovic,0.3529411764705882,0.7058823529411764,0.267,0.2,0.727,0.2647058823529412,0.42639138240574503,0,0,P00663,P00663-2022
2021-22,2022,markus howard,0.6969696969696969,0.21212121212121213,0.386,0.4,0.87,0.5303030303030304,0.5681818181818181,0,0,P00665,P00665-2022
2021-22,2022,marquese chriss,0.17948717948717946,0.25641025641025644,0.46299999999999997,0.32,0.667,0.4871794871794873,0.5184331797235023,0,0,P00667,P00667-2022
2021-22,2022,marvin bagley iii,0.2150537634408602,0.22580645161290325,0.504,0.237,0.6629999999999999,0.532258064516129,0.5526212832550861,7,0,P00668,P00668-2022
2021-22,2022,mason jones,0.2631578947368421,1.0,0.467,0.25,0.8,0.5131578947368421,0.6213450292397661,0,0,P00669,P00669-2022
2021-22,2022,mason plumlee,0.0,0.5227272727272726,0.6409999999999999,0.0,0.392,0.6363636363636362,0.6005173688100517,7,0,P00670,P00670-2022
2021-22,2022,matisse thybulle,0.48888888888888893,0.15555555555555553,0.5,0.313,0.7909999999999999,0.5888888888888888,0.5927620632279534,0,0,P00672,P00672-2022
2021-22,2022,matt ryan,1.0,0.0,0.2,0.2,0.0,0.3,0.3,0,0,P00674,P00674-2022
2021-22,2022,matt thomas,0.6764705882352942,0.14705882352941177,0.41,0.385,0.8,0.5441176470588235,0.5524861878453038,0,0,P00675,P00675-2022
2021-22,2022,maurice harkless,0.5384615384615385,0.15384615384615385,0.45899999999999996,0.307,0.7140000000000001,0.5512820512820514,0.5523535062439963,1,0,P00677,P00677-2022
2021-22,2022,max strus,0.7831325301204818,0.09638554216867469,0.441,0.41,0.792,0.608433734939759,0.6125751271382338,0,0,P00680,P00680-2022
2021-22,2022,maxi kleber,0.7166666666666667,0.18333333333333335,0.39799999999999996,0.325,0.708,0.5166666666666666,0.5397902529302899,2,0,P00681,P00681-2022
2021-22,2022,mckinley wright iv,0.6666666666666666,0.0,0.667,0.5,0.0,0.8333333333333334,0.8333333333333334,0,0,P00684,P00684-2022
2021-22,2022,melvin frazier jr,0.4375,0.14375,0.271,0.048,0.7140000000000001,0.27812499999999996,0.31448389372207847,0,0,P00685,P00685-2022
2021-22,2022,micah potter,0.18918918918918914,0.18918918918918914,0.455,0.0,1.0,0.4594594594594594,0.499001996007984,0,0,P00689,P00689-2022
2021-22,2022,michael porter jr,0.46491228070175433,0.08771929824561403,0.359,0.20800000000000002,0.556,0.40789473684210525,0.41807432432432434,1,0,P00691,P00691-2022
2021-22,2022,mikal bridges,0.36190476190476184,0.18095238095238092,0.534,0.369,0.8340000000000001,0.6,0.6263232180663373,0,0,P00692,P00692-2022
2021-22,2022,mike conley,0.5272727272727272,0.20909090909090908,0.435,0.408,0.7959999999999999,0.5409090909090909,0.5702630702630702,2,0,P00693,P00693-2022
2021-22,2022,mike muscala,0.6551724137931034,0.22413793103448273,0.456,0.429,0.8420000000000001,0.5862068965517241,0.6277463904582549,0,0,P00694,P00694-2022
2021-22,2022,miles bridges,0.3815789473684211,0.27631578947368424,0.491,0.331,0.802,0.555921052631579,0.5924448615673393,15,0,P00695,P00695-2022
2021-22,2022,miles mcbride,0.6296296296296297,0.1111111111111111,0.29600000000000004,0.25,0.667,0.37037037037037035,0.3884180790960452,0,0,P00697,P00697-2022
2021-22,2022,mitchell robinson,0.0,0.5208333333333334,0.7609999999999999,0.0,0.486,0.75,0.7203389830508475,20,0,P00699,P00699-2022
2021-22,2022,miye oni,0.8333333333333334,0.16666666666666669,0.222,0.125,0.0,0.25000000000000006,0.2329192546583851,0,0,P00700,P00700-2022
2021-22,2022,mo bamba,0.4597701149425288,0.1149425287356322,0.48,0.381,0.7809999999999999,0.5689655172413793,0.5798687089715536,20,0,P00701,P00701-2022
2021-22,2022,monte morris,0.4077669902912621,0.10679611650485436,0.484,0.395,0.8690000000000001,0.5679611650485437,0.5841988130563799,0,0,P00703,P00703-2022
2021-22,2022,montrezl harrell,0.025641025641025644,0.5384615384615384,0.645,0.235,0.716,0.6474358974358975,0.6788971807628525,7,0,P00704,P00704-2022
2021-22,2022,moritz wagner,0.507936507936508,0.3174603174603175,0.49700000000000005,0.32799999999999996,0.8059999999999999,0.5714285714285715,0.626740947075209,3,0,P00705,P00705-2022
2021-22,2022,moses brown,0.0,0.6666666666666666,0.593,0.0,0.597,0.5925925925925926,0.615693012600229,3,0,P00706,P00706-2022
2021-22,2022,moses moody,0.6,0.19999999999999998,0.43700000000000006,0.364,0.778,0.5428571428571428,0.5777310924369748,0,0,P00707,P00707-2022
2021-22,2022,moses wright,0.3,0.8,0.25,0.0,1.0,0.3,0.4807692307692307,0,0,P00708,P00708-2022
2021-22,2022,mychal mulder,0.7111111111111111,0.044444444444444446,0.312,0.315,1.0,0.42222222222222217,0.44681778552746293,0,0,P00713,P00713-2022
2021-22,2022,myles powell,0.3333333333333333,0.13333333333333333,0.294,0.16699999999999998,1.0,0.36666666666666664,0.3778337531486146,0,0,P00714,P00714-2022
2021-22,2022,myles turner,0.46808510638297873,0.26595744680851063,0.509,0.33299999999999996,0.752,0.5904255319148936,0.6142857142857143,9,0,P00715,P00715-2022
2021-22,2022,naji marshall,0.3877551020408163,0.3469387755102041,0.405,0.2,0.7959999999999999,0.4489795918367347,0.5046033994334278,1,0,P00719,P00719-2022
2021-22,2022,nassir little,0.49333333333333335,0.29333333333333333,0.46,0.331,0.7340000000000001,0.5466666666666666,0.5786490316485593,3,0,P00720,P00720-2022
2021-22,2022,nathan knight,0.16666666666666669,0.6666666666666667,0.511,0.308,0.733,0.5208333333333334,0.5960051546391752,1,0,P00724,P00724-2022
2021-22,2022,naz reid,0.3548387096774193,0.30645161290322576,0.49,0.34299999999999997,0.765,0.5403225806451613,0.5898237635019897,4,0,P00725,P00725-2022
2021-22,2022,neemias queta,0.0,0.44,0.447,0.0,0.647,0.44,0.5026809651474531,0,0,P00726,P00726-2022
2021-22,2022,nemanja bjelica,0.43749999999999994,0.22916666666666669,0.46799999999999997,0.36200000000000004,0.728,0.5625,0.5772142316426949,3,0,P00727,P00727-2022
2021-22,2022,nerlens noel,0.041666666666666664,0.5,0.5329999999999999,0.0,0.7,0.5416666666666666,0.5806010928961748,0,0,P00728,P00728-2022
2021-22,2022,nic claxton,0.0,0.35714285714285715,0.674,0.0,0.581,0.6785714285714286,0.6712962962962963,4,0,P00729,P00729-2022
2021-22,2022,nick richards,0.0,0.5,0.667,0.0,0.698,0.6666666666666666,0.6830601092896175,0,0,P00730,P00730-2022
2021-22,2022,nickeil alexander walker,0.49523809523809526,0.1619047619047619,0.37200000000000005,0.311,0.743,0.44761904761904764,0.47119487908961594,2,0,P00732,P00732-2022
2021-22,2022,nicolas batum,0.6969696969696969,0.09090909090909091,0.46299999999999997,0.4,0.6579999999999999,0.5909090909090909,0.6046037296037297,0,0,P00733,P00733-2022
2021-22,2022,nik stauskas,0.7222222222222222,0.4444444444444445,0.35700000000000004,0.4,0.667,0.4722222222222222,0.5343866171003717,0,0,P00735,P00735-2022
2021-22,2022,nikola jokic,0.22033898305084743,0.3559322033898305,0.583,0.337,0.81,0.6186440677966103,0.6618796404845644,66,19,P00736,P00736-2022
2021-22,2022,nikola vucevic,0.28481012658227844,0.10759493670886075,0.473,0.314,0.76,0.5189873417721519,0.531786318588349,44,0,P00739,P00739-2022
2021-22,2022,norman powell,0.41791044776119396,0.3880597014925373,0.461,0.419,0.8109999999999999,0.5522388059701493,0.6055583885772565,0,0,P00746,P00746-2022
2021-22,2022,norvel pelle,0.0,0.0,0.6,0.0,0.0,0.5882352941176471,0.5882352941176471,0,0,P00747,P00747-2022
2021-22,2022,og anunoby,0.45517241379310336,0.1724137931034483,0.44299999999999995,0.363,0.754,0.5241379310344828,0.5480769230769231,3,0,P00748,P00748-2022
2021-22,2022,obi toppin,0.3484848484848485,0.25757575757575757,0.531,0.308,0.758,0.5833333333333334,0.612411540555253,3,0,P00749,P00749-2022
2021-22,2022,olivier sarr,0.28260869565217395,0.28260869565217395,0.574,0.44799999999999995,0.828,0.6304347826086958,0.6767208043310132,1,0,P00751,P00751-2022
2021-22,2022,omer yurtseven,0.045454545454545456,0.25,0.526,0.091,0.623,0.5227272727272726,0.5425880425880426,8,0,P00753,P00753-2022
2021-22,2022,onyeka okongwu,0.0,0.4893617021276595,0.69,0.0,0.727,0.7021276595744679,0.7177871148459382,1,0,P00755,P00755-2022
2021-22,2022,oshae brissett,0.4605263157894737,0.3157894736842105,0.41100000000000003,0.35,0.695,0.4868421052631579,0.5256469500924214,5,0,P00758,P00758-2022
2021-22,2022,otto porter jr,0.5151515151515151,0.15151515151515152,0.46399999999999997,0.37,0.8029999999999999,0.5681818181818182,0.5823863636363635,5,0,P00760,P00760-2022
2021-22,2022,p j tucker,0.45000000000000007,0.15,0.484,0.415,0.738,0.5750000000000001,0.594121325828643,5,0,P00762,P00762-2022
2021-22,2022,p j washington,0.5609756097560976,0.14634146341463414,0.47,0.365,0.716,0.5670731707317073,0.5900549954170485,3,0,P00763,P00763-2022
2021-22,2022,pj dozier,0.4909090909090909,0.12727272727272726,0.364,0.313,0.769,0.4363636363636364,0.46487603305785125,0,0,P00764,P00764-2022
2021-22,2022,paris bass,0.3333333333333333,0.3333333333333333,0.33299999999999996,0.0,1.0,0.3333333333333333,0.436046511627907,0,0,P00768,P00768-2022
2021-22,2022,pascal siakam,0.1797752808988764,0.31460674157303364,0.494,0.344,0.7490000000000001,0.5252808988764045,0.5625740228977497,30,2,P00769,P00769-2022
2021-22,2022,pat connaughton,0.75,0.10526315789473684,0.45799999999999996,0.395,0.833,0.6052631578947368,0.6224849094567404,0,0,P00770,P00770-2022
2021-22,2022,patrick beverley,0.56,0.3066666666666666,0.406,0.34299999999999997,0.722,0.5066666666666667,0.5404135338345865,2,0,P00773,P00773-2022
2021-22,2022,patrick williams,0.2833333333333333,0.39999999999999997,0.529,0.517,0.732,0.6083333333333334,0.6377551020408163,1,0,P00774,P00774-2022
2021-22,2022,patty mills,0.7142857142857142,0.07142857142857141,0.408,0.4,0.8140000000000001,0.5510204081632653,0.5639097744360901,0,0,P00775,P00775-2022
2021-22,2022,paul george,0.40487804878048783,0.23414634146341462,0.42100000000000004,0.354,0.858,0.4902439024390243,0.5373253139925703,7,0,P00776,P00776-2022
2021-22,2022,paul millsap,0.31428571428571433,0.19999999999999998,0.391,0.22899999999999998,0.708,0.4285714285714285,0.45955882352941174,0,0,P00777,P00777-2022
2021-22,2022,paul reed,0.08,0.16,0.563,0.25,0.429,0.58,0.5792227204783258,0,0,P00778,P00778-2022
2021-22,2022,paul watson,0.7435897435897435,0.05128205128205128,0.34299999999999997,0.231,0.5,0.4230769230769231,0.4262788365095285,0,0,P00779,P00779-2022
2021-22,2022,payton pritchard,0.660377358490566,0.05660377358490566,0.429,0.41200000000000003,1.0,0.5660377358490565,0.5706921944035346,0,0,P00780,P00780-2022
2021-22,2022,petr cornelie,0.5,0.25,0.33299999999999996,0.125,0.75,0.37500000000000006,0.41291291291291293,0,0,P00784,P00784-2022
2021-22,2022,precious achiuwa,0.25301204819277107,0.21686746987951805,0.439,0.359,0.595,0.48192771084337344,0.5004399472063351,6,0,P00787,P00787-2022
2021-22,2022,quentin grimes,0.803921568627451,0.07843137254901962,0.40399999999999997,0.381,0.684,0.5686274509803922,0.5686125852918879,0,0,P00788,P00788-2022
2021-22,2022,quinndary weatherspoon,0.26315789473684215,0.26315789473684215,0.5710000000000001,0.2,1.0,0.605263157894737,0.6367924528301887,0,0,P00791,P00791-2022
2021-22,2022,r j hampton,0.4084507042253521,0.2535211267605634,0.38299999999999995,0.35,0.6409999999999999,0.45070422535211274,0.481500253421186,0,0,P00793,P00793-2022
2021-22,2022,rj barrett,0.3391812865497076,0.3391812865497076,0.408,0.342,0.7140000000000001,0.4678362573099415,0.508854060655404,4,0,P00794,P00794-2022
2021-22,2022,rj nembhard jr,0.07692307692307693,0.23076923076923078,0.33299999999999996,0.0,0.75,0.3076923076923077,0.3840782122905029,0,0,P00795,P00795-2022
2021-22,2022,rajon rondo,0.5111111111111111,0.15555555555555553,0.386,0.35200000000000004,0.731,0.4666666666666667,0.4991680532445923,1,0,P00797,P00797-2022
2021-22,2022,raul neto,0.2698412698412698,0.23809523809523808,0.46299999999999997,0.292,0.769,0.5,0.5387931034482759,0,0,P00799,P00799-2022
2021-22,2022,rayjon tucker,0.5555555555555556,0.7777777777777778,0.667,0.8,0.7140000000000001,0.8888888888888888,0.869205298013245,0,0,P00802,P00802-2022
2021-22,2022,reggie bullock jr,0.7837837837837837,0.09459459459459457,0.401,0.36,0.833,0.5472972972972971,0.5578619615983393,0,0,P00805,P00805-2022
2021-22,2022,reggie jackson,0.4171779141104294,0.13496932515337423,0.392,0.326,0.847,0.4601226993865031,0.48644892286309943,5,0,P00806,P00806-2022
2021-22,2022,reggie perry,0.20253164556962025,0.189873417721519,0.506,0.188,0.6,0.5253164556962026,0.5373831775700935,1,0,P00807,P00807-2022
2021-22,2022,richaun holmes,0.014925373134328358,0.29850746268656714,0.66,0.4,0.778,0.6567164179104479,0.6860158311345645,8,0,P00808,P00808-2022
2021-22,2022,ricky rubio,0.4214876033057851,0.24793388429752067,0.363,0.33899999999999997,0.8540000000000001,0.43388429752066127,0.4880774962742176,5,0,P00810,P00810-2022
2021-22,2022,rob edwards,1.0,0.0,0.25,0.25,0.0,0.375,0.375,0,0,P00813,P00813-2022
2021-22,2022,robert covington,0.6857142857142857,0.14285714285714285,0.42,0.37799999999999995,0.841,0.5428571428571429,0.5712365591397849,1,0,P00814,P00814-2022
2021-22,2022,robert williams iii,0.0,0.25,0.736,0.0,0.722,0.7333333333333334,0.7507507507507508,25,1,P00815,P00815-2022
2021-22,2022,robert woodard ii,0.23076923076923073,0.15384615384615385,0.125,0.25,1.0,0.19230769230769232,0.21613832853025933,0,0,P00816,P00816-2022
2021-22,2022,robin lopez,0.03636363636363636,0.2727272727272727,0.5529999999999999,0.33299999999999996,0.593,0.5727272727272728,0.5762987012987013,3,0,P00817,P00817-2022
2021-22,2022,rodney hood,0.6000000000000001,0.13333333333333333,0.369,0.33,0.895,0.4666666666666667,0.4880352644836273,0,0,P00819,P00819-2022
2021-22,2022,rodney mcgruder,0.6590909090909091,0.11363636363636363,0.436,0.397,0.731,0.5568181818181818,0.5844155844155845,0,0,P00820,P00820-2022
2021-22,2022,romeo langford,0.45,0.225,0.435,0.341,0.5479999999999999,0.5,0.5118289353958143,0,0,P00821,P00821-2022
2021-22,2022,royce o neale,0.6896551724137931,0.1206896551724138,0.457,0.389,0.804,0.5775862068965518,0.6057629338572366,3,0,P00824,P00824-2022
2021-22,2022,rudy gay,0.5362318840579711,0.2028985507246377,0.414,0.345,0.785,0.5144927536231884,0.538850452368281,0,0,P00825,P00825-2022
2021-22,2022,rudy gobert,0.012987012987012988,0.8701298701298701,0.713,0.0,0.69,0.7142857142857143,0.7325319308790382,53,0,P00826,P00826-2022
2021-22,2022,rui hachimura,0.31868131868131866,0.17582417582417584,0.491,0.447,0.6970000000000001,0.565934065934066,0.576295389636883,0,0,P00827,P00827-2022
2021-22,2022,russell westbrook,0.2151898734177215,0.3227848101265822,0.444,0.298,0.667,0.47468354430379744,0.5126357792063844,28,10,P00828,P00828-2022
2021-22,2022,ryan arcidiacono,0.75,0.0,0.5,0.444,0.0,0.6666666666666666,0.6666666666666666,0,0,P00829,P00829-2022
2021-22,2022,saben lee,0.33333333333333337,0.3958333333333333,0.39,0.233,0.789,0.43750000000000006,0.49680624556423,1,0,P00834,P00834-2022
2021-22,2022,saddiq bey,0.5323741007194246,0.22302158273381298,0.396,0.34600000000000003,0.8270000000000001,0.48920863309352525,0.5273846960167715,6,0,P00835,P00835-2022
2021-22,2022,sam hauser,0.894736842105263,0.0,0.46,0.43200000000000005,0.0,0.6578947368421053,0.6578947368421053,0,0,P00836,P00836-2022
2021-22,2022,sam merrill,0.9499999999999998,0.17499999999999996,0.33299999999999996,0.304,0.5,0.47500000000000003,0.4874651810584959,0,0,P00837,P00837-2022
2021-22,2022,sandro mamukelashvili,0.46428571428571436,0.17857142857142858,0.496,0.423,0.818,0.5892857142857143,0.6291390728476821,1,0,P00838,P00838-2022
2021-22,2022,santi aldama,0.3658536585365854,0.24390243902439027,0.402,0.125,0.625,0.4390243902439025,0.4515418502202643,2,0,P00839,P00839-2022
2021-22,2022,scottie barnes,0.20634920634920637,0.23015873015873015,0.49200000000000005,0.301,0.735,0.5238095238095238,0.5513116171807437,13,0,P00842,P00842-2022
2021-22,2022,scottie lewis,,,0.0,0.0,0.5,,0.5681818181818182,0,0,P00843,P00843-2022
2021-22,2022,scotty hopson,0.25,0.0,0.5,0.0,0.0,0.5,0.5,0,0,P00844,P00844-2022
2021-22,2022,sekou doumbouya,0.25,0.5,0.625,0.5,0.75,0.6875,0.7172131147540983,0,0,P00847,P00847-2022
2021-22,2022,semi ojeleye,0.5151515151515151,0.30303030303030304,0.303,0.3,0.7929999999999999,0.3787878787878788,0.4411764705882353,0,0,P00848,P00848-2022
2021-22,2022,serge ibaka,0.32727272727272727,0.14545454545454548,0.5,0.374,0.727,0.5545454545454546,0.5809979494190021,3,0,P00849,P00849-2022
2021-22,2022,seth curry,0.5043478260869565,0.13043478260869565,0.48700000000000004,0.42200000000000004,0.872,0.5956521739130435,0.6167763157894737,1,0,P00850,P00850-2022
2021-22,2022,shai gilgeous alexander,0.2819148936170213,0.3829787234042553,0.45299999999999996,0.3,0.81,0.49468085106382975,0.5576292789512018,6,1,P00853,P00853-2022
2021-22,2022,shake milton,0.3287671232876712,0.1780821917808219,0.429,0.32299999999999995,0.836,0.4794520547945205,0.5208333333333333,0,0,P00854,P00854-2022
2021-22,2022,shaq buchanan,0.5,0.0,0.25,0.0,0.0,0.25,0.25,0,0,P00855,P00855-2022
2021-22,2022,shaquille harrison,0.3333333333333333,0.0,0.33299999999999996,0.0,0.0,0.3333333333333333,0.3333333333333333,0,0,P00856,P00856-2022
2021-22,2022,sharife cooper,0.45454545454545453,0.0,0.214,0.16699999999999998,0.0,0.22727272727272727,0.22727272727272727,0,0,P00857,P00857-2022
2021-22,2022,skylar mays,0.391304347826087,0.13043478260869568,0.5,0.32,0.889,0.5434782608695654,0.596217105263158,1,0,P00862,P00862-2022
2021-22,2022,solomon hill,0.6666666666666666,0.0,0.15,0.154,0.0,0.2,0.19999999999999998,0,0,P00863,P00863-2022
2021-22,2022,spencer dinwiddie,0.4454545454545455,0.34545454545454546,0.41600000000000004,0.33899999999999997,0.774,0.4954545454545454,0.5405618686868686,7,1,P00864,P00864-2022
2021-22,2022,stanley johnson,0.4230769230769231,0.28846153846153844,0.466,0.314,0.716,0.5288461538461537,0.5716723549488054,0,0,P00866,P00866-2022
2021-22,2022,stephen curry,0.6125654450261779,0.24607329842931935,0.43700000000000006,0.38,0.9229999999999999,0.5575916230366492,0.6023242630385487,12,2,P00868,P00868-2022
2021-22,2022,sterling brown,0.5937499999999999,0.09374999999999999,0.381,0.304,0.9329999999999999,0.46874999999999994,0.4951980792316926,2,0,P00870,P00870-2022
2021-22,2022,steven adams,0.0,0.5098039215686275,0.547,0.0,0.5429999999999999,0.5490196078431373,0.5525304292120435,14,0,P00871,P00871-2022
2021-22,2022,svi mykhailiuk,0.5714285714285714,0.16666666666666663,0.389,0.306,0.865,0.46428571428571425,0.510204081632653,0,0,P00872,P00872-2022
2021-22,2022,t j mcconnell,0.15584415584415584,0.11688311688311688,0.48100000000000004,0.303,0.826,0.5064935064935066,0.5249505928853755,1,0,P00873,P00873-2022
2021-22,2022,tacko fall,0.0,0.5454545454545454,0.41700000000000004,0.0,0.28600000000000003,0.4545454545454545,0.40322580645161293,0,0,P00875,P00875-2022
2021-22,2022,taj gibson,0.21874999999999997,0.3125,0.518,0.395,0.8079999999999999,0.5781249999999999,0.6043956043956045,0,0,P00877,P00877-2022
2021-22,2022,talen horton tucker,0.3333333333333333,0.23333333333333334,0.41600000000000004,0.26899999999999996,0.8,0.45555555555555555,0.5038291011688835,1,0,P00878,P00878-2022
2021-22,2022,taurean prince,0.5789473684210525,0.21052631578947367,0.45399999999999996,0.376,0.7559999999999999,0.5614035087719298,0.586062941554271,0,0,P00880,P00880-2022
2021-22,2022,terance mann,0.30588235294117644,0.23529411764705882,0.484,0.365,0.78,0.5352941176470588,0.5756929637526653,6,0,P00883,P00883-2022
2021-22,2022,terence davis,0.5617977528089888,0.16853932584269662,0.423,0.32899999999999996,0.818,0.5168539325842697,0.5439330543933054,0,0,P00884,P00884-2022
2021-22,2022,terrence ross,0.47727272727272724,0.23863636363636362,0.397,0.292,0.862,0.46590909090909083,0.5141916906622789,0,0,P00886,P00886-2022
2021-22,2022,terry rozier,0.50625,0.15,0.444,0.374,0.852,0.5375,0.5657833020637899,3,1,P00888,P00888-2022
2021-22,2022,terry taylor,0.17910447761194032,0.22388059701492538,0.614,0.316,0.706,0.6417910447761194,0.6521739130434783,2,0,P00889,P00889-2022
2021-22,2022,thaddeus young,0.17307692307692307,0.17307692307692307,0.518,0.354,0.469,0.548076923076923,0.5539671193709793,0,0,P00890,P00890-2022
2021-22,2022,thanasis antetokounmpo,0.11111111111111108,0.3703703703703703,0.547,0.14300000000000002,0.63,0.5555555555555555,0.5732484076433121,0,0,P00891,P00891-2022
2021-22,2022,theo maledon,0.467741935483871,0.3225806451612903,0.375,0.293,0.79,0.4435483870967742,0.501412429378531,1,0,P00892,P00892-2022
2021-22,2022,theo pinson,0.761904761904762,0.2380952380952381,0.359,0.33299999999999996,1.0,0.45238095238095233,0.5387931034482759,0,0,P00893,P00893-2022
2021-22,2022,thomas bryant,0.29090909090909095,0.2727272727272727,0.52,0.28600000000000003,0.875,0.5636363636363636,0.6006493506493507,0,0,P00894,P00894-2022
2021-22,2022,tim frazier,0.3684210526315789,0.21052631578947373,0.311,0.353,0.556,0.3815789473684211,0.3973988439306358,0,0,P00896,P00896-2022
2021-22,2022,tim hardaway jr,0.5714285714285716,0.19841269841269843,0.39399999999999996,0.336,0.757,0.4920634920634921,0.5182481751824818,0,0,P00897,P00897-2022
2021-22,2022,timothe luwawu cabarrot,0.6388888888888888,0.2222222222222222,0.39799999999999996,0.361,0.8540000000000001,0.49999999999999994,0.5566801619433198,0,0,P00899,P00899-2022
2021-22,2022,tobias harris,0.2714285714285714,0.19999999999999998,0.48200000000000004,0.36700000000000005,0.8420000000000001,0.5357142857142857,0.5646008403361344,9,1,P00900,P00900-2022
2021-22,2022,tomas satoransky,0.2857142857142857,0.2857142857142857,0.377,0.20800000000000002,0.7959999999999999,0.4,0.4568527918781726,1,0,P00903,P00903-2022
2021-22,2022,tony bradley,0.0,0.22727272727272724,0.585,0.0,0.655,0.5909090909090908,0.6198347107438016,0,0,P00904,P00904-2022
2021-22,2022,tony snell,0.7499999999999998,0.03125,0.40399999999999997,0.35200000000000004,1.0,0.53125,0.5394574599260172,0,0,P00905,P00905-2022
2021-22,2022,torrey craig,0.5263157894736842,0.12280701754385963,0.45399999999999996,0.32899999999999996,0.75,0.543859649122807,0.5492676431424767,3,0,P00906,P00906-2022
2021-22,2022,trae young,0.39408866995073893,0.35960591133004927,0.46,0.382,0.904,0.5394088669950738,0.6039469207213338,42,0,P00909,P00909-2022
2021-22,2022,tre jones,0.14285714285714285,0.2653061224489796,0.49,0.196,0.78,0.4999999999999999,0.5482456140350876,3,0,P00912,P00912-2022
2021-22,2022,tre mann,0.45918367346938777,0.14285714285714285,0.39299999999999996,0.36,0.7929999999999999,0.47959183673469385,0.49923195084485406,0,0,P00913,P00913-2022
2021-22,2022,tremont waters,0.6382978723404255,0.0,0.28600000000000003,0.222,0.0,0.351063829787234,0.35106382978723394,0,0,P00914,P00914-2022
2021-22,2022,trendon watford,0.1428571428571429,0.3571428571428572,0.532,0.237,0.755,0.5535714285714287,0.5864197530864198,2,0,P00915,P00915-2022
2021-22,2022,trent forrest,0.19230769230769232,0.3076923076923077,0.49,0.185,0.792,0.5192307692307693,0.5589430894308943,0,0,P00916,P00916-2022
2021-22,2022,trevelin queen,0.7272727272727273,0.12121212121212122,0.455,0.375,1.0,0.5909090909090909,0.6185270425776755,0,0,P00918,P00918-2022
2021-22,2022,trevon scott,0.16666666666666666,0.0,0.5,0.0,0.0,0.5,0.5,0,0,P00919,P00919-2022
2021-22,2022,trevor ariza,0.7560975609756099,0.19512195121951223,0.33299999999999996,0.27,0.556,0.43902439024390244,0.44923629829290207,0,0,P00920,P00920-2022
2021-22,2022,trey burke,0.39215686274509803,0.09803921568627451,0.391,0.317,0.87,0.45098039215686275,0.47932330827067665,0,0,P00924,P00924-2022
2021-22,2022,trey lyles,0.37333333333333335,0.4266666666666667,0.466,0.321,0.802,0.5266666666666666,0.5893578805568028,3,0,P00926,P00926-2022
2021-22,2022,trey murphy iii,0.6666666666666666,0.17777777777777778,0.39299999999999996,0.382,0.882,0.5222222222222223,0.5564715581203628,0,0,P00927,P00927-2022
2021-22,2022,tristan thompson,0.02127659574468085,0.42553191489361697,0.528,0.33299999999999996,0.526,0.5319148936170212,0.5376344086021504,1,0,P00929,P00929-2022
2021-22,2022,troy brown jr,0.5128205128205129,0.10256410256410259,0.419,0.353,0.769,0.5000000000000001,0.5274779195289501,1,0,P00933,P00933-2022
2021-22,2022,ty jerome,0.5735294117647058,0.14705882352941177,0.37799999999999995,0.29,0.809,0.46323529411764713,0.4903314917127071,0,0,P00934,P00934-2022
2021-22,2022,tyler cook,0.0,0.8421052631578947,0.605,0.0,0.6559999999999999,0.631578947368421,0.65284178187404,0,0,P00937,P00937-2022
2021-22,2022,tyler herro,0.3941176470588235,0.1941176470588235,0.447,0.39899999999999997,0.868,0.526470588235294,0.5609148059830913,3,0,P00939,P00939-2022
2021-22,2022,tyler johnson,0.6666666666666669,0.0,0.3,0.385,0.0,0.4242424242424243,0.42424242424242425,0,0,P00940,P00940-2022
2021-22,2022,tyrell terry,0.0,0.0,1.0,0.0,0.0,1.0,1.0,0,0,P00943,P00943-2022
2021-22,2022,tyrese haliburton,0.43220338983050843,0.211864406779661,0.473,0.414,0.8420000000000001,0.5635593220338982,0.5930232558139535,25,0,P00944,P00944-2022
2021-22,2022,tyrese maxey,0.3082706766917293,0.24812030075187969,0.485,0.42700000000000005,0.866,0.5488721804511278,0.593139913232104,1,0,P00946,P00946-2022
2021-22,2022,tyrone wallace,0.39393939393939403,0.2424242424242425,0.35,0.25,0.2,0.4090909090909091,0.38335158817086523,0,0,P00948,P00948-2022
2021-22,2022,tyus jones,0.3684210526315789,0.11842105263157897,0.451,0.39,0.818,0.5197368421052633,0.5440220110055027,2,0,P00950,P00950-2022
2021-22,2022,udoka azubuike,0.0,0.20689655172413793,0.755,0.0,0.545,0.7586206896551726,0.7427307206068269,1,0,P00951,P00951-2022
2021-22,2022,udonis haslem,0.125,0.08333333333333334,0.452,0.25,1.0,0.4791666666666667,0.502411575562701,0,0,P00952,P00952-2022
2021-22,2022,usman garuba,0.4444444444444445,0.16666666666666663,0.43200000000000005,0.25,0.7140000000000001,0.5,0.5175983436853002,0,0,P00954,P00954-2022
2021-22,2022,vernon carey jr,0.0,1.0,0.5379999999999999,0.0,0.462,0.5263157894736843,0.5299707602339182,0,0,P00957,P00957-2022
2021-22,2022,victor oladipo,0.4945054945054945,0.26373626373626374,0.479,0.41700000000000004,0.737,0.587912087912088,0.6104765655769989,1,0,P00958,P00958-2022
2021-22,2022,vit krejci,0.5892857142857143,0.125,0.40700000000000003,0.327,0.8640000000000001,0.5089285714285714,0.5247122545700744,1,0,P00961,P00961-2022
2021-22,2022,vlatko cancar,0.2962962962962963,0.3333333333333333,0.561,0.583,0.643,0.6481481481481481,0.6621447028423773,0,0,P00963,P00963-2022
2021-22,2022,wayne ellington,0.890909090909091,0.05454545454545455,0.413,0.389,0.818,0.5909090909090909,0.5948153409090909,0,0,P00966,P00966-2022
2021-22,2022,wayne selden,0.5384615384615383,1.0,0.25,0.5,0.5,0.3461538461538461,0.454059829059829,0,0,P00967,P00967-2022
2021-22,2022,wendell carter jr,0.3181818181818182,0.3,0.525,0.327,0.691,0.5772727272727273,0.602312881464825,33,0,P00968,P00968-2022
2021-22,2022,wenyen gabriel,0.2619047619047619,0.38095238095238093,0.491,0.28600000000000003,0.595,0.5357142857142857,0.5505709624796085,1,0,P00970,P00970-2022
2021-22,2022,wes iwundu,0.2833333333333333,0.21666666666666667,0.444,0.6,0.75,0.5333333333333334,0.5553864881314667,0,0,P00971,P00971-2022
2021-22,2022,wesley matthews,0.7111111111111111,0.13333333333333333,0.395,0.33799999999999997,0.7859999999999999,0.5222222222222223,0.5352644836272039,0,0,P00972,P00972-2022
2021-22,2022,will barton,0.4841269841269841,0.14285714285714285,0.43799999999999994,0.365,0.8029999999999999,0.5238095238095238,0.5488351254480287,1,0,P00973,P00973-2022
2021-22,2022,willie cauley stein,0.05555555555555555,0.05555555555555555,0.457,0.5,0.5,0.4722222222222222,0.46095444685466375,0,0,P00976,P00976-2022
2021-22,2022,willy hernangomez,0.03076923076923077,0.4307692307692308,0.52,0.33299999999999996,0.773,0.5307692307692308,0.5884635281945163,9,0,P00977,P00977-2022
2021-22,2022,xavier moon,0.27450980392156865,0.09803921568627451,0.49,0.35700000000000004,0.6,0.5392156862745098,0.5451127819548872,0,0,P00979,P00979-2022
2021-22,2022,xavier sneed,0.8181818181818181,0.0,0.2,0.125,0.0,0.22727272727272727,0.2727272727272727,0,0,P00980,P00980-2022
2021-22,2022,xavier tillman,0.21951219512195125,0.3170731707317074,0.45399999999999996,0.204,0.648,0.4634146341463415,0.5136986301369862,0,0,P00981,P00981-2022
2021-22,2022,yuta watanabe,0.5833333333333333,0.3055555555555556,0.406,0.342,0.6,0.5138888888888888,0.5264446620959843,2,0,P00987,P00987-2022
2021-22,2022,yves pons,0.6153846153846154,0.15384615384615385,0.313,0.33299999999999996,0.0,0.4230769230769231,0.39625360230547546,0,0,P00989,P00989-2022
2021-22,2022,zach collins,0.2727272727272727,0.4181818181818181,0.49,0.341,0.8,0.5363636363636364,0.598894348894349,1,0,P00991,P00991-2022
2021-22,2022,zach lavine,0.4011299435028249,0.3163841807909605,0.47600000000000003,0.389,0.853,0.5536723163841809,0.6050386828010316,0,0,P00993,P00993-2022
2021-22,2022,zavier simpson,0.15384615384615385,0.1,0.365,0.125,1.0,0.3807692307692308,0.40524609490126734,0,0,P00994,P00994-2022
2021-22,2022,zeke nnaji,0.4444444444444444,0.3555555555555556,0.516,0.46299999999999997,0.631,0.6111111111111112,0.6341275941583396,0,0,P00995,P00995-2022
2021-22,2022,ziaire williams,0.5735294117647058,0.13235294117647062,0.45,0.314,0.782,0.5441176470588236,0.5628126737076153,0,0,P00996,P00996-2022
2022-23,2023,a j lawson,0.5862068965517241,0.1724137931034483,0.5,0.4,0.25,0.6379310344827587,0.592948717948718,0,0,P00001,P00001-2023
2022-23,2023,aj green,0.8333333333333334,0.027777777777777776,0.424,0.419,1.0,0.5972222222222222,0.6037321624588364,0,0,P00002,P00002-2023
2022-23,2023,aj griffin,0.4864864864864864,0.09459459459459459,0.465,0.39,0.894,0.554054054054054,0.577322262584328,0,0,P00003,P00003-2023
2022-23,2023,aaron gordon,0.22321428571428575,0.4107142857142857,0.564,0.34700000000000003,0.608,0.6026785714285715,0.6163036902601332,11,0,P00005,P00005-2023
2022-23,2023,aaron holiday,0.39999999999999997,0.14285714285714285,0.418,0.409,0.8440000000000001,0.5142857142857143,0.5241935483870968,0,0,P00007,P00007-2023
2022-23,2023,aaron nesmith,0.5308641975308642,0.2345679012345679,0.42700000000000005,0.366,0.838,0.5308641975308642,0.565129811996419,1,0,P00008,P00008-2023
2022-23,2023,aaron wiggins,0.3269230769230769,0.19230769230769232,0.512,0.39299999999999996,0.831,0.5865384615384616,0.6028368794326241,1,0,P00009,P00009-2023
2022-23,2023,admiral schofield,0.6060606060606061,0.18181818181818182,0.451,0.324,0.9129999999999999,0.5454545454545454,0.5892255892255893,0,0,P00016,P00016-2023
2022-23,2023,al horford,0.6842105263157896,0.039473684210526314,0.47600000000000003,0.446,0.7140000000000001,0.6250000000000001,0.6337299534402485,7,0,P00020,P00020-2023
2022-23,2023,alec burks,0.5222222222222223,0.41111111111111115,0.436,0.414,0.8140000000000001,0.5388888888888889,0.602182913059842,0,0,P00021,P00021-2023
2022-23,2023,aleksej pokusevski,0.4246575342465754,0.13698630136986303,0.434,0.365,0.629,0.5136986301369864,0.5232558139534884,3,0,P00023,P00023-2023
2022-23,2023,alex caruso,0.5348837209302326,0.25581395348837216,0.455,0.364,0.8079999999999999,0.5348837209302326,0.5852842809364549,1,0,P00025,P00025-2023
2022-23,2023,alex len,0.08333333333333334,0.5,0.5329999999999999,0.0,0.688,0.5,0.5806010928961748,0,0,P00028,P00028-2023
2022-23,2023,alize johnson,0.3333333333333333,0.3333333333333333,0.5,0.0,0.5,0.5333333333333333,0.5232558139534884,0,0,P00034,P00034-2023
2022-23,2023,alperen sengun,0.07476635514018691,0.35514018691588783,0.5529999999999999,0.33299999999999996,0.715,0.5654205607476636,0.5981247979308115,29,2,P00036,P00036-2023
2022-23,2023,amir coffey,0.27586206896551724,0.4482758620689655,0.386,0.275,0.778,0.4137931034482759,0.48963133640552997,0,0,P00040,P00040-2023
2022-23,2023,andre drummond,0.0,0.4634146341463415,0.606,0.0,0.536,0.6097560975609756,0.6077795786061588,8,0,P00042,P00042-2023
2022-23,2023,andre iguodala,0.5789473684210527,0.2105263157894737,0.467,0.111,0.667,0.5000000000000001,0.5057803468208093,0,0,P00043,P00043-2023
2022-23,2023,andrew nembhard,0.4069767441860465,0.09302325581395349,0.441,0.35,0.79,0.5116279069767442,0.5306076854334227,5,0,P00045,P00045-2023
2022-23,2023,andrew wiggins,0.4265734265734265,0.13286713286713286,0.473,0.396,0.611,0.5594405594405594,0.5648784355179705,3,0,P00046,P00046-2023
2022-23,2023,anfernee simons,0.5384615384615384,0.17159763313609466,0.447,0.377,0.894,0.5443786982248521,0.5804357394366197,0,0,P00047,P00047-2023
2022-23,2023,anthony davis,0.0755813953488372,0.45930232558139544,0.563,0.257,0.784,0.5726744186046511,0.626330044496034,40,0,P00049,P00049-2023
2022-23,2023,anthony edwards,0.3743589743589743,0.2717948717948718,0.45899999999999996,0.369,0.7559999999999999,0.5256410256410257,0.5633931843165995,9,0,P00050,P00050-2023
2022-23,2023,anthony gill,0.22727272727272727,0.5,0.5379999999999999,0.138,0.731,0.5681818181818181,0.6147540983606556,0,0,P00051,P00051-2023
2022-23,2023,anthony lamb,0.6274509803921569,0.19607843137254902,0.47100000000000003,0.36700000000000005,0.767,0.588235294117647,0.6046931407942239,0,0,P00052,P00052-2023
2022-23,2023,austin reaves,0.44155844155844154,0.5324675324675324,0.529,0.39799999999999996,0.8640000000000001,0.6038961038961039,0.6839225589225589,1,0,P00061,P00061-2023
2022-23,2023,austin rivers,0.6,0.2,0.435,0.35,0.769,0.55,0.5629595588235294,0,0,P00062,P00062-2023
2022-23,2023,ayo dosunmu,0.3380281690140845,0.14084507042253522,0.493,0.312,0.805,0.5422535211267606,0.5702917771883289,0,0,P00064,P00064-2023
2022-23,2023,bam adebayo,0.013422818791946308,0.3624161073825503,0.54,0.083,0.8059999999999999,0.5369127516778524,0.59041444778884,31,0,P00066,P00066-2023
2022-23,2023,ben simmons,0.0,0.25,0.5660000000000001,0.0,0.439,0.5714285714285715,0.5550193050193051,4,1,P00071,P00071-2023
2022-23,2023,bennedict mathurin,0.3278688524590164,0.4754098360655738,0.434,0.32299999999999995,0.828,0.48770491803278687,0.566024945770065,0,0,P00072,P00072-2023
2022-23,2023,bismack biyombo,0.0,0.3235294117647059,0.578,0.0,0.35700000000000004,0.5882352941176471,0.5535530381050463,3,0,P00075,P00075-2023
2022-23,2023,blake griffin,0.5,0.25,0.485,0.348,0.6559999999999999,0.5624999999999999,0.5771396396396395,0,0,P00076,P00076-2023
2022-23,2023,blake wesley,0.24137931034482757,0.20689655172413793,0.321,0.385,0.591,0.3706896551724138,0.3950695322376738,0,0,P00078,P00078-2023
2022-23,2023,boban marjanovic,0.0,0.4736842105263158,0.6829999999999999,0.0,0.741,0.6842105263157896,0.7186411149825783,0,0,P00079,P00079-2023
2022-23,2023,bobby portis,0.3217391304347826,0.1565217391304348,0.496,0.37,0.768,0.5565217391304348,0.5735437683045883,38,0,P00080,P00080-2023
2022-23,2023,bogdan bogdanovic,0.5929203539823008,0.1238938053097345,0.447,0.406,0.831,0.570796460176991,0.5874454514937898,0,0,P00082,P00082-2023
2022-23,2023,bojan bogdanovic,0.40268456375838924,0.3422818791946308,0.488,0.41100000000000003,0.884,0.5738255033557047,0.6299580027998134,0,0,P00083,P00083-2023
2022-23,2023,bol bol,0.23529411764705882,0.22058823529411764,0.546,0.265,0.759,0.5735294117647058,0.6099195710455764,6,0,P00084,P00084-2023
2022-23,2023,bones hyland,0.5490196078431373,0.17647058823529413,0.39899999999999997,0.371,0.843,0.5049019607843137,0.5367540029112083,1,0,P00085,P00085-2023
2022-23,2023,bradley beal,0.25,0.2613636363636363,0.506,0.365,0.8420000000000001,0.5511363636363635,0.591112922951488,2,0,P00087,P00087-2023
2022-23,2023,brandon boston,0.2363636363636364,0.3090909090909091,0.418,0.414,0.763,0.46363636363636357,0.5201664532650448,0,0,P00090,P00090-2023
2022-23,2023,brandon clarke,0.01612903225806452,0.40322580645161293,0.6559999999999999,0.16699999999999998,0.7190000000000001,0.6612903225806451,0.684931506849315,6,0,P00091,P00091-2023
2022-23,2023,brandon ingram,0.19354838709677416,0.32258064516129026,0.484,0.39,0.882,0.521505376344086,0.5814500941619585,6,2,P00093,P00093-2023
2022-23,2023,braxton key,0.0,2.333333333333333,1.0,0.0,1.0,1.0,1.0690789473684212,0,0,P00097,P00097-2023
2022-23,2023,brook lopez,0.40869565217391307,0.20869565217391303,0.531,0.374,0.784,0.6043478260869565,0.6331634278432623,11,0,P00101,P00101-2023
2022-23,2023,bruce brown,0.34408602150537637,0.20430107526881722,0.483,0.358,0.758,0.543010752688172,0.5672849250197316,3,1,P00103,P00103-2023
2022-23,2023,bruno fernando,0.03448275862068966,0.4482758620689656,0.527,0.0,0.7,0.5172413793103449,0.5616359447004609,1,0,P00104,P00104-2023
2022-23,2023,bryce mcgowens,0.38636363636363635,0.38636363636363635,0.396,0.325,0.75,0.45454545454545453,0.5147630147630148,0,0,P00105,P00105-2023
2022-23,2023,bryn forbes,0.5454545454545454,0.18181818181818182,0.361,0.304,1.0,0.45454545454545453,0.5050505050505051,0,0,P00106,P00106-2023
2022-23,2023,buddy boeheim,0.9259259259259259,0.07407407407407407,0.185,0.16,1.0,0.25925925925925924,0.28694404591104733,0,0,P00108,P00108-2023
2022-23,2023,buddy hield,0.6538461538461539,0.12307692307692308,0.45799999999999996,0.425,0.8220000000000001,0.5923076923076923,0.6129597197898424,3,0,P00109,P00109-2023
2022-23,2023,cj mccollum,0.4022346368715084,0.1787709497206704,0.43700000000000006,0.389,0.769,0.5139664804469274,0.5412264346384918,6,0,P00112,P00112-2023
2022-23,2023,cade cunningham,0.27272727272727276,0.19251336898395724,0.415,0.27899999999999997,0.8370000000000001,0.4545454545454546,0.49053441135870635,3,0,P00113,P00113-2023
2022-23,2023,caleb houstan,0.7500000000000001,0.11111111111111113,0.363,0.33799999999999997,0.833,0.4861111111111111,0.5031779661016949,0,0,P00114,P00114-2023
2022-23,2023,caleb martin,0.4285714285714285,0.20779220779220778,0.46299999999999997,0.35600000000000004,0.805,0.5454545454545454,0.5711565920990004,2,0,P00116,P00116-2023
2022-23,2023,cam reddish,0.46153846153846156,0.24358974358974358,0.446,0.313,0.853,0.5192307692307693,0.5616025937934229,0,0,P00119,P00119-2023
2022-23,2023,cam thomas,0.2875,0.3875,0.441,0.38299999999999995,0.868,0.49375,0.5659974369927381,0,0,P00121,P00121-2023
2022-23,2023,cameron johnson,0.5398230088495575,0.2566371681415929,0.47,0.40399999999999997,0.8420000000000001,0.5796460176991151,0.6162531806615776,1,0,P00123,P00123-2023
2022-23,2023,cameron payne,0.41489361702127653,0.13829787234042554,0.415,0.368,0.7659999999999999,0.4893617021276595,0.5164460489370236,3,0,P00125,P00125-2023
2022-23,2023,caris levert,0.44000000000000006,0.24,0.431,0.392,0.722,0.5149999999999999,0.5472141823444283,1,0,P00126,P00126-2023
2022-23,2023,carlik jones,0.42857142857142855,0.5238095238095238,0.4,0.5,0.625,0.5238095238095238,0.5611455108359134,0,0,P00127,P00127-2023
2022-23,2023,cedi osman,0.5942028985507245,0.20289855072463764,0.451,0.37200000000000005,0.6940000000000001,0.5579710144927537,0.5787653006918573,1,0,P00134,P00134-2023
2022-23,2023,chance comanche,0.0,0.8,0.6,0.0,0.25,0.6,0.5177514792899408,0,0,P00136,P00136-2023
2022-23,2023,charles bassey,0.05128205128205128,0.28205128205128205,0.644,0.375,0.595,0.6538461538461539,0.6500912408759124,0,0,P00139,P00139-2023
2022-23,2023,chima moneke,0.0,1.0,0.5,0.0,0.0,0.5,0.3472222222222222,0,0,P00145,P00145-2023
2022-23,2023,chimezie metu,0.18181818181818185,0.3333333333333334,0.589,0.237,0.74,0.6212121212121213,0.6474630021141651,0,0,P00146,P00146-2023
2022-23,2023,chris boucher,0.35714285714285715,0.31428571428571433,0.493,0.32799999999999996,0.762,0.5428571428571428,0.589859437751004,9,0,P00147,P00147-2023
2022-23,2023,chris duarte,0.5277777777777778,0.22222222222222227,0.369,0.316,0.847,0.45833333333333337,0.49974696356275305,0,0,P00149,P00149-2023
2022-23,2023,chris paul,0.3893805309734513,0.23893805309734514,0.44,0.375,0.831,0.5176991150442477,0.5565342729019859,17,0,P00152,P00152-2023
2022-23,2023,chris silva,0.0,0.0,1.0,0.0,0.0,1.0,1.0,0,0,P00153,P00153-2023
2022-23,2023,christian braun,0.3421052631578947,0.2105263157894737,0.495,0.354,0.625,0.5526315789473684,0.5659922928709056,0,0,P00155,P00155-2023
2022-23,2023,christian koloko,0.07692307692307693,0.3846153846153846,0.48,0.083,0.627,0.46153846153846145,0.5098684210526315,0,0,P00156,P00156-2023
2022-23,2023,christian wood,0.3652173913043479,0.3652173913043479,0.515,0.376,0.772,0.582608695652174,0.6218160023973629,12,0,P00157,P00157-2023
2022-23,2023,chuma okeke,0.7111111111111111,0.17777777777777778,0.35200000000000004,0.302,0.762,0.4666666666666667,0.48433635614179726,0,0,P00158,P00158-2023
2022-23,2023,clint capela,0.0,0.24390243902439024,0.653,0.0,0.603,0.6585365853658537,0.6607929515418501,35,0,P00159,P00159-2023
2022-23,2023,coby white,0.575,0.11250000000000002,0.44299999999999995,0.37200000000000005,0.871,0.55625,0.5776560266793711,1,0,P00160,P00160-2023
2022-23,2023,cody martin,0.3921568627450981,0.19607843137254904,0.389,0.214,0.5710000000000001,0.4313725490196079,0.45126353790613727,0,0,P00161,P00161-2023
2022-23,2023,cody zeller,0.02564102564102564,0.5897435897435898,0.627,0.0,0.6859999999999999,0.6410256410256411,0.661644951140065,0,0,P00163,P00163-2023
2022-23,2023,cole anthony,0.3333333333333333,0.27450980392156865,0.45399999999999996,0.364,0.894,0.5147058823529411,0.5685794261721484,1,0,P00165,P00165-2023
2022-23,2023,cole swider,0.8461538461538463,0.0,0.33299999999999996,0.375,0.0,0.46153846153846156,0.5,0,0,P00166,P00166-2023
2022-23,2023,collin sexton,0.25510204081632654,0.4183673469387754,0.506,0.39299999999999996,0.8190000000000001,0.5510204081632654,0.6161668390210272,1,0,P00170,P00170-2023
2022-23,2023,corey kispert,0.6582278481012658,0.15189873417721517,0.49700000000000005,0.424,0.852,0.6329113924050632,0.6585192216421452,0,0,P00172,P00172-2023
2022-23,2023,cory joseph,0.5087719298245613,0.21052631578947364,0.42700000000000005,0.389,0.792,0.5175438596491226,0.5539499036608863,0,0,P00174,P00174-2023
2022-23,2023,d angelo russell,0.5149253731343284,0.22388059701492538,0.469,0.396,0.8290000000000001,0.5708955223880597,0.6046195652173914,9,0,P00178,P00178-2023
2022-23,2023,daishen nix,0.5952380952380952,0.14285714285714285,0.342,0.28600000000000003,0.667,0.41666666666666663,0.44802867383512546,0,0,P00186,P00186-2023
2022-23,2023,dalano banton,0.38095238095238093,0.19047619047619047,0.423,0.294,0.708,0.4880952380952381,0.5052724077328645,0,0,P00188,P00188-2023
2022-23,2023,dalen terry,0.3684210526315789,0.3157894736842105,0.444,0.259,0.667,0.4736842105263158,0.5083179297597044,0,0,P00189,P00189-2023
2022-23,2023,damian jones,0.1904761904761905,0.3333333333333333,0.64,0.588,0.759,0.6666666666666666,0.7267441860465116,1,0,P00191,P00191-2023
2022-23,2023,damian lillard,0.5458937198067634,0.463768115942029,0.46299999999999997,0.371,0.914,0.5652173913043478,0.6459637297384049,16,2,P00192,P00192-2023
2022-23,2023,damion lee,0.5409836065573771,0.22950819672131148,0.442,0.445,0.904,0.5655737704918034,0.6104824300178677,0,0,P00194,P00194-2023
2022-23,2023,daniel gafford,0.0,0.4705882352941177,0.732,0.0,0.679,0.7254901960784315,0.7309941520467838,10,0,P00196,P00196-2023
2022-23,2023,daniel theis,0.253968253968254,0.2698412698412698,0.47700000000000004,0.182,0.41700000000000004,0.5,0.49659477866061297,0,0,P00198,P00198-2023
2022-23,2023,danny green,0.7555555555555555,0.022222222222222223,0.449,0.43200000000000005,1.0,0.6111111111111112,0.605193661971831,0,0,P00201,P00201-2023
2022-23,2023,danuel house jr,0.5714285714285714,0.31428571428571433,0.47200000000000003,0.336,0.75,0.5857142857142857,0.6024096385542168,0,0,P00204,P00204-2023
2022-23,2023,dario saric,0.40816326530612246,0.2653061224489796,0.45799999999999996,0.391,0.8290000000000001,0.5306122448979592,0.584795321637427,2,0,P00205,P00205-2023
2022-23,2023,darius bazley,0.27906976744186046,0.37209302325581395,0.45399999999999996,0.377,0.5429999999999999,0.5,0.5195843325339728,0,0,P00207,P00207-2023
2022-23,2023,darius days,0.8333333333333334,0.16666666666666666,0.41700000000000004,0.3,1.0,0.5666666666666668,0.5900621118012421,0,0,P00208,P00208-2023
2022-23,2023,darius garland,0.3658536585365854,0.28658536585365857,0.462,0.41,0.863,0.5365853658536586,0.584795321637427,18,0,P00209,P00209-2023
2022-23,2023,david duke jr,0.14705882352941177,0.20588235294117643,0.462,0.083,0.706,0.4705882352941177,0.49892125134843585,0,0,P00211,P00211-2023
2022-23,2023,david roddy,0.5,0.15,0.429,0.307,0.631,0.5083333333333333,0.5237648530331457,0,0,P00214,P00214-2023
2022-23,2023,davion mitchell,0.5,0.08,0.45399999999999996,0.32,0.8059999999999999,0.54,0.5409582689335395,0,0,P00215,P00215-2023
2022-23,2023,davis bertans,0.8611111111111112,0.08333333333333333,0.431,0.39,0.867,0.5833333333333334,0.6162915326902464,0,0,P00216,P00216-2023
2022-23,2023,davon reed,0.55,0.3,0.33299999999999996,0.37,0.667,0.44999999999999996,0.46378091872791516,0,0,P00217,P00217-2023
2022-23,2023,day ron sharpe,0.05555555555555556,0.3055555555555556,0.544,0.545,0.636,0.5416666666666666,0.5754162585700294,2,0,P00218,P00218-2023
2022-23,2023,de aaron fox,0.27472527472527475,0.3296703296703297,0.512,0.324,0.78,0.5549450549450551,0.5998080614203455,11,0,P00219,P00219-2023
2022-23,2023,de andre hunter,0.3495934959349593,0.2520325203252033,0.461,0.35,0.826,0.524390243902439,0.5635245901639344,1,0,P00220,P00220-2023
2022-23,2023,de anthony melton,0.611764705882353,0.12941176470588237,0.425,0.39,0.7929999999999999,0.5411764705882353,0.5621104185218165,0,0,P00221,P00221-2023
2022-23,2023,deandre jordan,0.0,0.41379310344827586,0.765,1.0,0.45799999999999996,0.793103448275862,0.7438739789964993,2,0,P00222,P00222-2023
2022-23,2023,demar derozan,0.10795454545454544,0.4034090909090909,0.504,0.324,0.872,0.5227272727272727,0.5911021038409573,6,0,P00225,P00225-2023
2022-23,2023,dean wade,0.725,0.125,0.41200000000000003,0.354,0.652,0.5499999999999999,0.556872037914692,0,0,P00227,P00227-2023
2022-23,2023,deandre ayton,0.030303030303030304,0.22727272727272727,0.588,0.292,0.76,0.5946969696969697,0.6198347107438017,36,0,P00228,P00228-2023
2022-23,2023,dejounte murray,0.29213483146067415,0.14606741573033707,0.46399999999999997,0.344,0.8320000000000001,0.5168539325842697,0.5410684121621622,8,1,P00230,P00230-2023
2022-23,2023,delon wright,0.41379310344827586,0.20689655172413793,0.474,0.345,0.867,0.5517241379310345,0.5847029077117573,0,0,P00231,P00231-2023
2022-23,2023,deni avdija,0.40789473684210525,0.2894736842105263,0.43700000000000006,0.297,0.7390000000000001,0.4934210526315789,0.5368814192343604,11,0,P00232,P00232-2023
2022-23,2023,dennis schroder,0.3469387755102041,0.38775510204081626,0.415,0.32899999999999996,0.857,0.47448979591836726,0.549163179916318,2,0,P00233,P00233-2023
2022-23,2023,dennis smith jr,0.25,0.23809523809523808,0.41200000000000003,0.21600000000000003,0.736,0.42857142857142855,0.4741379310344828,1,0,P00234,P00234-2023
2022-23,2023,dereon seabron,0.0,0.0,0.4,0.0,0.0,0.4,0.4,0,0,P00237,P00237-2023
2022-23,2023,derrick jones jr,0.3611111111111111,0.3611111111111111,0.5,0.33799999999999997,0.738,0.5555555555555556,0.5992329817833173,0,0,P00240,P00240-2023
2022-23,2023,derrick rose,0.38983050847457623,0.06779661016949153,0.384,0.302,0.917,0.4491525423728813,0.4608294930875575,0,0,P00241,P00241-2023
2022-23,2023,derrick white,0.5217391304347826,0.25,0.462,0.381,0.875,0.5652173913043478,0.6071288679984332,7,0,P00243,P00243-2023
2022-23,2023,desmond bane,0.4320987654320988,0.2160493827160494,0.479,0.408,0.883,0.5709876543209877,0.6059751972942504,1,0,P00244,P00244-2023
2022-23,2023,devin booker,0.29850746268656714,0.3383084577114427,0.494,0.35100000000000003,0.855,0.544776119402985,0.6019400658236618,5,0,P00245,P00245-2023
2022-23,2023,devin vassell,0.4458598726114649,0.16560509554140126,0.439,0.387,0.78,0.5254777070063694,0.5491569698408929,0,0,P00248,P00248-2023
2022-23,2023,devon dotson,0.4117647058823529,0.0,0.1,0.25,0.0,0.17647058823529416,0.14705882352941177,0,0,P00249,P00249-2023
2022-23,2023,devonte graham,0.7796610169491524,0.30508474576271183,0.374,0.35200000000000004,0.748,0.5084745762711864,0.552898983861327,0,0,P00251,P00251-2023
2022-23,2023,dewayne dedmon,0.25,0.325,0.51,0.308,0.6729999999999999,0.5375,0.5686789151356081,0,0,P00252,P00252-2023
2022-23,2023,dillon brooks,0.44117647058823534,0.15441176470588236,0.396,0.326,0.779,0.4705882352941177,0.4922886257229414,0,0,P00255,P00255-2023
2022-23,2023,domantas sabonis,0.09243697478991597,0.4621848739495798,0.615,0.373,0.742,0.630252100840336,0.6668994413407822,65,14,P00257,P00257-2023
2022-23,2023,dominick barlow,0.03225806451612904,0.2903225806451613,0.535,0.0,0.72,0.5161290322580646,0.5577803203661328,2,0,P00258,P00258-2023
2022-23,2023,donovan mitchell,0.45145631067961167,0.2621359223300971,0.484,0.386,0.867,0.5728155339805824,0.6158600278551531,5,0,P00260,P00260-2023
2022-23,2023,donovan williams,0.4,0.0,0.4,0.0,0.0,0.4,0.4,0,0,P00261,P00261-2023
2022-23,2023,donte divincenzo,0.7066666666666666,0.13333333333333333,0.435,0.397,0.8170000000000001,0.58,0.5919395465994963,4,0,P00262,P00262-2023
2022-23,2023,dorian finney smith,0.6710526315789473,0.11842105263157895,0.391,0.337,0.763,0.5065789473684211,0.5190095047523763,2,0,P00263,P00263-2023
2022-23,2023,doug mcdermott,0.5731707317073171,0.13414634146341467,0.457,0.413,0.757,0.5670731707317074,0.5872869645324735,0,0,P00264,P00264-2023
2022-23,2023,draymond green,0.27692307692307694,0.23076923076923078,0.527,0.305,0.713,0.5615384615384615,0.5935754189944135,11,0,P00266,P00266-2023
2022-23,2023,drew eubanks,0.04651162790697675,0.372093023255814,0.6409999999999999,0.389,0.664,0.6395348837209304,0.65947242206235,3,0,P00267,P00267-2023
2022-23,2023,dru smith,0.43333333333333335,0.06666666666666667,0.4,0.263,1.0,0.45,0.469559585492228,0,0,P00270,P00270-2023
2022-23,2023,duane washington jr,0.43373493975903615,0.0963855421686747,0.36700000000000005,0.36,0.667,0.43975903614457834,0.4565418400369857,0,0,P00271,P00271-2023
2022-23,2023,duncan robinson,0.8214285714285714,0.14285714285714288,0.371,0.32799999999999996,0.9059999999999999,0.5089285714285715,0.5376344086021506,0,0,P00272,P00272-2023
2022-23,2023,dwight powell,0.028571428571428574,0.6285714285714287,0.732,0.0,0.667,0.7428571428571429,0.7497761862130707,1,0,P00275,P00275-2023
2022-23,2023,dylan windler,0.6999999999999998,0.0,0.667,0.5,0.0,0.85,0.85,0,0,P00278,P00278-2023
2022-23,2023,dyson daniels,0.42857142857142855,0.19999999999999998,0.418,0.314,0.65,0.5,0.4989495798319328,0,0,P00279,P00279-2023
2022-23,2023,edmond sumner,0.31372549019607854,0.3921568627450981,0.461,0.35600000000000004,0.917,0.5098039215686275,0.5936454849498328,0,0,P00282,P00282-2023
2022-23,2023,eric gordon,0.5473684210526316,0.2631578947368421,0.446,0.371,0.821,0.5421052631578948,0.5849056603773585,0,0,P00293,P00293-2023
2022-23,2023,eugene omoruyi,0.38596491228070173,0.3333333333333333,0.44299999999999995,0.281,0.68,0.49122807017543857,0.5354957160342717,0,0,P00296,P00296-2023
2022-23,2023,evan fournier,0.6885245901639345,0.13114754098360656,0.337,0.307,0.857,0.4508196721311476,0.4727216367017979,0,0,P00297,P00297-2023
2022-23,2023,evan mobley,0.10833333333333334,0.31666666666666665,0.5539999999999999,0.21600000000000003,0.674,0.5625,0.5924517261556466,24,0,P00298,P00298-2023
2022-23,2023,facundo campazzo,0.8749999999999999,0.18749999999999997,0.231,0.273,0.5,0.37500000000000006,0.37528868360277134,0,0,P00299,P00299-2023
2022-23,2023,frank kaminsky,0.5,0.22222222222222224,0.49200000000000005,0.39399999999999996,0.875,0.6111111111111112,0.6325910931174089,0,0,P00302,P00302-2023
2022-23,2023,frank ntilikina,0.5,0.25,0.364,0.254,0.667,0.4285714285714286,0.4665379665379665,0,0,P00303,P00303-2023
2022-23,2023,franz wagner,0.32142857142857145,0.2857142857142857,0.485,0.361,0.8420000000000001,0.5428571428571428,0.5901015228426396,2,0,P00304,P00304-2023
2022-23,2023,fred vanvleet,0.546583850931677,0.2546583850931677,0.39299999999999996,0.342,0.898,0.484472049689441,0.5389857015192137,10,1,P00305,P00305-2023
2022-23,2023,furkan korkmaz,0.39999999999999997,0.3333333333333333,0.43200000000000005,0.391,0.722,0.5166666666666667,0.5523255813953488,0,0,P00307,P00307-2023
2022-23,2023,gabe vincent,0.6144578313253011,0.13253012048192772,0.402,0.33399999999999996,0.872,0.5120481927710843,0.535063752276867,0,0,P00309,P00309-2023
2022-23,2023,gabe york,0.8571428571428571,0.09999999999999998,0.381,0.33299999999999996,1.0,0.5285714285714287,0.5473453749315819,0,0,P00310,P00310-2023
2022-23,2023,garrett temple,0.5555555555555556,0.1111111111111111,0.4,0.423,0.75,0.5,0.5296610169491525,0,0,P00313,P00313-2023
2022-23,2023,garrison mathews,0.8918918918918918,0.27027027027027023,0.363,0.35,0.9059999999999999,0.5405405405405405,0.5797101449275363,0,0,P00314,P00314-2023
2022-23,2023,gary harris,0.7031249999999999,0.09374999999999997,0.45,0.431,0.9,0.6093749999999999,0.6227490996398558,0,0,P00316,P00316-2023
2022-23,2023,gary payton ii,0.3870967741935484,0.0967741935483871,0.594,0.5,0.857,0.7096774193548386,0.7116336633663366,0,0,P00317,P00317-2023
2022-23,2023,gary trent jr,0.47887323943661975,0.2183098591549296,0.433,0.369,0.8390000000000001,0.5176056338028169,0.5589822667694679,0,0,P00318,P00318-2023
2022-23,2023,george hill,0.5833333333333334,0.3333333333333333,0.47,0.358,0.764,0.5694444444444444,0.6056201550387598,0,0,P00319,P00319-2023
2022-23,2023,georges niang,0.765625,0.09374999999999999,0.442,0.401,0.867,0.5937499999999999,0.6152460984393756,0,0,P00321,P00321-2023
2022-23,2023,giannis antetokounmpo,0.1330049261083744,0.6059113300492611,0.5529999999999999,0.275,0.645,0.5689655172413791,0.6047759800871189,46,6,P00323,P00323-2023
2022-23,2023,goga bitadze,0.21212121212121213,0.33333333333333337,0.552,0.231,0.5479999999999999,0.5757575757575758,0.5813953488372093,2,0,P00324,P00324-2023
2022-23,2023,goran dragic,0.4310344827586207,0.13793103448275865,0.42100000000000004,0.359,0.6890000000000001,0.49137931034482757,0.5120286085825748,0,0,P00325,P00325-2023
2022-23,2023,gordon hayward,0.27586206896551724,0.27586206896551724,0.475,0.325,0.8109999999999999,0.5172413793103449,0.5650369003690037,2,0,P00326,P00326-2023
2022-23,2023,gorgui dieng,0.631578947368421,0.10526315789473685,0.385,0.28,0.769,0.4868421052631579,0.49044265593561365,2,0,P00327,P00327-2023
2022-23,2023,grant williams,0.6166666666666667,0.25,0.45399999999999996,0.395,0.77,0.5750000000000001,0.6081081081081081,3,0,P00330,P00330-2023
2022-23,2023,grayson allen,0.6623376623376623,0.23376623376623376,0.44,0.39899999999999997,0.905,0.5714285714285714,0.612341026848799,0,0,P00331,P00331-2023
2022-23,2023,greg brown iii,0.22222222222222224,0.4444444444444445,0.39299999999999996,0.14300000000000002,0.41700000000000004,0.41666666666666663,0.4182156133828996,0,0,P00332,P00332-2023
2022-23,2023,hamidou diallo,0.05970149253731344,0.3880597014925373,0.573,0.23800000000000002,0.588,0.5746268656716418,0.5928097909229986,0,0,P00336,P00336-2023
2022-23,2023,harrison barnes,0.4479166666666667,0.5208333333333334,0.473,0.374,0.847,0.5625000000000001,0.6355932203389831,0,0,P00337,P00337-2023
2022-23,2023,haywood highsmith,0.5,0.125,0.431,0.33899999999999997,0.46399999999999997,0.5125,0.5213270142180095,2,0,P00343,P00343-2023
2022-23,2023,herbert jones,0.32894736842105265,0.31578947368421056,0.469,0.335,0.764,0.5263157894736843,0.5660813308687617,0,0,P00345,P00345-2023
2022-23,2023,immanuel quickley,0.48275862068965514,0.2672413793103448,0.44799999999999995,0.37,0.8190000000000001,0.5387931034482758,0.5746683122493058,4,0,P00352,P00352-2023
2022-23,2023,isaac okoro,0.48936170212765956,0.2978723404255319,0.494,0.363,0.757,0.5744680851063829,0.6019563581640333,0,0,P00355,P00355-2023
2022-23,2023,isaiah hartenstein,0.125,0.22499999999999998,0.535,0.21600000000000003,0.6759999999999999,0.5375000000000001,0.5686988171064604,2,0,P00358,P00358-2023
2022-23,2023,isaiah jackson,0.04000000000000001,0.4599999999999999,0.563,0.14300000000000002,0.6509999999999999,0.5599999999999999,0.5988023952095809,5,0,P00359,P00359-2023
2022-23,2023,isaiah joe,0.7714285714285715,0.19999999999999998,0.441,0.409,0.82,0.6000000000000001,0.623686974789916,0,0,P00360,P00360-2023
2022-23,2023,isaiah livers,0.709090909090909,0.14545454545454545,0.41700000000000004,0.365,0.821,0.5454545454545454,0.5724538619275462,1,0,P00361,P00361-2023
2022-23,2023,isaiah mobley,0.3043478260869565,0.13043478260869565,0.429,0.375,1.0,0.5000000000000001,0.5345394736842106,0,0,P00362,P00362-2023
2022-23,2023,isaiah roby,0.37837837837837834,0.2702702702702703,0.43200000000000005,0.3,0.488,0.4864864864864865,0.49516908212560384,0,0,P00363,P00363-2023
2022-23,2023,isaiah stewart,0.4659090909090908,0.3409090909090909,0.442,0.327,0.738,0.5170454545454545,0.5583003952569169,13,0,P00365,P00365-2023
2022-23,2023,isaiah todd,0.5312499999999999,0.09374999999999997,0.158,0.1,1.0,0.18749999999999997,0.22509003601440572,0,0,P00367,P00367-2023
2022-23,2023,ish smith,0.1,0.03333333333333333,0.397,0.16699999999999998,0.5,0.4,0.4106438896189225,0,0,P00369,P00369-2023
2022-23,2023,ish wainright,0.7631578947368421,0.13157894736842105,0.37,0.32899999999999996,0.8390000000000001,0.5,0.5223880597014926,0,0,P00370,P00370-2023
2022-23,2023,ivica zubac,0.0,0.4558823529411765,0.634,0.0,0.6970000000000001,0.6323529411764707,0.661440470357668,27,0,P00371,P00371-2023
2022-23,2023,jd davison,0.3749999999999999,0.125,0.42100000000000004,0.28600000000000003,0.5,0.49999999999999983,0.47393364928909953,0,0,P00373,P00373-2023
2022-23,2023,jt thor,0.5294117647058824,0.20588235294117646,0.39899999999999997,0.317,0.7020000000000001,0.5,0.5124056094929881,0,0,P00374,P00374-2023
2022-23,2023,ja morant,0.24623115577889454,0.407035175879397,0.466,0.307,0.748,0.5050251256281408,0.5583020797817935,20,7,P00375,P00375-2023
2022-23,2023,jamychal green,0.43181818181818177,0.2727272727272727,0.54,0.37799999999999995,0.7759999999999999,0.6249999999999999,0.6493506493506493,0,0,P00377,P00377-2023
2022-23,2023,javale mcgee,0.03333333333333333,0.3333333333333333,0.64,0.4,0.585,0.6333333333333333,0.6395348837209304,0,0,P00378,P00378-2023
2022-23,2023,jabari smith jr,0.4336283185840708,0.23008849557522124,0.408,0.307,0.7859999999999999,0.4734513274336283,0.5143040822886532,16,0,P00380,P00380-2023
2022-23,2023,jabari walker,0.2857142857142857,0.2285714285714286,0.419,0.28600000000000003,0.7559999999999999,0.4714285714285715,0.5062305295950156,0,0,P00381,P00381-2023
2022-23,2023,jack white,0.4545454545454545,0.18181818181818182,0.42100000000000004,0.33299999999999996,0.667,0.5454545454545453,0.505050505050505,0,0,P00383,P00383-2023
2022-23,2023,jacob gilyard,1.0,0.0,0.33299999999999996,0.33299999999999996,0.0,0.5,0.5,0,0,P00385,P00385-2023
2022-23,2023,jaden hardy,0.47826086956521724,0.2318840579710145,0.43799999999999994,0.40399999999999997,0.823,0.5289855072463767,0.578642819568648,0,0,P00387,P00387-2023
2022-23,2023,jaden ivey,0.3533834586466165,0.3609022556390977,0.41600000000000004,0.34299999999999997,0.747,0.47368421052631576,0.52880872047755,8,0,P00388,P00388-2023
2022-23,2023,jaden mcdaniels,0.3736263736263736,0.19780219780219782,0.517,0.39799999999999996,0.736,0.5934065934065934,0.6116053376465831,0,0,P00389,P00389-2023
2022-23,2023,jaden springer,0.13636363636363635,0.22727272727272727,0.486,0.4,0.75,0.5227272727272727,0.5371900826446281,0,0,P00390,P00390-2023
2022-23,2023,jae crowder,0.5961538461538461,0.1346153846153846,0.479,0.436,0.833,0.6057692307692307,0.6263616557734205,0,0,P00391,P00391-2023
2022-23,2023,jae sean tate,0.2027027027027027,0.2972972972972973,0.48,0.28300000000000003,0.725,0.5,0.5437380497131931,0,0,P00392,P00392-2023
2022-23,2023,jake laravia,0.7407407407407407,0.1111111111111111,0.389,0.33799999999999997,0.778,0.5370370370370371,0.5296610169491525,0,0,P00398,P00398-2023
2022-23,2023,jakob poeltl,0.0,0.32558139534883723,0.629,0.0,0.5920000000000001,0.6279069767441862,0.635679414157852,19,0,P00400,P00400-2023
2022-23,2023,jalen brunson,0.26704545454545453,0.3295454545454545,0.491,0.41600000000000004,0.8290000000000001,0.5454545454545453,0.595474394601032,5,0,P00402,P00402-2023
2022-23,2023,jalen duren,0.0,0.38983050847457623,0.648,0.0,0.611,0.6610169491525424,0.6582754629629628,19,0,P00403,P00403-2023
2022-23,2023,jalen green,0.40782122905027934,0.34078212290502796,0.41600000000000004,0.33799999999999997,0.7859999999999999,0.48324022346368717,0.5368247182277498,0,0,P00404,P00404-2023
2022-23,2023,jalen johnson,0.32608695652173914,0.2391304347826087,0.491,0.28800000000000003,0.628,0.5434782608695652,0.5507474429583006,1,0,P00406,P00406-2023
2022-23,2023,jalen mcdaniels,0.37662337662337664,0.22077922077922077,0.455,0.332,0.841,0.5194805194805194,0.5563446969696969,3,0,P00407,P00407-2023
2022-23,2023,jalen smith,0.3733333333333333,0.26666666666666666,0.47600000000000003,0.28300000000000003,0.759,0.5333333333333333,0.5608591885441527,7,0,P00410,P00410-2023
2022-23,2023,jalen suggs,0.4523809523809523,0.2619047619047619,0.419,0.327,0.723,0.4880952380952381,0.5283945345858241,0,0,P00411,P00411-2023
2022-23,2023,jalen williams,0.25471698113207547,0.2358490566037736,0.521,0.35600000000000004,0.812,0.5660377358490566,0.6025641025641025,3,0,P00412,P00412-2023
2022-23,2023,jamal cain,0.29729729729729726,0.32432432432432423,0.561,0.35,0.773,0.6216216216216216,0.6385998107852412,0,0,P00414,P00414-2023
2022-23,2023,jamal murray,0.4125,0.20625,0.45399999999999996,0.39799999999999996,0.833,0.5375,0.5730002292000916,5,1,P00415,P00415-2023
2022-23,2023,jamaree bouyea,0.42857142857142855,0.14285714285714285,0.429,0.33299999999999996,0.5,0.5,0.5040322580645161,0,0,P00417,P00417-2023
2022-23,2023,james bouknight,0.5614035087719299,0.15789473684210525,0.358,0.303,0.667,0.43859649122807015,0.4593175853018372,0,0,P00418,P00418-2023
2022-23,2023,james harden,0.4965517241379311,0.42758620689655175,0.441,0.385,0.867,0.5379310344827587,0.6094729510099837,36,5,P00420,P00420-2023
2022-23,2023,james johnson,0.2962962962962963,0.14814814814814814,0.449,0.2,0.5,0.48148148148148145,0.48678720445062584,0,0,P00421,P00421-2023
2022-23,2023,james wiseman,0.05333333333333334,0.2933333333333334,0.5579999999999999,0.2,0.701,0.5666666666666667,0.5904581955597543,8,0,P00422,P00422-2023
2022-23,2023,jared butler,0.4339622641509434,0.0,0.469,0.5,0.0,0.5849056603773586,0.5849056603773586,0,0,P00427,P00427-2023
2022-23,2023,jared rhoden,0.45161290322580644,0.12903225806451615,0.386,0.25,1.0,0.4516129032258065,0.4884004884004885,0,0,P00430,P00430-2023
2022-23,2023,jaren jackson jr,0.34615384615384615,0.37692307692307697,0.506,0.355,0.7879999999999999,0.5692307692307691,0.6136183689627871,7,0,P00431,P00431-2023
2022-23,2023,jarred vanderbilt,0.20689655172413793,0.3103448275862069,0.5479999999999999,0.322,0.691,0.5862068965517243,0.5992111650485438,10,0,P00432,P00432-2023
2022-23,2023,jarrell brantley,0.6571428571428571,0.14285714285714285,0.5710000000000001,0.444,1.0,0.7142857142857143,0.739247311827957,0,0,P00433,P00433-2023
2022-23,2023,jarrett allen,0.010869565217391308,0.3586956521739131,0.644,0.1,0.733,0.6413043478260871,0.6712354487420205,32,0,P00434,P00434-2023
2022-23,2023,jarrett culver,0.27906976744186046,0.3023255813953488,0.395,0.083,0.6920000000000001,0.4069767441860465,0.451559934318555,0,0,P00435,P00435-2023
2022-23,2023,jason preston,0.44827586206896547,0.034482758620689655,0.439,0.278,0.0,0.5172413793103449,0.49252717391304346,0,0,P00438,P00438-2023
2022-23,2023,javonte green,0.3235294117647059,0.4117647058823529,0.565,0.371,0.667,0.6176470588235294,0.647410358565737,0,0,P00442,P00442-2023
2022-23,2023,jaxson hayes,0.18181818181818182,0.5454545454545455,0.551,0.10300000000000001,0.6990000000000001,0.5606060606060607,0.6109481915933529,0,0,P00444,P00444-2023
2022-23,2023,jay huff,0.47222222222222227,0.6388888888888888,0.6,0.5,0.938,0.7083333333333334,0.7914137033824805,0,0,P00445,P00445-2023
2022-23,2023,jay scrubb,0.2857142857142857,0.2857142857142857,0.7140000000000001,1.0,0.5,0.8571428571428571,0.8248730964467005,0,0,P00446,P00446-2023
2022-23,2023,jaylen brown,0.3543689320388349,0.24757281553398056,0.491,0.335,0.765,0.5485436893203882,0.5822097706181054,13,0,P00447,P00447-2023
2022-23,2023,jaylen nowell,0.375,0.15625,0.44799999999999995,0.289,0.778,0.5,0.5263157894736842,0,0,P00452,P00452-2023
2022-23,2023,jaylin williams,0.47916666666666663,0.2291666666666667,0.436,0.40700000000000003,0.7040000000000001,0.53125,0.5582891748675246,0,0,P00455,P00455-2023
2022-23,2023,jayson tatum,0.44075829383886256,0.3981042654028436,0.466,0.35,0.8540000000000001,0.5402843601895735,0.6069527343119858,31,1,P00458,P00458-2023
2022-23,2023,jeff dowtin jr,0.26086956521739135,0.1739130434782609,0.439,0.313,0.667,0.47826086956521746,0.4846526655896608,0,0,P00460,P00460-2023
2022-23,2023,jeff green,0.32203389830508466,0.3559322033898305,0.488,0.28800000000000003,0.7440000000000001,0.5338983050847457,0.5715123094958967,0,0,P00461,P00461-2023
2022-23,2023,jerami grant,0.3931034482758621,0.3724137931034483,0.475,0.401,0.813,0.5551724137931034,0.6073714150272576,2,0,P00463,P00463-2023
2022-23,2023,jeremiah robinson earl,0.44827586206896547,0.17241379310344826,0.444,0.33299999999999996,0.833,0.5258620689655172,0.5448717948717948,1,0,P00465,P00465-2023
2022-23,2023,jeremy sochan,0.24242424242424243,0.21212121212121215,0.45299999999999996,0.24600000000000002,0.698,0.48484848484848486,0.508130081300813,2,0,P00467,P00467-2023
2022-23,2023,jericho sims,0.0,0.14285714285714285,0.7759999999999999,0.0,0.75,0.7619047619047619,0.7616487455197132,2,0,P00468,P00468-2023
2022-23,2023,jevon carter,0.6,0.07142857142857142,0.423,0.42100000000000004,0.816,0.557142857142857,0.5540166204986149,1,0,P00472,P00472-2023
2022-23,2023,jimmy butler iii,0.11510791366906475,0.6258992805755395,0.539,0.35,0.85,0.5611510791366906,0.6458709386281587,11,0,P00473,P00473-2023
2022-23,2023,jock landale,0.24489795918367344,0.30612244897959184,0.528,0.25,0.752,0.5612244897959183,0.593525179856115,3,0,P00475,P00475-2023
2022-23,2023,joe harris,0.7627118644067796,0.06779661016949153,0.457,0.426,0.643,0.6186440677966102,0.6254114549045424,0,0,P00476,P00476-2023
2022-23,2023,joe ingles,0.8148148148148148,0.09259259259259259,0.435,0.409,0.857,0.5925925925925926,0.6138790035587189,1,0,P00477,P00477-2023
2022-23,2023,joe wieskamp,0.8125,0.0,0.214,0.25,0.0,0.28125,0.3125,0,0,P00479,P00479-2023
2022-23,2023,joel embiid,0.14925373134328357,0.5820895522388059,0.5479999999999999,0.33,0.857,0.572139303482587,0.655497465145754,39,1,P00481,P00481-2023
2022-23,2023,john butler jr,0.642857142857143,0.07142857142857144,0.321,0.22899999999999998,0.75,0.3928571428571429,0.4155124653739613,0,0,P00482,P00482-2023
2022-23,2023,john collins,0.34,0.25,0.508,0.292,0.8029999999999999,0.5599999999999999,0.5900900900900901,11,0,P00483,P00483-2023
2022-23,2023,john konchar,0.5681818181818181,0.11363636363636363,0.431,0.33899999999999997,0.778,0.5227272727272727,0.551948051948052,2,0,P00484,P00484-2023
2022-23,2023,john wall,0.32,0.32999999999999996,0.40700000000000003,0.303,0.6809999999999999,0.4599999999999999,0.49772965420887183,1,0,P00487,P00487-2023
2022-23,2023,johnny davis,0.40983606557377056,0.1639344262295082,0.386,0.243,0.519,0.44262295081967223,0.4434250764525995,0,0,P00489,P00489-2023
2022-23,2023,johnny juzang,0.6034482758620691,0.03448275862068966,0.337,0.23800000000000002,0.5,0.39655172413793105,0.4076086956521739,0,0,P00491,P00491-2023
2022-23,2023,jonas valanciunas,0.13592233009708737,0.27184466019417475,0.547,0.349,0.826,0.5679611650485437,0.6113423517169614,43,0,P00492,P00492-2023
2022-23,2023,jonathan isaac,0.29166666666666663,0.16666666666666669,0.415,0.4,0.556,0.46875,0.48524844720496896,0,0,P00493,P00493-2023
2022-23,2023,jonathan kuminga,0.2972972972972973,0.2837837837837838,0.525,0.37,0.652,0.5810810810810811,0.594666025949063,1,0,P00494,P00494-2023
2022-23,2023,jordan clarkson,0.44378698224852076,0.23668639053254442,0.444,0.33799999999999997,0.816,0.5177514792899409,0.557341907824223,3,0,P00497,P00497-2023
2022-23,2023,jordan goodwin,0.3333333333333333,0.19298245614035087,0.44799999999999995,0.322,0.768,0.4912280701754385,0.5336351875808538,0,0,P00499,P00499-2023
2022-23,2023,jordan hall,0.5483870967741935,0.3225806451612903,0.321,0.2,0.778,0.3709677419354838,0.4378531073446328,0,0,P00500,P00500-2023
2022-23,2023,jordan mclaughlin,0.5294117647058825,0.11764705882352941,0.42100000000000004,0.308,0.833,0.5,0.5173378076062639,0,0,P00502,P00502-2023
2022-23,2023,jordan nwora,0.47222222222222215,0.19444444444444442,0.436,0.408,0.7909999999999999,0.5277777777777778,0.5565506653019446,1,0,P00504,P00504-2023
2022-23,2023,jordan poole,0.5,0.3269230769230769,0.43,0.336,0.87,0.5128205128205128,0.5716207128446537,1,0,P00505,P00505-2023
2022-23,2023,jordan schakel,0.5,0.0,0.5,1.0,0.0,0.75,0.75,0,0,P00506,P00506-2023
2022-23,2023,jose alvarado,0.5,0.1625,0.41100000000000003,0.336,0.813,0.49999999999999994,0.5249650023331778,0,0,P00508,P00508-2023
2022-23,2023,josh christopher,0.27450980392156865,0.17647058823529413,0.465,0.23600000000000002,0.75,0.5,0.5276564774381368,0,0,P00509,P00509-2023
2022-23,2023,josh giddey,0.21088435374149658,0.1292517006802721,0.48200000000000004,0.325,0.731,0.5170068027210885,0.5342430484037075,28,4,P00510,P00510-2023
2022-23,2023,josh green,0.4375,0.25,0.537,0.402,0.723,0.6171875,0.6404842342342342,1,0,P00511,P00511-2023
2022-23,2023,josh hart,0.32352941176470595,0.3382352941176471,0.529,0.37200000000000005,0.75,0.5882352941176471,0.6272401433691757,10,0,P00512,P00512-2023
2022-23,2023,josh minott,0.16666666666666666,0.20833333333333334,0.5,0.33299999999999996,1.0,0.5208333333333334,0.5916030534351145,1,0,P00514,P00514-2023
2022-23,2023,josh okogie,0.4655172413793104,0.4655172413793104,0.391,0.335,0.7240000000000001,0.4741379310344828,0.5223239839725243,2,0,P00516,P00516-2023
2022-23,2023,josh richardson,0.5294117647058824,0.1411764705882353,0.431,0.365,0.852,0.5294117647058824,0.5593708462560921,1,0,P00517,P00517-2023
2022-23,2023,joshua primo,0.46153846153846156,0.3538461538461538,0.34600000000000003,0.25,0.778,0.41538461538461535,0.46592119275825344,0,0,P00518,P00518-2023
2022-23,2023,jrue holiday,0.39869281045751626,0.16993464052287582,0.479,0.384,0.8590000000000001,0.5555555555555555,0.5868401848698613,16,0,P00519,P00519-2023
2022-23,2023,juan toscano anderson,0.28571428571428575,0.17857142857142858,0.44799999999999995,0.18600000000000003,0.792,0.46428571428571425,0.49668874172185434,0,0,P00520,P00520-2023
2022-23,2023,juancho hernangomez,0.5925925925925926,0.14814814814814814,0.42100000000000004,0.254,0.563,0.48148148148148145,0.5041724617524339,1,0,P00521,P00521-2023
2022-23,2023,julian champagnie,0.631578947368421,0.13157894736842107,0.45399999999999996,0.402,0.8240000000000001,0.5855263157894738,0.6032338308457712,1,0,P00523,P00523-2023
2022-23,2023,julius randle,0.44623655913978494,0.37096774193548393,0.46,0.34299999999999997,0.757,0.532258064516129,0.580051765575892,40,0,P00527,P00527-2023
2022-23,2023,justin champagnie,0.3333333333333333,0.0,0.33299999999999996,0.2,0.0,0.36666666666666664,0.36666666666666664,0,0,P00529,P00529-2023
2022-23,2023,justin holiday,0.7045454545454545,0.045454545454545456,0.377,0.322,0.625,0.5,0.5013368983957219,0,0,P00531,P00531-2023
2022-23,2023,justin jackson,0.75,0.08333333333333334,0.259,0.25,0.5,0.3333333333333333,0.3617363344051447,0,0,P00532,P00532-2023
2022-23,2023,justin minaya,0.5172413793103449,0.05172413793103448,0.304,0.25,0.0,0.37931034482758624,0.3624409979770735,0,0,P00533,P00533-2023
2022-23,2023,justise winslow,0.23529411764705888,0.14705882352941177,0.409,0.311,0.7140000000000001,0.44852941176470584,0.4696132596685083,1,0,P00535,P00535-2023
2022-23,2023,jusuf nurkic,0.23711340206185566,0.3814432989690722,0.519,0.361,0.6609999999999999,0.5567010309278351,0.5870409604519774,18,0,P00536,P00536-2023
2022-23,2023,kj martin,0.29545454545454547,0.3068181818181818,0.569,0.315,0.68,0.6136363636363636,0.6357629154985982,5,0,P00538,P00538-2023
2022-23,2023,kz okpala,0.5454545454545454,0.18181818181818182,0.42100000000000004,0.33299999999999996,0.875,0.5454545454545454,0.5471380471380471,0,0,P00540,P00540-2023
2022-23,2023,kai jones,0.15384615384615385,0.23076923076923073,0.5579999999999999,0.21100000000000002,0.731,0.596153846153846,0.5935754189944135,1,0,P00542,P00542-2023
2022-23,2023,karl anthony towns,0.38513513513513514,0.31756756756756754,0.495,0.366,0.8740000000000001,0.564189189189189,0.6165520512212473,9,0,P00544,P00544-2023
2022-23,2023,kawhi leonard,0.2857142857142857,0.32142857142857145,0.512,0.41600000000000004,0.871,0.5714285714285714,0.6205673758865249,4,0,P00547,P00547-2023
2022-23,2023,keegan murray,0.6428571428571429,0.10204081632653061,0.45299999999999996,0.41100000000000003,0.765,0.5816326530612245,0.595703125,4,0,P00549,P00549-2023
2022-23,2023,keita bates diop,0.30434782608695654,0.31884057971014496,0.508,0.39399999999999996,0.7929999999999999,0.5652173913043478,0.6164209456024402,0,0,P00552,P00552-2023
2022-23,2023,keldon johnson,0.36723163841807915,0.29378531073446335,0.452,0.32899999999999996,0.7490000000000001,0.5112994350282486,0.5503301981188714,5,0,P00555,P00555-2023
2022-23,2023,kelly olynyk,0.426829268292683,0.41463414634146345,0.499,0.39399999999999996,0.853,0.5853658536585367,0.6445957095709572,9,0,P00557,P00557-2023
2022-23,2023,kelly oubre jr,0.415204678362573,0.2514619883040935,0.431,0.319,0.76,0.5,0.534435551811289,3,0,P00558,P00558-2023
2022-23,2023,kemba walker,0.49206349206349215,0.3650793650793651,0.42100000000000004,0.25,0.81,0.49206349206349215,0.5470459518599563,0,0,P00559,P00559-2023
2022-23,2023,kendall brown,0.1666666666666667,0.25,0.5710000000000001,0.0,0.5,0.5833333333333333,0.5630630630630631,0,0,P00560,P00560-2023
2022-23,2023,kendrick nunn,0.5,0.09375,0.424,0.354,0.8540000000000001,0.5078125,0.5327130852340937,0,0,P00561,P00561-2023
2022-23,2023,kennedy chandler,0.1739130434782609,0.1739130434782609,0.42200000000000004,0.133,0.462,0.45652173913043476,0.44426494345718903,0,0,P00562,P00562-2023
2022-23,2023,kenneth lofton jr,0.17948717948717946,0.2820512820512821,0.527,0.353,0.593,0.5512820512820513,0.5702554744525548,1,0,P00563,P00563-2023
2022-23,2023,kenrich williams,0.38461538461538464,0.10769230769230767,0.517,0.373,0.436,0.5923076923076923,0.5875440658049353,2,0,P00564,P00564-2023
2022-23,2023,kentavious caldwell pope,0.5060240963855421,0.19277108433734938,0.462,0.423,0.8240000000000001,0.5662650602409639,0.5997334517992003,0,0,P00566,P00566-2023
2022-23,2023,keon ellis,0.8,0.4,0.43799999999999994,0.5,0.5710000000000001,0.6000000000000001,0.6377551020408163,0,0,P00567,P00567-2023
2022-23,2023,keon johnson,0.4444444444444444,0.2222222222222222,0.376,0.34600000000000003,0.659,0.45555555555555555,0.4757085020242915,0,0,P00568,P00568-2023
2022-23,2023,kessler edwards,0.5769230769230769,0.15384615384615383,0.387,0.309,0.733,0.4807692307692307,0.5043227665706052,0,0,P00571,P00571-2023
2022-23,2023,kevin durant,0.2677595628415301,0.3879781420765027,0.56,0.40399999999999997,0.919,0.6174863387978142,0.6791448842419716,5,1,P00572,P00572-2023
2022-23,2023,kevin huerter,0.591304347826087,0.14782608695652175,0.485,0.402,0.725,0.6043478260869565,0.6205094709340301,0,0,P00573,P00573-2023
2022-23,2023,kevin knox ii,0.5660377358490566,0.18867924528301888,0.45799999999999996,0.349,0.767,0.5471698113207547,0.5749128919860627,2,0,P00574,P00574-2023
2022-23,2023,kevin love,0.7058823529411764,0.22058823529411767,0.389,0.33399999999999996,0.879,0.5147058823529412,0.5495978552278821,6,0,P00575,P00575-2023
2022-23,2023,kevin porter jr,0.43333333333333335,0.3,0.442,0.366,0.784,0.52,0.5653710247349822,9,1,P00578,P00578-2023
2022-23,2023,kevon harris,0.41935483870967744,0.3870967741935483,0.439,0.37200000000000005,0.7559999999999999,0.532258064516129,0.5650496141124586,0,0,P00579,P00579-2023
2022-23,2023,kevon looney,0.0,0.4042553191489361,0.63,0.0,0.606,0.6382978723404255,0.6322254335260116,14,0,P00580,P00580-2023
2022-23,2023,khem birch,0.0625,0.1875,0.594,0.5,0.8,0.65625,0.6351039260969977,0,0,P00584,P00584-2023
2022-23,2023,khris middleton,0.3983739837398374,0.25203252032520324,0.436,0.315,0.902,0.5,0.5525468384074941,4,0,P00585,P00585-2023
2022-23,2023,killian hayes,0.3551401869158879,0.14018691588785048,0.377,0.28,0.821,0.42523364485981313,0.4533450704225353,6,0,P00586,P00586-2023
2022-23,2023,kira lewis jr,0.4,0.2571428571428571,0.455,0.441,0.8640000000000001,0.5428571428571428,0.5903490759753592,0,0,P00588,P00588-2023
2022-23,2023,klay thompson,0.585635359116022,0.10497237569060772,0.436,0.41200000000000003,0.879,0.5580110497237569,0.5782636248415716,2,0,P00589,P00589-2023
2022-23,2023,kobi simmons,0.8333333333333334,0.3333333333333333,0.16699999999999998,0.2,1.0,0.25,0.3633720930232558,0,0,P00593,P00593-2023
2022-23,2023,kris dunn,0.16326530612244897,0.24489795918367344,0.537,0.47200000000000003,0.774,0.5816326530612244,0.6079587324981576,3,0,P00596,P00596-2023
2022-23,2023,kristaps porzingis,0.3503184713375796,0.40764331210191085,0.498,0.385,0.851,0.5636942675159236,0.6264852019874703,20,0,P00598,P00598-2023
2022-23,2023,kyle anderson,0.20833333333333331,0.2777777777777778,0.509,0.41,0.735,0.5555555555555556,0.5816831683168318,10,3,P00599,P00599-2023
2022-23,2023,kyle kuzma,0.42134831460674155,0.20786516853932585,0.44799999999999995,0.33299999999999996,0.73,0.5196629213483146,0.5456042824788964,14,1,P00602,P00602-2023
2022-23,2023,kyle lowry,0.6363636363636362,0.28409090909090906,0.40399999999999997,0.345,0.8590000000000001,0.5170454545454545,0.5656565656565656,2,1,P00603,P00603-2023
2022-23,2023,kyrie irving,0.41293532338308464,0.22885572139303484,0.494,0.379,0.905,0.5696517412935324,0.612457060206111,5,0,P00605,P00605-2023
2022-23,2023,lamelo ball,0.5299999999999999,0.16999999999999998,0.41100000000000003,0.376,0.843,0.51,0.5419612951246744,17,3,P00609,P00609-2023
2022-23,2023,lamar stevens,0.32608695652173914,0.19565217391304351,0.44799999999999995,0.316,0.7020000000000001,0.5108695652173914,0.5304243394715772,1,0,P00611,P00611-2023
2022-23,2023,landry shamet,0.6666666666666666,0.17333333333333334,0.377,0.377,0.882,0.5,0.5388999008919723,0,0,P00613,P00613-2023
2022-23,2023,larry nance jr,0.1276595744680851,0.2553191489361702,0.61,0.33299999999999996,0.696,0.6382978723404256,0.650344299923489,3,0,P00615,P00615-2023
2022-23,2023,lauri markkanen,0.44508670520231214,0.3468208092485549,0.499,0.392,0.875,0.5895953757225433,0.6419257773319961,28,0,P00616,P00616-2023
2022-23,2023,lebron james,0.3108108108108108,0.26576576576576577,0.5,0.321,0.768,0.5495495495495496,0.5827552831101791,18,2,P00618,P00618-2023
2022-23,2023,leandro bolmaro,0.21428571428571433,0.0,0.15,0.0,0.0,0.14285714285714288,0.14285714285714288,0,0,P00620,P00620-2023
2022-23,2023,lester quinones,0.7692307692307692,1.1538461538461537,0.4,0.5,0.667,0.5769230769230769,0.6377551020408163,0,0,P00622,P00622-2023
2022-23,2023,lindell wigginton,0.490566037735849,0.2452830188679245,0.486,0.33299999999999996,0.889,0.5754716981132074,0.6045640326975477,1,0,P00625,P00625-2023
2022-23,2023,lindy waters iii,0.930232558139535,0.11627906976744187,0.39299999999999996,0.358,0.8,0.558139534883721,0.5752212389380532,0,0,P00626,P00626-2023
2022-23,2023,lonnie walker iv,0.4680851063829788,0.20212765957446807,0.44799999999999995,0.365,0.858,0.5319148936170213,0.5715123094958968,0,0,P00627,P00627-2023
2022-23,2023,louis king,0.6153846153846154,0.07692307692307693,0.615,0.5,0.0,0.7692307692307693,0.7440476190476191,0,0,P00630,P00630-2023
2022-23,2023,luguentz dort,0.4661016949152542,0.2966101694915254,0.38799999999999996,0.33,0.772,0.4661016949152542,0.5134932533733133,5,0,P00632,P00632-2023
2022-23,2023,luka doncic,0.3727272727272727,0.4772727272727273,0.496,0.342,0.742,0.5590909090909091,0.608564988730278,36,10,P00633,P00633-2023
2022-23,2023,luka garza,0.34146341463414637,0.4634146341463415,0.5429999999999999,0.359,0.7879999999999999,0.6219512195121951,0.6584278768233389,0,0,P00634,P00634-2023
2022-23,2023,luka samanic,0.54320987654321,0.2345679012345679,0.456,0.258,0.6920000000000001,0.5246913580246915,0.5539391226499553,0,0,P00635,P00635-2023
2022-23,2023,luke kennard,0.7076923076923076,0.10769230769230768,0.49200000000000005,0.494,0.9490000000000001,0.6692307692307692,0.6830199764982374,0,0,P00636,P00636-2023
2022-23,2023,luke kornet,0.08,0.24,0.665,0.231,0.821,0.64,0.6874095513748191,0,0,P00637,P00637-2023
2022-23,2023,mac mcclung,0.55,0.25,0.45,0.364,0.6,0.55,0.5630630630630631,0,0,P00639,P00639-2023
2022-23,2023,malachi flynn,0.5434782608695653,0.13043478260869565,0.36,0.353,0.758,0.4456521739130435,0.47286184210526316,0,0,P00640,P00640-2023
2022-23,2023,malaki branham,0.4193548387096773,0.11827956989247312,0.44,0.302,0.8290000000000001,0.5053763440860214,0.5212591986917415,0,0,P00642,P00642-2023
2022-23,2023,malcolm brogdon,0.40366972477064217,0.2477064220183486,0.484,0.444,0.87,0.5779816513761467,0.6163136995367307,0,0,P00643,P00643-2023
2022-23,2023,malcolm hill,0.75,0.0,0.5,0.33299999999999996,0.0,0.625,0.625,0,0,P00644,P00644-2023
2022-23,2023,malik beasley,0.6982758620689655,0.06896551724137931,0.395,0.35700000000000004,0.769,0.5215517241379309,0.5312918340026773,1,0,P00646,P00646-2023
2022-23,2023,malik monk,0.5048543689320388,0.2621359223300971,0.44799999999999995,0.359,0.889,0.5388349514563107,0.5875696378830083,0,0,P00648,P00648-2023
2022-23,2023,mamadi diakite,0.4347826086956522,0.04347826086956522,0.48,0.33299999999999996,1.0,0.5434782608695653,0.5546075085324232,0,0,P00651,P00651-2023
2022-23,2023,marjon beauchamp,0.574468085106383,0.14893617021276595,0.395,0.331,0.73,0.4787234042553192,0.509185303514377,0,0,P00653,P00653-2023
2022-23,2023,marcus morris sr,0.47474747474747475,0.13131313131313133,0.426,0.365,0.782,0.51010101010101,0.5347593582887701,2,0,P00656,P00656-2023
2022-23,2023,marcus smart,0.5656565656565656,0.1919191919191919,0.415,0.336,0.746,0.51010101010101,0.535581222056632,6,0,P00658,P00658-2023
2022-23,2023,mark williams,0.0,0.396551724137931,0.637,0.0,0.691,0.6379310344827586,0.6605989430416911,11,0,P00660,P00660-2023
2022-23,2023,markelle fultz,0.13274336283185842,0.21238938053097345,0.514,0.31,0.7829999999999999,0.5353982300884956,0.5665263839430236,3,0,P00661,P00661-2023
2022-23,2023,markieff morris,0.6060606060606061,0.09090909090909091,0.409,0.39399999999999996,1.0,0.5151515151515151,0.5536130536130536,1,0,P00662,P00662-2023
2022-23,2023,marko simonovic,0.6,0.3,0.28600000000000003,0.25,0.5,0.35000000000000003,0.39752650176678445,0,0,P00663,P00663-2023
2022-23,2023,marvin bagley iii,0.17582417582417584,0.28571428571428575,0.529,0.28800000000000003,0.75,0.554945054945055,0.5857087075361187,8,0,P00668,P00668-2023
2022-23,2023,mason plumlee,0.0,0.6557377049180328,0.68,0.0,0.636,0.6885245901639345,0.6870229007633589,23,0,P00670,P00670-2023
2022-23,2023,matisse thybulle,0.5833333333333334,0.11111111111111112,0.435,0.365,0.679,0.5277777777777778,0.5429025423728813,0,0,P00672,P00672-2023
2022-23,2023,matt ryan,0.7812499999999999,0.125,0.37,0.381,0.833,0.5156249999999999,0.533175355450237,0,0,P00674,P00674-2023
2022-23,2023,matthew dellavedova,0.5,0.125,0.34,0.33299999999999996,0.5710000000000001,0.40625,0.44431279620853076,0,0,P00676,P00676-2023
2022-23,2023,max christie,0.5769230769230769,0.15384615384615385,0.415,0.419,0.875,0.5384615384615384,0.5583573487031701,0,0,P00678,P00678-2023
2022-23,2023,max strus,0.7070707070707071,0.1111111111111111,0.41,0.35,0.8759999999999999,0.5404040404040404,0.5537365177195686,2,0,P00680,P00680-2023
2022-23,2023,maxi kleber,0.6521739130434783,0.2173913043478261,0.456,0.348,0.711,0.5760869565217392,0.5853174603174603,0,0,P00681,P00681-2023
2022-23,2023,mckinley wright iv,0.2777777777777778,0.19444444444444442,0.469,0.321,0.684,0.5138888888888888,0.5373592630501536,0,0,P00684,P00684-2023
2022-23,2023,meyers leonard,0.625,0.3125,0.483,0.389,0.889,0.625,0.6593406593406593,1,0,P00686,P00686-2023
2022-23,2023,mfiondu kabengele,0.4444444444444445,0.2777777777777778,0.28600000000000003,0.0,1.0,0.2777777777777778,0.3712871287128713,0,0,P00687,P00687-2023
2022-23,2023,micah potter,0.47619047619047616,0.0,0.667,0.5710000000000001,0.0,0.8095238095238094,0.8095238095238095,1,0,P00689,P00689-2023
2022-23,2023,michael carter williams,0.2285714285714286,0.5142857142857143,0.429,0.33299999999999996,0.5710000000000001,0.4714285714285714,0.5009319664492078,0,0,P00690,P00690-2023
2022-23,2023,michael porter jr,0.553030303030303,0.14393939393939395,0.48700000000000004,0.414,0.8,0.5984848484848485,0.6198347107438017,3,0,P00691,P00691-2023
2022-23,2023,mikal bridges,0.34640522875816987,0.2810457516339869,0.46799999999999997,0.382,0.895,0.5294117647058822,0.5845742205677059,2,0,P00692,P00692-2023
2022-23,2023,mike conley,0.5714285714285715,0.27472527472527475,0.428,0.385,0.8340000000000001,0.5384615384615385,0.5833333333333334,6,0,P00693,P00693-2023
2022-23,2023,mike muscala,0.7173913043478262,0.17391304347826092,0.449,0.391,0.769,0.5978260869565218,0.6159127625201939,0,0,P00694,P00694-2023
2022-23,2023,miles mcbride,0.6176470588235294,0.20588235294117646,0.358,0.299,0.667,0.4411764705882353,0.4719525350593312,0,0,P00697,P00697-2023
2022-23,2023,mitchell robinson,0.0,0.44680851063829785,0.6709999999999999,0.0,0.484,0.6808510638297872,0.6578947368421052,13,0,P00699,P00699-2023
2022-23,2023,mo bamba,0.510204081632653,0.26530612244897955,0.485,0.387,0.6609999999999999,0.5918367346938774,0.6030701754385963,2,0,P00701,P00701-2023
2022-23,2023,monte morris,0.3975903614457831,0.14457831325301201,0.48,0.382,0.831,0.5602409638554217,0.5833710919800634,2,0,P00703,P00703-2023
2022-23,2023,montrezl harrell,0.02702702702702703,0.4864864864864865,0.598,0.0,0.693,0.5945945945945946,0.6233303650934996,1,0,P00704,P00704-2023
2022-23,2023,moritz wagner,0.4202898550724637,0.463768115942029,0.5,0.313,0.841,0.572463768115942,0.6319210399614829,3,0,P00705,P00705-2023
2022-23,2023,moses brown,0.0,0.7407407407407407,0.635,0.0,0.45799999999999996,0.6296296296296295,0.6005586592178771,3,0,P00706,P00706-2023
2022-23,2023,moses moody,0.5833333333333334,0.22222222222222224,0.47600000000000003,0.363,0.698,0.5833333333333334,0.6072874493927125,0,0,P00707,P00707-2023
2022-23,2023,moussa diabate,0.04761904761904762,0.33333333333333326,0.511,0.5,0.625,0.5238095238095238,0.5606312292358805,0,0,P00712,P00712-2023
2022-23,2023,myles turner,0.3389830508474576,0.3813559322033898,0.5479999999999999,0.373,0.7829999999999999,0.614406779661017,0.6531204644412192,18,0,P00715,P00715-2023
2022-23,2023,naji marshall,0.37837837837837834,0.31081081081081074,0.433,0.303,0.789,0.4932432432432432,0.5408939610080836,0,0,P00719,P00719-2023
2022-23,2023,nassir little,0.5178571428571429,0.16071428571428573,0.442,0.36700000000000005,0.7170000000000001,0.5446428571428571,0.5503669112741828,0,0,P00720,P00720-2023
2022-23,2023,nate williams,0.20512820512820512,0.07692307692307693,0.615,0.375,0.667,0.6538461538461539,0.6572420634920635,0,0,P00723,P00723-2023
2022-23,2023,nathan knight,0.28571428571428575,0.7142857142857143,0.568,0.364,0.684,0.6190476190476191,0.6702898550724637,0,0,P00724,P00724-2023
2022-23,2023,naz reid,0.37647058823529417,0.22352941176470587,0.537,0.34600000000000003,0.677,0.6058823529411763,0.6158954584404456,4,0,P00725,P00725-2023
2022-23,2023,neemias queta,0.0,0.2222222222222222,0.667,0.0,0.0,0.6666666666666666,0.6072874493927125,0,0,P00726,P00726-2023
2022-23,2023,nerlens noel,0.04761904761904762,0.33333333333333326,0.361,0.5,0.667,0.40476190476190477,0.43604651162790703,0,0,P00728,P00728-2023
2022-23,2023,nic claxton,0.0,0.41558441558441556,0.705,0.0,0.541,0.7012987012987013,0.6916996047430829,28,0,P00729,P00729-2023
2022-23,2023,nick richards,0.0,0.5833333333333334,0.629,1.0,0.7490000000000001,0.625,0.6797082228116711,14,0,P00730,P00730-2023
2022-23,2023,nickeil alexander walker,0.54,0.2,0.444,0.384,0.667,0.54,0.5698529411764707,0,0,P00732,P00732-2023
2022-23,2023,nicolas batum,0.8367346938775508,0.12244897959183672,0.42,0.391,0.708,0.5918367346938775,0.5906274206041827,0,0,P00733,P00733-2023
2022-23,2023,nikola jokic,0.14864864864864866,0.4054054054054054,0.632,0.38299999999999995,0.8220000000000001,0.6621621621621622,0.7024082568807338,58,29,P00736,P00736-2023
2022-23,2023,nikola jovic,0.5,0.2826086956521739,0.406,0.22899999999999998,0.9470000000000001,0.4673913043478261,0.5317092034029389,0,0,P00737,P00737-2023
2022-23,2023,nikola vucevic,0.30000000000000004,0.1357142857142857,0.52,0.349,0.835,0.5750000000000001,0.5931517929361014,51,1,P00739,P00739-2023
2022-23,2023,noah vonleh,0.2,0.1,0.45799999999999996,0.25,1.0,0.5,0.5268199233716475,0,0,P00743,P00743-2023
2022-23,2023,norman powell,0.4067796610169492,0.3898305084745763,0.479,0.397,0.812,0.5635593220338984,0.6148726851851851,0,0,P00746,P00746-2023
2022-23,2023,og anunoby,0.4166666666666667,0.1893939393939394,0.47600000000000003,0.387,0.838,0.5568181818181818,0.5874125874125875,2,0,P00748,P00748-2023
2022-23,2023,obi toppin,0.5873015873015873,0.11111111111111112,0.446,0.344,0.809,0.5476190476190477,0.5599273607748184,0,0,P00749,P00749-2023
2022-23,2023,ochai agbaji,0.6,0.1846153846153846,0.42700000000000005,0.355,0.812,0.5384615384615384,0.5620375640295959,0,0,P00750,P00750-2023
2022-23,2023,olivier sarr,0.2727272727272727,0.24242424242424243,0.5,0.125,0.7140000000000001,0.5303030303030303,0.5476451259583789,1,0,P00751,P00751-2023
2022-23,2023,omer yurtseven,0.26666666666666666,0.23333333333333334,0.593,0.429,0.833,0.65,0.6650544135429263,0,0,P00753,P00753-2023
2022-23,2023,onyeka okongwu,0.03225806451612903,0.4032258064516129,0.638,0.308,0.7809999999999999,0.6532258064516129,0.678082191780822,12,0,P00755,P00755-2023
2022-23,2023,orlando robinson,0.06896551724137932,0.3448275862068966,0.528,0.0,0.71,0.5172413793103449,0.5538922155688624,0,0,P00756,P00756-2023
2022-23,2023,oshae brissett,0.4897959183673469,0.4489795918367347,0.386,0.31,0.7170000000000001,0.45918367346938777,0.5197682344921608,1,0,P00758,P00758-2023
2022-23,2023,otto porter jr,0.5526315789473685,0.2631578947368421,0.5,0.353,1.0,0.6052631578947368,0.6485849056603773,0,0,P00760,P00760-2023
2022-23,2023,ousmane dieng,0.5434782608695653,0.13043478260869565,0.42,0.265,0.652,0.48913043478260876,0.503700657894737,0,0,P00761,P00761-2023
2022-23,2023,p j tucker,0.6333333333333333,0.1,0.42700000000000005,0.39299999999999996,0.826,0.55,0.5587484035759898,0,0,P00762,P00762-2023
2022-23,2023,p j washington,0.4402985074626866,0.1791044776119403,0.444,0.348,0.73,0.5149253731343284,0.5430271167681239,3,0,P00763,P00763-2023
2022-23,2023,pj dozier,0.47619047619047616,0.0,0.303,0.125,0.0,0.30952380952380953,0.3333333333333333,0,0,P00764,P00764-2023
2022-23,2023,paolo banchero,0.2564102564102564,0.4743589743589744,0.42700000000000005,0.298,0.738,0.46794871794871795,0.5303351718285957,14,0,P00767,P00767-2023
2022-23,2023,pascal siakam,0.21621621621621623,0.3621621621621621,0.48,0.324,0.774,0.5162162162162162,0.5641551659828422,24,2,P00769,P00769-2023
2022-23,2023,pat connaughton,0.7681159420289855,0.10144927536231882,0.392,0.33899999999999997,0.659,0.5217391304347826,0.5271920088790232,2,0,P00770,P00770-2023
2022-23,2023,patrick baldwin jr,0.7714285714285715,0.05714285714285714,0.395,0.381,0.667,0.5428571428571428,0.5434782608695652,0,0,P00772,P00772-2023
2022-23,2023,patrick beverley,0.6666666666666667,0.18518518518518517,0.4,0.335,0.723,0.5,0.5308219178082192,2,0,P00773,P00773-2023
2022-23,2023,patrick williams,0.40963855421686746,0.1566265060240964,0.46399999999999997,0.415,0.857,0.542168674698795,0.5748422001803426,1,0,P00774,P00774-2023
2022-23,2023,patty mills,0.6538461538461539,0.15384615384615385,0.41100000000000003,0.366,0.833,0.5384615384615384,0.55835734870317,0,0,P00775,P00775-2023
2022-23,2023,paul george,0.4245810055865922,0.2960893854748604,0.457,0.371,0.871,0.5363128491620112,0.5881771451166469,8,1,P00776,P00776-2023
2022-23,2023,paul reed,0.03333333333333333,0.2333333333333333,0.593,0.16699999999999998,0.745,0.6,0.6348246674727932,5,0,P00778,P00778-2023
2022-23,2023,payton pritchard,0.627450980392157,0.058823529411764705,0.41200000000000003,0.364,0.75,0.5294117647058825,0.5351681957186544,1,1,P00780,P00780-2023
2022-23,2023,peyton watson,0.23076923076923073,0.3461538461538461,0.49200000000000005,0.429,0.55,0.5576923076923077,0.5507343124165553,0,0,P00785,P00785-2023
2022-23,2023,precious achiuwa,0.273972602739726,0.3150684931506849,0.485,0.26899999999999996,0.7020000000000001,0.5273972602739726,0.5534167468719923,10,0,P00787,P00787-2023
2022-23,2023,quentin grimes,0.6705882352941176,0.16470588235294117,0.46799999999999997,0.386,0.7959999999999999,0.6000000000000001,0.6197893813075911,0,0,P00788,P00788-2023
2022-23,2023,quenton jackson,0.2765957446808511,0.5106382978723403,0.452,0.083,0.773,0.4574468085106383,0.5385684503127172,0,0,P00789,P00789-2023
2022-23,2023,r j hampton,0.5,0.32,0.43,0.353,0.75,0.53,0.5610098176718092,0,0,P00793,P00793-2023
2022-23,2023,rj barrett,0.3291925465838509,0.3354037267080745,0.434,0.31,0.74,0.48757763975155266,0.5304178393591686,3,0,P00794,P00794-2023
2022-23,2023,raiquan gray,0.4166666666666667,0.16666666666666666,0.5,0.4,1.0,0.5833333333333334,0.6211180124223602,0,0,P00796,P00796-2023
2022-23,2023,raul neto,0.39130434782608703,0.3043478260869565,0.518,0.28600000000000003,0.912,0.5869565217391305,0.6326687116564417,0,0,P00799,P00799-2023
2022-23,2023,reggie bullock jr,0.8499999999999999,0.08333333333333333,0.409,0.38,0.703,0.5750000000000001,0.5787781350482315,1,0,P00805,P00805-2023
2022-23,2023,reggie jackson,0.44680851063829785,0.1170212765957447,0.41100000000000003,0.33299999999999996,0.91,0.48936170212765945,0.5159854309995952,1,0,P00806,P00806-2023
2022-23,2023,richaun holmes,0.09523809523809523,0.23809523809523808,0.618,0.625,0.789,0.6428571428571429,0.6681034482758622,1,0,P00808,P00808-2023
2022-23,2023,ricky rubio,0.4629629629629629,0.20370370370370372,0.34299999999999997,0.256,0.8,0.38888888888888884,0.44187627464309986,0,0,P00810,P00810-2023
2022-23,2023,robert covington,0.5833333333333333,0.1666666666666667,0.445,0.397,0.75,0.5520833333333335,0.5822981366459627,0,0,P00814,P00814-2023
2022-23,2023,robert williams iii,0.0,0.24489795918367346,0.747,0.0,0.61,0.7346938775510204,0.7369196757553427,6,0,P00815,P00815-2023
2022-23,2023,robin lopez,0.05,0.25,0.64,0.5,0.778,0.675,0.6756756756756757,0,0,P00817,P00817-2023
2022-23,2023,rodney mcgruder,0.625,0.14583333333333334,0.408,0.423,0.818,0.53125,0.557948316366484,0,0,P00820,P00820-2023
2022-23,2023,romeo langford,0.2333333333333333,0.21666666666666667,0.467,0.262,0.696,0.5,0.524954351795496,0,0,P00821,P00821-2023
2022-23,2023,ron harper jr,0.5555555555555556,0.05555555555555556,0.5,0.33299999999999996,1.0,0.5833333333333334,0.5965292841648591,0,0,P00822,P00822-2023
2022-23,2023,royce o neale,0.7051282051282052,0.1153846153846154,0.386,0.389,0.725,0.5192307692307693,0.5368472425573452,4,1,P00824,P00824-2023
2022-23,2023,rudy gay,0.45098039215686275,0.17647058823529413,0.37799999999999995,0.252,0.857,0.43137254901960786,0.4730713245997089,0,0,P00825,P00825-2023
2022-23,2023,rudy gobert,0.0,0.6282051282051282,0.659,0.0,0.644,0.6538461538461539,0.6729610285255123,35,0,P00826,P00826-2023
2022-23,2023,rui hachimura,0.26881720430107525,0.20430107526881716,0.486,0.319,0.7390000000000001,0.5268817204301074,0.5524861878453037,2,0,P00827,P00827-2023
2022-23,2023,russell westbrook,0.2867647058823529,0.3161764705882353,0.436,0.311,0.6559999999999999,0.4779411764705883,0.5131680867544539,24,4,P00828,P00828-2023
2022-23,2023,ryan arcidiacono,0.631578947368421,0.0,0.243,0.348,0.0,0.3684210526315789,0.34210526315789475,0,0,P00829,P00829-2023
2022-23,2023,ryan rollins,0.47058823529411775,0.29411764705882354,0.35,0.33299999999999996,1.0,0.44117647058823534,0.49479166666666663,0,0,P00833,P00833-2023
2022-23,2023,saben lee,0.25,0.47916666666666663,0.405,0.36700000000000005,0.737,0.4583333333333333,0.516173434273916,1,0,P00834,P00834-2023
2022-23,2023,saddiq bey,0.4954128440366972,0.28440366972477066,0.42200000000000004,0.361,0.861,0.5137614678899082,0.5626223091976517,4,0,P00835,P00835-2023
2022-23,2023,sam hauser,0.84,0.04,0.455,0.418,0.706,0.64,0.6289308176100629,0,0,P00836,P00836-2023
2022-23,2023,sam merrill,0.8181818181818182,0.09090909090909091,0.409,0.278,1.0,0.5227272727272727,0.5463286713286714,0,0,P00837,P00837-2023
2022-23,2023,sandro mamukelashvili,0.43396226415094336,0.24528301886792453,0.42200000000000004,0.303,0.684,0.49999999999999994,0.5194141689373297,2,0,P00838,P00838-2023
2022-23,2023,santi aldama,0.5147058823529411,0.2794117647058823,0.47,0.353,0.75,0.5588235294117647,0.5893137768465165,4,0,P00839,P00839-2023
2022-23,2023,scottie barnes,0.2196969696969697,0.24242424242424243,0.456,0.281,0.772,0.48484848484848486,0.5236856516977,15,1,P00842,P00842-2023
2022-23,2023,scotty pippen jr,0.25,0.75,0.33299999999999996,0.33299999999999996,0.556,0.3999999999999999,0.4323308270676691,0,0,P00845,P00845-2023
2022-23,2023,serge ibaka,0.3235294117647059,0.23529411764705885,0.48100000000000004,0.33299999999999996,0.615,0.5294117647058824,0.5463752665245203,0,0,P00849,P00849-2023
2022-23,2023,seth curry,0.5135135135135135,0.12162162162162161,0.46299999999999997,0.405,0.927,0.5608108108108107,0.5900461775269368,0,0,P00850,P00850-2023
2022-23,2023,shaedon sharpe,0.43209876543209874,0.16049382716049382,0.47200000000000003,0.36,0.7140000000000001,0.5493827160493827,0.5708025830258303,0,0,P00852,P00852-2023
2022-23,2023,shai gilgeous alexander,0.1231527093596059,0.5369458128078818,0.51,0.345,0.905,0.5344827586206897,0.625597704813516,3,0,P00853,P00853-2023
2022-23,2023,shake milton,0.2878787878787879,0.2272727272727273,0.479,0.37799999999999995,0.853,0.537878787878788,0.5785123966942148,3,0,P00854,P00854-2023
2022-23,2023,shaquille harrison,0.2777777777777778,0.4166666666666667,0.41700000000000004,0.3,0.733,0.4583333333333333,0.5164319248826291,1,0,P00856,P00856-2023
2022-23,2023,simone fontecchio,0.6166666666666667,0.13333333333333333,0.369,0.33,0.795,0.4666666666666667,0.4959068010075567,0,0,P00859,P00859-2023
2022-23,2023,skylar mays,0.3805309734513273,0.19469026548672563,0.5,0.462,0.9229999999999999,0.5929203539823008,0.6235735246168894,1,0,P00862,P00862-2023
2022-23,2023,spencer dinwiddie,0.46616541353383456,0.3157894736842105,0.43799999999999994,0.369,0.812,0.5225563909774436,0.5710324795352522,9,0,P00864,P00864-2023
2022-23,2023,stanley johnson,0.3170731707317074,0.3170731707317074,0.5329999999999999,0.45,0.667,0.6097560975609757,0.6207191780821918,0,0,P00866,P00866-2023
2022-23,2023,stanley umude,1.0,2.0,0.0,0.0,1.0,0.0,0.5319148936170213,0,0,P00867,P00867-2023
2022-23,2023,stephen curry,0.5643564356435643,0.24752475247524752,0.493,0.42700000000000005,0.915,0.6163366336633663,0.6562499999999999,12,1,P00868,P00868-2023
2022-23,2023,steven adams,0.0,0.4920634920634922,0.597,0.0,0.364,0.5873015873015874,0.5610647181628393,15,0,P00871,P00871-2023
2022-23,2023,svi mykhailiuk,0.5740740740740741,0.2222222222222222,0.445,0.424,0.667,0.5648148148148148,0.5819838056680161,0,0,P00872,P00872-2023
2022-23,2023,t j mcconnell,0.11594202898550725,0.13043478260869565,0.5429999999999999,0.441,0.853,0.572463768115942,0.5962171052631579,6,1,P00873,P00873-2023
2022-23,2023,t j warren,0.25,0.125,0.489,0.32799999999999996,0.8,0.5234375,0.5553909952606635,0,0,P00874,P00874-2023
2022-23,2023,taj gibson,0.1923076923076923,0.34615384615384615,0.52,0.33299999999999996,0.7140000000000001,0.5384615384615385,0.5674232309746328,0,0,P00877,P00877-2023
2022-23,2023,talen horton tucker,0.32978723404255317,0.2765957446808511,0.419,0.28600000000000003,0.75,0.4734042553191489,0.5073975720789075,2,0,P00878,P00878-2023
2022-23,2023,tari eason,0.2625,0.22499999999999998,0.44799999999999995,0.34299999999999997,0.752,0.49374999999999997,0.5288898999090083,7,0,P00879,P00879-2023
2022-23,2023,taurean prince,0.5142857142857143,0.19999999999999998,0.467,0.381,0.8440000000000001,0.5714285714285714,0.5974264705882353,0,0,P00880,P00880-2023
2022-23,2023,terance mann,0.36923076923076925,0.23076923076923078,0.519,0.389,0.78,0.6,0.6145251396648045,1,0,P00883,P00883-2023
2022-23,2023,terence davis,0.6666666666666666,0.12280701754385964,0.423,0.366,0.7909999999999999,0.5438596491228069,0.5575898801597869,0,0,P00884,P00884-2023
2022-23,2023,terrence ross,0.554054054054054,0.06756756756756756,0.43,0.368,0.794,0.5337837837837838,0.5446194225721785,0,0,P00886,P00886-2023
2022-23,2023,terry rozier,0.42328042328042337,0.1851851851851852,0.415,0.327,0.809,0.4814814814814815,0.5161448140900197,1,0,P00888,P00888-2023
2022-23,2023,terry taylor,0.25,0.16666666666666669,0.52,0.263,0.545,0.5833333333333335,0.562888198757764,0,0,P00889,P00889-2023
2022-23,2023,thaddeus young,0.16216216216216214,0.13513513513513511,0.545,0.17600000000000002,0.6920000000000001,0.5540540540540541,0.5612244897959184,0,0,P00890,P00890-2023
2022-23,2023,thanasis antetokounmpo,0.16666666666666669,0.5,0.435,0.0,0.5,0.4166666666666667,0.4781420765027322,0,0,P00891,P00891-2023
2022-23,2023,theo maledon,0.37931034482758624,0.29310344827586204,0.402,0.295,0.851,0.4482758620689655,0.5116065974343311,1,0,P00892,P00892-2023
2022-23,2023,theo pinson,0.7272727272727273,0.13636363636363635,0.35600000000000004,0.355,0.846,0.5,0.5145797598627787,1,1,P00893,P00893-2023
2022-23,2023,thomas bryant,0.15873015873015872,0.33333333333333337,0.623,0.441,0.738,0.6507936507936508,0.678294573643411,9,0,P00894,P00894-2023
2022-23,2023,tim hardaway jr,0.6470588235294118,0.19327731092436973,0.401,0.385,0.77,0.5294117647058824,0.5576208178438662,0,0,P00897,P00897-2023
2022-23,2023,tobias harris,0.3859649122807018,0.14912280701754385,0.501,0.389,0.8759999999999999,0.5745614035087719,0.6050378663154429,7,0,P00900,P00900-2023
2022-23,2023,tony bradley,0.4000000000000001,0.3,0.5,0.6,1.0,0.65,0.706713780918728,0,0,P00904,P00904-2023
2022-23,2023,torrey craig,0.507936507936508,0.09523809523809523,0.456,0.395,0.711,0.5634920634920635,0.5636806825106642,4,0,P00906,P00906-2023
2022-23,2023,trae young,0.33157894736842103,0.46315789473684216,0.43,0.335,0.8859999999999999,0.4868421052631578,0.5727527107380203,40,0,P00909,P00909-2023
2022-23,2023,tre jones,0.21100917431192656,0.2293577981651376,0.45899999999999996,0.285,0.86,0.4908256880733945,0.5375,6,2,P00912,P00912-2023
2022-23,2023,tre mann,0.5066666666666667,0.10666666666666667,0.39299999999999996,0.315,0.764,0.4666666666666666,0.4903209373408049,1,1,P00913,P00913-2023
2022-23,2023,trendon watford,0.1923076923076923,0.30769230769230765,0.56,0.391,0.72,0.596153846153846,0.6266937669376693,3,0,P00915,P00915-2023
2022-23,2023,trent forrest,0.038461538461538464,0.038461538461538464,0.41700000000000004,0.0,0.667,0.4230769230769231,0.434947049924357,0,0,P00916,P00916-2023
2022-23,2023,trevelin queen,0.5121951219512196,0.17073170731707318,0.24100000000000002,0.133,1.0,0.28048780487804886,0.3402903811252269,0,0,P00918,P00918-2023
2022-23,2023,trevor hudgins,0.8888888888888888,0.3333333333333333,0.222,0.25,1.0,0.3333333333333333,0.436046511627907,0,0,P00921,P00921-2023
2022-23,2023,trevor keels,1.0,0.0,0.25,0.25,0.0,0.3461538461538461,0.3846153846153846,0,0,P00922,P00922-2023
2022-23,2023,trey lyles,0.5818181818181819,0.3090909090909091,0.45799999999999996,0.363,0.815,0.5636363636363636,0.6081946222791293,1,0,P00926,P00926-2023
2022-23,2023,trey murphy iii,0.6237623762376238,0.2376237623762376,0.484,0.406,0.905,0.6138613861386139,0.6498745069917533,1,0,P00927,P00927-2023
2022-23,2023,troy brown jr,0.6065573770491803,0.0819672131147541,0.43,0.381,0.872,0.5409836065573771,0.5617088607594938,2,0,P00933,P00933-2023
2022-23,2023,ty jerome,0.37037037037037035,0.16666666666666666,0.488,0.389,0.927,0.5555555555555555,0.5952380952380951,0,0,P00934,P00934-2023
2022-23,2023,tyty washington jr,0.5,0.11538461538461536,0.363,0.237,0.556,0.4230769230769231,0.4300878477306003,0,0,P00935,P00935-2023
2022-23,2023,tyler dorsey,0.4117647058823529,0.0,0.8,0.5,0.0,0.8529411764705884,0.8823529411764707,0,0,P00938,P00938-2023
2022-23,2023,tyler herro,0.4819277108433735,0.16265060240963855,0.439,0.37799999999999995,0.934,0.5301204819277108,0.5649876321115359,6,1,P00939,P00939-2023
2022-23,2023,tyrese haliburton,0.48,0.24,0.49,0.4,0.871,0.5900000000000001,0.624095513748191,32,0,P00944,P00944-2023
2022-23,2023,tyrese martin,0.28571428571428575,0.07142857142857144,0.391,0.14300000000000002,1.0,0.46428571428571436,0.4501385041551247,0,0,P00945,P00945-2023
2022-23,2023,tyrese maxey,0.40789473684210525,0.23684210526315788,0.48100000000000004,0.434,0.845,0.569078947368421,0.6047426120114395,0,0,P00946,P00946-2023
2022-23,2023,tyus jones,0.4606741573033708,0.1348314606741573,0.43799999999999994,0.371,0.8059999999999999,0.5224719101123596,0.5462452269834536,9,1,P00950,P00950-2023
2022-23,2023,udoka azubuike,0.0,0.3,0.8190000000000001,0.0,0.35,0.8,0.7729681978798586,0,0,P00951,P00951-2023
2022-23,2023,udonis haslem,0.3170731707317074,0.17073170731707318,0.345,0.33299999999999996,0.8,0.3902439024390244,0.44237749546279503,0,0,P00952,P00952-2023
2022-23,2023,usman garuba,0.3333333333333333,0.25,0.486,0.40700000000000003,0.617,0.5208333333333334,0.5630630630630631,0,0,P00954,P00954-2023
2022-23,2023,vernon carey jr,0.0,0.28571428571428575,0.25,0.0,1.0,0.28571428571428575,0.31725888324873097,0,0,P00957,P00957-2023
2022-23,2023,victor oladipo,0.5208333333333334,0.19791666666666666,0.397,0.33,0.747,0.48437499999999994,0.5126485243388271,0,0,P00958,P00958-2023
2022-23,2023,vince williams jr,0.7037037037037037,0.037037037037037035,0.3,0.14300000000000002,1.0,0.35185185185185186,0.3644314868804665,0,0,P00960,P00960-2023
2022-23,2023,vit krejci,0.5384615384615383,0.07692307692307693,0.405,0.23800000000000002,0.5,0.46153846153846145,0.44642857142857134,0,0,P00961,P00961-2023
2022-23,2023,vlatko cancar,0.5,0.18421052631578946,0.47600000000000003,0.374,0.927,0.5657894736842105,0.6085686465433301,1,0,P00963,P00963-2023
2022-23,2023,walker kessler,0.0,0.37500000000000006,0.72,0.33299999999999996,0.516,0.7142857142857143,0.7050889025137952,20,0,P00964,P00964-2023
2022-23,2023,wendell carter jr,0.36111111111111105,0.31481481481481477,0.525,0.35600000000000004,0.738,0.5833333333333333,0.6180871828236825,21,0,P00968,P00968-2023
2022-23,2023,wendell moore jr,0.39999999999999997,0.13333333333333336,0.419,0.11800000000000001,0.8,0.4333333333333333,0.4408060453400503,0,0,P00969,P00969-2023
2022-23,2023,wenyen gabriel,0.13157894736842107,0.3157894736842105,0.596,0.278,0.619,0.618421052631579,0.6353974121996304,0,0,P00970,P00970-2023
2022-23,2023,wesley matthews,0.7741935483870966,0.16129032258064516,0.363,0.315,0.857,0.48387096774193544,0.5120481927710843,0,0,P00972,P00972-2023
2022-23,2023,will barton,0.49230769230769234,0.12307692307692308,0.379,0.36700000000000005,0.787,0.4769230769230769,0.49620548744892007,0,0,P00973,P00973-2023
2022-23,2023,willy hernangomez,0.06818181818181818,0.6136363636363636,0.527,0.273,0.779,0.5340909090909091,0.617394416607015,2,0,P00977,P00977-2023
2022-23,2023,xavier cooks,0.03571428571428571,0.35714285714285715,0.607,0.0,0.4,0.6071428571428571,0.5864197530864198,1,0,P00978,P00978-2023
2022-23,2023,xavier moon,0.3478260869565218,0.0,0.33299999999999996,0.33299999999999996,0.0,0.4130434782608696,0.391304347826087,0,0,P00979,P00979-2023
2022-23,2023,xavier sneed,0.6,0.4,0.5,0.5,1.0,0.68,0.7312925170068028,0,0,P00980,P00980-2023
2022-23,2023,xavier tillman,0.04,0.3,0.614,0.267,0.551,0.63,0.618374558303887,4,0,P00981,P00981-2023
2022-23,2023,yuta watanabe,0.575,0.2,0.491,0.444,0.723,0.625,0.6433823529411764,0,0,P00987,P00987-2023
2022-23,2023,zach collins,0.26436781609195403,0.26436781609195403,0.518,0.374,0.7609999999999999,0.5689655172413794,0.5971993410214169,9,0,P00991,P00991-2023
2022-23,2023,zach lavine,0.3944444444444444,0.3111111111111111,0.485,0.375,0.848,0.5555555555555556,0.6059421422986708,2,0,P00993,P00993-2023
2022-23,2023,zeke nnaji,0.32432432432432423,0.32432432432432423,0.561,0.262,0.645,0.6081081081081081,0.6149479659413434,1,0,P00995,P00995-2023
2022-23,2023,ziaire williams,0.49056603773584906,0.11320754716981132,0.429,0.258,0.773,0.5,0.5122214234363768,0,0,P00996,P00996-2023
2022-23,2023,zion williamson,0.043209876543209874,0.5308641975308642,0.608,0.368,0.7140000000000001,0.6111111111111113,0.6505204163330666,5,0,P00997,P00997-2023
2023-24,2024,a j lawson,0.41379310344827586,0.1724137931034483,0.446,0.26,0.652,0.5,0.5128205128205129,0,0,P00001,P00001-2024
2023-24,2024,aj green,0.8571428571428571,0.08571428571428572,0.423,0.408,0.895,0.6,0.6194933920704846,0,0,P00002,P00002-2024
2023-24,2024,aj griffin,0.6451612903225806,0.03225806451612903,0.29,0.256,1.0,0.3709677419354839,0.38167938931297707,0,0,P00003,P00003-2024
2023-24,2024,aaron gordon,0.19387755102040813,0.37755102040816324,0.556,0.29,0.6579999999999999,0.586734693877551,0.6081554077703885,12,0,P00005,P00005-2024
2023-24,2024,aaron holiday,0.5283018867924528,0.15094339622641512,0.446,0.387,0.9209999999999999,0.5566037735849056,0.583864118895966,0,0,P00007,P00007-2024
2023-24,2024,aaron nesmith,0.5227272727272727,0.21590909090909088,0.496,0.419,0.7809999999999999,0.6079545454545454,0.6330427563304275,1,0,P00008,P00008-2024
2023-24,2024,aaron wiggins,0.33333333333333337,0.18750000000000003,0.562,0.49200000000000005,0.789,0.6458333333333334,0.6639722863741341,0,0,P00009,P00009-2024
2023-24,2024,adam flagler,0.8571428571428571,0.0,0.14300000000000002,0.16699999999999998,0.0,0.21428571428571427,0.21428571428571427,0,0,P00012,P00012-2024
2023-24,2024,adama sanogo,0.0,0.43333333333333335,0.519,0.0,0.667,0.5333333333333333,0.5599104143337066,1,0,P00014,P00014-2024
2023-24,2024,admiral schofield,0.6363636363636362,0.09090909090909091,0.385,0.375,0.0,0.5,0.4807692307692308,0,0,P00016,P00016-2024
2023-24,2024,al horford,0.625,0.078125,0.511,0.419,0.867,0.6484375,0.649546827794562,3,0,P00020,P00020-2024
2023-24,2024,alec burks,0.5813953488372092,0.2906976744186046,0.369,0.376,0.868,0.48255813953488375,0.5360824742268041,0,0,P00021,P00021-2024
2023-24,2024,aleksej pokusevski,0.4651162790697675,0.3488372093023256,0.405,0.327,0.732,0.48837209302325585,0.5241935483870968,0,0,P00023,P00023-2024
2023-24,2024,alex caruso,0.6184210526315789,0.18421052631578946,0.46799999999999997,0.408,0.76,0.5986842105263158,0.6146543330087634,1,0,P00025,P00025-2024
2023-24,2024,alex fudge,0.32000000000000006,0.11999999999999998,0.4,0.2,1.0,0.44,0.47492401215805474,0,0,P00027,P00027-2024
2023-24,2024,alex len,0.05882352941176472,0.4117647058823529,0.617,0.0,0.588,0.5882352941176471,0.6225099601593627,0,0,P00028,P00028-2024
2023-24,2024,alondes williams,0.5454545454545454,0.09090909090909091,0.25,0.0,1.0,0.2727272727272727,0.3059440559440559,0,0,P00035,P00035-2024
2023-24,2024,alperen sengun,0.11538461538461539,0.3589743589743589,0.537,0.297,0.693,0.5544871794871795,0.5840345438441099,29,2,P00036,P00036-2024
2023-24,2024,amari bailey,0.3333333333333333,0.2916666666666667,0.33299999999999996,0.125,0.857,0.3541666666666667,0.42466765140324964,0,0,P00037,P00037-2024
2023-24,2024,amen thompson,0.125,0.3472222222222222,0.536,0.138,0.684,0.548611111111111,0.572289156626506,13,1,P00039,P00039-2024
2023-24,2024,amir coffey,0.52,0.2,0.47200000000000003,0.38,0.8590000000000001,0.58,0.6066176470588235,1,0,P00040,P00040-2024
2023-24,2024,andre drummond,0.0,0.45901639344262296,0.556,0.0,0.5920000000000001,0.5573770491803278,0.5728314238952538,18,0,P00042,P00042-2024
2023-24,2024,andre jackson jr,0.4444444444444444,0.1111111111111111,0.5,0.37,0.727,0.5833333333333333,0.5826271186440678,1,0,P00044,P00044-2024
2023-24,2024,andrew nembhard,0.3246753246753247,0.1038961038961039,0.498,0.35700000000000004,0.804,0.551948051948052,0.5712866368604073,1,0,P00045,P00045-2024
2023-24,2024,andrew wiggins,0.32727272727272727,0.24545454545454548,0.45299999999999996,0.358,0.7509999999999999,0.5136363636363636,0.5415162454873647,3,0,P00046,P00046-2024
2023-24,2024,anfernee simons,0.4835164835164836,0.2142857142857143,0.43,0.385,0.9159999999999999,0.521978021978022,0.5673830086362724,3,0,P00047,P00047-2024
2023-24,2024,anthony black,0.38888888888888884,0.3333333333333333,0.466,0.39399999999999996,0.613,0.5416666666666667,0.5571705426356589,0,0,P00048,P00048-2024
2023-24,2024,anthony davis,0.08284023668639054,0.40236686390532544,0.556,0.271,0.816,0.5680473372781066,0.6208526040619345,64,2,P00049,P00049-2024
2023-24,2024,anthony edwards,0.34010152284263967,0.32487309644670054,0.461,0.35700000000000004,0.836,0.5228426395939086,0.5751465624444839,9,0,P00050,P00050-2024
2023-24,2024,anthony gill,0.25,0.21875,0.469,0.244,0.8059999999999999,0.5,0.5416191562143672,0,0,P00051,P00051-2024
2023-24,2024,armoni brooks,0.6956521739130435,0.043478260869565216,0.326,0.344,0.5,0.44565217391304346,0.44795221843003413,0,0,P00057,P00057-2024
2023-24,2024,ashton hagans,0.35135135135135137,0.24324324324324328,0.408,0.32,0.8240000000000001,0.45945945945945943,0.5126953125,0,0,P00059,P00059-2024
2023-24,2024,ausar thompson,0.23684210526315794,0.25,0.483,0.18600000000000003,0.597,0.5065789473684211,0.5215742057847322,2,0,P00060,P00060-2024
2023-24,2024,austin reaves,0.4434782608695652,0.2869565217391304,0.486,0.36700000000000005,0.853,0.5695652173913044,0.6138048177887584,9,1,P00061,P00061-2024
2023-24,2024,ayo dosunmu,0.41052631578947363,0.14736842105263157,0.501,0.40299999999999997,0.81,0.5789473684210527,0.6030051403716884,1,0,P00064,P00064-2024
2023-24,2024,bam adebayo,0.04195804195804196,0.3846153846153846,0.521,0.35700000000000004,0.755,0.5314685314685315,0.5771531100478469,42,2,P00066,P00066-2024
2023-24,2024,ben sheppard,0.675,0.125,0.39299999999999996,0.314,0.885,0.5125000000000001,0.5213270142180095,0,0,P00070,P00070-2024
2023-24,2024,ben simmons,0.0,0.20408163265306123,0.581,0.0,0.4,0.5918367346938775,0.5711610486891386,3,0,P00071,P00071-2024
2023-24,2024,bennedict mathurin,0.32142857142857145,0.3392857142857143,0.446,0.374,0.821,0.5089285714285715,0.5632380360472343,3,0,P00072,P00072-2024
2023-24,2024,bilal coulibaly,0.4202898550724637,0.30434782608695654,0.435,0.34600000000000003,0.7020000000000001,0.5072463768115941,0.5368098159509203,1,0,P00074,P00074-2024
2023-24,2024,bismack biyombo,0.0,0.42424242424242425,0.565,0.0,0.48100000000000004,0.5757575757575758,0.5617977528089888,2,0,P00075,P00075-2024
2023-24,2024,blake wesley,0.2571428571428571,0.37142857142857144,0.474,0.218,0.667,0.5142857142857142,0.5402750491159136,0,0,P00078,P00078-2024
2023-24,2024,boban marjanovic,0.04166666666666667,0.41666666666666663,0.529,0.0,0.643,0.5416666666666666,0.5633802816901409,0,0,P00079,P00079-2024
2023-24,2024,bobby portis,0.26785714285714285,0.13392857142857142,0.508,0.40700000000000003,0.79,0.5625,0.5817875210792581,17,0,P00080,P00080-2024
2023-24,2024,bogdan bogdanovic,0.5827338129496402,0.15107913669064746,0.428,0.374,0.9209999999999999,0.539568345323741,0.5700215866162978,1,0,P00082,P00082-2024
2023-24,2024,bojan bogdanovic,0.49579831932773105,0.2184873949579832,0.45399999999999996,0.39799999999999996,0.785,0.5504201680672268,0.5826433609322293,1,0,P00083,P00083-2024
2023-24,2024,bol bol,0.34285714285714286,0.11428571428571428,0.616,0.423,0.789,0.7000000000000001,0.707290533188248,1,0,P00084,P00084-2024
2023-24,2024,bones hyland,0.5294117647058825,0.08823529411764706,0.386,0.326,0.7829999999999999,0.4705882352941177,0.488391845979615,1,0,P00085,P00085-2024
2023-24,2024,bradley beal,0.3165467625899281,0.17985611510791366,0.513,0.43,0.813,0.579136690647482,0.6066666666666666,3,0,P00087,P00087-2024
2023-24,2024,brandin podziemski,0.39506172839506176,0.1358024691358025,0.45399999999999996,0.385,0.633,0.5308641975308642,0.5358807082945014,7,0,P00089,P00089-2024
2023-24,2024,brandon boston,0.32,0.2,0.40399999999999997,0.26899999999999996,0.6970000000000001,0.44000000000000006,0.4779411764705882,0,0,P00090,P00090-2024
2023-24,2024,brandon clarke,0.1020408163265306,0.12244897959183672,0.5589999999999999,0.16699999999999998,0.14300000000000002,0.5714285714285714,0.5470565453137104,0,0,P00091,P00091-2024
2023-24,2024,brandon ingram,0.23899371069182387,0.3018867924528302,0.49200000000000005,0.355,0.8009999999999999,0.5314465408805031,0.5773928492116367,3,1,P00093,P00093-2024
2023-24,2024,brandon miller,0.45890410958904115,0.15753424657534248,0.44,0.373,0.8270000000000001,0.5239726027397261,0.554060978734307,1,0,P00095,P00095-2024
2023-24,2024,brandon williams,0.28125,0.31249999999999994,0.37,0.2,0.647,0.40624999999999994,0.43956043956043955,0,0,P00096,P00096-2024
2023-24,2024,braxton key,0.3333333333333333,0.4444444444444444,0.41200000000000003,0.4,0.75,0.5,0.5111524163568774,0,0,P00097,P00097-2024
2023-24,2024,brice sensabaugh,0.5294117647058824,0.1911764705882353,0.39,0.29600000000000004,0.902,0.47794117647058826,0.5086814975583288,1,0,P00098,P00098-2024
2023-24,2024,brook lopez,0.53125,0.17708333333333331,0.485,0.366,0.821,0.578125,0.6039814456899885,5,0,P00101,P00101-2024
2023-24,2024,bruce brown,0.27586206896551724,0.24137931034482762,0.478,0.32299999999999995,0.8240000000000001,0.5172413793103449,0.5610972568578554,2,0,P00103,P00103-2024
2023-24,2024,bruno fernando,0.023809523809523808,0.5,0.583,0.0,0.667,0.5714285714285714,0.6147540983606558,0,0,P00104,P00104-2024
2023-24,2024,bryce mcgowens,0.4358974358974359,0.358974358974359,0.439,0.33299999999999996,0.7759999999999999,0.5128205128205129,0.5646589902568644,0,0,P00105,P00105-2024
2023-24,2024,buddy boeheim,0.8620689655172413,0.3448275862068966,0.31,0.32,0.8,0.4482758620689655,0.5089820359281437,0,0,P00108,P00108-2024
2023-24,2024,buddy hield,0.6732673267326732,0.0693069306930693,0.436,0.386,0.8809999999999999,0.5643564356435644,0.5812836279784781,1,0,P00109,P00109-2024
2023-24,2024,cj mccollum,0.525,0.13125,0.45899999999999996,0.429,0.8270000000000001,0.56875,0.590876861262113,2,0,P00112,P00112-2024
2023-24,2024,cade cunningham,0.28723404255319146,0.23404255319148934,0.449,0.355,0.8690000000000001,0.5026595744680851,0.5473572530864197,14,0,P00113,P00113-2024
2023-24,2024,caleb houstan,0.9428571428571428,0.1142857142857143,0.38799999999999996,0.373,0.8079999999999999,0.5714285714285714,0.5848748639825897,0,0,P00114,P00114-2024
2023-24,2024,caleb martin,0.4137931034482759,0.1724137931034483,0.431,0.349,0.778,0.5114942528735633,0.5341880341880342,2,0,P00116,P00116-2024
2023-24,2024,cam reddish,0.4693877551020407,0.22448979591836735,0.389,0.336,0.759,0.4693877551020407,0.5014858841010402,0,0,P00119,P00119-2024
2023-24,2024,cam thomas,0.3333333333333333,0.2833333333333333,0.442,0.364,0.856,0.5055555555555555,0.555720213396562,0,0,P00121,P00121-2024
2023-24,2024,cam whitmore,0.47474747474747475,0.2424242424242424,0.45399999999999996,0.359,0.679,0.5404040404040403,0.5613362541073385,1,0,P00122,P00122-2024
2023-24,2024,cameron johnson,0.5700934579439253,0.17757009345794394,0.446,0.391,0.789,0.5607476635514019,0.5807905686546465,1,0,P00123,P00123-2024
2023-24,2024,cameron payne,0.5483870967741935,0.14516129032258066,0.43200000000000005,0.39,0.866,0.5403225806451613,0.5609460278956944,1,0,P00125,P00125-2024
2023-24,2024,caris levert,0.4049586776859505,0.24793388429752067,0.42100000000000004,0.325,0.7659999999999999,0.4876033057851239,0.5216095380029807,6,0,P00126,P00126-2024
2023-24,2024,cason wallace,0.537037037037037,0.09259259259259259,0.491,0.419,0.784,0.5925925925925927,0.6049822064056939,0,0,P00131,P00131-2024
2023-24,2024,cedi osman,0.5849056603773586,0.1320754716981132,0.479,0.389,0.6729999999999999,0.6037735849056605,0.6062767475035664,0,0,P00134,P00134-2024
2023-24,2024,charles bassey,0.04761904761904762,0.14285714285714288,0.725,0.0,0.833,0.7142857142857143,0.7392473118279569,0,0,P00139,P00139-2024
2023-24,2024,charlie brown jr,0.6923076923076923,0.0,0.2,0.28600000000000003,0.0,0.3461538461538461,0.3076923076923077,0,0,P00140,P00140-2024
2023-24,2024,chet holmgren,0.37068965517241376,0.2931034482758621,0.53,0.37,0.7929999999999999,0.6034482758620691,0.6299633475870495,23,0,P00144,P00144-2024
2023-24,2024,chimezie metu,0.375,0.2708333333333333,0.504,0.298,0.9059999999999999,0.5520833333333333,0.6049888309754282,1,0,P00146,P00146-2024
2023-24,2024,chris boucher,0.4418604651162791,0.4186046511627907,0.507,0.33,0.772,0.5813953488372093,0.6284367635506677,0,0,P00147,P00147-2024
2023-24,2024,chris duarte,0.6111111111111112,0.16666666666666666,0.381,0.34600000000000003,0.7879999999999999,0.4861111111111111,0.5046583850931677,0,0,P00149,P00149-2024
2023-24,2024,chris livingston,0.2,0.2,0.5,0.2,0.75,0.5,0.5514705882352942,0,0,P00150,P00150-2024
2023-24,2024,chris paul,0.44444444444444453,0.11111111111111113,0.441,0.371,0.8270000000000001,0.5246913580246914,0.5414312617702448,5,0,P00152,P00152-2024
2023-24,2024,christian braun,0.3389830508474576,0.27118644067796616,0.46,0.384,0.6940000000000001,0.5254237288135594,0.5526953361599031,2,0,P00155,P00155-2024
2023-24,2024,christian wood,0.43396226415094336,0.3584905660377358,0.466,0.307,0.7020000000000001,0.5377358490566038,0.5622555410691004,2,0,P00157,P00157-2024
2023-24,2024,chuma okeke,0.7083333333333333,0.04166666666666667,0.35700000000000004,0.28,0.5710000000000001,0.47916666666666674,0.4705400981996727,0,0,P00158,P00158-2024
2023-24,2024,clint capela,0.0,0.3294117647058823,0.5710000000000001,0.0,0.631,0.5647058823529412,0.5908343608713522,38,0,P00159,P00159-2024
2023-24,2024,coby white,0.45751633986928103,0.2156862745098039,0.447,0.376,0.838,0.5294117647058824,0.5700811843361986,5,0,P00160,P00160-2024
2023-24,2024,cody martin,0.4025974025974026,0.15584415584415587,0.381,0.314,0.606,0.4415584415584416,0.4557608167233836,1,0,P00161,P00161-2024
2023-24,2024,cody zeller,0.07142857142857142,0.6428571428571429,0.419,0.33299999999999996,0.605,0.4285714285714286,0.5011135857461025,0,0,P00163,P00163-2024
2023-24,2024,colby jones,0.2916666666666667,0.16666666666666666,0.39399999999999996,0.091,0.545,0.3958333333333333,0.4076086956521739,0,0,P00164,P00164-2024
2023-24,2024,cole anthony,0.36170212765957444,0.2872340425531915,0.435,0.33799999999999997,0.826,0.49468085106382975,0.5477899508877976,3,0,P00165,P00165-2024
2023-24,2024,cole swider,0.8095238095238094,0.047619047619047616,0.395,0.33299999999999996,1.0,0.5238095238095237,0.5363805970149252,0,0,P00166,P00166-2024
2023-24,2024,colin castleton,0.0,0.4,0.563,0.0,1.0,0.6,0.6377551020408163,0,0,P00167,P00167-2024
2023-24,2024,collin gillespie,0.5517241379310346,0.1724137931034483,0.46399999999999997,0.395,0.667,0.5517241379310346,0.576923076923077,0,0,P00168,P00168-2024
2023-24,2024,collin sexton,0.3157894736842105,0.3533834586466165,0.48700000000000004,0.39399999999999996,0.8590000000000001,0.5488721804511277,0.6084070796460176,4,0,P00170,P00170-2024
2023-24,2024,corey kispert,0.6060606060606061,0.20202020202020202,0.486,0.38299999999999995,0.726,0.601010101010101,0.6215213358070502,1,0,P00172,P00172-2024
2023-24,2024,cory joseph,0.64,0.12,0.359,0.31,0.5710000000000001,0.46,0.4559270516717325,0,0,P00174,P00174-2024
2023-24,2024,craig porter jr,0.15555555555555553,0.24444444444444446,0.509,0.353,0.732,0.5333333333333333,0.5617977528089887,0,0,P00175,P00175-2024
2023-24,2024,d angelo russell,0.5070422535211268,0.176056338028169,0.456,0.415,0.828,0.5633802816901409,0.5882352941176471,10,0,P00178,P00178-2024
2023-24,2024,d moi hodge,0.8095238095238095,0.14285714285714285,0.33299999999999996,0.25,0.5,0.42857142857142855,0.44802867383512546,0,0,P00179,P00179-2024
2023-24,2024,d j carton,0.5,0.65,0.375,0.25,0.8,0.47500000000000003,0.5443234836702955,0,0,P00181,P00181-2024
2023-24,2024,d j wilson,0.3333333333333333,0.0,0.667,1.0,0.0,0.8333333333333334,0.8333333333333334,0,0,P00182,P00182-2024
2023-24,2024,daquan jeffries,0.6,0.1,0.353,0.2,0.0,0.45,0.3831417624521073,0,0,P00183,P00183-2024
2023-24,2024,daishen nix,0.6875,0.25,0.375,0.353,0.5,0.5,0.5067567567567568,0,0,P00186,P00186-2024
2023-24,2024,dalano banton,0.3978494623655914,0.23655913978494625,0.40399999999999997,0.29600000000000004,0.7829999999999999,0.45698924731182794,0.5015582391897155,2,0,P00188,P00188-2024
2023-24,2024,dalen terry,0.48148148148148145,0.25925925925925924,0.439,0.23,0.581,0.4999999999999999,0.5152925531914894,0,0,P00189,P00189-2024
2023-24,2024,damian jones,0.22222222222222224,0.2777777777777778,0.597,0.214,0.857,0.638888888888889,0.6683168316831684,0,0,P00191,P00191-2024
2023-24,2024,damian lillard,0.4857142857142857,0.4,0.424,0.354,0.92,0.5085714285714286,0.5903790087463557,12,0,P00192,P00192-2024
2023-24,2024,daniel gafford,0.0,0.3692307692307692,0.725,0.0,0.674,0.7230769230769231,0.7278983589200635,15,0,P00196,P00196-2024
2023-24,2024,daniel theis,0.24489795918367346,0.16326530612244897,0.532,0.366,0.76,0.5714285714285714,0.5997715156130997,1,0,P00198,P00198-2024
2023-24,2024,danilo gallinari,0.48717948717948717,0.5128205128205129,0.43700000000000006,0.32299999999999995,0.857,0.5128205128205129,0.5962343096234309,0,0,P00199,P00199-2024
2023-24,2024,dante exum,0.36363636363636365,0.21818181818181817,0.5329999999999999,0.491,0.779,0.6181818181818182,0.6469807564698076,0,0,P00203,P00203-2024
2023-24,2024,danuel house jr,0.48387096774193544,0.4516129032258064,0.44799999999999995,0.3,0.7609999999999999,0.5161290322580644,0.5651237890204521,0,0,P00204,P00204-2024
2023-24,2024,dario saric,0.5081967213114754,0.24590163934426232,0.466,0.376,0.8490000000000001,0.5573770491803279,0.591715976331361,2,0,P00205,P00205-2024
2023-24,2024,dariq whitehead,0.6,0.4,0.2,0.0,0.5,0.2,0.25510204081632654,0,0,P00206,P00206-2024
2023-24,2024,darius bazley,0.2727272727272727,0.393939393939394,0.6,0.25,0.833,0.6363636363636364,0.684400826446281,0,0,P00207,P00207-2024
2023-24,2024,darius garland,0.41891891891891897,0.20945945945945948,0.446,0.371,0.8340000000000001,0.5236486486486487,0.5567928730512249,6,0,P00209,P00209-2024
2023-24,2024,david duke jr,0.3333333333333333,0.17777777777777778,0.556,0.5,1.0,0.6444444444444444,0.6698268755152514,0,0,P00211,P00211-2024
2023-24,2024,david roddy,0.3968253968253968,0.15873015873015872,0.40299999999999997,0.293,0.691,0.4523809523809524,0.4821958456973294,0,0,P00214,P00214-2024
2023-24,2024,davion mitchell,0.48888888888888893,0.13333333333333333,0.452,0.361,0.7140000000000001,0.5333333333333333,0.556255247691016,0,0,P00215,P00215-2024
2023-24,2024,davis bertans,0.8703703703703702,0.14814814814814814,0.39299999999999996,0.38,0.909,0.5555555555555555,0.5824061196105702,0,0,P00216,P00216-2024
2023-24,2024,day ron sharpe,0.04166666666666667,0.41666666666666663,0.5710000000000001,0.267,0.61,0.59375,0.5985915492957746,6,0,P00218,P00218-2024
2023-24,2024,de aaron fox,0.37320574162679426,0.27272727272727276,0.465,0.369,0.738,0.5334928229665071,0.5681818181818182,6,0,P00219,P00219-2024
2023-24,2024,de andre hunter,0.4568965517241379,0.2931034482758621,0.45899999999999996,0.385,0.847,0.5474137931034483,0.5956017104459377,3,0,P00220,P00220-2024
2023-24,2024,de anthony melton,0.5894736842105263,0.22105263157894736,0.386,0.36,0.835,0.49473684210526314,0.5324251726784344,0,0,P00221,P00221-2024
2023-24,2024,deandre jordan,0.0,0.5769230769230769,0.624,0.0,0.491,0.6153846153846153,0.598159509202454,1,0,P00222,P00222-2024
2023-24,2024,dejon jarreau,0.25,0.21428571428571427,0.34,0.308,0.455,0.375,0.39164490861618795,0,0,P00224,P00224-2024
2023-24,2024,demar derozan,0.1627906976744186,0.44767441860465124,0.48,0.33299999999999996,0.853,0.502906976744186,0.5828638041577618,7,0,P00225,P00225-2024
2023-24,2024,dean wade,0.8604651162790699,0.11627906976744187,0.414,0.391,0.769,0.5930232558139534,0.5973451327433629,0,0,P00227,P00227-2024
2023-24,2024,deandre ayton,0.014705882352941176,0.10294117647058823,0.57,0.1,0.823,0.5735294117647058,0.5873663477771525,32,0,P00228,P00228-2024
2023-24,2024,dejounte murray,0.37765957446808507,0.18085106382978722,0.45899999999999996,0.363,0.794,0.526595744680851,0.5542964130863224,20,1,P00230,P00230-2024
2023-24,2024,delon wright,0.35,0.25,0.39399999999999996,0.368,0.8220000000000001,0.4625,0.5067567567567567,0,0,P00231,P00231-2024
2023-24,2024,deni avdija,0.2897196261682243,0.3364485981308411,0.506,0.374,0.74,0.5607476635514018,0.5983393031585803,18,0,P00232,P00232-2024
2023-24,2024,dennis schroder,0.39655172413793105,0.23275862068965517,0.435,0.375,0.836,0.5043103448275862,0.5473881764153894,8,0,P00233,P00233-2024
2023-24,2024,dennis smith jr,0.31666666666666665,0.16666666666666666,0.435,0.294,0.741,0.48333333333333334,0.5124223602484472,3,0,P00234,P00234-2024
2023-24,2024,dereck lively ii,0.0,0.2777777777777778,0.747,0.0,0.506,0.7407407407407407,0.7260726072607261,8,0,P00236,P00236-2024
2023-24,2024,dereon seabron,0.13636363636363633,0.45454545454545453,0.308,0.5,0.833,0.36363636363636354,0.43560606060606055,0,0,P00237,P00237-2024
2023-24,2024,derrick jones jr,0.4769230769230769,0.27692307692307694,0.483,0.34299999999999997,0.713,0.5615384615384615,0.589687328579265,2,0,P00240,P00240-2024
2023-24,2024,derrick rose,0.24637681159420285,0.15942028985507245,0.461,0.366,0.889,0.5072463768115942,0.541711809317443,0,0,P00241,P00241-2024
2023-24,2024,derrick white,0.591304347826087,0.1826086956521739,0.461,0.396,0.9009999999999999,0.5782608695652174,0.6117192530585962,5,1,P00243,P00243-2024
2023-24,2024,desmond bane,0.46486486486486484,0.2054054054054054,0.46399999999999997,0.381,0.87,0.5540540540540541,0.5874479476502081,3,0,P00244,P00244-2024
2023-24,2024,devin booker,0.3177083333333333,0.34895833333333337,0.49200000000000005,0.364,0.8859999999999999,0.546875,0.6117933899223408,13,0,P00245,P00245-2024
2023-24,2024,devin vassell,0.4258064516129032,0.1935483870967742,0.47200000000000003,0.37200000000000005,0.8009999999999999,0.5483870967741935,0.5796670630202141,0,0,P00248,P00248-2024
2023-24,2024,devonte graham,0.7659574468085105,0.14893617021276592,0.35200000000000004,0.301,0.813,0.4787234042553191,0.4992012779552715,0,0,P00251,P00251-2024
2023-24,2024,dexter dennis,0.4166666666666667,0.16666666666666669,0.526,0.125,0.33299999999999996,0.5520833333333334,0.5337732919254659,0,0,P00253,P00253-2024
2023-24,2024,dillon brooks,0.4766355140186916,0.18691588785046728,0.428,0.359,0.8440000000000001,0.5140186915887851,0.5483592400690847,1,0,P00255,P00255-2024
2023-24,2024,domantas sabonis,0.08461538461538462,0.3923076923076923,0.594,0.379,0.7040000000000001,0.6076923076923076,0.6363159275780634,77,26,P00257,P00257-2024
2023-24,2024,dominick barlow,0.08823529411764706,0.38235294117647056,0.496,0.33299999999999996,0.69,0.5147058823529411,0.5538771399798591,0,0,P00258,P00258-2024
2023-24,2024,donovan mitchell,0.45454545454545453,0.29292929292929293,0.462,0.368,0.865,0.5429292929292929,0.595025053686471,6,0,P00260,P00260-2024
2023-24,2024,donte divincenzo,0.7016129032258064,0.11290322580645161,0.44299999999999995,0.401,0.754,0.5846774193548387,0.5954210202827289,0,0,P00262,P00262-2024
2023-24,2024,dorian finney smith,0.6533333333333334,0.09333333333333332,0.42100000000000004,0.348,0.7170000000000001,0.54,0.544313524590164,0,0,P00263,P00263-2024
2023-24,2024,doug mcdermott,0.8181818181818181,0.06818181818181818,0.433,0.41,0.579,0.6022727272727272,0.6067961165048543,0,0,P00264,P00264-2024
2023-24,2024,draymond green,0.338235294117647,0.19117647058823528,0.49700000000000005,0.395,0.73,0.5661764705882353,0.5832881172002171,10,1,P00266,P00266-2024
2023-24,2024,drew eubanks,0.0,0.35294117647058826,0.601,1.0,0.774,0.5882352941176471,0.6491853360488797,0,0,P00267,P00267-2024
2023-24,2024,drew peterson,0.85,0.0,0.667,0.6,0.0,0.9,0.9250000000000002,0,0,P00268,P00268-2024
2023-24,2024,dru smith,0.5135135135135134,0.05405405405405405,0.455,0.41200000000000003,1.0,0.5675675675675674,0.5675818373812036,0,0,P00270,P00270-2024
2023-24,2024,duncan robinson,0.7070707070707071,0.13131313131313133,0.45,0.395,0.889,0.5959595959595959,0.6159281894576013,0,0,P00272,P00272-2024
2023-24,2024,duop reath,0.4931506849315069,0.1917808219178082,0.461,0.359,0.742,0.5547945205479452,0.5747852450732692,1,0,P00273,P00273-2024
2023-24,2024,dwight powell,0.0,0.8235294117647058,0.679,0.33299999999999996,0.708,0.6470588235294119,0.7124352331606217,1,0,P00275,P00275-2024
2023-24,2024,dylan windler,0.888888888888889,0.0,0.5,0.48100000000000004,0.0,0.7222222222222222,0.6944444444444444,0,0,P00278,P00278-2024
2023-24,2024,dyson daniels,0.4313725490196079,0.17647058823529413,0.447,0.311,0.642,0.5196078431372548,0.5276564774381369,1,0,P00279,P00279-2024
2023-24,2024,e j liddell,0.7499999999999999,0.37499999999999994,0.16699999999999998,0.0,1.0,0.125,0.26824034334763946,0,0,P00280,P00280-2024
2023-24,2024,emoni bates,0.6666666666666666,0.09090909090909091,0.306,0.303,0.25,0.4090909090909091,0.3933566433566434,0,0,P00289,P00289-2024
2023-24,2024,eric gordon,0.6373626373626373,0.09890109890109891,0.44299999999999995,0.37799999999999995,0.797,0.5604395604395604,0.5791912384161753,0,0,P00293,P00293-2024
2023-24,2024,eugene omoruyi,0.2820512820512821,0.2820512820512821,0.485,0.28300000000000003,0.653,0.5256410256410257,0.5474452554744526,1,0,P00296,P00296-2024
2023-24,2024,evan fournier,0.5942028985507245,0.15942028985507248,0.35700000000000004,0.254,0.8059999999999999,0.43478260869565216,0.46722643553629467,0,0,P00297,P00297-2024
2023-24,2024,evan mobley,0.10810810810810811,0.3063063063063063,0.579,0.373,0.7190000000000001,0.5945945945945946,0.6232137186408384,22,0,P00298,P00298-2024
2023-24,2024,filip petrusev,0.0,1.0,0.5,0.0,0.5,0.4285714285714286,0.4960317460317461,0,0,P00300,P00300-2024
2023-24,2024,frank ntilikina,0.8888888888888888,0.2222222222222222,0.111,0.125,1.0,0.16666666666666666,0.25303643724696356,0,0,P00303,P00303-2024
2023-24,2024,franz wagner,0.3026315789473685,0.2894736842105264,0.48200000000000004,0.281,0.85,0.5230263157894738,0.574813258636788,0,0,P00304,P00304-2024
2023-24,2024,fred vanvleet,0.5755395683453237,0.22302158273381295,0.41600000000000004,0.387,0.86,0.5287769784172661,0.5699685534591195,20,0,P00305,P00305-2024
2023-24,2024,furkan korkmaz,0.5,0.2727272727272727,0.395,0.35,0.7,0.5,0.5073051948051949,0,0,P00307,P00307-2024
2023-24,2024,gg jackson,0.5128205128205129,0.2735042735042736,0.428,0.35700000000000004,0.752,0.5170940170940171,0.5569118095819346,2,0,P00308,P00308-2024
2023-24,2024,gabe vincent,0.5555555555555556,0.044444444444444446,0.306,0.107,0.5,0.3444444444444444,0.33783783783783783,0,0,P00309,P00309-2024
2023-24,2024,garrett temple,0.5172413793103449,0.2758620689655173,0.37200000000000005,0.3,0.818,0.4482758620689655,0.507380073800738,0,0,P00313,P00313-2024
2023-24,2024,garrison mathews,0.8529411764705882,0.17647058823529413,0.456,0.44,0.81,0.6617647058823529,0.6686681222707423,0,0,P00314,P00314-2024
2023-24,2024,gary harris,0.6909090909090909,0.14545454545454548,0.441,0.371,0.7559999999999999,0.5636363636363636,0.589542036910458,0,0,P00316,P00316-2024
2023-24,2024,gary payton ii,0.30952380952380953,0.11904761904761904,0.563,0.364,0.609,0.6071428571428571,0.6221719457013574,0,0,P00317,P00317-2024
2023-24,2024,gary trent jr,0.5378151260504203,0.11764705882352941,0.426,0.39299999999999996,0.7709999999999999,0.5336134453781513,0.5472994566954298,1,0,P00318,P00318-2024
2023-24,2024,georges niang,0.6233766233766234,0.09090909090909091,0.449,0.376,0.85,0.5714285714285715,0.586913086913087,0,0,P00321,P00321-2024
2023-24,2024,giannis antetokounmpo,0.09042553191489361,0.5691489361702127,0.611,0.27399999999999997,0.657,0.625,0.6465883954398501,57,10,P00323,P00323-2024
2023-24,2024,goga bitadze,0.05882352941176471,0.411764705882353,0.603,0.14300000000000002,0.655,0.5882352941176471,0.6225099601593626,5,0,P00324,P00324-2024
2023-24,2024,gordon hayward,0.22784810126582275,0.30379746835443033,0.46399999999999997,0.41100000000000003,0.742,0.5126582278481012,0.547119249665029,0,0,P00326,P00326-2024
2023-24,2024,gradey dick,0.5405405405405406,0.12162162162162163,0.425,0.365,0.863,0.5337837837837838,0.5451513596716265,0,0,P00328,P00328-2024
2023-24,2024,grant williams,0.55,0.225,0.456,0.375,0.757,0.55625,0.5857597816196543,2,0,P00330,P00330-2024
2023-24,2024,grayson allen,0.6483516483516484,0.21978021978021978,0.499,0.461,0.878,0.6428571428571429,0.6763527054108216,1,0,P00331,P00331-2024
2023-24,2024,greg brown iii,0.27777777777777773,0.8333333333333333,0.455,0.33299999999999996,0.444,0.5,0.5081300813008129,0,0,P00332,P00332-2024
2023-24,2024,gui santos,0.5,0.29166666666666663,0.509,0.37,0.941,0.5833333333333333,0.6646971935007386,0,0,P00335,P00335-2024
2023-24,2024,hamidou diallo,0.0,0.0,0.5,0.0,0.0,0.5,0.5,0,0,P00336,P00336-2024
2023-24,2024,harrison barnes,0.5280898876404494,0.26966292134831454,0.474,0.387,0.8009999999999999,0.5730337078651685,0.6126958617918843,0,0,P00337,P00337-2024
2023-24,2024,harry giles iii,0.2727272727272727,0.2727272727272727,0.46,0.214,0.5379999999999999,0.47727272727272724,0.487012987012987,0,0,P00339,P00339-2024
2023-24,2024,haywood highsmith,0.5800000000000001,0.1,0.465,0.396,0.639,0.58,0.5842911877394635,0,0,P00343,P00343-2024
2023-24,2024,henri drell,0.6,0.2,0.4,0.33299999999999996,0.5,0.5,0.5147058823529411,0,0,P00344,P00344-2024
2023-24,2024,herbert jones,0.4675324675324675,0.2727272727272727,0.498,0.418,0.867,0.6038961038961038,0.6377551020408162,0,0,P00345,P00345-2024
2023-24,2024,hunter tyson,0.7272727272727273,0.0,0.4,0.28600000000000003,0.0,0.45454545454545453,0.5,0,0,P00349,P00349-2024
2023-24,2024,ibou badji,0.0,0.5,0.636,0.0,0.5,0.6,0.6147540983606558,0,0,P00350,P00350-2024
2023-24,2024,immanuel quickley,0.4885496183206108,0.2748091603053435,0.434,0.395,0.853,0.5305343511450382,0.5788613456823755,8,0,P00352,P00352-2024
2023-24,2024,isaac okoro,0.4428571428571429,0.2857142857142857,0.49,0.391,0.679,0.5714285714285714,0.5964467005076142,0,0,P00355,P00355-2024
2023-24,2024,isaiah hartenstein,0.0,0.42857142857142855,0.644,0.33299999999999996,0.7070000000000001,0.6326530612244898,0.6696428571428571,10,0,P00358,P00358-2024
2023-24,2024,isaiah jackson,0.02564102564102564,0.4358974358974359,0.665,0.0,0.716,0.6666666666666666,0.6884681583476764,4,0,P00359,P00359-2024
2023-24,2024,isaiah joe,0.7258064516129031,0.1129032258064516,0.45799999999999996,0.41600000000000004,0.865,0.6048387096774194,0.6299938537185001,0,0,P00360,P00360-2024
2023-24,2024,isaiah livers,0.6599999999999999,0.16000000000000003,0.345,0.28600000000000003,0.667,0.44,0.4671150971599402,0,0,P00361,P00361-2024
2023-24,2024,isaiah mobley,0.4166666666666667,0.041666666666666664,0.41700000000000004,0.3,0.0,0.4791666666666667,0.47054009819967263,0,0,P00362,P00362-2024
2023-24,2024,isaiah stewart,0.45783132530120474,0.21686746987951805,0.48700000000000004,0.38299999999999995,0.753,0.572289156626506,0.5994280686317642,5,0,P00365,P00365-2024
2023-24,2024,isaiah thomas,0.4117647058823529,0.0,0.3,0.5,0.0,0.3823529411764706,0.3823529411764707,0,0,P00366,P00366-2024
2023-24,2024,isaiah wong,0.3333333333333333,0.0,0.33299999999999996,0.0,0.0,0.3333333333333333,0.3333333333333333,0,0,P00368,P00368-2024
2023-24,2024,ish smith,0.05405405405405406,0.02702702702702703,0.418,0.5,0.75,0.41891891891891897,0.42735042735042733,0,0,P00369,P00369-2024
2023-24,2024,ish wainright,0.8181818181818181,0.09090909090909091,0.292,0.35,1.0,0.409090909090909,0.4589160839160839,0,0,P00370,P00370-2024
2023-24,2024,ivica zubac,0.0,0.3157894736842105,0.649,0.0,0.723,0.6578947368421053,0.6758317929759704,23,0,P00371,P00371-2024
2023-24,2024,izaiah brockington,0.2,0.0,0.4,0.0,0.0,0.4,0.4,0,0,P00372,P00372-2024
2023-24,2024,jd davison,0.6,0.3333333333333333,0.41700000000000004,0.429,0.75,0.5333333333333333,0.5813953488372093,0,0,P00373,P00373-2024
2023-24,2024,jt thor,0.4482758620689656,0.10344827586206896,0.43700000000000006,0.34600000000000003,0.55,0.5172413793103449,0.5277044854881268,0,0,P00374,P00374-2024
2023-24,2024,ja morant,0.3015873015873016,0.37566137566137564,0.47100000000000003,0.275,0.813,0.5132275132275134,0.5698329095532146,3,0,P00375,P00375-2024
2023-24,2024,javale mcgee,0.06896551724137931,0.3448275862068965,0.598,0.14300000000000002,0.578,0.5862068965517241,0.5988023952095808,0,0,P00378,P00378-2024
2023-24,2024,jabari smith jr,0.45454545454545453,0.2181818181818182,0.45399999999999996,0.363,0.8109999999999999,0.5363636363636364,0.5681818181818182,16,0,P00380,P00380-2024
2023-24,2024,jabari walker,0.2676056338028169,0.3380281690140845,0.46,0.295,0.754,0.5070422535211268,0.5456105934281511,11,0,P00381,P00381-2024
2023-24,2024,jack white,0.625,0.0,0.125,0.2,0.0,0.1875,0.1875,0,0,P00383,P00383-2024
2023-24,2024,jacob gilyard,0.8378378378378378,0.0,0.4,0.405,1.0,0.5675675675675674,0.5675675675675675,0,0,P00385,P00385-2024
2023-24,2024,jacob toppin,0.4,0.2,0.556,0.25,1.0,0.6499999999999999,0.6433823529411765,0,0,P00386,P00386-2024
2023-24,2024,jaden hardy,0.4696969696969698,0.15151515151515152,0.40700000000000003,0.36200000000000004,0.7759999999999999,0.49242424242424254,0.5184659090909091,0,0,P00387,P00387-2024
2023-24,2024,jaden ivey,0.38095238095238093,0.30952380952380953,0.429,0.336,0.7490000000000001,0.49206349206349215,0.5378597373568036,2,0,P00388,P00388-2024
2023-24,2024,jaden mcdaniels,0.40229885057471265,0.12643678160919541,0.489,0.337,0.722,0.5632183908045977,0.5716463414634146,0,0,P00389,P00389-2024
2023-24,2024,jaden springer,0.3333333333333333,0.3,0.39899999999999997,0.20800000000000002,0.833,0.4333333333333333,0.4858657243816254,0,0,P00390,P00390-2024
2023-24,2024,jae crowder,0.6111111111111112,0.12962962962962962,0.42200000000000004,0.349,0.722,0.5370370370370371,0.5430974071478627,0,0,P00391,P00391-2024
2023-24,2024,jae sean tate,0.34285714285714286,0.17142857142857143,0.47200000000000003,0.299,0.667,0.5428571428571428,0.5446333687566419,0,0,P00392,P00392-2024
2023-24,2024,jahmi us ramsey,0.5254237288135593,0.15254237288135591,0.439,0.273,0.833,0.5169491525423727,0.5320838627700126,0,0,P00394,P00394-2024
2023-24,2024,jaime jaquez jr,0.2903225806451613,0.24731182795698925,0.489,0.322,0.8109999999999999,0.532258064516129,0.5769976726144298,1,0,P00397,P00397-2024
2023-24,2024,jake laravia,0.5172413793103449,0.3563218390804598,0.389,0.34,0.826,0.47701149425287354,0.5365659777424483,2,0,P00398,P00398-2024
2023-24,2024,jakob poeltl,0.0,0.27631578947368424,0.6559999999999999,0.0,0.551,0.6578947368421053,0.6511027686532145,20,0,P00400,P00400-2024
2023-24,2024,jalen brunson,0.31775700934579443,0.3037383177570094,0.479,0.401,0.847,0.5443925233644861,0.5915086562242374,9,0,P00402,P00402-2024
2023-24,2024,jalen duren,0.010869565217391306,0.3260869565217392,0.619,0.0,0.79,0.6195652173913044,0.6558935361216731,44,0,P00403,P00403-2024
2023-24,2024,jalen green,0.4567901234567902,0.2654320987654321,0.423,0.332,0.804,0.5030864197530865,0.5416758788414769,7,1,P00404,P00404-2024
2023-24,2024,jalen hood schifino,0.3333333333333333,0.47619047619047616,0.222,0.133,0.6,0.2619047619047619,0.31496062992125984,0,0,P00405,P00405-2024
2023-24,2024,jalen johnson,0.288,0.208,0.511,0.355,0.728,0.5640000000000001,0.5863383172090296,19,1,P00406,P00406-2024
2023-24,2024,jalen mcdaniels,0.3684210526315789,0.18421052631578946,0.344,0.16899999999999998,0.73,0.3684210526315789,0.41382667964946446,0,0,P00407,P00407-2024
2023-24,2024,jalen pickett,0.6923076923076923,0.07692307692307693,0.429,0.36,0.75,0.5769230769230769,0.5952380952380952,0,0,P00408,P00408-2024
2023-24,2024,jalen slawson,0.4000000000000001,0.0,0.667,0.0,0.0,0.6,0.6999999999999998,0,0,P00409,P00409-2024
2023-24,2024,jalen smith,0.36923076923076925,0.26153846153846155,0.5920000000000001,0.424,0.6920000000000001,0.6615384615384614,0.6829470198675497,5,0,P00410,P00410-2024
2023-24,2024,jalen suggs,0.5368421052631579,0.22105263157894736,0.47100000000000003,0.397,0.7559999999999999,0.5789473684210527,0.6043745203376824,0,0,P00411,P00411-2024
2023-24,2024,jalen williams,0.24285714285714285,0.22142857142857142,0.54,0.42700000000000005,0.8140000000000001,0.5892857142857143,0.6215829211142931,3,0,P00412,P00412-2024
2023-24,2024,jalen wilson,0.40476190476190477,0.2619047619047619,0.425,0.324,0.826,0.5000000000000001,0.533731853116994,1,0,P00413,P00413-2024
2023-24,2024,jamal cain,0.39999999999999997,0.30000000000000004,0.43,0.355,0.7829999999999999,0.5000000000000001,0.5447585394581861,0,0,P00414,P00414-2024
2023-24,2024,jamal murray,0.3473053892215569,0.18562874251497008,0.48100000000000004,0.425,0.853,0.5538922155688623,0.5868024800708592,11,0,P00415,P00415-2024
2023-24,2024,jamaree bouyea,0.3225806451612903,0.0,0.35700000000000004,0.111,0.0,0.3709677419354838,0.3709677419354838,0,0,P00417,P00417-2024
2023-24,2024,james bouknight,0.7241379310344828,0.034482758620689655,0.439,0.433,0.5,0.603448275862069,0.6114130434782609,0,0,P00418,P00418-2024
2023-24,2024,james harden,0.5964912280701753,0.4210526315789473,0.428,0.381,0.878,0.543859649122807,0.6142687981053878,23,3,P00420,P00420-2024
2023-24,2024,james johnson,0.18181818181818182,0.18181818181818182,0.3,0.0,1.0,0.2727272727272727,0.3787878787878788,0,0,P00421,P00421-2024
2023-24,2024,james wiseman,0.0,0.33333333333333337,0.613,0.0,0.706,0.625,0.6449854651162791,7,0,P00422,P00422-2024
2023-24,2024,jarace walker,0.5151515151515152,0.09090909090909093,0.409,0.4,0.889,0.5303030303030303,0.5244755244755245,0,0,P00426,P00426-2024
2023-24,2024,jared butler,0.4,0.18,0.488,0.308,0.861,0.56,0.583765752409192,1,0,P00427,P00427-2024
2023-24,2024,jared rhoden,0.46153846153846156,0.12820512820512822,0.5,0.387,0.625,0.576923076923077,0.5946601941747575,0,0,P00430,P00430-2024
2023-24,2024,jaren jackson jr,0.31249999999999994,0.3579545454545454,0.444,0.32,0.8079999999999999,0.4943181818181817,0.5522285489888081,5,0,P00431,P00431-2024
2023-24,2024,jarred vanderbilt,0.23076923076923078,0.3076923076923077,0.518,0.29600000000000004,0.667,0.5512820512820513,0.5871725383920506,0,0,P00432,P00432-2024
2023-24,2024,jarrett allen,0.009433962264150945,0.3867924528301887,0.634,0.0,0.742,0.6320754716981132,0.6651080296678491,42,0,P00434,P00434-2024
2023-24,2024,jason preston,0.14814814814814814,0.0,0.316,0.0,0.0,0.33333333333333326,0.31481481481481477,0,0,P00438,P00438-2024
2023-24,2024,javon freeman liberty,0.3392857142857143,0.28571428571428575,0.444,0.23800000000000002,0.917,0.4910714285714286,0.5552030456852792,0,0,P00439,P00439-2024
2023-24,2024,javonte green,0.3614457831325301,0.1686746987951807,0.6,0.37,0.769,0.6686746987951807,0.6841633019291162,1,0,P00442,P00442-2024
2023-24,2024,jaxson hayes,0.04,0.48,0.72,0.0,0.622,0.72,0.7100396301188904,2,0,P00444,P00444-2024
2023-24,2024,jay huff,0.625,0.125,0.6,0.33299999999999996,1.0,0.75,0.7109004739336493,0,0,P00445,P00445-2024
2023-24,2024,jaylen brown,0.329608938547486,0.24022346368715083,0.499,0.354,0.703,0.5614525139664804,0.5810428455941794,6,1,P00447,P00447-2024
2023-24,2024,jaylen nowell,0.3666666666666667,0.11666666666666667,0.436,0.207,0.778,0.47500000000000003,0.4914394419784401,0,0,P00452,P00452-2024
2023-24,2024,jaylin williams,0.6363636363636365,0.18181818181818182,0.41700000000000004,0.368,0.805,0.5454545454545454,0.5611672278338945,0,0,P00455,P00455-2024
2023-24,2024,jayson tatum,0.4248704663212435,0.3471502590673575,0.47100000000000003,0.376,0.833,0.5518134715025906,0.6045487234807623,25,0,P00458,P00458-2024
2023-24,2024,jeff dowtin jr,0.5333333333333334,0.09999999999999999,0.556,0.474,0.75,0.7,0.6864623243933587,0,0,P00460,P00460-2024
2023-24,2024,jeff green,0.44680851063829785,0.4042553191489361,0.456,0.331,0.8190000000000001,0.5212765957446809,0.5870664739884394,0,0,P00461,P00461-2024
2023-24,2024,jerami grant,0.3248407643312102,0.3694267515923567,0.451,0.402,0.8170000000000001,0.5191082802547771,0.5752794214332676,1,0,P00463,P00463-2024
2023-24,2024,jeremiah robinson earl,0.4166666666666667,0.16666666666666669,0.474,0.33299999999999996,0.75,0.5625,0.562888198757764,0,0,P00465,P00465-2024
2023-24,2024,jeremy sochan,0.29523809523809524,0.18095238095238095,0.43799999999999994,0.308,0.7709999999999999,0.48095238095238096,0.5116443189837685,7,0,P00467,P00467-2024
2023-24,2024,jericho sims,0.0,0.4166666666666667,0.691,0.0,0.667,0.6666666666666666,0.7042253521126761,0,0,P00468,P00468-2024
2023-24,2024,jermaine samuels jr,0.1,0.1,0.643,0.0,1.0,0.6,0.6704980842911877,0,0,P00469,P00469-2024
2023-24,2024,jerome robinson,0.5333333333333333,0.3333333333333333,0.33299999999999996,0.11800000000000001,0.636,0.36666666666666664,0.40697674418604646,0,0,P00470,P00470-2024
2023-24,2024,jett howard,0.823529411764706,0.11764705882352942,0.33299999999999996,0.28,0.5,0.47058823529411764,0.447427293064877,0,0,P00471,P00471-2024
2023-24,2024,jevon carter,0.6470588235294118,0.0196078431372549,0.37799999999999995,0.32899999999999996,0.5710000000000001,0.48039215686274506,0.4860031104199067,1,0,P00472,P00472-2024
2023-24,2024,jimmy butler iii,0.18181818181818182,0.5833333333333334,0.499,0.414,0.858,0.5378787878787878,0.6269592476489029,5,1,P00473,P00473-2024
2023-24,2024,jock landale,0.18918918918918914,0.3243243243243243,0.515,0.25,0.8,0.5405405405405405,0.5794701986754967,1,0,P00475,P00475-2024
2023-24,2024,joe harris,0.7916666666666666,0.04166666666666667,0.359,0.33299999999999996,0.5,0.5,0.4909983633387889,0,0,P00476,P00476-2024
2023-24,2024,joe ingles,0.7272727272727273,0.15151515151515152,0.436,0.435,0.8240000000000001,0.6060606060606061,0.6250000000000001,0,0,P00477,P00477-2024
2023-24,2024,joel embiid,0.1651376146788991,0.5321100917431192,0.529,0.38799999999999996,0.883,0.5596330275229358,0.6448855188819507,30,2,P00481,P00481-2024
2023-24,2024,john collins,0.3090909090909091,0.24545454545454548,0.532,0.371,0.795,0.5863636363636363,0.619461765671152,24,0,P00483,P00483-2024
2023-24,2024,john konchar,0.5789473684210527,0.13157894736842105,0.423,0.317,0.84,0.5131578947368421,0.5348258706467662,1,0,P00484,P00484-2024
2023-24,2024,johnny davis,0.25806451612903225,0.16129032258064516,0.40299999999999997,0.35,0.583,0.43548387096774194,0.45180722891566266,0,0,P00489,P00489-2024
2023-24,2024,johnny juzang,0.7090909090909091,0.12727272727272726,0.46399999999999997,0.41600000000000004,0.7140000000000001,0.6181818181818182,0.6198347107438017,0,0,P00491,P00491-2024
2023-24,2024,jonas valanciunas,0.17045454545454544,0.28409090909090906,0.5589999999999999,0.308,0.785,0.5852272727272727,0.6161616161616161,33,0,P00492,P00492-2024
2023-24,2024,jonathan isaac,0.3877551020408162,0.28571428571428564,0.51,0.375,0.72,0.5816326530612245,0.6163886874546771,0,0,P00493,P00493-2024
2023-24,2024,jonathan kuminga,0.18965517241379312,0.3448275862068966,0.529,0.321,0.746,0.5646551724137931,0.6025449101796407,5,0,P00494,P00494-2024
2023-24,2024,jontay porter,0.575,0.175,0.385,0.33299999999999996,0.833,0.475,0.5106778087279481,0,0,P00496,P00496-2024
2023-24,2024,jordan clarkson,0.3783783783783784,0.25,0.413,0.294,0.8809999999999999,0.46959459459459457,0.5204528853177502,6,1,P00497,P00497-2024
2023-24,2024,jordan ford,0.4166666666666667,0.25,0.5710000000000001,0.667,1.0,0.7083333333333334,0.7507507507507508,0,0,P00498,P00498-2024
2023-24,2024,jordan goodwin,0.3731343283582089,0.14925373134328357,0.369,0.298,0.746,0.42537313432835816,0.45518207282913165,4,0,P00499,P00499-2024
2023-24,2024,jordan hawkins,0.6470588235294118,0.1764705882352941,0.382,0.366,0.838,0.5000000000000001,0.5322052401746725,0,0,P00501,P00501-2024
2023-24,2024,jordan mclaughlin,0.6153846153846154,0.11538461538461539,0.483,0.47200000000000003,0.722,0.6538461538461539,0.6405563689604685,0,0,P00502,P00502-2024
2023-24,2024,jordan miller,0.2727272727272727,0.2727272727272727,0.556,0.5,1.0,0.5909090909090908,0.6493506493506492,0,0,P00503,P00503-2024
2023-24,2024,jordan nwora,0.4310344827586207,0.1724137931034483,0.462,0.336,0.83,0.5344827586206897,0.560897435897436,2,0,P00504,P00504-2024
2023-24,2024,jordan poole,0.4736842105263158,0.18421052631578946,0.413,0.326,0.877,0.493421052631579,0.5294547224926971,4,0,P00505,P00505-2024
2023-24,2024,jordan walsh,0.5882352941176471,0.11764705882352942,0.4,0.222,0.5,0.4705882352941177,0.4753914988814318,0,0,P00507,P00507-2024
2023-24,2024,jose alvarado,0.5967741935483871,0.14516129032258066,0.41200000000000003,0.377,0.6729999999999999,0.5161290322580645,0.5382049727107338,0,0,P00508,P00508-2024
2023-24,2024,josh giddey,0.2830188679245283,0.1509433962264151,0.475,0.337,0.8059999999999999,0.5188679245283019,0.5440552016985137,10,3,P00510,P00510-2024
2023-24,2024,josh green,0.5,0.15151515151515152,0.479,0.385,0.684,0.5681818181818182,0.5823863636363636,0,0,P00511,P00511-2024
2023-24,2024,josh hart,0.38095238095238093,0.16666666666666666,0.434,0.31,0.7909999999999999,0.48809523809523814,0.5212954747116239,21,6,P00512,P00512-2024
2023-24,2024,josh minott,0.2727272727272727,0.36363636363636365,0.47200000000000003,0.4,0.857,0.5,0.6269592476489029,0,0,P00514,P00514-2024
2023-24,2024,josh okogie,0.47058823529411764,0.5,0.41700000000000004,0.309,0.745,0.4852941176470588,0.5544840887174542,0,0,P00516,P00516-2024
2023-24,2024,josh richardson,0.54320987654321,0.16049382716049382,0.444,0.34700000000000003,0.9440000000000001,0.5370370370370371,0.5708025830258302,0,0,P00517,P00517-2024
2023-24,2024,joshua primo,0.3333333333333333,0.0,0.33299999999999996,0.0,0.0,0.3333333333333333,0.3333333333333333,0,0,P00518,P00518-2024
2023-24,2024,jrue holiday,0.47000000000000003,0.1,0.48,0.429,0.833,0.58,0.5986590038314176,7,0,P00519,P00519-2024
2023-24,2024,juan toscano anderson,0.36363636363636365,0.0,0.25,0.25,0.0,0.3181818181818181,0.2727272727272727,0,0,P00520,P00520-2024
2023-24,2024,jules bernard,0.44117647058823534,0.14705882352941177,0.45299999999999996,0.379,0.556,0.5294117647058825,0.5386740331491712,0,0,P00522,P00522-2024
2023-24,2024,julian champagnie,0.6851851851851851,0.2222222222222222,0.408,0.365,0.815,0.5370370370370371,0.573549257759784,0,0,P00523,P00523-2024
2023-24,2024,julian phillips,0.5263157894736842,0.2631578947368421,0.41600000000000004,0.316,0.684,0.5,0.5188679245283019,0,0,P00524,P00524-2024
2023-24,2024,julian strawther,0.6363636363636362,0.13636363636363635,0.369,0.297,0.71,0.4545454545454545,0.482418524871355,0,0,P00526,P00526-2024
2023-24,2024,julius randle,0.29120879120879123,0.3626373626373626,0.47200000000000003,0.311,0.7809999999999999,0.5192307692307693,0.5686125852918879,18,1,P00527,P00527-2024
2023-24,2024,justin champagnie,0.5769230769230769,0.19230769230769232,0.41,0.289,0.8,0.49038461538461536,0.5230496453900709,0,0,P00529,P00529-2024
2023-24,2024,justin holiday,0.6969696969696969,0.03030303030303031,0.45399999999999996,0.40399999999999997,0.75,0.5909090909090909,0.598086124401914,0,0,P00531,P00531-2024
2023-24,2024,justin minaya,0.6363636363636362,0.13636363636363633,0.297,0.245,0.556,0.3636363636363636,0.385934819897084,0,0,P00533,P00533-2024
2023-24,2024,jusuf nurkic,0.14457831325301204,0.4096385542168674,0.51,0.244,0.64,0.5240963855421685,0.5563495304205798,28,0,P00536,P00536-2024
2023-24,2024,kj martin,0.16666666666666666,0.23333333333333334,0.536,0.28600000000000003,0.537,0.55,0.5592503022974608,1,0,P00538,P00538-2024
2023-24,2024,karl anthony towns,0.34640522875816987,0.30718954248366015,0.504,0.41600000000000004,0.873,0.5751633986928104,0.6275909719023492,22,0,P00544,P00544-2024
2023-24,2024,kawhi leonard,0.28654970760233917,0.24561403508771928,0.525,0.41700000000000004,0.885,0.587719298245614,0.6253958201393286,4,1,P00547,P00547-2024
2023-24,2024,keegan murray,0.5196850393700787,0.12598425196850394,0.45399999999999996,0.358,0.831,0.5511811023622047,0.5669949268874962,8,0,P00549,P00549-2024
2023-24,2024,keita bates diop,0.41935483870967744,0.25806451612903225,0.434,0.304,0.762,0.5161290322580644,0.5359212050984936,0,0,P00552,P00552-2024
2023-24,2024,keldon johnson,0.424,0.256,0.45399999999999996,0.34600000000000003,0.792,0.528,0.5644233534656312,9,0,P00555,P00555-2024
2023-24,2024,kelly olynyk,0.31249999999999994,0.35937499999999994,0.555,0.387,0.833,0.6093749999999999,0.6610901241230437,6,0,P00557,P00557-2024
2023-24,2024,kelly oubre jr,0.3720930232558139,0.2635658914728682,0.441,0.311,0.75,0.5,0.5348707974437344,4,0,P00558,P00558-2024
2023-24,2024,kendall brown,0.1,0.5,0.5329999999999999,0.0,0.625,0.5,0.5737704918032787,0,0,P00560,P00560-2024
2023-24,2024,kenneth lofton jr,0.2972972972972973,0.3243243243243243,0.462,0.292,0.654,0.4999999999999999,0.5439924314096499,0,0,P00563,P00563-2024
2023-24,2024,kenrich williams,0.48780487804878053,0.04878048780487806,0.46799999999999997,0.397,0.5,0.5609756097560976,0.561127029608405,0,0,P00564,P00564-2024
2023-24,2024,kentavious caldwell pope,0.5324675324675324,0.1948051948051948,0.46,0.406,0.894,0.5714285714285714,0.604066985645933,0,0,P00566,P00566-2024
2023-24,2024,keon ellis,0.7073170731707317,0.14634146341463414,0.461,0.41700000000000004,0.743,0.6097560975609756,0.618698441796517,0,0,P00567,P00567-2024
2023-24,2024,keon johnson,0.47619047619047616,0.5714285714285714,0.381,0.4,0.917,0.47619047619047616,0.5898021308980212,0,0,P00568,P00568-2024
2023-24,2024,kessler edwards,0.6666666666666666,0.13333333333333333,0.415,0.385,0.556,0.5333333333333333,0.535264483627204,0,0,P00571,P00571-2024
2023-24,2024,kevin durant,0.28272251308900526,0.2931937172774869,0.523,0.413,0.856,0.581151832460733,0.6283620849564089,14,1,P00572,P00572-2024
2023-24,2024,kevin huerter,0.6022727272727272,0.07954545454545453,0.44299999999999995,0.361,0.7659999999999999,0.5511363636363635,0.5599472990777338,2,0,P00573,P00573-2024
2023-24,2024,kevin knox ii,0.5,0.11666666666666667,0.462,0.33,0.909,0.5499999999999999,0.570703868103995,1,0,P00574,P00574-2024
2023-24,2024,kevin love,0.676923076923077,0.3076923076923077,0.44,0.344,0.787,0.5615384615384615,0.5962059620596207,6,0,P00575,P00575-2024
2023-24,2024,kevon harris,0.0,0.0,0.667,0.0,0.0,0.6666666666666666,0.6666666666666666,0,0,P00579,P00579-2024
2023-24,2024,kevon looney,0.0,0.3548387096774194,0.597,0.0,0.675,0.6129032258064516,0.6277901785714286,1,0,P00580,P00580-2024
2023-24,2024,keyontae johnson,0.16666666666666666,0.0,0.313,0.33299999999999996,0.0,0.3611111111111111,0.3333333333333333,0,0,P00581,P00581-2024
2023-24,2024,keyonte george,0.5412844036697247,0.27522935779816515,0.391,0.33399999999999996,0.848,0.48623853211009177,0.5319148936170213,1,0,P00582,P00582-2024
2023-24,2024,khris middleton,0.38461538461538464,0.18803418803418806,0.493,0.381,0.833,0.5683760683760684,0.595989895800442,5,1,P00585,P00585-2024
2023-24,2024,killian hayes,0.26865671641791045,0.17910447761194026,0.413,0.297,0.66,0.45522388059701485,0.4773104593248478,0,0,P00586,P00586-2024
2023-24,2024,kira lewis jr,0.3636363636363637,0.21212121212121213,0.37,0.121,0.85,0.37878787878787884,0.443458980044346,0,0,P00588,P00588-2024
2023-24,2024,klay thompson,0.6122448979591838,0.12244897959183675,0.43200000000000005,0.387,0.927,0.554421768707483,0.5777175316292281,0,0,P00589,P00589-2024
2023-24,2024,kobe brown,0.55,0.0,0.41100000000000003,0.292,0.5,0.47500000000000003,0.5,0,0,P00590,P00590-2024
2023-24,2024,kobe bufkin,0.44444444444444436,0.09259259259259259,0.37,0.225,0.5,0.41666666666666663,0.4270462633451957,0,0,P00591,P00591-2024
2023-24,2024,kobi simmons,0.37735849056603776,0.0,0.429,0.25,0.0,0.4811320754716981,0.4716981132075472,0,0,P00593,P00593-2024
2023-24,2024,kris dunn,0.3617021276595745,0.10638297872340426,0.47,0.369,0.688,0.5319148936170214,0.5487804878048782,1,0,P00596,P00596-2024
2023-24,2024,kris murray,0.5084745762711864,0.15254237288135594,0.396,0.268,0.6609999999999999,0.4576271186440678,0.48443456162642945,1,0,P00597,P00597-2024
2023-24,2024,kristaps porzingis,0.38636363636363635,0.4015151515151515,0.516,0.375,0.858,0.587121212121212,0.6470512490342519,13,0,P00598,P00598-2024
2023-24,2024,kyle anderson,0.10909090909090909,0.309090909090909,0.46,0.22899999999999998,0.708,0.4636363636363636,0.5121638924455826,0,0,P00599,P00599-2024
2023-24,2024,kyle kuzma,0.3404255319148936,0.18085106382978725,0.46299999999999997,0.336,0.775,0.5212765957446809,0.5469057942451715,14,0,P00602,P00602-2024
2023-24,2024,kyle lowry,0.6666666666666666,0.20634920634920634,0.43200000000000005,0.392,0.84,0.5555555555555556,0.5893480791618161,3,0,P00603,P00603-2024
2023-24,2024,kyrie irving,0.37435897435897436,0.18461538461538463,0.49700000000000005,0.41100000000000003,0.905,0.5743589743589743,0.6070954278125593,5,0,P00605,P00605-2024
2023-24,2024,lamelo ball,0.46875,0.24479166666666669,0.433,0.355,0.865,0.515625,0.5618769983073162,7,1,P00609,P00609-2024
2023-24,2024,lamar stevens,0.19047619047619047,0.2222222222222222,0.45,0.304,0.778,0.4761904761904761,0.520532099479468,0,0,P00611,P00611-2024
2023-24,2024,landry shamet,0.5666666666666667,0.16666666666666666,0.431,0.33799999999999997,0.826,0.5333333333333334,0.5512422360248447,0,0,P00613,P00613-2024
2023-24,2024,larry nance jr,0.275,0.25,0.573,0.415,0.77,0.6249999999999999,0.6418918918918919,2,0,P00615,P00615-2024
2023-24,2024,lauri markkanen,0.49382716049382713,0.30864197530864196,0.48,0.39899999999999997,0.899,0.5802469135802469,0.6304347826086957,19,0,P00616,P00616-2024
2023-24,2024,lebron james,0.2849162011173184,0.3184357541899442,0.54,0.41,0.75,0.5949720670391062,0.629655037240298,27,5,P00618,P00618-2024
2023-24,2024,leaky black,0.4,0.3,0.48100000000000004,0.45,0.667,0.575,0.5962897526501767,0,0,P00619,P00619-2024
2023-24,2024,leonard miller,0.25,0.08333333333333334,0.65,0.4,0.5,0.7083333333333335,0.6832797427652733,0,0,P00621,P00621-2024
2023-24,2024,lester quinones,0.631578947368421,0.2105263157894737,0.397,0.364,0.69,0.5131578947368421,0.5298651252408478,0,0,P00622,P00622-2024
2023-24,2024,lindell wigginton,0.4117647058823529,0.4117647058823529,0.4,0.0,1.0,0.4117647058823529,0.4980079681274901,0,0,P00625,P00625-2024
2023-24,2024,lindy waters iii,0.8148148148148149,0.037037037037037035,0.47100000000000003,0.435,1.0,0.6666666666666666,0.6559766763848397,0,0,P00626,P00626-2024
2023-24,2024,lonnie walker iv,0.5529411764705883,0.11764705882352941,0.423,0.384,0.763,0.5294117647058824,0.5425055928411633,0,0,P00627,P00627-2024
2023-24,2024,luguentz dort,0.6024096385542168,0.24096385542168672,0.43799999999999994,0.39399999999999996,0.826,0.5542168674698795,0.593681917211329,0,0,P00632,P00632-2024
2023-24,2024,luka doncic,0.4491525423728814,0.3686440677966102,0.48700000000000004,0.382,0.7859999999999999,0.5741525423728814,0.6179816246171795,49,21,P00633,P00633-2024
2023-24,2024,luka garza,0.43333333333333335,0.3333333333333333,0.48,0.281,0.72,0.5333333333333333,0.5813953488372093,0,0,P00634,P00634-2024
2023-24,2024,luka samanic,0.40540540540540543,0.35135135135135137,0.38,0.203,0.7859999999999999,0.41891891891891886,0.4798689138576779,1,0,P00635,P00635-2024
2023-24,2024,luke kennard,0.7530864197530864,0.14814814814814814,0.44799999999999995,0.45,0.889,0.6111111111111112,0.6374594343996292,0,0,P00636,P00636-2024
2023-24,2024,luke kornet,0.0,0.28125,0.7,1.0,0.907,0.7187499999999998,0.7369299221357062,1,0,P00637,P00637-2024
2023-24,2024,malachi flynn,0.5106382978723404,0.2127659574468085,0.418,0.331,0.732,0.5106382978723404,0.5350194552529183,0,0,P00640,P00640-2024
2023-24,2024,malaki branham,0.42857142857142855,0.09523809523809523,0.43200000000000005,0.34700000000000003,0.873,0.5,0.5255941499085923,0,0,P00642,P00642-2024
2023-24,2024,malcolm brogdon,0.4015748031496063,0.2362204724409449,0.44,0.41200000000000003,0.8190000000000001,0.5236220472440944,0.5599144079885877,4,0,P00643,P00643-2024
2023-24,2024,malik beasley,0.7582417582417583,0.04395604395604396,0.44299999999999995,0.413,0.7140000000000001,0.6043956043956045,0.6090987494609746,1,0,P00646,P00646-2024
2023-24,2024,malik monk,0.4758064516129032,0.2258064516129032,0.44299999999999995,0.35,0.8290000000000001,0.5282258064516129,0.5648474178403755,2,0,P00648,P00648-2024
2023-24,2024,malik williams,0.14285714285714282,0.06122448979591836,0.265,0.2,0.0,0.27551020408163257,0.26828298887122415,0,0,P00650,P00650-2024
2023-24,2024,mamadi diakite,0.20000000000000004,1.0,0.667,0.0,0.667,0.6999999999999998,0.6944444444444444,0,0,P00651,P00651-2024
2023-24,2024,maozinha pereira,0.37999999999999995,0.27999999999999997,0.514,0.385,0.7,0.59,0.6143162393162394,1,0,P00652,P00652-2024
2023-24,2024,marjon beauchamp,0.4571428571428572,0.1714285714285714,0.488,0.4,0.679,0.5714285714285714,0.5844845908607864,0,0,P00653,P00653-2024
2023-24,2024,marcus morris sr,0.44444444444444436,0.16666666666666666,0.439,0.40299999999999997,0.818,0.537037037037037,0.5521048999309869,0,0,P00656,P00656-2024
2023-24,2024,marcus sasser,0.47222222222222227,0.125,0.428,0.375,0.879,0.5208333333333334,0.5463401790416009,1,0,P00657,P00657-2024
2023-24,2024,marcus smart,0.5630252100840336,0.23529411764705882,0.43,0.313,0.768,0.5168067226890757,0.5520865062442888,0,0,P00658,P00658-2024
2023-24,2024,mark williams,0.0,0.430379746835443,0.649,0.0,0.7190000000000001,0.6582278481012658,0.6758194976585781,8,0,P00660,P00660-2024
2023-24,2024,markelle fultz,0.05263157894736842,0.10526315789473684,0.47200000000000003,0.222,0.6970000000000001,0.4802631578947369,0.4904426559356136,0,0,P00661,P00661-2024
2023-24,2024,markieff morris,0.6153846153846153,0.07692307692307691,0.33799999999999997,0.35700000000000004,0.833,0.4615384615384615,0.46502976190476186,0,0,P00662,P00662-2024
2023-24,2024,markquis nowell,0.0,2.0,0.0,0.0,1.0,0.0,0.5319148936170213,0,0,P00664,P00664-2024
2023-24,2024,marques bolden,0.04347826086956522,0.1739130434782609,0.68,0.0,0.75,0.6521739130434784,0.6865912762520194,0,0,P00666,P00666-2024
2023-24,2024,marvin bagley iii,0.06097560975609757,0.30487804878048785,0.586,0.391,0.762,0.5975609756097562,0.6290322580645162,10,0,P00668,P00668-2024
2023-24,2024,mason jones,0.875,0.25,0.25,0.28600000000000003,0.5,0.375,0.3941441441441441,0,0,P00669,P00669-2024
2023-24,2024,mason plumlee,0.03030303030303031,0.6666666666666667,0.569,0.0,0.7070000000000001,0.5757575757575758,0.6208997188378632,2,0,P00670,P00670-2024
2023-24,2024,matisse thybulle,0.7346938775510204,0.08163265306122448,0.397,0.34600000000000003,0.759,0.5102040816326531,0.5319148936170213,0,0,P00672,P00672-2024
2023-24,2024,matt hurt,0.5813953488372093,0.0930232558139535,0.353,0.25,1.0,0.4186046511627907,0.44682752457551383,0,0,P00673,P00673-2024
2023-24,2024,matt ryan,0.825,0.125,0.434,0.451,0.929,0.6375000000000001,0.6398104265402844,0,0,P00674,P00674-2024
2023-24,2024,max christie,0.5,0.19444444444444442,0.42700000000000005,0.35600000000000004,0.7829999999999999,0.49999999999999994,0.5373592630501536,0,0,P00678,P00678-2024
2023-24,2024,max strus,0.6538461538461539,0.1346153846153846,0.418,0.35100000000000003,0.794,0.5288461538461539,0.5537400145243282,5,1,P00680,P00680-2024
2023-24,2024,maxi kleber,0.6176470588235294,0.32352941176470595,0.43200000000000005,0.348,0.7020000000000001,0.5441176470588236,0.5664263645726056,1,0,P00681,P00681-2024
2023-24,2024,maxwell lewis,0.5,0.16666666666666669,0.19,0.111,0.667,0.16666666666666669,0.23291925465838512,0,0,P00683,P00683-2024
2023-24,2024,micah potter,0.52,0.2,0.475,0.429,0.75,0.6,0.6066176470588235,0,0,P00689,P00689-2024
2023-24,2024,michael porter jr,0.5112781954887218,0.10526315789473684,0.484,0.397,0.836,0.5827067669172933,0.6000287438919231,14,0,P00691,P00691-2024
2023-24,2024,mikal bridges,0.4556962025316455,0.24683544303797467,0.436,0.37200000000000005,0.8140000000000001,0.5221518987341772,0.5594884676866865,3,0,P00692,P00692-2024
2023-24,2024,mike conley,0.6235294117647059,0.17647058823529413,0.457,0.442,0.9109999999999999,0.6,0.6222707423580787,5,0,P00693,P00693-2024
2023-24,2024,mike muscala,0.6206896551724139,0.1724137931034483,0.359,0.292,0.68,0.46551724137931044,0.48076923076923084,0,0,P00694,P00694-2024
2023-24,2024,miles bridges,0.37142857142857144,0.17714285714285716,0.462,0.349,0.825,0.5285714285714286,0.556615776081425,19,0,P00695,P00695-2024
2023-24,2024,miles mcbride,0.5820895522388059,0.10447761194029849,0.452,0.41,0.86,0.5671641791044776,0.5921803652968037,0,0,P00697,P00697-2024
2023-24,2024,mitchell robinson,0.0,0.5121951219512196,0.575,0.0,0.409,0.5853658536585366,0.5573248407643312,2,0,P00699,P00699-2024
2023-24,2024,mo bamba,0.3142857142857143,0.2571428571428572,0.49,0.391,0.68,0.5428571428571428,0.5646817248459959,1,0,P00701,P00701-2024
2023-24,2024,monte morris,0.4565217391304348,0.13043478260869568,0.405,0.386,0.684,0.5,0.5139802631578948,0,0,P00703,P00703-2024
2023-24,2024,moritz wagner,0.2028985507246377,0.37681159420289856,0.601,0.33,0.8140000000000001,0.644927536231884,0.6775236200895077,3,0,P00705,P00705-2024
2023-24,2024,moses brown,0.0,0.4666666666666666,0.508,0.0,0.29,0.5,0.4701327433628319,0,0,P00706,P00706-2024
2023-24,2024,moses moody,0.46874999999999994,0.21874999999999997,0.462,0.36,0.785,0.5390625,0.5772519954389965,0,0,P00707,P00707-2024
2023-24,2024,mouhamadou gueye,0.08571428571428572,0.2285714285714286,0.289,0.0,0.444,0.2857142857142857,0.3115264797507788,0,0,P00709,P00709-2024
2023-24,2024,mouhamed gueye,0.3947368421052632,0.26315789473684215,0.348,0.33299999999999996,0.833,0.40789473684210537,0.47169811320754723,0,0,P00710,P00710-2024
2023-24,2024,moussa diabate,0.0,0.7647058823529412,0.526,0.0,0.643,0.5294117647058824,0.5721830985915493,0,0,P00712,P00712-2024
2023-24,2024,myles turner,0.35593220338983056,0.34745762711864403,0.524,0.358,0.773,0.5889830508474577,0.6284916201117319,17,0,P00715,P00715-2024
2023-24,2024,naji marshall,0.4107142857142857,0.23214285714285715,0.46299999999999997,0.387,0.7909999999999999,0.5446428571428571,0.5751782242384964,0,0,P00719,P00719-2024
2023-24,2024,nassir little,0.5714285714285715,0.14285714285714288,0.46,0.3,0.85,0.5535714285714286,0.571236559139785,0,0,P00720,P00720-2024
2023-24,2024,nate hinton,0.5294117647058824,0.17647058823529413,0.423,0.5,0.8,0.5588235294117647,0.6004366812227074,0,0,P00721,P00721-2024
2023-24,2024,nate mensah,0.0,0.4545454545454545,0.429,0.0,0.75,0.4545454545454545,0.49242424242424243,0,0,P00722,P00722-2024
2023-24,2024,nate williams,0.08695652173913045,0.2608695652173913,0.54,0.4,0.5379999999999999,0.5434782608695653,0.5655226209048362,0,0,P00723,P00723-2024
2023-24,2024,naz reid,0.47619047619047616,0.17142857142857143,0.47700000000000004,0.414,0.736,0.5761904761904763,0.5977683315621679,6,0,P00725,P00725-2024
2023-24,2024,neemias queta,0.0,0.27027027027027023,0.644,0.0,0.7140000000000001,0.6486486486486486,0.6642512077294686,2,0,P00726,P00726-2024
2023-24,2024,nic claxton,0.012195121951219514,0.34146341463414637,0.629,0.2,0.551,0.6341463414634146,0.6255301102629348,30,0,P00729,P00729-2024
2023-24,2024,nick richards,0.0,0.48214285714285715,0.691,0.0,0.737,0.6964285714285715,0.7144961697112552,19,0,P00730,P00730-2024
2023-24,2024,nick smith jr,0.5087719298245614,0.05263157894736842,0.391,0.43200000000000005,0.867,0.4912280701754387,0.5058299039780522,0,0,P00731,P00731-2024
2023-24,2024,nickeil alexander walker,0.6212121212121212,0.12121212121212124,0.439,0.391,0.8,0.5606060606060607,0.5753739930955121,0,0,P00732,P00732-2024
2023-24,2024,nicolas batum,0.7209302325581395,0.09302325581395349,0.45299999999999996,0.395,0.7140000000000001,0.5813953488372093,0.5920464700625558,0,0,P00733,P00733-2024
2023-24,2024,nikola jokic,0.16201117318435754,0.30726256983240224,0.583,0.359,0.8170000000000001,0.6117318435754191,0.6496062992125984,68,25,P00736,P00736-2024
2023-24,2024,nikola jovic,0.5737704918032788,0.1639344262295082,0.452,0.39899999999999997,0.7020000000000001,0.5737704918032787,0.5886850152905199,0,0,P00737,P00737-2024
2023-24,2024,nikola vucevic,0.25786163522012573,0.10691823899371067,0.484,0.294,0.8220000000000001,0.5220125786163522,0.5406054781355117,45,0,P00739,P00739-2024
2023-24,2024,noah clowney,0.35,0.325,0.5379999999999999,0.364,0.7,0.6125,0.6342957130358705,1,0,P00741,P00741-2024
2023-24,2024,norman powell,0.5049504950495048,0.2277227722772277,0.486,0.435,0.831,0.5940594059405941,0.6254499640028798,0,0,P00746,P00746-2024
2023-24,2024,og anunoby,0.4608695652173913,0.1565217391304348,0.489,0.382,0.753,0.5739130434782609,0.5979498861047836,0,0,P00748,P00748-2024
2023-24,2024,obi toppin,0.43661971830985924,0.16901408450704225,0.573,0.40299999999999997,0.77,0.647887323943662,0.6751442055584689,1,0,P00749,P00749-2024
2023-24,2024,ochai agbaji,0.48214285714285726,0.125,0.41100000000000003,0.294,0.6609999999999999,0.4821428571428571,0.49085985104942453,0,0,P00750,P00750-2024
2023-24,2024,olivier sarr,0.3076923076923077,0.7692307692307693,0.579,0.33299999999999996,0.667,0.5769230769230769,0.660919540229885,0,0,P00751,P00751-2024
2023-24,2024,olivier maxence prosper,0.4230769230769231,0.38461538461538464,0.385,0.289,0.6829999999999999,0.4423076923076923,0.493421052631579,0,0,P00752,P00752-2024
2023-24,2024,omer yurtseven,0.13157894736842107,0.15789473684210525,0.5379999999999999,0.20800000000000002,0.679,0.5657894736842107,0.5659448818897638,2,0,P00753,P00753-2024
2023-24,2024,onuralp bitim,0.5135135135135134,0.05405405405405406,0.381,0.273,0.8,0.44594594594594583,0.46198521647307283,0,0,P00754,P00754-2024
2023-24,2024,onyeka okongwu,0.19696969696969696,0.3181818181818182,0.611,0.33299999999999996,0.7929999999999999,0.6515151515151515,0.6778309409888358,8,0,P00755,P00755-2024
2023-24,2024,orlando robinson,0.2,0.35,0.5,0.5329999999999999,0.76,0.55,0.6065857885615251,1,0,P00756,P00756-2024
2023-24,2024,oscar tshiebwe,0.0,0.4,0.5,0.0,0.75,0.52,0.5612244897959183,0,0,P00757,P00757-2024
2023-24,2024,oshae brissett,0.35714285714285715,0.5357142857142857,0.444,0.273,0.602,0.48214285714285715,0.5346820809248555,0,0,P00758,P00758-2024
2023-24,2024,otto porter jr,0.6818181818181818,0.09090909090909091,0.424,0.348,1.0,0.5227272727272727,0.5681818181818182,0,0,P00760,P00760-2024
2023-24,2024,ousmane dieng,0.6,0.14285714285714285,0.42200000000000004,0.3,0.875,0.5142857142857142,0.5376344086021505,0,0,P00761,P00761-2024
2023-24,2024,p j tucker,0.6875,0.0625,0.36,0.371,1.0,0.49999999999999994,0.5170316301703163,0,0,P00762,P00762-2024
2023-24,2024,p j washington,0.5135135135135136,0.1801801801801802,0.43700000000000006,0.32,0.6829999999999999,0.5135135135135135,0.5383973288814692,4,0,P00763,P00763-2024
2023-24,2024,paolo banchero,0.25,0.3977272727272727,0.455,0.33899999999999997,0.725,0.4971590909090909,0.54642166344294,16,2,P00767,P00767-2024
2023-24,2024,pascal siakam,0.1949685534591195,0.31446540880503143,0.536,0.34600000000000003,0.732,0.5691823899371069,0.5994475138121547,15,1,P00769,P00769-2024
2023-24,2024,pat connaughton,0.6739130434782609,0.1739130434782609,0.435,0.345,0.759,0.5543478260869567,0.5654281098546042,0,0,P00770,P00770-2024
2023-24,2024,pat spencer,0.4285714285714286,0.0,0.5,0.0,0.0,0.4285714285714286,0.5,0,0,P00771,P00771-2024
2023-24,2024,patrick baldwin jr,0.6341463414634146,0.17073170731707318,0.381,0.32,0.679,0.48780487804878053,0.49909255898366617,2,0,P00772,P00772-2024
2023-24,2024,patrick beverley,0.4807692307692307,0.23076923076923075,0.41700000000000004,0.337,0.8220000000000001,0.5,0.5412011173184358,2,0,P00773,P00773-2024
2023-24,2024,patrick williams,0.4096385542168674,0.18072289156626503,0.44299999999999995,0.39899999999999997,0.7879999999999999,0.5301204819277108,0.5580357142857142,0,0,P00774,P00774-2024
2023-24,2024,patty mills,0.6585365853658538,0.07317073170731708,0.35100000000000003,0.276,1.0,0.43902439024390244,0.47258979206049156,0,0,P00775,P00775-2024
2023-24,2024,paul george,0.47305389221556887,0.2335329341317365,0.47100000000000003,0.413,0.907,0.5718562874251497,0.6135968722849697,3,0,P00776,P00776-2024
2023-24,2024,paul reed,0.11864406779661016,0.1694915254237288,0.54,0.368,0.718,0.5677966101694916,0.5757097791798107,8,0,P00778,P00778-2024
2023-24,2024,payton pritchard,0.6103896103896105,0.09090909090909091,0.46799999999999997,0.385,0.821,0.5844155844155844,0.5994005994005994,3,0,P00780,P00780-2024
2023-24,2024,pete nance,0.125,0.37499999999999994,0.16699999999999998,1.0,0.0,0.18750000000000003,0.2145922746781116,0,0,P00783,P00783-2024
2023-24,2024,peyton watson,0.3392857142857143,0.23214285714285715,0.465,0.29600000000000004,0.67,0.5178571428571429,0.5427738172391445,0,0,P00785,P00785-2024
2023-24,2024,precious achiuwa,0.20634920634920637,0.2380952380952381,0.501,0.268,0.616,0.5396825396825398,0.5459770114942529,9,0,P00787,P00787-2024
2023-24,2024,quentin grimes,0.734375,0.14062499999999997,0.37200000000000005,0.33799999999999997,0.7559999999999999,0.4999999999999999,0.5150088287227781,0,0,P00788,P00788-2024
2023-24,2024,quenton jackson,0.0,2.333333333333333,0.0,0.0,1.0,0.0,0.575657894736842,0,0,P00789,P00789-2024
2023-24,2024,r j hampton,0.5555555555555556,0.16666666666666666,0.28600000000000003,0.125,0.5,0.3055555555555556,0.3364389233954452,0,0,P00793,P00793-2024
2023-24,2024,rj barrett,0.28289473684210525,0.32894736842105265,0.495,0.36,0.715,0.5460526315789473,0.5804597701149425,2,0,P00794,P00794-2024
2023-24,2024,raiquan gray,0.4035087719298245,0.0,0.588,0.429,0.0,0.6666666666666665,0.6754385964912281,0,0,P00796,P00796-2024
2023-24,2024,rayan rupert,0.48780487804878053,0.14634146341463417,0.335,0.359,0.76,0.426829268292683,0.45829514207149413,0,0,P00801,P00801-2024
2023-24,2024,reggie bullock jr,0.7894736842105263,0.0,0.415,0.40299999999999997,1.0,0.5789473684210528,0.5789473684210528,0,0,P00805,P00805-2024
2023-24,2024,reggie jackson,0.3804347826086957,0.13043478260869565,0.431,0.359,0.8059999999999999,0.5,0.5242598684210527,2,0,P00806,P00806-2024
2023-24,2024,richaun holmes,0.02702702702702703,0.32432432432432434,0.5579999999999999,0.33299999999999996,0.723,0.5675675675675675,0.5912961210974456,4,0,P00808,P00808-2024
2023-24,2024,ricky council iv,0.2857142857142857,0.6285714285714287,0.48200000000000004,0.375,0.746,0.5428571428571428,0.6042972247090421,1,0,P00809,P00809-2024
2023-24,2024,robert covington,0.5588235294117647,0.2647058823529412,0.439,0.33899999999999997,0.846,0.5441176470588236,0.5795574288724975,0,0,P00814,P00814-2024
2023-24,2024,robert williams iii,0.0,0.34883720930232565,0.654,0.0,0.778,0.6511627906976744,0.6854838709677419,0,0,P00815,P00815-2024
2023-24,2024,robin lopez,0.4166666666666667,0.08333333333333334,0.368,0.25,1.0,0.375,0.44212218649517687,0,0,P00817,P00817-2024
2023-24,2024,royce o neale,0.7794117647058825,0.05882352941176472,0.397,0.37,0.6859999999999999,0.5441176470588236,0.5518922018348625,4,0,P00824,P00824-2024
2023-24,2024,rudy gobert,0.0,0.6296296296296295,0.6609999999999999,0.0,0.638,0.654320987654321,0.6767208043310131,54,0,P00826,P00826-2024
2023-24,2024,rui hachimura,0.34343434343434337,0.20202020202020202,0.537,0.42200000000000004,0.7390000000000001,0.606060606060606,0.6307977736549164,4,0,P00827,P00827-2024
2023-24,2024,russell westbrook,0.23469387755102034,0.2448979591836734,0.45399999999999996,0.273,0.688,0.47959183673469385,0.5112380250552689,8,1,P00828,P00828-2024
2023-24,2024,ryan rollins,0.14285714285714285,0.6190476190476191,0.519,0.75,0.765,0.5714285714285715,0.6362275449101795,0,0,P00833,P00833-2024
2023-24,2024,saben lee,0.3043478260869565,0.6956521739130437,0.364,0.125,0.7440000000000001,0.36956521739130443,0.49933422103861513,0,0,P00834,P00834-2024
2023-24,2024,saddiq bey,0.5135135135135136,0.28828828828828834,0.41600000000000004,0.316,0.8370000000000001,0.49549549549549543,0.547649504317237,8,0,P00835,P00835-2024
2023-24,2024,sam hauser,0.8309859154929579,0.028169014084507046,0.446,0.424,0.895,0.6267605633802817,0.6260434056761269,0,0,P00836,P00836-2024
2023-24,2024,sam merrill,0.90625,0.078125,0.402,0.40399999999999997,0.929,0.5859375,0.6042296072507553,0,0,P00837,P00837-2024
2023-24,2024,sandro mamukelashvili,0.41176470588235287,0.20588235294117643,0.47100000000000003,0.297,0.735,0.5294117647058824,0.5528586839266451,3,0,P00838,P00838-2024
2023-24,2024,santi aldama,0.5376344086021505,0.15053763440860213,0.435,0.349,0.621,0.521505376344086,0.5395320693828155,5,0,P00839,P00839-2024
2023-24,2024,sasha vezenkov,0.6444444444444444,0.08888888888888889,0.44,0.375,0.8,0.5666666666666667,0.5774165953806673,0,0,P00840,P00840-2024
2023-24,2024,scoot henderson,0.33333333333333326,0.25581395348837205,0.385,0.325,0.8190000000000001,0.441860465116279,0.487736900780379,8,0,P00841,P00841-2024
2023-24,2024,scottie barnes,0.31210191082802546,0.267515923566879,0.475,0.341,0.7809999999999999,0.5318471337579618,0.5670161841805333,25,4,P00842,P00842-2024
2023-24,2024,scotty pippen jr,0.35051546391752575,0.2680412371134021,0.493,0.41700000000000004,0.745,0.5670103092783505,0.5947989671707858,0,0,P00845,P00845-2024
2023-24,2024,seth curry,0.5434782608695653,0.15217391304347827,0.392,0.35200000000000004,0.903,0.48913043478260876,0.519559902200489,0,0,P00850,P00850-2024
2023-24,2024,seth lundy,0.736842105263158,0.21052631578947373,0.235,0.231,0.75,0.2894736842105264,0.38535645472061664,0,0,P00851,P00851-2024
2023-24,2024,shaedon sharpe,0.4117647058823529,0.2720588235294118,0.406,0.33299999999999996,0.8240000000000001,0.474264705882353,0.5220646178092987,1,0,P00852,P00852-2024
2023-24,2024,shai gilgeous alexander,0.18181818181818182,0.4393939393939394,0.535,0.353,0.8740000000000001,0.5681818181818182,0.6369561537159303,8,0,P00853,P00853-2024
2023-24,2024,shake milton,0.3170731707317074,0.24390243902439027,0.405,0.281,0.816,0.4390243902439025,0.4955947136563877,0,0,P00854,P00854-2024
2023-24,2024,shaquille harrison,0.0,0.0,0.5,0.0,0.0,0.4285714285714286,0.5,0,0,P00856,P00856-2024
2023-24,2024,sidy cissoko,0.3571428571428572,0.4642857142857144,0.485,0.083,0.8,0.4821428571428573,0.5634638196915777,0,0,P00858,P00858-2024
2023-24,2024,simone fontecchio,0.6144578313253011,0.12048192771084336,0.46,0.401,0.818,0.5783132530120481,0.6006864988558352,0,0,P00859,P00859-2024
2023-24,2024,skylar mays,0.3333333333333333,0.09523809523809525,0.396,0.29600000000000004,0.765,0.45238095238095233,0.46846435100548445,2,0,P00862,P00862-2024
2023-24,2024,spencer dinwiddie,0.5714285714285715,0.3333333333333333,0.392,0.337,0.805,0.4880952380952381,0.5450581395348838,4,0,P00864,P00864-2024
2023-24,2024,stanley umude,0.6285714285714287,0.37142857142857144,0.44,0.45299999999999996,0.9059999999999999,0.5714285714285714,0.6507858546168958,0,0,P00867,P00867-2024
2023-24,2024,stephen curry,0.6051282051282052,0.22564102564102564,0.45,0.408,0.9229999999999999,0.5743589743589744,0.6157865273371897,7,0,P00868,P00868-2024
2023-24,2024,svi mykhailiuk,0.7878787878787881,0.06060606060606062,0.41600000000000004,0.389,0.667,0.5757575757575759,0.590318772136954,0,0,P00872,P00872-2024
2023-24,2024,t j mcconnell,0.07142857142857144,0.10714285714285715,0.556,0.409,0.79,0.5654761904761904,0.5798090040927695,4,0,P00873,P00873-2024
2023-24,2024,t j warren,0.3243243243243243,0.10810810810810811,0.439,0.154,0.75,0.4594594594594595,0.47729618163054693,0,0,P00874,P00874-2024
2023-24,2024,taj gibson,0.2631578947368421,0.05263157894736842,0.405,0.2,1.0,0.4473684210526316,0.43724279835390945,0,0,P00877,P00877-2024
2023-24,2024,talen horton tucker,0.39560439560439564,0.2307692307692308,0.396,0.33,0.807,0.46153846153846156,0.5037909018355946,1,0,P00878,P00878-2024
2023-24,2024,tari eason,0.26744186046511625,0.1744186046511628,0.466,0.36,0.636,0.5116279069767442,0.5291576673866091,3,0,P00879,P00879-2024
2023-24,2024,taurean prince,0.6301369863013698,0.12328767123287672,0.442,0.396,0.735,0.5616438356164384,0.5782224532224532,0,0,P00880,P00880-2024
2023-24,2024,taylor hendricks,0.5833333333333334,0.11666666666666667,0.45,0.379,0.7929999999999999,0.5583333333333333,0.5786303107165505,1,0,P00881,P00881-2024
2023-24,2024,taze moore,0.375,0.10416666666666667,0.42100000000000004,0.14300000000000002,0.5,0.4479166666666667,0.4482071713147411,0,0,P00882,P00882-2024
2023-24,2024,terance mann,0.4090909090909091,0.19696969696969696,0.515,0.348,0.8320000000000001,0.5833333333333334,0.6134969325153374,2,0,P00883,P00883-2024
2023-24,2024,terquavion smith,0.7586206896551725,0.10344827586206896,0.391,0.371,0.6,0.5172413793103449,0.5441952506596306,0,0,P00885,P00885-2024
2023-24,2024,terry rozier,0.4085365853658537,0.19512195121951223,0.44299999999999995,0.363,0.8690000000000001,0.5121951219512195,0.5559299191374664,4,0,P00888,P00888-2024
2023-24,2024,terry taylor,0.23076923076923073,0.15384615384615383,0.513,0.222,0.8,0.4999999999999999,0.5403458213256483,0,0,P00889,P00889-2024
2023-24,2024,thaddeus young,0.060606060606060615,0.15151515151515152,0.602,0.14300000000000002,0.4,0.6060606060606061,0.5965909090909091,0,0,P00890,P00890-2024
2023-24,2024,thanasis antetokounmpo,0.0,0.11111111111111112,0.5329999999999999,0.0,0.0,0.5555555555555556,0.47669491525423724,0,0,P00891,P00891-2024
2023-24,2024,theo maledon,0.43902439024390255,0.21951219512195128,0.28600000000000003,0.16699999999999998,0.9329999999999999,0.3292682926829269,0.3892348754448399,0,0,P00892,P00892-2024
2023-24,2024,thomas bryant,0.15384615384615385,0.3076923076923077,0.5770000000000001,0.182,0.872,0.6025641025641026,0.6436314363143631,2,0,P00894,P00894-2024
2023-24,2024,tim hardaway jr,0.6129032258064516,0.1693548387096774,0.402,0.353,0.852,0.5120967741935484,0.5403782647853498,0,0,P00897,P00897-2024
2023-24,2024,timmy allen,0.30434782608695654,0.08695652173913043,0.261,0.0,0.5,0.2608695652173913,0.27219430485762147,0,0,P00898,P00898-2024
2023-24,2024,tobias harris,0.27205882352941174,0.22058823529411764,0.48700000000000004,0.353,0.878,0.5330882352941176,0.5764075067024128,9,0,P00900,P00900-2024
2023-24,2024,torrey craig,0.6170212765957446,0.14893617021276592,0.43,0.392,0.75,0.5425531914893617,0.5690894568690096,1,0,P00906,P00906-2024
2023-24,2024,tosan evbuomwan,0.45238095238095233,0.3571428571428571,0.507,0.375,0.68,0.5833333333333334,0.6069958847736626,0,0,P00907,P00907-2024
2023-24,2024,toumani camara,0.3968253968253968,0.2222222222222222,0.45,0.337,0.758,0.5079365079365079,0.5422209369577791,2,0,P00908,P00908-2024
2023-24,2024,trae young,0.4652406417112299,0.40106951871657753,0.43,0.373,0.855,0.5133689839572193,0.5840909090909091,37,0,P00909,P00909-2024
2023-24,2024,trayce jackson davis,0.0,0.38775510204081626,0.7020000000000001,0.0,0.561,0.693877551020408,0.6886331938633193,6,0,P00910,P00910-2024
2023-24,2024,tre jones,0.3205128205128205,0.1923076923076923,0.505,0.335,0.856,0.5512820512820513,0.5910165484633569,5,1,P00912,P00912-2024
2023-24,2024,tre mann,0.4025974025974026,0.18181818181818182,0.45899999999999996,0.373,0.763,0.525974025974026,0.5591630591630592,0,0,P00913,P00913-2024
2023-24,2024,trendon watford,0.22448979591836735,0.3061224489795918,0.527,0.397,0.794,0.5714285714285714,0.6205035971223022,1,0,P00915,P00915-2024
2023-24,2024,trent forrest,0.125,0.16666666666666669,0.37799999999999995,0.2,0.765,0.3958333333333333,0.42701863354037267,0,0,P00916,P00916-2024
2023-24,2024,trevelin queen,0.4444444444444444,0.33333333333333326,0.368,0.17600000000000002,0.75,0.4074074074074074,0.46834625322997414,0,0,P00918,P00918-2024
2023-24,2024,trey jemison iii,0.0,0.18518518518518517,0.551,0.0,0.84,0.5555555555555556,0.5821917808219178,1,0,P00925,P00925-2024
2023-24,2024,trey lyles,0.6909090909090908,0.21818181818181817,0.445,0.384,0.7,0.5818181818181818,0.59721300597213,1,0,P00926,P00926-2024
2023-24,2024,trey murphy iii,0.7155963302752292,0.23853211009174313,0.44299999999999995,0.38,0.815,0.5779816513761467,0.6144138160079707,1,0,P00927,P00927-2024
2023-24,2024,tristan thompson,0.0,0.4583333333333334,0.613,0.0,0.28800000000000003,0.625,0.5721220527045769,1,0,P00929,P00929-2024
2023-24,2024,tristan vukcevic,0.5373134328358209,0.3283582089552239,0.433,0.278,0.773,0.5074626865671642,0.5542514345331246,0,0,P00930,P00930-2024
2023-24,2024,troy brown jr,0.631578947368421,0.15789473684210525,0.37200000000000005,0.33299999999999996,0.865,0.47368421052631576,0.516732283464567,0,0,P00933,P00933-2024
2023-24,2024,ty jerome,0.25,0.0,0.5,0.0,0.0,0.5,0.5,0,0,P00934,P00934-2024
2023-24,2024,tyty washington jr,0.2777777777777778,0.0,0.3,0.33299999999999996,0.0,0.3333333333333333,0.3611111111111111,0,0,P00935,P00935-2024
2023-24,2024,tyler herro,0.45142857142857146,0.14857142857142858,0.441,0.396,0.856,0.5285714285714287,0.55782021025531,2,0,P00939,P00939-2024
2023-24,2024,tyrese haliburton,0.513157894736842,0.21710526315789475,0.47700000000000004,0.364,0.855,0.5657894736842105,0.6035311073744896,44,1,P00944,P00944-2024
2023-24,2024,tyrese maxey,0.39901477832512317,0.2660098522167488,0.45,0.373,0.868,0.5221674876847291,0.5710883753748457,9,0,P00946,P00946-2024
2023-24,2024,tyus jones,0.3861386138613861,0.0594059405940594,0.489,0.414,0.8,0.5643564356435644,0.5789270551910459,9,1,P00950,P00950-2024
2023-24,2024,udoka azubuike,0.0,0.5714285714285715,0.696,0.0,0.231,0.7142857142857143,0.6278538812785389,1,0,P00951,P00951-2024
2023-24,2024,usman garuba,0.20000000000000004,0.3,0.16699999999999998,0.0,0.5,0.20000000000000004,0.2208480565371025,0,0,P00954,P00954-2024
2023-24,2024,vasilije micic,0.41935483870967744,0.20967741935483872,0.43,0.27899999999999997,0.813,0.49193548387096775,0.5168340224453633,4,0,P00956,P00956-2024
2023-24,2024,victor wembanyama,0.32934131736526945,0.311377245508982,0.465,0.325,0.7959999999999999,0.5209580838323352,0.5635137981883294,43,2,P00959,P00959-2024
2023-24,2024,vince williams jr,0.5479452054794521,0.34246575342465757,0.446,0.37799999999999995,0.8,0.5547945205479452,0.5952380952380953,3,0,P00960,P00960-2024
2023-24,2024,vit krejci,0.6595744680851063,0.06382978723404255,0.49,0.41200000000000003,0.833,0.627659574468085,0.6312086092715231,0,0,P00961,P00961-2024
2023-24,2024,walker kessler,0.05454545454545454,0.2727272727272727,0.654,0.21100000000000002,0.602,0.6636363636363636,0.6574675324675324,7,0,P00964,P00964-2024
2023-24,2024,wendell carter jr,0.4025974025974026,0.3116883116883117,0.525,0.374,0.6940000000000001,0.6103896103896104,0.628140703517588,9,0,P00968,P00968-2024
2023-24,2024,wendell moore jr,0.2857142857142857,0.0,0.5,0.0,0.0,0.5714285714285714,0.5,0,0,P00969,P00969-2024
2023-24,2024,wenyen gabriel,0.2727272727272727,0.22727272727272727,0.364,0.16699999999999998,0.0,0.38636363636363635,0.3512396694214876,0,0,P00970,P00970-2024
2023-24,2024,wesley matthews,0.7037037037037036,0.25925925925925924,0.35100000000000003,0.348,0.75,0.46296296296296297,0.5152925531914894,0,0,P00972,P00972-2024
2023-24,2024,xavier moon,0.3636363636363637,0.030303030303030307,0.326,0.11800000000000001,0.5,0.34848484848484856,0.35885167464114837,0,0,P00979,P00979-2024
2023-24,2024,xavier tillman,0.28846153846153844,0.17307692307692307,0.434,0.247,0.44,0.4615384615384616,0.4735525375268048,2,0,P00981,P00981-2024
2023-24,2024,yuta watanabe,0.7352941176470589,0.14705882352941177,0.353,0.294,0.588,0.45588235294117646,0.46961325966850825,0,0,P00987,P00987-2024
2023-24,2024,zach collins,0.29213483146067415,0.2584269662921348,0.484,0.32,0.753,0.5280898876404494,0.5649717514124294,3,0,P00991,P00991-2024
2023-24,2024,zach lavine,0.4533333333333333,0.2733333333333333,0.452,0.349,0.8540000000000001,0.5333333333333333,0.5802189954772673,1,0,P00993,P00993-2024
2023-24,2024,zavier simpson,0.31168831168831174,0.07792207792207793,0.315,0.294,0.75,0.35714285714285715,0.3766951280763436,0,0,P00994,P00994-2024
2023-24,2024,zeke nnaji,0.15384615384615385,0.4230769230769231,0.46299999999999997,0.261,0.677,0.4807692307692307,0.5188067444876784,0,0,P00995,P00995-2024
2023-24,2024,ziaire williams,0.5,0.2027027027027027,0.397,0.307,0.8270000000000001,0.46621621621621623,0.5086848635235731,1,0,P00996,P00996-2024
2023-24,2024,zion williamson,0.019230769230769232,0.4551282051282051,0.57,0.33299999999999996,0.7020000000000001,0.5737179487179487,0.6115146336252937,12,0,P00997,P00997-2024
2024-25,2025,a j lawson,0.5342465753424658,0.32876712328767127,0.42100000000000004,0.327,0.6829999999999999,0.5136986301369865,0.5445189085686932,2,0,P00001,P00001-2025
2024-25,2025,aj green,0.8620689655172414,0.06896551724137932,0.429,0.42700000000000005,0.815,0.6120689655172413,0.6191432396251674,0,0,P00002,P00002-2025
2024-25,2025,aj johnson,0.4246575342465754,0.17808219178082194,0.385,0.267,0.865,0.43835616438356156,0.48272357723577236,0,0,P00004,P00004-2025
2024-25,2025,aaron gordon,0.3505154639175258,0.36082474226804123,0.531,0.436,0.81,0.6134020618556701,0.6539145907473309,3,0,P00005,P00005-2025
2024-25,2025,aaron holiday,0.6744186046511628,0.16279069767441862,0.43700000000000006,0.39799999999999996,0.8290000000000001,0.5813953488372093,0.5967881944444445,0,0,P00007,P00007-2025
2024-25,2025,aaron nesmith,0.5119047619047619,0.21428571428571427,0.507,0.431,0.9129999999999999,0.625,0.6527415143603134,0,0,P00008,P00008-2025
2024-25,2025,aaron wiggins,0.46875,0.125,0.488,0.38299999999999995,0.831,0.5781249999999999,0.5924170616113743,2,0,P00009,P00009-2025
2024-25,2025,adam flagler,0.7307692307692307,0.038461538461538464,0.26,0.19399999999999998,0.5,0.3461538461538461,0.3403933434190621,0,0,P00012,P00012-2025
2024-25,2025,adama sanogo,0.0,0.0,0.5710000000000001,0.0,0.0,0.5555555555555556,0.5555555555555556,0,0,P00014,P00014-2025
2024-25,2025,adem bona,0.0,0.5151515151515151,0.703,0.0,0.67,0.6969696969696969,0.7164031620553359,3,0,P00015,P00015-2025
2024-25,2025,ajay mitchell,0.3333333333333333,0.19607843137254902,0.495,0.38299999999999995,0.8290000000000001,0.5490196078431373,0.5866425992779783,1,0,P00019,P00019-2025
2024-25,2025,al horford,0.6753246753246753,0.07792207792207792,0.423,0.363,0.895,0.551948051948052,0.5650426921145153,7,0,P00020,P00020-2025
2024-25,2025,alec burks,0.7636363636363637,0.18181818181818182,0.424,0.425,0.7759999999999999,0.5818181818181818,0.6144781144781144,0,0,P00021,P00021-2025
2024-25,2025,alex caruso,0.5344827586206897,0.15517241379310345,0.446,0.353,0.8240000000000001,0.5431034482758622,0.5729502905100065,0,0,P00025,P00025-2025
2024-25,2025,alex ducas,0.7142857142857143,0.07142857142857144,0.4,0.47600000000000003,1.0,0.6071428571428572,0.5886426592797783,0,0,P00026,P00026-2025
2024-25,2025,alex len,0.1428571428571429,0.2857142857142858,0.508,0.222,0.47100000000000003,0.5,0.5076142131979696,0,0,P00028,P00028-2025
2024-25,2025,alex reese,0.75,0.2222222222222222,0.48100000000000004,0.366,0.75,0.6111111111111112,0.645242914979757,0,0,P00030,P00030-2025
2024-25,2025,alex sarr,0.41129032258064513,0.20161290322580644,0.39399999999999996,0.308,0.679,0.4596774193548387,0.4814814814814814,10,0,P00031,P00031-2025
2024-25,2025,alondes williams,0.5,0.0,1.0,1.0,0.0,1.25,1.25,0,0,P00035,P00035-2025
2024-25,2025,alperen sengun,0.08,0.3733333333333333,0.496,0.233,0.6920000000000001,0.51,0.5468392120934494,45,4,P00036,P00036-2025
2024-25,2025,amen thompson,0.12871287128712872,0.3564356435643565,0.557,0.275,0.684,0.5742574257425742,0.6033892502567614,21,3,P00039,P00039-2025
2024-25,2025,amir coffey,0.4788732394366197,0.2535211267605634,0.47100000000000003,0.409,0.8909999999999999,0.5633802816901409,0.6145463760770401,0,0,P00040,P00040-2025
2024-25,2025,andre drummond,0.0847457627118644,0.3898305084745763,0.5,0.15,0.622,0.5,0.5280671296296297,5,0,P00042,P00042-2025
2024-25,2025,andre jackson jr,0.37931034482758624,0.13793103448275865,0.47700000000000004,0.395,0.5,0.5517241379310346,0.552665799739922,0,0,P00044,P00044-2025
2024-25,2025,andrew nembhard,0.3253012048192771,0.25301204819277107,0.45799999999999996,0.29100000000000004,0.794,0.5060240963855421,0.5420641803989593,2,0,P00045,P00045-2025
2024-25,2025,andrew wiggins,0.4142857142857143,0.30714285714285716,0.44799999999999995,0.374,0.763,0.5285714285714286,0.5663226780770199,3,0,P00046,P00046-2025
2024-25,2025,anfernee simons,0.5279503105590062,0.17391304347826086,0.426,0.363,0.902,0.5186335403726708,0.5567735979690746,2,0,P00047,P00047-2025
2024-25,2025,anthony black,0.3164556962025316,0.3164556962025316,0.423,0.318,0.7609999999999999,0.48101265822784806,0.5222222222222223,1,0,P00048,P00048-2025
2024-25,2025,anthony davis,0.13483146067415727,0.40449438202247184,0.516,0.282,0.775,0.5365168539325842,0.588992750858451,36,1,P00049,P00049-2025
2024-25,2025,anthony edwards,0.5049019607843138,0.3088235294117647,0.447,0.395,0.8370000000000001,0.5465686274509803,0.5955463490419473,7,0,P00050,P00050-2025
2024-25,2025,anthony gill,0.3529411764705882,0.5882352941176471,0.489,0.32299999999999995,0.66,0.5294117647058824,0.5841121495327103,0,0,P00051,P00051-2025
2024-25,2025,anton watson,0.1,0.0,0.444,0.0,0.0,0.4,0.44999999999999996,0,0,P00053,P00053-2025
2024-25,2025,antonio reeves,0.5178571428571429,0.14285714285714288,0.456,0.395,0.8,0.5714285714285715,0.5796370967741936,0,0,P00054,P00054-2025
2024-25,2025,ariel hukporti,0.0,0.4166666666666667,0.677,0.0,0.462,0.6666666666666666,0.6690140845070423,0,0,P00055,P00055-2025
2024-25,2025,armel traore,0.38095238095238093,0.38095238095238093,0.316,0.0,0.28600000000000003,0.33333333333333326,0.3262642740619902,0,0,P00056,P00056-2025
2024-25,2025,ausar thompson,0.10256410256410257,0.3076923076923077,0.535,0.22399999999999998,0.6409999999999999,0.5512820512820513,0.5702348690153568,3,0,P00060,P00060-2025
2024-25,2025,austin reaves,0.5140845070422535,0.35211267605633806,0.46,0.377,0.877,0.5528169014084507,0.6158536585365855,9,1,P00061,P00061-2025
2024-25,2025,ayo dosunmu,0.4183673469387755,0.17346938775510204,0.49200000000000005,0.32799999999999996,0.785,0.5561224489795918,0.5830489192263937,1,1,P00064,P00064-2025
2024-25,2025,bam adebayo,0.19580419580419578,0.2937062937062937,0.485,0.35700000000000004,0.765,0.5174825174825175,0.5604409214763438,38,1,P00066,P00066-2025
2024-25,2025,baylor scheierman,0.7428571428571429,0.11428571428571428,0.355,0.317,0.75,0.48571428571428577,0.4896626768226333,0,0,P00067,P00067-2025
2024-25,2025,ben sheppard,0.6956521739130437,0.08695652173913046,0.418,0.342,0.889,0.532608695652174,0.554857621440536,0,0,P00070,P00070-2025
2024-25,2025,ben simmons,0.0,0.13636363636363635,0.52,0.0,0.727,0.5227272727272727,0.5360205831903945,1,0,P00071,P00071-2025
2024-25,2025,bennedict mathurin,0.3389830508474576,0.38983050847457623,0.45799999999999996,0.34,0.831,0.5169491525423728,0.5823206018518519,8,0,P00072,P00072-2025
2024-25,2025,bilal coulibaly,0.3584905660377358,0.2924528301886793,0.42100000000000004,0.281,0.746,0.47641509433962265,0.5140421263791375,3,1,P00074,P00074-2025
2024-25,2025,bismack biyombo,0.0,0.21951219512195125,0.588,0.0,0.4,0.5853658536585367,0.5671708185053381,3,0,P00075,P00075-2025
2024-25,2025,blake wesley,0.31249999999999994,0.34375,0.435,0.293,0.623,0.4843749999999999,0.502171552660152,0,0,P00078,P00078-2025
2024-25,2025,bobby portis,0.2975206611570248,0.12396694214876033,0.466,0.365,0.836,0.5247933884297521,0.5446708463949843,11,0,P00080,P00080-2025
2024-25,2025,bobi klintman,0.4615384615384615,0.23076923076923075,0.6,0.4,0.5,0.7307692307692308,0.6634078212290503,0,0,P00081,P00081-2025
2024-25,2025,bogdan bogdanovic,0.5934065934065935,0.13186813186813187,0.42700000000000005,0.363,0.879,0.532967032967033,0.5608641462401329,1,0,P00082,P00082-2025
2024-25,2025,bol bol,0.5098039215686275,0.13725490196078433,0.525,0.344,0.769,0.6176470588235294,0.628698224852071,1,0,P00084,P00084-2025
2024-25,2025,bones hyland,0.693877551020408,0.22448979591836735,0.39799999999999996,0.39,0.885,0.5408163265306122,0.575780089153046,0,0,P00085,P00085-2025
2024-25,2025,bradley beal,0.3816793893129771,0.19847328244274812,0.49700000000000005,0.386,0.8029999999999999,0.568702290076336,0.5967424880651502,1,0,P00087,P00087-2025
2024-25,2025,branden carlson,0.7000000000000001,0.19999999999999998,0.44299999999999995,0.33299999999999996,0.778,0.5499999999999999,0.5821078431372548,1,0,P00088,P00088-2025
2024-25,2025,brandin podziemski,0.48979591836734687,0.1530612244897959,0.445,0.37200000000000005,0.758,0.5408163265306123,0.5592734225621414,2,0,P00089,P00089-2025
2024-25,2025,brandon boston,0.3626373626373626,0.21978021978021978,0.436,0.35,0.7879999999999999,0.5054945054945055,0.5360721442885772,0,0,P00090,P00090-2025
2024-25,2025,brandon clarke,0.05084745762711864,0.23728813559322032,0.621,0.059000000000000004,0.701,0.6271186440677966,0.6368937998772254,2,0,P00091,P00091-2025
2024-25,2025,brandon ingram,0.34594594594594597,0.16756756756756758,0.465,0.374,0.855,0.5297297297297296,0.5587998389045509,0,0,P00093,P00093-2025
2024-25,2025,brandon miller,0.598901098901099,0.15934065934065933,0.40299999999999997,0.355,0.861,0.5082417582417582,0.5391250770178682,2,0,P00095,P00095-2025
2024-25,2025,brandon williams,0.3157894736842105,0.3508771929824562,0.521,0.4,0.833,0.5877192982456141,0.6306990881458968,0,0,P00096,P00096-2025
2024-25,2025,braxton key,0.23076923076923073,1.5384615384615383,0.0,0.0,0.5,0.0,0.22935779816513757,0,0,P00097,P00097-2025
2024-25,2025,brice sensabaugh,0.6190476190476191,0.11904761904761905,0.45899999999999996,0.42200000000000004,0.89,0.5952380952380952,0.6165158371040724,0,0,P00098,P00098-2025
2024-25,2025,bronny james,0.48,0.2,0.313,0.281,0.7859999999999999,0.38,0.4227941176470588,0,0,P00100,P00100-2025
2024-25,2025,brook lopez,0.4845360824742268,0.17525773195876287,0.509,0.373,0.826,0.5927835051546392,0.6221286370597243,4,0,P00101,P00101-2025
2024-25,2025,bruce brown,0.26666666666666666,0.21333333333333337,0.42100000000000004,0.33299999999999996,0.815,0.4733333333333334,0.5058508044856167,0,0,P00103,P00103-2025
2024-25,2025,bruno fernando,0.0,0.1724137931034483,0.531,0.0,0.75,0.5172413793103449,0.5448717948717948,0,0,P00104,P00104-2025
2024-25,2025,bryce mcgowens,0.2727272727272727,0.45454545454545453,0.28600000000000003,0.0,0.833,0.2727272727272727,0.3787878787878788,0,0,P00105,P00105-2025
2024-25,2025,bub carrington,0.5494505494505495,0.1098901098901099,0.401,0.33899999999999997,0.812,0.5000000000000001,0.5136268343815514,5,0,P00107,P00107-2025
2024-25,2025,buddy hield,0.6979166666666667,0.08333333333333336,0.41700000000000004,0.37,0.828,0.546875,0.557676848874598,0,0,P00109,P00109-2025
2024-25,2025,cj mccollum,0.4581005586592179,0.17318435754189945,0.444,0.373,0.7170000000000001,0.5279329608938549,0.54765365448505,0,0,P00112,P00112-2025
2024-25,2025,cade cunningham,0.28846153846153844,0.2548076923076923,0.469,0.35600000000000004,0.846,0.5216346153846154,0.5641535535189348,31,9,P00113,P00113-2025
2024-25,2025,caleb houstan,0.8484848484848485,0.09090909090909091,0.42100000000000004,0.4,0.882,0.5909090909090909,0.5973193473193473,0,0,P00114,P00114-2025
2024-25,2025,caleb martin,0.338235294117647,0.32352941176470595,0.424,0.359,0.622,0.4852941176470588,0.508496395468589,1,0,P00116,P00116-2025
2024-25,2025,cam christie,0.5555555555555555,0.16666666666666666,0.292,0.154,0.5,0.3333333333333333,0.3623188405797101,0,0,P00117,P00117-2025
2024-25,2025,cam reddish,0.5,0.28571428571428575,0.40399999999999997,0.27699999999999997,0.615,0.5000000000000001,0.5076142131979696,0,0,P00119,P00119-2025
2024-25,2025,cam spencer,0.6363636363636364,0.24242424242424243,0.415,0.365,1.0,0.5454545454545454,0.5750273822562979,0,0,P00120,P00120-2025
2024-25,2025,cam thomas,0.42857142857142855,0.32967032967032966,0.43799999999999994,0.349,0.8809999999999999,0.5137362637362637,0.5758157389635317,1,0,P00121,P00121-2025
2024-25,2025,cam whitmore,0.4556962025316455,0.1772151898734177,0.444,0.355,0.75,0.5253164556962026,0.5519023015500235,2,0,P00122,P00122-2025
2024-25,2025,cameron johnson,0.5496183206106872,0.29770992366412213,0.475,0.39,0.893,0.5801526717557253,0.6344492440604753,2,0,P00123,P00123-2025
2024-25,2025,cameron payne,0.5806451612903225,0.12903225806451613,0.401,0.363,0.907,0.5080645161290323,0.5265567765567766,0,0,P00125,P00125-2025
2024-25,2025,caris levert,0.46808510638297873,0.2553191489361702,0.467,0.373,0.71,0.5585106382978723,0.5786151491966335,1,0,P00126,P00126-2025
2024-25,2025,cason wallace,0.4305555555555556,0.06944444444444445,0.474,0.35600000000000004,0.8109999999999999,0.5486111111111112,0.5660377358490567,0,0,P00131,P00131-2025
2024-25,2025,charles bassey,0.0,0.2727272727272727,0.581,0.0,0.636,0.5757575757575757,0.5952380952380953,2,0,P00139,P00139-2025
2024-25,2025,chet holmgren,0.33644859813084116,0.39252336448598135,0.49,0.379,0.754,0.5514018691588786,0.5977048135160982,11,0,P00144,P00144-2025
2024-25,2025,chris boucher,0.527027027027027,0.22972972972972974,0.49200000000000005,0.363,0.782,0.581081081081081,0.6136475208640157,3,0,P00147,P00147-2025
2024-25,2025,chris duarte,0.6,0.3333333333333333,0.462,0.4,0.75,0.6,0.6104651162790697,0,0,P00149,P00149-2025
2024-25,2025,chris livingston,0.3076923076923077,0.6153846153846154,0.33299999999999996,0.0,0.75,0.3076923076923077,0.423728813559322,0,0,P00150,P00150-2025
2024-25,2025,chris paul,0.6338028169014085,0.15492957746478875,0.42700000000000005,0.377,0.924,0.5422535211267606,0.5801687763713081,12,0,P00152,P00152-2025
2024-25,2025,christian braun,0.2692307692307692,0.25961538461538464,0.58,0.397,0.8270000000000001,0.6298076923076923,0.6644804970659304,6,0,P00155,P00155-2025
2024-25,2025,christian koloko,0.05555555555555555,0.2222222222222222,0.606,0.0,0.7140000000000001,0.611111111111111,0.6072874493927125,0,0,P00156,P00156-2025
2024-25,2025,chuma okeke,0.7045454545454546,0.06818181818181818,0.5,0.39299999999999996,0.667,0.6363636363636364,0.6509267431597529,1,0,P00158,P00158-2025
2024-25,2025,clint capela,0.0,0.2535211267605634,0.5589999999999999,0.0,0.536,0.5633802816901409,0.56386213887481,11,0,P00159,P00159-2025
2024-25,2025,coby white,0.52317880794702,0.271523178807947,0.45299999999999996,0.37,0.902,0.5529801324503312,0.6034074775201137,2,0,P00160,P00160-2025
2024-25,2025,cody martin,0.45901639344262296,0.19672131147540983,0.418,0.285,0.705,0.49180327868852464,0.5129752564876283,0,0,P00161,P00161-2025
2024-25,2025,cody williams,0.5294117647058824,0.15686274509803924,0.32299999999999995,0.259,0.725,0.40196078431372556,0.4218635363169479,0,0,P00162,P00162-2025
2024-25,2025,colby jones,0.393939393939394,0.27272727272727276,0.457,0.327,0.657,0.5151515151515151,0.5411255411255412,1,0,P00164,P00164-2025
2024-25,2025,cole anthony,0.40740740740740744,0.20987654320987656,0.424,0.353,0.823,0.4876543209876543,0.5311934900542497,0,0,P00165,P00165-2025
2024-25,2025,cole swider,0.746031746031746,0.015873015873015872,0.349,0.319,0.0,0.46825396825396826,0.4650063051702396,0,0,P00166,P00166-2025
2024-25,2025,colin castleton,0.15789473684210525,0.39473684210526316,0.469,0.125,0.763,0.4868421052631579,0.5269058295964126,0,0,P00167,P00167-2025
2024-25,2025,collin gillespie,0.5625,0.14583333333333331,0.43,0.433,0.8640000000000001,0.5624999999999999,0.57752545027408,1,0,P00168,P00168-2025
2024-25,2025,collin sexton,0.31159420289855067,0.28985507246376807,0.48,0.406,0.865,0.5398550724637681,0.5912596401028276,2,0,P00170,P00170-2025
2024-25,2025,corey kispert,0.5806451612903226,0.15053763440860213,0.451,0.364,0.852,0.5591397849462365,0.5849132714804356,0,0,P00172,P00172-2025
2024-25,2025,cory joseph,0.6774193548387096,0.12903225806451613,0.40299999999999997,0.364,0.778,0.5161290322580645,0.5341880341880342,0,0,P00174,P00174-2025
2024-25,2025,craig porter jr,0.33333333333333326,0.22222222222222218,0.514,0.43799999999999994,0.7190000000000001,0.5925925925925924,0.6241565452091767,0,0,P00175,P00175-2025
2024-25,2025,d angelo russell,0.5636363636363637,0.22727272727272727,0.39,0.314,0.8340000000000001,0.4772727272727273,0.5206611570247934,4,0,P00178,P00178-2025
2024-25,2025,d j carton,0.4444444444444445,0.16666666666666666,0.14300000000000002,0.0,1.0,0.16666666666666666,0.2070393374741201,0,0,P00181,P00181-2025
2024-25,2025,daquan jeffries,0.564516129032258,0.09677419354838708,0.405,0.335,0.8,0.4999999999999999,0.5182549504950494,0,0,P00183,P00183-2025
2024-25,2025,daeqwon plowden,0.6666666666666665,0.07142857142857141,0.64,0.529,1.0,0.8214285714285714,0.8310249307479224,0,0,P00185,P00185-2025
2024-25,2025,daishen nix,1.0,2.333333333333333,0.0,0.0,0.5,0.0,0.24671052631578946,0,0,P00186,P00186-2025
2024-25,2025,dalano banton,0.4342105263157895,0.25,0.391,0.324,0.728,0.46710526315789475,0.4919393077287814,0,0,P00188,P00188-2025
2024-25,2025,dalen terry,0.3783783783783783,0.24324324324324323,0.44799999999999995,0.35600000000000004,0.71,0.5,0.5493164062499999,0,0,P00189,P00189-2025
2024-25,2025,dalton knecht,0.6197183098591551,0.15492957746478878,0.461,0.376,0.762,0.5774647887323944,0.5999472573839663,0,0,P00190,P00190-2025
2024-25,2025,damian lillard,0.5263157894736842,0.3976608187134502,0.44799999999999995,0.376,0.9209999999999999,0.5497076023391813,0.6196496117857853,14,2,P00192,P00192-2025
2024-25,2025,damion baugh,0.42528735632183906,0.11494252873563218,0.32299999999999995,0.214,0.867,0.367816091954023,0.3993435448577681,0,0,P00193,P00193-2025
2024-25,2025,damion lee,0.5,0.26666666666666666,0.365,0.243,0.9520000000000001,0.43333333333333335,0.49224343675417664,0,0,P00194,P00194-2025
2024-25,2025,daniel gafford,0.0,0.4788732394366197,0.7020000000000001,0.0,0.6890000000000001,0.7042253521126761,0.7154490460679386,8,0,P00196,P00196-2025
2024-25,2025,daniel theis,0.29411764705882354,0.29411764705882354,0.473,0.243,0.838,0.5000000000000001,0.5598958333333334,1,0,P00198,P00198-2025
2024-25,2025,daniss jenkins,0.7142857142857144,0.21428571428571433,0.3,0.14300000000000002,0.0,0.3214285714285715,0.3263707571801567,0,0,P00200,P00200-2025
2024-25,2025,dante exum,0.40298507462686567,0.23880597014925373,0.478,0.434,0.742,0.5671641791044776,0.5875202593192869,0,0,P00203,P00203-2025
2024-25,2025,dario saric,0.4444444444444445,0.16666666666666666,0.36200000000000004,0.26899999999999996,0.7,0.41666666666666663,0.4528985507246377,1,0,P00205,P00205-2025
2024-25,2025,dariq whitehead,0.7708333333333334,0.0625,0.406,0.446,0.6,0.59375,0.5778588807785888,0,0,P00206,P00206-2025
2024-25,2025,darius garland,0.45222929936305734,0.21656050955414013,0.47200000000000003,0.401,0.878,0.5605095541401274,0.5989765061642243,7,0,P00209,P00209-2025
2024-25,2025,david duke jr,0.4347826086956522,0.13043478260869565,0.429,0.5,0.5,0.5434782608695653,0.5550986842105264,0,0,P00211,P00211-2025
2024-25,2025,david roddy,0.4736842105263158,0.21052631578947373,0.456,0.311,0.769,0.5263157894736843,0.5539499036608863,0,0,P00214,P00214-2025
2024-25,2025,davion mitchell,0.45312499999999994,0.171875,0.46799999999999997,0.39799999999999996,0.69,0.5546875,0.573794305636258,1,0,P00215,P00215-2025
2024-25,2025,day ron sharpe,0.14285714285714285,0.23809523809523808,0.52,0.244,0.757,0.5396825396825397,0.5675287356321839,4,0,P00218,P00218-2025
2024-25,2025,de aaron fox,0.3244680851063829,0.2712765957446808,0.46299999999999997,0.31,0.8270000000000001,0.5132978723404255,0.5583539251092948,9,0,P00219,P00219-2025
2024-25,2025,de andre hunter,0.5126050420168067,0.3361344537815126,0.47,0.405,0.846,0.5756302521008403,0.6222547584187409,2,0,P00220,P00220-2025
2024-25,2025,de anthony melton,0.6444444444444444,0.14444444444444446,0.40700000000000003,0.371,0.625,0.5333333333333334,0.5380275804429586,1,0,P00221,P00221-2025
2024-25,2025,deandre jordan,0.0,0.44000000000000006,0.65,0.0,0.42200000000000004,0.64,0.6199731903485255,3,0,P00222,P00222-2025
2024-25,2025,demar derozan,0.19411764705882353,0.33529411764705885,0.47700000000000004,0.32799999999999996,0.857,0.5088235294117647,0.5689973344269017,3,0,P00225,P00225-2025
2024-25,2025,dean wade,0.8260869565217391,0.10869565217391305,0.413,0.36,0.5329999999999999,0.5652173913043478,0.5601659751037344,1,0,P00227,P00227-2025
2024-25,2025,deandre ayton,0.06837606837606838,0.1282051282051282,0.5660000000000001,0.188,0.667,0.5726495726495726,0.5825242718446603,20,0,P00228,P00228-2025
2024-25,2025,dejounte murray,0.3522012578616352,0.25157232704402516,0.39299999999999996,0.299,0.823,0.44968553459119487,0.49546998867497166,8,1,P00230,P00230-2025
2024-25,2025,delon wright,0.5454545454545454,0.18181818181818182,0.344,0.27399999999999997,0.6,0.4090909090909091,0.43490460157126826,0,0,P00231,P00231-2025
2024-25,2025,deni avdija,0.41025641025641024,0.4444444444444445,0.47600000000000003,0.365,0.78,0.5512820512820513,0.604089219330855,17,2,P00232,P00232-2025
2024-25,2025,dennis schroder,0.44545454545454544,0.2636363636363636,0.406,0.342,0.838,0.4863636363636364,0.5335614206581948,7,0,P00233,P00233-2025
2024-25,2025,dereck lively ii,0.0,0.37735849056603776,0.7020000000000001,0.0,0.63,0.69811320754717,0.7038834951456311,8,0,P00236,P00236-2025
2024-25,2025,derrick jones jr,0.368421052631579,0.1973684210526316,0.526,0.35600000000000004,0.703,0.5921052631578948,0.6113801452784503,0,0,P00240,P00240-2025
2024-25,2025,derrick white,0.7222222222222222,0.16666666666666666,0.442,0.384,0.8390000000000001,0.5833333333333333,0.6063294883170659,4,0,P00243,P00243-2025
2024-25,2025,desmond bane,0.4121621621621621,0.19594594594594594,0.484,0.392,0.894,0.5608108108108107,0.5971634735008707,10,1,P00244,P00244-2025
2024-25,2025,devin booker,0.3862433862433862,0.3386243386243386,0.461,0.332,0.894,0.5238095238095238,0.5894271504881193,16,0,P00245,P00245-2025
2024-25,2025,devin carter,0.48571428571428565,0.3428571428571428,0.37,0.295,0.591,0.4428571428571429,0.47169811320754707,0,0,P00247,P00247-2025
2024-25,2025,devin vassell,0.48201438848920863,0.13669064748201437,0.44299999999999995,0.368,0.792,0.5359712230215827,0.5530673181324647,2,0,P00248,P00248-2025
2024-25,2025,dillon brooks,0.5294117647058824,0.13445378151260504,0.429,0.397,0.818,0.5336134453781513,0.5553792446842273,0,0,P00255,P00255-2025
2024-25,2025,dillon jones,0.48,0.2,0.38299999999999995,0.254,0.607,0.42000000000000004,0.4595588235294118,1,0,P00256,P00256-2025
2024-25,2025,domantas sabonis,0.171875,0.3203125,0.59,0.41700000000000004,0.754,0.62109375,0.6539304300191728,61,10,P00257,P00257-2025
2024-25,2025,dominick barlow,0.25,0.28125,0.531,0.259,0.636,0.5625,0.5839822024471635,1,0,P00258,P00258-2025
2024-25,2025,donovan clingan,0.13999999999999999,0.32,0.539,0.28600000000000003,0.596,0.5599999999999999,0.5697755960729313,8,0,P00259,P00259-2025
2024-25,2025,donovan mitchell,0.4784946236559139,0.2741935483870967,0.44299999999999995,0.368,0.823,0.5295698924731181,0.5757052389176741,6,0,P00260,P00260-2025
2024-25,2025,donte divincenzo,0.7395833333333334,0.10416666666666669,0.42200000000000004,0.397,0.778,0.5625000000000001,0.5826693227091634,1,0,P00262,P00262-2025
2024-25,2025,dorian finney smith,0.7246376811594202,0.10144927536231882,0.44799999999999995,0.41100000000000003,0.667,0.5942028985507246,0.6034961154273029,0,0,P00263,P00263-2025
2024-25,2025,doug mcdermott,0.8571428571428572,0.03571428571428572,0.42700000000000005,0.436,0.6,0.6071428571428572,0.6153305203938115,0,0,P00264,P00264-2025
2024-25,2025,draymond green,0.48000000000000004,0.2933333333333334,0.424,0.325,0.687,0.5066666666666667,0.5314123760037789,6,1,P00266,P00266-2025
2024-25,2025,drew eubanks,0.03125,0.375,0.593,0.5,0.662,0.5937499999999999,0.6169527896995707,0,0,P00267,P00267-2025
2024-25,2025,drew peterson,0.8125,0.25,0.415,0.39399999999999996,0.778,0.59375,0.6193693693693695,0,0,P00268,P00268-2025
2024-25,2025,drew timme,0.34513274336283184,0.1592920353982301,0.441,0.257,0.625,0.48672566371681414,0.5003307972213032,3,0,P00269,P00269-2025
2024-25,2025,dru smith,0.47727272727272724,0.2045454545454545,0.508,0.5329999999999999,0.75,0.625,0.6463719766472059,0,0,P00270,P00270-2025
2024-25,2025,duncan robinson,0.7222222222222222,0.07777777777777778,0.43700000000000006,0.39299999999999996,0.887,0.5777777777777777,0.5908895573700043,0,0,P00272,P00272-2025
2024-25,2025,duop reath,0.6388888888888888,0.1388888888888889,0.42200000000000004,0.321,0.909,0.5138888888888888,0.549738219895288,0,0,P00273,P00273-2025
2024-25,2025,dwight powell,0.0909090909090909,0.7272727272727272,0.6890000000000001,0.4,0.6509999999999999,0.7272727272727272,0.7231404958677685,0,0,P00275,P00275-2025
2024-25,2025,dyson daniels,0.256198347107438,0.1487603305785124,0.493,0.34,0.593,0.5413223140495868,0.5468507601613403,9,0,P00279,P00279-2025
2024-25,2025,e j liddell,0.6153846153846154,0.15384615384615385,0.5329999999999999,0.3,1.0,0.6538461538461537,0.648414985590778,0,0,P00280,P00280-2025
2024-25,2025,elfrid payton,0.058823529411764705,0.058823529411764705,0.32799999999999996,0.16699999999999998,0.5710000000000001,0.3333333333333333,0.334480122324159,2,0,P00284,P00284-2025
2024-25,2025,elijah harkless,0.7142857142857143,0.17142857142857143,0.314,0.28,0.5,0.4142857142857143,0.4250797024442083,0,0,P00285,P00285-2025
2024-25,2025,emanuel miller,0.15384615384615385,0.23076923076923073,0.5,0.0,1.0,0.5384615384615383,0.5935754189944134,0,0,P00287,P00287-2025
2024-25,2025,emoni bates,0.7894736842105263,0.0,0.342,0.36700000000000005,0.0,0.4868421052631579,0.4868421052631579,0,0,P00289,P00289-2025
2024-25,2025,enrique freeman,0.29411764705882354,0.5294117647058824,0.43200000000000005,0.1,0.684,0.4117647058823529,0.5009541984732825,0,0,P00291,P00291-2025
2024-25,2025,eric gordon,0.673076923076923,0.23076923076923075,0.426,0.409,0.75,0.5576923076923077,0.5935754189944134,0,0,P00293,P00293-2025
2024-25,2025,evan mobley,0.25,0.3359375,0.557,0.37,0.725,0.6015624999999999,0.6295943370541791,37,0,P00298,P00298-2025
2024-25,2025,franz wagner,0.30412371134020616,0.26804123711340205,0.46299999999999997,0.295,0.871,0.5077319587628866,0.5579122095167834,3,0,P00304,P00304-2025
2024-25,2025,fred vanvleet,0.6062992125984252,0.18110236220472442,0.37799999999999995,0.345,0.81,0.484251968503937,0.5141481913652275,4,0,P00305,P00305-2025
2024-25,2025,gg jackson,0.4782608695652173,0.20289855072463764,0.37200000000000005,0.337,0.725,0.45652173913043476,0.4789781798829164,0,0,P00308,P00308-2025
2024-25,2025,gabe vincent,0.7413793103448275,0.05172413793103448,0.4,0.353,0.7140000000000001,0.5258620689655172,0.5394470667565745,0,0,P00309,P00309-2025
2024-25,2025,garrett temple,0.47619047619047616,0.1904761904761905,0.3,0.214,0.917,0.3333333333333333,0.41739894551845336,0,0,P00313,P00313-2025
2024-25,2025,garrison mathews,0.8363636363636363,0.3090909090909091,0.397,0.39,0.821,0.5636363636363637,0.6001920614596671,0,0,P00314,P00314-2025
2024-25,2025,gary harris,0.7500000000000002,0.10714285714285715,0.38299999999999995,0.35600000000000004,0.583,0.5357142857142858,0.5115961800818555,0,0,P00316,P00316-2025
2024-25,2025,gary payton ii,0.31250000000000006,0.125,0.574,0.326,0.711,0.6354166666666667,0.6417851500789891,0,0,P00317,P00317-2025
2024-25,2025,gary trent jr,0.6629213483146068,0.1348314606741573,0.431,0.41600000000000004,0.848,0.5617977528089887,0.5886720407297411,0,0,P00318,P00318-2025
2024-25,2025,georges niang,0.6666666666666667,0.08974358974358974,0.461,0.406,0.7929999999999999,0.5961538461538463,0.6105081401085348,1,0,P00321,P00321-2025
2024-25,2025,giannis antetokounmpo,0.045685279187817264,0.5380710659898478,0.601,0.222,0.617,0.6040609137055839,0.6238712855032015,55,11,P00323,P00323-2025
2024-25,2025,goga bitadze,0.08333333333333333,0.3958333333333333,0.611,0.107,0.639,0.625,0.63875088715401,15,0,P00324,P00324-2025
2024-25,2025,gradey dick,0.5,0.24166666666666667,0.41,0.35,0.858,0.49583333333333335,0.5423320277191925,0,0,P00328,P00328-2025
2024-25,2025,grant williams,0.5974025974025974,0.2987012987012987,0.439,0.365,0.838,0.551948051948052,0.5968778696051423,0,0,P00330,P00330-2025
2024-25,2025,grayson allen,0.7236842105263158,0.2368421052631579,0.44799999999999995,0.426,0.816,0.5986842105263158,0.6315538608198284,1,0,P00331,P00331-2025
2024-25,2025,guerschon yabusele,0.4875,0.25,0.501,0.38,0.725,0.59375,0.6193693693693694,3,0,P00334,P00334-2025
2024-25,2025,gui santos,0.5624999999999999,0.25,0.45799999999999996,0.33,0.69,0.5624999999999999,0.5771396396396394,0,0,P00335,P00335-2025
2024-25,2025,harrison barnes,0.5301204819277109,0.2891566265060241,0.508,0.433,0.809,0.6204819277108433,0.6573321932449765,1,0,P00337,P00337-2025
2024-25,2025,harrison ingram,0.25,0.0,0.5,0.0,0.0,0.5,0.5,0,0,P00338,P00338-2025
2024-25,2025,haywood highsmith,0.5849056603773585,0.11320754716981132,0.45799999999999996,0.382,0.721,0.5660377358490566,0.5841121495327103,0,0,P00343,P00343-2025
2024-25,2025,herbert jones,0.4186046511627907,0.23255813953488372,0.436,0.306,0.825,0.5058139534883721,0.5432489451476793,0,0,P00345,P00345-2025
2024-25,2025,hunter tyson,0.625,0.20833333333333334,0.375,0.311,0.75,0.4791666666666667,0.49618320610687017,0,0,P00349,P00349-2025
2024-25,2025,immanuel quickley,0.5112781954887218,0.29323308270676685,0.42,0.37799999999999995,0.867,0.5187969924812029,0.5693926478423016,2,0,P00352,P00352-2025
2024-25,2025,isaac jones,0.09523809523809523,0.42857142857142855,0.6509999999999999,0.375,0.639,0.6904761904761905,0.6810897435897436,0,0,P00354,P00354-2025
2024-25,2025,isaac okoro,0.5510204081632653,0.16326530612244897,0.46399999999999997,0.371,0.7170000000000001,0.5714285714285714,0.5807311500380807,0,0,P00355,P00355-2025
2024-25,2025,isaiah collier,0.3076923076923077,0.2820512820512821,0.42200000000000004,0.249,0.682,0.46153846153846156,0.49612226277372257,11,0,P00356,P00356-2025
2024-25,2025,isaiah crawford,0.42857142857142855,0.42857142857142855,0.455,0.2,0.5,0.5,0.5408653846153846,0,0,P00357,P00357-2025
2024-25,2025,isaiah hartenstein,0.03571428571428571,0.25,0.581,0.0,0.675,0.5833333333333334,0.6006006006006006,28,0,P00358,P00358-2025
2024-25,2025,isaiah jackson,0.0,0.6086956521739131,0.609,0.0,0.5,0.6086956521739131,0.6001371742112482,0,0,P00359,P00359-2025
2024-25,2025,isaiah joe,0.7974683544303797,0.10126582278481013,0.44,0.41200000000000003,0.821,0.6075949367088607,0.6180319922443044,0,0,P00360,P00360-2025
2024-25,2025,isaiah mobley,0.42857142857142855,0.2857142857142857,0.28600000000000003,0.33299999999999996,0.5,0.35714285714285715,0.3807106598984772,0,0,P00362,P00362-2025
2024-25,2025,isaiah stewart,0.1590909090909091,0.2727272727272727,0.5589999999999999,0.321,0.759,0.5681818181818181,0.6087662337662337,2,0,P00365,P00365-2025
2024-25,2025,isaiah wong,0.32075471698113206,0.32075471698113206,0.39,0.39399999999999996,0.735,0.46226415094339623,0.496031746031746,0,0,P00368,P00368-2025
2024-25,2025,ivica zubac,0.0,0.2542372881355932,0.628,0.0,0.6609999999999999,0.6271186440677966,0.6402439024390244,59,1,P00371,P00371-2025
2024-25,2025,jd davison,0.5238095238095238,0.19047619047619047,0.353,0.222,0.7140000000000001,0.4523809523809524,0.461335676625659,0,0,P00373,P00373-2025
2024-25,2025,jt thor,0.36666666666666664,0.36666666666666664,0.424,0.28600000000000003,0.682,0.48333333333333334,0.5166475315729047,0,0,P00374,P00374-2025
2024-25,2025,ja morant,0.3202247191011236,0.3595505617977528,0.45399999999999996,0.309,0.8240000000000001,0.5056179775280899,0.5626697710516104,13,1,P00375,P00375-2025
2024-25,2025,ja kobe walter,0.4736842105263158,0.2105263157894737,0.405,0.349,0.795,0.49342105263157904,0.5178227360308285,1,0,P00376,P00376-2025
2024-25,2025,jabari smith jr,0.4949494949494949,0.2222222222222222,0.43799999999999994,0.354,0.825,0.5303030303030303,0.5612808244387191,8,0,P00380,P00380-2025
2024-25,2025,jabari walker,0.3157894736842105,0.3157894736842105,0.515,0.389,0.69,0.5921052631578947,0.6007393715341959,1,0,P00381,P00381-2025
2024-25,2025,jack mcveigh,0.736842105263158,0.0,0.294,0.308,0.0,0.4210526315789474,0.42105263157894746,0,0,P00382,P00382-2025
2024-25,2025,jackson rowe,0.6071428571428572,0.3571428571428572,0.47100000000000003,0.3,0.5,0.5535714285714287,0.5709876543209877,0,0,P00384,P00384-2025
2024-25,2025,jacob toppin,0.46153846153846145,0.0,0.409,0.5,0.0,0.5,0.5384615384615383,0,0,P00386,P00386-2025
2024-25,2025,jaden hardy,0.4794520547945206,0.20547945205479454,0.435,0.386,0.698,0.5273972602739727,0.5464824120603016,0,0,P00387,P00387-2025
2024-25,2025,jaden ivey,0.3695652173913043,0.2826086956521739,0.46,0.409,0.733,0.532608695652174,0.5671564836298014,0,0,P00388,P00388-2025
2024-25,2025,jaden mcdaniels,0.36274509803921573,0.15686274509803924,0.47700000000000004,0.33,0.813,0.5392156862745098,0.5594277329420396,10,0,P00389,P00389-2025
2024-25,2025,jaden springer,0.5238095238095238,0.4285714285714286,0.389,0.25,0.711,0.4523809523809524,0.500801282051282,0,0,P00390,P00390-2025
2024-25,2025,jae crowder,0.7083333333333334,0.2916666666666667,0.318,0.267,0.833,0.4166666666666667,0.48005908419497795,0,0,P00391,P00391-2025
2024-25,2025,jae sean tate,0.32142857142857145,0.32142857142857145,0.473,0.348,0.6809999999999999,0.5178571428571429,0.5632040050062579,0,0,P00392,P00392-2025
2024-25,2025,jahmir young,0.3749999999999999,0.3749999999999999,0.8,0.5,1.0,0.9999999999999997,0.9656652360515021,0,0,P00395,P00395-2025
2024-25,2025,jaime jaquez jr,0.2571428571428571,0.31428571428571433,0.461,0.311,0.754,0.5000000000000001,0.5396586345381525,3,1,P00397,P00397-2025
2024-25,2025,jake laravia,0.4313725490196079,0.33333333333333337,0.475,0.423,0.6779999999999999,0.5588235294117647,0.5899452804377566,2,0,P00398,P00398-2025
2024-25,2025,jakob poeltl,0.00980392156862745,0.2450980392156863,0.627,0.33299999999999996,0.674,0.6274509803921569,0.6415929203539823,23,0,P00400,P00400-2025
2024-25,2025,jalen bridges,1.0,0.5555555555555556,0.28600000000000003,0.28600000000000003,0.75,0.49999999999999994,0.49107142857142855,0,0,P00401,P00401-2025
2024-25,2025,jalen brunson,0.32972972972972975,0.372972972972973,0.488,0.38299999999999995,0.821,0.5486486486486486,0.6036404160475484,14,0,P00402,P00402-2025
2024-25,2025,jalen duren,0.0,0.4428571428571429,0.6920000000000001,0.0,0.669,0.6857142857142857,0.7054041128646581,41,0,P00403,P00403-2025
2024-25,2025,jalen green,0.4628571428571428,0.2342857142857143,0.423,0.354,0.813,0.5057142857142858,0.5439287194363863,4,0,P00404,P00404-2025
2024-25,2025,jalen hood schifino,0.47692307692307695,0.2153846153846154,0.37799999999999995,0.304,0.857,0.45384615384615384,0.49887577290612706,0,0,P00405,P00405-2025
2024-25,2025,jalen johnson,0.2582781456953642,0.23178807947019867,0.5,0.312,0.746,0.5364238410596026,0.5679086538461539,20,1,P00406,P00406-2025
2024-25,2025,jalen pickett,0.5675675675675675,0.05405405405405406,0.428,0.396,0.75,0.5405405405405405,0.541182682154171,1,1,P00408,P00408-2025
2024-25,2025,jalen smith,0.546875,0.21874999999999997,0.466,0.324,0.809,0.5546874999999999,0.5843785632839225,4,0,P00410,P00410-2025
2024-25,2025,jalen suggs,0.5036496350364964,0.22627737226277372,0.41,0.314,0.882,0.48905109489051096,0.5377057886351566,0,0,P00411,P00411-2025
2024-25,2025,jalen williams,0.2899408284023669,0.25443786982248523,0.484,0.365,0.789,0.5384615384615384,0.574712643678161,3,0,P00412,P00412-2025
2024-25,2025,jalen wilson,0.5897435897435898,0.2692307692307693,0.397,0.337,0.818,0.4935897435897436,0.5444750114626319,0,0,P00413,P00413-2025
2024-25,2025,jamal cain,0.5116279069767442,0.3255813953488372,0.43,0.325,0.68,0.5000000000000001,0.5390561432058584,0,0,P00414,P00414-2025
2024-25,2025,jamal murray,0.35329341317365276,0.22155688622754494,0.474,0.39299999999999996,0.8859999999999999,0.5419161676646708,0.5838061981667394,5,0,P00415,P00415-2025
2024-25,2025,jamal shead,0.44776119402985076,0.13432835820895522,0.405,0.32299999999999995,0.768,0.47761194029850745,0.500281848928974,1,0,P00416,P00416-2025
2024-25,2025,jamaree bouyea,0.4166666666666667,0.5,0.5,0.2,0.667,0.5416666666666666,0.5806010928961748,0,0,P00417,P00417-2025
2024-25,2025,james harden,0.5182926829268293,0.44512195121951215,0.41,0.35200000000000004,0.8740000000000001,0.5000000000000001,0.5812767693249031,38,3,P00420,P00420-2025
2024-25,2025,james johnson,0.33333333333333326,0.11111111111111112,0.364,0.0,0.0,0.33333333333333326,0.3707627118644067,0,0,P00421,P00421-2025
2024-25,2025,james wiseman,0.25,0.5,0.5,0.0,1.0,0.5,0.6147540983606558,0,0,P00422,P00422-2025
2024-25,2025,jamison battle,0.7457627118644068,0.05084745762711864,0.429,0.405,0.889,0.5762711864406779,0.5885278514588859,0,0,P00424,P00424-2025
2024-25,2025,jarace walker,0.5208333333333334,0.1875,0.47200000000000003,0.405,0.667,0.5833333333333334,0.5869899923017706,0,0,P00426,P00426-2025
2024-25,2025,jared butler,0.3684210526315789,0.19736842105263158,0.44799999999999995,0.355,0.8240000000000001,0.5131578947368421,0.5447941888619855,1,0,P00427,P00427-2025
2024-25,2025,jared mccain,0.4873949579831933,0.20168067226890757,0.46,0.38299999999999995,0.875,0.5546218487394958,0.5904600185242359,1,0,P00429,P00429-2025
2024-25,2025,jared rhoden,0.45161290322580644,0.2903225806451613,0.483,0.308,0.88,0.5564516129032258,0.6006864988558354,1,0,P00430,P00430-2025
2024-25,2025,jaren jackson jr,0.3231707317073171,0.3292682926829269,0.488,0.375,0.7809999999999999,0.5487804878048781,0.5911802300809544,6,0,P00431,P00431-2025
2024-25,2025,jarred vanderbilt,0.2647058823529412,0.29411764705882354,0.488,0.281,0.556,0.5147058823529412,0.5338541666666667,0,0,P00432,P00432-2025
2024-25,2025,jarrett allen,0.012820512820512822,0.4358974358974359,0.706,0.0,0.718,0.7051282051282051,0.726118760757315,40,0,P00434,P00434-2025
2024-25,2025,javonte green,0.5,0.2619047619047619,0.429,0.326,0.7240000000000001,0.5119047619047619,0.5444064901793337,0,0,P00442,P00442-2025
2024-25,2025,jaxson hayes,0.025,0.45,0.722,0.0,0.622,0.725,0.7095158597662772,2,0,P00444,P00444-2025
2024-25,2025,jay huff,0.6458333333333334,0.1875,0.515,0.405,0.7859999999999999,0.65625,0.663972286374134,0,0,P00445,P00445-2025
2024-25,2025,jaylen brown,0.3220338983050848,0.288135593220339,0.46299999999999997,0.324,0.764,0.5141242937853108,0.5565583634175691,5,0,P00447,P00447-2025
2024-25,2025,jaylen clark,0.43333333333333335,0.3,0.467,0.431,0.784,0.5666666666666667,0.6036513545347467,0,0,P00448,P00448-2025
2024-25,2025,jaylen martin,0.30434782608695654,0.13043478260869565,0.419,0.304,0.9,0.4565217391304348,0.5037006578947368,0,0,P00450,P00450-2025
2024-25,2025,jaylen nowell,0.37362637362637363,0.15384615384615385,0.35600000000000004,0.29600000000000004,0.636,0.4175824175824176,0.43227665706051877,0,0,P00452,P00452-2025
2024-25,2025,jaylen sims,0.5319148936170213,0.5319148936170213,0.429,0.4,0.8,0.5319148936170213,0.6034482758620688,0,0,P00453,P00453-2025
2024-25,2025,jaylen wells,0.5813953488372093,0.19767441860465115,0.425,0.35200000000000004,0.8220000000000001,0.5174418604651163,0.5562687205819427,1,0,P00454,P00454-2025
2024-25,2025,jaylin williams,0.702127659574468,0.1276595744680851,0.439,0.39899999999999997,0.767,0.5851063829787234,0.5942788074133764,4,3,P00455,P00455-2025
2024-25,2025,jaylon tyson,0.375,0.15625,0.43,0.345,0.792,0.5,0.5263157894736842,1,0,P00456,P00456-2025
2024-25,2025,jayson tatum,0.4975369458128078,0.3004926108374384,0.452,0.34299999999999997,0.8140000000000001,0.5394088669950738,0.5830142707970762,31,2,P00458,P00458-2025
2024-25,2025,jazian gortman,0.5,0.2142857142857143,0.391,0.364,0.5,0.5357142857142857,0.489556135770235,0,0,P00459,P00459-2025
2024-25,2025,jeff dowtin jr,0.3035714285714286,0.19642857142857145,0.48700000000000004,0.4,0.733,0.5446428571428571,0.5752794214332676,0,0,P00460,P00460-2025
2024-25,2025,jeff green,0.6578947368421053,0.2105263157894737,0.504,0.36700000000000005,0.8079999999999999,0.618421052631579,0.6502890173410405,0,0,P00461,P00461-2025
2024-25,2025,jerami grant,0.5163934426229507,0.28688524590163933,0.373,0.365,0.8490000000000001,0.4713114754098361,0.5240174672489084,0,0,P00463,P00463-2025
2024-25,2025,jeremiah robinson earl,0.4716981132075472,0.1509433962264151,0.455,0.341,0.836,0.5283018867924528,0.5573248407643312,4,0,P00465,P00465-2025
2024-25,2025,jeremy sochan,0.19540229885057472,0.26436781609195403,0.535,0.308,0.696,0.5574712643678161,0.5869028006589786,8,0,P00467,P00467-2025
2024-25,2025,jericho sims,0.0,0.15384615384615385,0.634,0.0,0.615,0.6153846153846154,0.648414985590778,0,0,P00468,P00468-2025
2024-25,2025,jett howard,0.7045454545454546,0.09090909090909091,0.374,0.29600000000000004,0.696,0.4659090909090909,0.49169580419580416,0,0,P00471,P00471-2025
2024-25,2025,jevon carter,0.7073170731707317,0.07317073170731707,0.377,0.33299999999999996,0.8,0.48780487804878053,0.5080340264650283,0,0,P00472,P00472-2025
2024-25,2025,jimmy butler iii,0.1743119266055046,0.6513761467889908,0.504,0.308,0.8420000000000001,0.5321100917431193,0.6239304050199658,6,3,P00473,P00473-2025
2024-25,2025,jock landale,0.16666666666666663,0.27777777777777773,0.5329999999999999,0.423,0.675,0.5694444444444443,0.594059405940594,1,0,P00475,P00475-2025
2024-25,2025,joe ingles,0.6666666666666667,0.0,0.261,0.2,0.0,0.33333333333333337,0.33333333333333337,0,0,P00477,P00477-2025
2024-25,2025,joel embiid,0.24698795180722885,0.5361445783132529,0.444,0.299,0.882,0.48192771084337344,0.5800350945603431,7,1,P00481,P00481-2025
2024-25,2025,john collins,0.2781954887218045,0.3082706766917293,0.527,0.39899999999999997,0.848,0.5827067669172933,0.6289724576271187,13,0,P00483,P00483-2025
2024-25,2025,john konchar,0.65,0.1,0.451,0.371,0.875,0.575,0.5747126436781609,0,0,P00484,P00484-2025
2024-25,2025,johnny davis,0.39130434782608703,0.17391304347826092,0.41,0.24100000000000002,0.6,0.4347826086956522,0.4846526655896608,0,0,P00489,P00489-2025
2024-25,2025,johnny furphy,0.5555555555555556,0.2222222222222222,0.38,0.3,0.818,0.4722222222222222,0.5313765182186235,0,0,P00490,P00490-2025
2024-25,2025,johnny juzang,0.6621621621621622,0.10810810810810811,0.429,0.376,0.8490000000000001,0.5540540540540541,0.5740454076367388,0,0,P00491,P00491-2025
2024-25,2025,jonas valanciunas,0.06493506493506493,0.2597402597402597,0.55,0.21600000000000003,0.879,0.564935064935065,0.6060606060606061,21,0,P00492,P00492-2025
2024-25,2025,jonathan isaac,0.4565217391304348,0.3260869565217392,0.414,0.258,0.682,0.46739130434782616,0.5133079847908746,2,0,P00493,P00493-2025
2024-25,2025,jonathan kuminga,0.26446280991735543,0.41322314049586784,0.45399999999999996,0.305,0.6679999999999999,0.4958677685950414,0.534965034965035,2,0,P00494,P00494-2025
2024-25,2025,jonathan mogbo,0.1929824561403509,0.2280701754385965,0.43799999999999994,0.243,0.732,0.46491228070175433,0.4942602040816326,3,1,P00495,P00495-2025
2024-25,2025,jordan clarkson,0.47368421052631576,0.29323308270676685,0.408,0.36200000000000004,0.797,0.4924812030075188,0.5394246137453383,0,0,P00497,P00497-2025
2024-25,2025,jordan goodwin,0.4599999999999999,0.08000000000000002,0.43799999999999994,0.382,0.818,0.53,0.5409582689335393,0,0,P00499,P00499-2025
2024-25,2025,jordan hawkins,0.595959595959596,0.18181818181818182,0.37200000000000005,0.331,0.816,0.47474747474747486,0.5050505050505052,0,0,P00501,P00501-2025
2024-25,2025,jordan mclaughlin,0.6249999999999999,0.31249999999999994,0.431,0.413,0.773,0.5624999999999999,0.5769230769230769,0,0,P00502,P00502-2025
2024-25,2025,jordan miller,0.27777777777777773,0.25,0.433,0.21100000000000002,0.8,0.4722222222222222,0.5130130130130128,0,0,P00503,P00503-2025
2024-25,2025,jordan poole,0.5870967741935483,0.25806451612903225,0.43200000000000005,0.37799999999999995,0.883,0.5451612903225806,0.5938586326767091,1,0,P00505,P00505-2025
2024-25,2025,jordan walsh,0.6875,0.125,0.361,0.273,0.583,0.46875,0.4739336492890995,0,0,P00507,P00507-2025
2024-25,2025,jose alvarado,0.5913978494623655,0.13978494623655913,0.392,0.359,0.8109999999999999,0.4946236559139785,0.521677471636953,2,0,P00508,P00508-2025
2024-25,2025,josh christopher,0.36363636363636365,0.18181818181818182,0.355,0.182,0.667,0.3863636363636363,0.42087542087542085,0,0,P00509,P00509-2025
2024-25,2025,josh giddey,0.3508771929824561,0.2807017543859649,0.465,0.37799999999999995,0.7809999999999999,0.5307017543859649,0.5699562773266709,30,7,P00510,P00510-2025
2024-25,2025,josh green,0.5806451612903226,0.1774193548387097,0.428,0.391,0.6809999999999999,0.532258064516129,0.5535607420706163,0,0,P00511,P00511-2025
2024-25,2025,josh hart,0.33,0.27,0.525,0.33299999999999996,0.7759999999999999,0.5750000000000001,0.6077940650697176,34,9,P00512,P00512-2025
2024-25,2025,josh minott,0.45,0.2,0.489,0.326,0.895,0.575,0.5974264705882353,0,0,P00514,P00514-2025
2024-25,2025,josh okogie,0.4339622641509434,0.39622641509433965,0.44299999999999995,0.348,0.741,0.5283018867924528,0.5703727506426735,1,0,P00516,P00516-2025
2024-25,2025,josh richardson,0.5833333333333334,0.10416666666666667,0.289,0.273,1.0,0.375,0.39840637450199207,0,0,P00517,P00517-2025
2024-25,2025,jrue holiday,0.532608695652174,0.13043478260869565,0.44299999999999995,0.353,0.909,0.5380434782608695,0.5705180921052632,1,0,P00519,P00519-2025
2024-25,2025,julian champagnie,0.7283950617283952,0.1358024691358025,0.415,0.371,0.904,0.5555555555555556,0.576654240447344,0,0,P00523,P00523-2025
2024-25,2025,julian phillips,0.5277777777777777,0.27777777777777773,0.446,0.327,0.789,0.5277777777777777,0.5693069306930693,0,0,P00524,P00524-2025
2024-25,2025,julian strawther,0.5466666666666666,0.18666666666666668,0.43200000000000005,0.349,0.8220000000000001,0.52,0.5544603252833908,0,0,P00526,P00526-2025
2024-25,2025,julius randle,0.338235294117647,0.3602941176470589,0.485,0.344,0.8059999999999999,0.5441176470588235,0.5934247270880935,14,0,P00527,P00527-2025
2024-25,2025,justin champagnie,0.4696969696969698,0.1818181818181818,0.511,0.38299999999999995,0.685,0.606060606060606,0.617283950617284,8,0,P00529,P00529-2025
2024-25,2025,justin edwards,0.5,0.11627906976744187,0.455,0.363,0.696,0.5465116279069768,0.5586283185840708,1,0,P00530,P00530-2025
2024-25,2025,justin minaya,0.4545454545454545,0.09090909090909091,0.381,0.2,0.0,0.40909090909090906,0.3933566433566434,0,0,P00533,P00533-2025
2024-25,2025,jusuf nurkic,0.30434782608695654,0.3623188405797101,0.47700000000000004,0.305,0.664,0.5217391304347826,0.5562499999999999,10,0,P00536,P00536-2025
2024-25,2025,kj martin,0.2765957446808511,0.2340425531914894,0.552,0.259,0.787,0.5851063829787234,0.6172839506172839,0,0,P00538,P00538-2025
2024-25,2025,kj simpson,0.4285714285714285,0.16666666666666663,0.34600000000000003,0.254,0.82,0.3988095238095237,0.432564330079858,0,0,P00539,P00539-2025
2024-25,2025,kai jones,0.037037037037037035,0.2962962962962963,0.7979999999999999,0.2,0.7190000000000001,0.8148148148148148,0.8191349934469201,1,0,P00542,P00542-2025
2024-25,2025,karl anthony towns,0.2781065088757397,0.3372781065088758,0.526,0.42,0.8290000000000001,0.5857988165680474,0.6286067600989282,58,1,P00544,P00544-2025
2024-25,2025,karlo matkovic,0.28571428571428575,0.17857142857142858,0.574,0.318,0.773,0.6160714285714286,0.6374172185430464,4,0,P00545,P00545-2025
2024-25,2025,kawhi leonard,0.30357142857142855,0.19642857142857142,0.498,0.41100000000000003,0.81,0.5625,0.588976550515012,5,0,P00547,P00547-2025
2024-25,2025,keaton wallace,0.5,0.07692307692307691,0.401,0.32899999999999996,1.0,0.4903846153846154,0.5022321428571429,1,1,P00548,P00548-2025
2024-25,2025,keegan murray,0.5462962962962963,0.08333333333333333,0.444,0.34299999999999997,0.833,0.537037037037037,0.5537692032868882,11,0,P00549,P00549-2025
2024-25,2025,keion brooks jr,0.3974358974358974,0.2692307692307692,0.486,0.326,0.733,0.5512820512820512,0.5788629069234296,1,0,P00551,P00551-2025
2024-25,2025,kel el ware,0.2328767123287671,0.136986301369863,0.5539999999999999,0.315,0.687,0.5821917808219178,0.6007751937984497,15,0,P00553,P00553-2025
2024-25,2025,keldon johnson,0.36,0.25,0.48200000000000004,0.318,0.773,0.535,0.572072072072072,3,0,P00555,P00555-2025
2024-25,2025,kelly olynyk,0.2950819672131148,0.4098360655737705,0.5,0.418,0.769,0.5573770491803279,0.6041666666666666,2,0,P00557,P00557-2025
2024-25,2025,kelly oubre jr,0.3225806451612903,0.25,0.47,0.293,0.7509999999999999,0.5161290322580645,0.548532403371113,10,0,P00558,P00558-2025
2024-25,2025,kenrich williams,0.4901960784313726,0.11764705882352941,0.483,0.386,0.718,0.5882352941176471,0.587248322147651,2,0,P00564,P00564-2025
2024-25,2025,kentavious caldwell pope,0.6056338028169014,0.16901408450704225,0.439,0.342,0.863,0.5422535211267607,0.5702674357629786,0,0,P00566,P00566-2025
2024-25,2025,keon ellis,0.6896551724137931,0.1896551724137931,0.489,0.433,0.8490000000000001,0.6293103448275862,0.6604073838319542,0,0,P00567,P00567-2025
2024-25,2025,keon johnson,0.5151515151515151,0.18181818181818182,0.389,0.314,0.77,0.4646464646464646,0.4956977179199401,0,0,P00568,P00568-2025
2024-25,2025,keshad johnson,0.25,0.37499999999999994,0.6920000000000001,0.429,0.444,0.7500000000000001,0.7242489270386266,0,0,P00569,P00569-2025
2024-25,2025,kessler edwards,0.4117647058823529,0.08823529411764706,0.496,0.40700000000000003,0.9229999999999999,0.5882352941176471,0.594563986409966,1,0,P00571,P00571-2025
2024-25,2025,kevin durant,0.3314917127071823,0.3204419889502762,0.527,0.43,0.8390000000000001,0.5966850828729282,0.6440054232035638,5,0,P00572,P00572-2025
2024-25,2025,kevin huerter,0.6477272727272727,0.07954545454545453,0.425,0.33799999999999997,0.7140000000000001,0.5284090909090909,0.5434782608695652,0,0,P00573,P00573-2025
2024-25,2025,kevin knox ii,0.42307692307692313,0.23076923076923078,0.5,0.267,0.75,0.5576923076923077,0.5761173184357542,0,0,P00574,P00574-2025
2024-25,2025,kevin love,0.5800000000000001,0.2,0.35700000000000004,0.358,0.696,0.45999999999999996,0.4871323529411764,0,0,P00575,P00575-2025
2024-25,2025,kevin mccullar jr,0.16666666666666666,0.2777777777777778,0.28600000000000003,0.0,1.0,0.2777777777777778,0.3712871287128713,0,0,P00576,P00576-2025
2024-25,2025,kevin porter jr,0.27586206896551724,0.26436781609195403,0.449,0.311,0.769,0.4885057471264368,0.5302718286655684,2,1,P00578,P00578-2025
2024-25,2025,kevon looney,0.02702702702702703,0.35135135135135137,0.514,0.4,0.5660000000000001,0.5135135135135136,0.526685393258427,2,0,P00580,P00580-2025
2024-25,2025,keyonte george,0.5547445255474452,0.3138686131386861,0.391,0.34299999999999997,0.818,0.489051094890511,0.538737814263725,4,0,P00582,P00582-2025
2024-25,2025,khris middleton,0.39560439560439564,0.25274725274725274,0.475,0.361,0.857,0.543956043956044,0.5884098101265823,0,0,P00585,P00585-2025
2024-25,2025,killian hayes,0.4861111111111111,0.27777777777777773,0.419,0.381,0.833,0.5069444444444444,0.5569306930693069,0,0,P00586,P00586-2025
2024-25,2025,klay thompson,0.6311475409836066,0.0819672131147541,0.41200000000000003,0.391,0.905,0.5327868852459017,0.5537974683544304,0,0,P00589,P00589-2025
2024-25,2025,kobe brown,0.3888888888888889,0.1111111111111111,0.45799999999999996,0.231,0.7140000000000001,0.5,0.503177966101695,0,0,P00590,P00590-2025
2024-25,2025,kobe bufkin,0.40425531914893614,0.3829787234042553,0.38299999999999995,0.21100000000000002,0.722,0.425531914893617,0.4825200291332848,0,0,P00591,P00591-2025
2024-25,2025,kris dunn,0.5084745762711864,0.05084745762711864,0.439,0.335,0.682,0.5254237288135593,0.5305039787798409,0,0,P00596,P00596-2025
2024-25,2025,kris murray,0.425,0.2,0.419,0.225,0.456,0.475,0.48253676470588236,1,0,P00597,P00597-2025
2024-25,2025,kristaps porzingis,0.43795620437956206,0.34306569343065696,0.483,0.41200000000000003,0.809,0.572992700729927,0.6183409436834094,6,0,P00598,P00598-2025
2024-25,2025,kyle anderson,0.22000000000000003,0.22000000000000003,0.469,0.35700000000000004,0.738,0.4999999999999999,0.537928519328957,2,0,P00599,P00599-2025
2024-25,2025,kyle filipowski,0.4305555555555556,0.2777777777777778,0.502,0.35,0.65,0.576388888888889,0.594059405940594,13,0,P00600,P00600-2025
2024-25,2025,kyle kuzma,0.36923076923076925,0.23846153846153847,0.436,0.307,0.634,0.49615384615384617,0.5151768309663046,6,0,P00602,P00602-2025
2024-25,2025,kyle lowry,0.7575757575757576,0.2727272727272727,0.35,0.33,0.818,0.48484848484848486,0.5275974025974025,0,0,P00603,P00603-2025
2024-25,2025,kylor kelley,0.0,0.45,0.636,0.0,0.6,0.65,0.6469115191986644,1,0,P00604,P00604-2025
2024-25,2025,kyrie irving,0.380952380952381,0.22751322751322753,0.473,0.401,0.9159999999999999,0.5476190476190477,0.5939784532512505,0,0,P00605,P00605-2025
2024-25,2025,kyshawn george,0.65,0.175,0.37200000000000005,0.322,0.753,0.48125,0.5048746518105849,1,0,P00606,P00606-2025
2024-25,2025,lamelo ball,0.5258215962441314,0.23004694835680753,0.405,0.33899999999999997,0.843,0.49295774647887325,0.5371759890859481,13,0,P00609,P00609-2025
2024-25,2025,lamar stevens,0.43243243243243246,0.16216216216216214,0.46,0.29600000000000004,0.727,0.527027027027027,0.554994954591322,0,0,P00611,P00611-2025
2024-25,2025,landry shamet,0.673913043478261,0.08695652173913045,0.461,0.397,0.667,0.5869565217391305,0.5967336683417086,0,0,P00613,P00613-2025
2024-25,2025,larry nance jr,0.4923076923076924,0.07692307692307693,0.516,0.447,0.6920000000000001,0.6153846153846153,0.6324404761904762,3,0,P00615,P00615-2025
2024-25,2025,lauri markkanen,0.5704697986577181,0.261744966442953,0.423,0.34600000000000003,0.8759999999999999,0.5201342281879193,0.571738083774675,5,0,P00616,P00616-2025
2024-25,2025,lebron james,0.3149171270718232,0.2596685082872928,0.513,0.376,0.782,0.5718232044198895,0.6049186830622769,32,10,P00618,P00618-2025
2024-25,2025,leonard miller,0.33333333333333337,0.5,0.4,0.0,1.0,0.4166666666666667,0.5122950819672131,0,0,P00621,P00621-2025
2024-25,2025,lester quinones,0.5666666666666667,0.16666666666666666,0.397,0.295,0.846,0.4833333333333334,0.5124223602484472,0,0,P00622,P00622-2025
2024-25,2025,liam robbins,0.33333333333333337,1.3333333333333335,0.25,0.0,0.5,0.33333333333333337,0.3676470588235294,0,0,P00624,P00624-2025
2024-25,2025,lindy waters iii,0.7500000000000001,0.04166666666666667,0.369,0.344,0.727,0.5000000000000001,0.501227495908347,0,0,P00626,P00626-2025
2024-25,2025,lonnie walker iv,0.6037735849056604,0.14150943396226415,0.42,0.354,0.8,0.5330188679245284,0.5506216696269982,1,0,P00627,P00627-2025
2024-25,2025,lonzo ball,0.8115942028985508,0.11594202898550725,0.366,0.344,0.815,0.5,0.5239933811362383,0,0,P00628,P00628-2025
2024-25,2025,luguentz dort,0.6904761904761906,0.07142857142857144,0.435,0.41200000000000003,0.7170000000000001,0.5714285714285715,0.5828716528162512,0,0,P00632,P00632-2025
2024-25,2025,luka doncic,0.4682926829268293,0.3853658536585366,0.45,0.368,0.782,0.5341463414634147,0.5880880880880881,21,5,P00633,P00633-2025
2024-25,2025,luka garza,0.3333333333333333,0.3333333333333333,0.495,0.278,0.6859999999999999,0.537037037037037,0.5652454780361756,0,0,P00634,P00634-2025
2024-25,2025,luke kennard,0.6060606060606061,0.13636363636363635,0.478,0.433,0.895,0.6136363636363636,0.6360777587192682,0,0,P00636,P00636-2025
2024-25,2025,luke kornet,0.0,0.3421052631578948,0.6679999999999999,0.0,0.691,0.6842105263157896,0.686184812442818,3,0,P00637,P00637-2025
2024-25,2025,luke travers,0.47058823529411775,0.11764705882352944,0.25,0.0,1.0,0.23529411764705888,0.2796420581655481,0,0,P00638,P00638-2025
2024-25,2025,malachi flynn,0.30303030303030304,0.4545454545454546,0.385,0.25,0.833,0.4393939393939394,0.5050505050505051,0,0,P00640,P00640-2025
2024-25,2025,malaki branham,0.45000000000000007,0.175,0.45799999999999996,0.405,0.818,0.5625,0.5803156917363046,0,0,P00642,P00642-2025
2024-25,2025,malcolm brogdon,0.22999999999999998,0.37999999999999995,0.433,0.28600000000000003,0.88,0.46499999999999997,0.5440370116518163,2,0,P00643,P00643-2025
2024-25,2025,malevy leons,0.6666666666666669,2.333333333333333,0.0,0.0,0.5,0.0,0.24671052631578946,0,0,P00645,P00645-2025
2024-25,2025,malik beasley,0.7099236641221374,0.1297709923664122,0.43,0.41600000000000004,0.679,0.5763358778625954,0.5885326400924321,1,0,P00646,P00646-2025
2024-25,2025,malik monk,0.4583333333333333,0.1875,0.439,0.325,0.865,0.5104166666666666,0.5517064408519373,4,0,P00648,P00648-2025
2024-25,2025,marjon beauchamp,0.42105263157894735,0.3157894736842105,0.415,0.345,0.75,0.5,0.5314232902033272,0,0,P00653,P00653-2025
2024-25,2025,marcus bagley,0.463768115942029,0.14492753623188406,0.391,0.156,0.8,0.427536231884058,0.45640326975476836,2,0,P00654,P00654-2025
2024-25,2025,marcus garrett,0.29411764705882354,0.14705882352941177,0.40700000000000003,0.375,0.75,0.47058823529411764,0.48342541436464087,0,0,P00655,P00655-2025
2024-25,2025,marcus sasser,0.5192307692307692,0.17307692307692307,0.46299999999999997,0.382,0.843,0.5576923076923076,0.5897069335239455,1,0,P00657,P00657-2025
2024-25,2025,marcus smart,0.5394736842105263,0.27631578947368424,0.39299999999999996,0.348,0.7609999999999999,0.4868421052631579,0.5279211637728767,0,0,P00658,P00658-2025
2024-25,2025,mark williams,0.009803921568627453,0.36274509803921573,0.604,0.0,0.804,0.5980392156862745,0.6467703753804532,21,0,P00660,P00660-2025
2024-25,2025,markelle fultz,0.125,0.0,0.418,0.5,1.0,0.4375,0.45312499999999994,0,0,P00661,P00661-2025
2024-25,2025,markieff morris,0.5106382978723404,0.0851063829787234,0.3,0.25,0.833,0.3617021276595745,0.37940935192780967,0,0,P00662,P00662-2025
2024-25,2025,marvin bagley iii,0.1764705882352941,0.3235294117647059,0.519,0.158,0.657,0.5441176470588236,0.5664263645726056,1,0,P00668,P00668-2025
2024-25,2025,mason jones,0.4444444444444444,0.2777777777777778,0.5,0.125,0.8,0.5277777777777778,0.5693069306930694,0,0,P00669,P00669-2025
2024-25,2025,mason plumlee,0.037037037037037035,0.6296296296296295,0.619,0.0,0.648,0.6296296296296295,0.6525522041763341,2,0,P00670,P00670-2025
2024-25,2025,matas buzelis,0.4782608695652174,0.2028985507246377,0.45399999999999996,0.361,0.815,0.5507246376811594,0.5721128259712613,1,0,P00671,P00671-2025
2024-25,2025,matisse thybulle,0.5423728813559322,0.1694915254237288,0.47700000000000004,0.43799999999999994,0.467,0.5932203389830508,0.5914826498422713,0,0,P00672,P00672-2025
2024-25,2025,matt ryan,0.625,0.0625,0.32299999999999995,0.316,1.0,0.40624999999999994,0.4562043795620438,0,0,P00674,P00674-2025
2024-25,2025,max christie,0.5263157894736843,0.25,0.42700000000000005,0.366,0.855,0.5197368421052633,0.5689900426742532,0,0,P00678,P00678-2025
2024-25,2025,max strus,0.7866666666666666,0.09333333333333334,0.442,0.386,0.8240000000000001,0.5933333333333334,0.6019467213114754,0,0,P00680,P00680-2025
2024-25,2025,maxi kleber,0.5,0.2142857142857143,0.385,0.265,0.762,0.46428571428571436,0.48955613577023505,0,0,P00681,P00681-2025
2024-25,2025,maxwell lewis,0.4615384615384615,0.10256410256410257,0.41700000000000004,0.38,0.7,0.5,0.5029440628066731,0,0,P00683,P00683-2025
2024-25,2025,micah potter,0.7222222222222221,0.13888888888888887,0.42200000000000004,0.316,0.85,0.5277777777777778,0.56282722513089,0,0,P00689,P00689-2025
2024-25,2025,michael porter jr,0.47058823529411764,0.1838235294117647,0.504,0.395,0.768,0.599264705882353,0.619047619047619,15,0,P00691,P00691-2025
2024-25,2025,mikal bridges,0.3888888888888889,0.09722222222222222,0.5,0.354,0.8140000000000001,0.5694444444444444,0.5860415556739479,1,0,P00692,P00692-2025
2024-25,2025,mike conley,0.6666666666666667,0.196969696969697,0.4,0.41,0.9,0.5303030303030304,0.5716675962074734,1,0,P00693,P00693-2025
2024-25,2025,miles bridges,0.4117647058823529,0.23529411764705882,0.431,0.313,0.87,0.49411764705882355,0.5410447761194029,14,1,P00695,P00695-2025
2024-25,2025,miles mcbride,0.5764705882352942,0.11764705882352941,0.406,0.369,0.813,0.5176470588235295,0.5313199105145414,0,0,P00697,P00697-2025
2024-25,2025,miles norris,0.7666666666666666,0.23333333333333328,0.222,0.28600000000000003,0.5,0.3499999999999999,0.3476420798065296,0,0,P00698,P00698-2025
2024-25,2025,mitchell robinson,0.0,0.3333333333333334,0.6609999999999999,0.0,0.684,0.6666666666666669,0.6738900634249471,2,0,P00699,P00699-2025
2024-25,2025,mo bamba,0.4857142857142857,0.2285714285714286,0.46399999999999997,0.278,0.7040000000000001,0.5285714285714286,0.5581516095534788,0,0,P00701,P00701-2025
2024-25,2025,monte morris,0.4418604651162791,0.20930232558139536,0.426,0.36,0.857,0.5,0.5536626916524702,0,0,P00703,P00703-2025
2024-25,2025,moritz wagner,0.3012048192771084,0.4457831325301204,0.562,0.36,0.718,0.6204819277108433,0.6496776792908944,1,0,P00705,P00705-2025
2024-25,2025,moses brown,0.0,0.2105263157894737,0.6940000000000001,0.0,0.727,0.6842105263157896,0.6984585741811175,1,0,P00706,P00706-2025
2024-25,2025,moses moody,0.5974025974025973,0.23376623376623376,0.433,0.374,0.797,0.5389610389610389,0.5770136599152142,0,0,P00707,P00707-2025
2024-25,2025,mouhamed gueye,0.4807692307692308,0.25,0.42100000000000004,0.259,0.762,0.4807692307692309,0.5197505197505198,2,0,P00710,P00710-2025
2024-25,2025,moussa diabate,0.025641025641025644,0.4102564102564103,0.596,0.0,0.595,0.6153846153846154,0.6190269331016508,7,0,P00712,P00712-2025
2024-25,2025,myles turner,0.48672566371681414,0.2920353982300885,0.48100000000000004,0.396,0.773,0.5752212389380531,0.6116687578419072,13,0,P00715,P00715-2025
2024-25,2025,n faly dante,0.0,0.393939393939394,0.769,0.0,0.8,0.7575757575757576,0.7747933884297521,0,0,P00717,P00717-2025
2024-25,2025,nae qwan tomlin,0.3125,0.34375,0.406,0.2,0.727,0.4375,0.4885993485342019,1,0,P00718,P00718-2025
2024-25,2025,naji marshall,0.3106796116504854,0.22330097087378636,0.508,0.275,0.813,0.5485436893203883,0.5834512022630834,6,0,P00719,P00719-2025
2024-25,2025,nate williams,0.41935483870967744,0.12903225806451613,0.435,0.231,0.625,0.5,0.5036630036630036,0,0,P00723,P00723-2025
2024-25,2025,naz reid,0.5043478260869565,0.1565217391304348,0.462,0.379,0.7759999999999999,0.5565217391304348,0.5776114546046209,10,0,P00725,P00725-2025
2024-25,2025,neemias queta,0.0,0.30303030303030304,0.65,0.0,0.754,0.6363636363636365,0.6684491978609626,0,0,P00726,P00726-2025
2024-25,2025,nic claxton,0.037037037037037035,0.2716049382716049,0.563,0.23800000000000002,0.513,0.5740740740740741,0.5679311865902074,13,0,P00729,P00729-2025
2024-25,2025,nick richards,0.0,0.45901639344262296,0.591,0.0,0.7440000000000001,0.5901639344262296,0.6342062193126023,16,0,P00730,P00730-2025
2024-25,2025,nick smith jr,0.5368421052631579,0.08421052631578947,0.391,0.34,0.935,0.4789473684210526,0.502436053593179,1,0,P00731,P00731-2025
2024-25,2025,nickeil alexander walker,0.6,0.18666666666666668,0.43799999999999994,0.381,0.78,0.5533333333333332,0.5791030064070972,1,0,P00732,P00732-2025
2024-25,2025,nicolas batum,0.8387096774193549,0.09677419354838708,0.43700000000000006,0.433,0.81,0.5967741935483871,0.6188118811881188,0,0,P00733,P00733-2025
2024-25,2025,nikola jokic,0.24102564102564103,0.3282051282051282,0.5760000000000001,0.41700000000000004,0.8,0.6256410256410256,0.6632012905538628,59,34,P00736,P00736-2025
2024-25,2025,nikola jovic,0.5609756097560976,0.23170731707317072,0.456,0.371,0.828,0.5548780487804879,0.5920761398849048,0,0,P00737,P00737-2025
2024-25,2025,nikola vucevic,0.30985915492957755,0.14084507042253522,0.53,0.402,0.805,0.591549295774648,0.613395225464191,45,1,P00739,P00739-2025
2024-25,2025,noah clowney,0.7037037037037037,0.20987654320987656,0.358,0.33299999999999996,0.838,0.47530864197530864,0.5142405063291139,0,0,P00741,P00741-2025
2024-25,2025,norman powell,0.44936708860759494,0.27848101265822783,0.484,0.418,0.804,0.5759493670886076,0.6145692377086152,1,0,P00746,P00746-2025
2024-25,2025,og anunoby,0.44604316546762585,0.22302158273381292,0.47600000000000003,0.37200000000000005,0.81,0.5575539568345323,0.5896226415094339,1,0,P00748,P00748-2025
2024-25,2025,obi toppin,0.5,0.18421052631578946,0.529,0.365,0.7809999999999999,0.618421052631579,0.6389970788704966,2,0,P00749,P00749-2025
2024-25,2025,ochai agbaji,0.48192771084337344,0.09638554216867469,0.498,0.39899999999999997,0.708,0.6024096385542168,0.6010171058714747,0,0,P00750,P00750-2025
2024-25,2025,olivier maxence prosper,0.30303030303030304,0.4545454545454546,0.402,0.235,0.645,0.4242424242424243,0.49242424242424243,0,0,P00752,P00752-2025
2024-25,2025,onyeka okongwu,0.2173913043478261,0.31521739130434784,0.5670000000000001,0.324,0.759,0.5978260869565217,0.639557082856052,28,0,P00755,P00755-2025
2024-25,2025,orlando robinson,0.20338983050847453,0.2711864406779661,0.444,0.327,0.7709999999999999,0.47457627118644063,0.5224106602059359,4,0,P00756,P00756-2025
2024-25,2025,oscar tshiebwe,0.0,0.44000000000000006,0.6,0.0,0.742,0.6,0.6367292225201071,4,0,P00757,P00757-2025
2024-25,2025,oshae brissett,0.46153846153846156,0.3538461538461538,0.48700000000000004,0.33299999999999996,0.5710000000000001,0.5692307692307693,0.579073482428115,0,0,P00758,P00758-2025
2024-25,2025,oso ighodaro,0.0,0.2580645161290323,0.604,0.0,0.58,0.6129032258064516,0.608342989571263,0,0,P00759,P00759-2025
2024-25,2025,ousmane dieng,0.5588235294117647,0.11764705882352942,0.43200000000000005,0.324,0.688,0.5294117647058824,0.5313199105145413,0,0,P00761,P00761-2025
2024-25,2025,p j tucker,0.8695652173913044,0.0,0.429,0.5,0.0,0.6521739130434783,0.6521739130434783,0,0,P00762,P00762-2025
2024-25,2025,p j washington,0.358974358974359,0.29914529914529914,0.45299999999999996,0.381,0.722,0.5213675213675214,0.5551359516616314,14,0,P00763,P00763-2025
2024-25,2025,pj dozier,1.0,2.3333333333333335,0.667,0.667,0.16699999999999998,1.0000000000000002,0.6578947368421053,0,0,P00764,P00764-2025
2024-25,2025,pj hall,0.3076923076923077,0.15384615384615385,0.583,0.25,0.75,0.5769230769230769,0.6123919308357348,0,0,P00765,P00765-2025
2024-25,2025,pacome dadiet,0.6470588235294118,0.1764705882352941,0.32299999999999995,0.316,0.667,0.4411764705882353,0.46397379912663755,0,0,P00766,P00766-2025
2024-25,2025,paolo banchero,0.297979797979798,0.42424242424242425,0.452,0.32,0.727,0.5025252525252525,0.551157643854273,11,0,P00767,P00767-2025
2024-25,2025,pascal siakam,0.27631578947368424,0.2565789473684211,0.519,0.389,0.7340000000000001,0.5723684210526316,0.5970678647434382,11,0,P00769,P00769-2025
2024-25,2025,pat connaughton,0.4651162790697675,0.18604651162790703,0.469,0.321,0.774,0.5348837209302326,0.5696474634565779,1,0,P00770,P00770-2025
2024-25,2025,pat spencer,0.23076923076923075,0.15384615384615385,0.406,0.22699999999999998,0.733,0.44230769230769235,0.4502881844380403,0,0,P00771,P00771-2025
2024-25,2025,patrick baldwin jr,0.6666666666666666,0.13333333333333336,0.5429999999999999,0.565,0.5,0.7000000000000001,0.6926952141057935,0,0,P00772,P00772-2025
2024-25,2025,patrick williams,0.524390243902439,0.1585365853658537,0.397,0.353,0.723,0.4939024390243903,0.5129958960328318,1,0,P00774,P00774-2025
2024-25,2025,patty mills,0.7878787878787881,0.15151515151515152,0.375,0.34700000000000003,0.929,0.5,0.5397727272727273,0,0,P00775,P00775-2025
2024-25,2025,paul george,0.4676258992805756,0.1726618705035971,0.43,0.358,0.8140000000000001,0.5143884892086331,0.5415886600695372,3,0,P00776,P00776-2025
2024-25,2025,paul reed,0.1875,0.28125,0.507,0.28600000000000003,0.762,0.53125,0.5700778642936596,0,0,P00778,P00778-2025
2024-25,2025,payton pritchard,0.7222222222222222,0.10185185185185185,0.47200000000000003,0.40700000000000003,0.845,0.6203703703703703,0.6336405529953917,5,0,P00780,P00780-2025
2024-25,2025,pelle larsson,0.4594594594594595,0.2972972972972973,0.43799999999999994,0.337,0.672,0.5135135135135135,0.5497131931166347,0,0,P00782,P00782-2025
2024-25,2025,pete nance,0.7200000000000001,0.08,0.43799999999999994,0.375,0.5,0.5800000000000001,0.5602782071097372,0,0,P00783,P00783-2025
2024-25,2025,peyton watson,0.3174603174603175,0.3174603174603175,0.47700000000000004,0.353,0.693,0.5317460317460319,0.5640668523676879,0,0,P00785,P00785-2025
2024-25,2025,phillip wheeler,0.47619047619047616,0.09523809523809523,0.14300000000000002,0.0,1.0,0.14285714285714285,0.18281535648994515,0,0,P00786,P00786-2025
2024-25,2025,precious achiuwa,0.10526315789473682,0.21052631578947364,0.502,0.278,0.594,0.5263157894736841,0.5298651252408477,3,0,P00787,P00787-2025
2024-25,2025,quentin grimes,0.509090909090909,0.2636363636363636,0.467,0.385,0.757,0.5636363636363636,0.5946562398175301,4,0,P00788,P00788-2025
2024-25,2025,quenton jackson,0.3181818181818181,0.3181818181818181,0.475,0.375,0.775,0.5340909090909091,0.5781499202551834,0,0,P00789,P00789-2025
2024-25,2025,quincy olivari,1.0,0.0,0.2,0.2,0.0,0.3,0.3,0,0,P00790,P00790-2025
2024-25,2025,quinten post,0.6615384615384615,0.0923076923076923,0.449,0.408,0.778,0.5769230769230769,0.5987581312832643,0,0,P00792,P00792-2025
2024-25,2025,rj barrett,0.3136094674556213,0.319526627218935,0.46799999999999997,0.35,0.63,0.5207100591715977,0.5473127204814278,10,2,P00794,P00794-2025
2024-25,2025,rayj dennis,0.6333333333333333,0.06666666666666667,0.33299999999999996,0.28600000000000003,1.0,0.4166666666666667,0.4371761658031088,0,0,P00800,P00800-2025
2024-25,2025,rayan rupert,0.4074074074074074,0.2222222222222222,0.408,0.271,0.767,0.46296296296296297,0.5060728744939271,1,0,P00801,P00801-2025
2024-25,2025,reece beekman,0.3666666666666667,0.19999999999999998,0.327,0.175,0.762,0.3666666666666667,0.3982843137254902,0,0,P00803,P00803-2025
2024-25,2025,reed sheppard,0.5869565217391305,0.06521739130434782,0.35100000000000003,0.33799999999999997,0.813,0.4456521739130435,0.4649196956889265,0,0,P00804,P00804-2025
2024-25,2025,reggie jackson,0.5581395348837209,0.06976744186046512,0.391,0.33799999999999997,0.778,0.48837209302325585,0.49638989169675096,0,0,P00806,P00806-2025
2024-25,2025,richaun holmes,0.022222222222222223,0.4222222222222222,0.647,0.0,0.833,0.6444444444444444,0.6934032983508246,3,0,P00808,P00808-2025
2024-25,2025,ricky council iv,0.4603174603174603,0.33333333333333337,0.382,0.258,0.804,0.4444444444444444,0.5052602436323367,3,0,P00809,P00809-2025
2024-25,2025,rob dillingham,0.3488372093023256,0.06976744186046512,0.441,0.33799999999999997,0.5329999999999999,0.5,0.5076714801444043,0,0,P00812,P00812-2025
2024-25,2025,robert williams iii,0.05128205128205128,0.23076923076923078,0.6409999999999999,0.33299999999999996,0.882,0.6538461538461539,0.6750465549348231,0,0,P00815,P00815-2025
2024-25,2025,ron harper jr,0.75,0.25,0.125,0.0,1.0,0.125,0.2252252252252252,0,0,P00822,P00822-2025
2024-25,2025,ronald holland ii,0.3725490196078432,0.29411764705882354,0.474,0.23800000000000002,0.754,0.5098039215686275,0.5555555555555556,0,0,P00823,P00823-2025
2024-25,2025,royce o neale,0.7763157894736842,0.039473684210526314,0.423,0.406,0.731,0.5789473684210527,0.5884635281945163,1,0,P00824,P00824-2025
2024-25,2025,rudy gobert,0.0,0.5352112676056338,0.669,0.0,0.674,0.6619718309859156,0.6839945280437757,36,0,P00826,P00826-2025
2024-25,2025,rui hachimura,0.42857142857142855,0.19387755102040813,0.509,0.413,0.77,0.596938775510204,0.6158330199323053,1,0,P00827,P00827-2025
2024-25,2025,russell westbrook,0.35135135135135137,0.27927927927927926,0.449,0.32299999999999995,0.6609999999999999,0.509009009009009,0.5335365853658537,13,4,P00828,P00828-2025
2024-25,2025,ryan dunn,0.5625,0.078125,0.43,0.311,0.48700000000000004,0.5234374999999999,0.5211480362537765,3,0,P00830,P00830-2025
2024-25,2025,ryan rollins,0.4375,0.16666666666666669,0.48700000000000004,0.408,0.8,0.59375,0.6017080745341614,1,0,P00833,P00833-2025
2024-25,2025,sam hauser,0.835820895522388,0.02985074626865672,0.451,0.41600000000000004,1.0,0.6194029850746269,0.6261048909840896,0,0,P00836,P00836-2025
2024-25,2025,sam merrill,0.8666666666666666,0.06666666666666667,0.406,0.37200000000000005,0.966,0.5583333333333333,0.582901554404145,0,0,P00837,P00837-2025
2024-25,2025,sandro mamukelashvili,0.5652173913043479,0.2173913043478261,0.502,0.373,0.741,0.6086956521739131,0.6250000000000001,2,0,P00838,P00838-2025
2024-25,2025,santi aldama,0.5,0.14,0.483,0.368,0.691,0.57,0.588733986435569,10,0,P00839,P00839-2025
2024-25,2025,scoot henderson,0.4326923076923077,0.2980769230769231,0.419,0.354,0.767,0.4903846153846154,0.5397823869432166,2,0,P00841,P00841-2025
2024-25,2025,scottie barnes,0.2621951219512195,0.2804878048780488,0.446,0.271,0.755,0.4817073170731707,0.5237733391228833,26,1,P00842,P00842-2025
2024-25,2025,scotty pippen jr,0.3733333333333333,0.29333333333333333,0.48,0.397,0.713,0.5533333333333333,0.5845536136041568,9,1,P00845,P00845-2025
2024-25,2025,seth curry,0.54,0.12,0.478,0.456,0.846,0.6,0.6174012158054711,0,0,P00850,P00850-2025
2024-25,2025,shaedon sharpe,0.43137254901960775,0.22222222222222218,0.452,0.311,0.785,0.5163398692810457,0.5507263634198618,3,0,P00852,P00852-2025
2024-25,2025,shai gilgeous alexander,0.26146788990825687,0.4036697247706423,0.519,0.375,0.898,0.5665137614678899,0.6368806481770022,6,0,P00853,P00853-2025
2024-25,2025,shake milton,0.4222222222222222,0.2222222222222222,0.45299999999999996,0.358,0.797,0.5222222222222221,0.5566801619433198,1,0,P00854,P00854-2025
2024-25,2025,sidy cissoko,0.4285714285714286,0.28571428571428575,0.433,0.231,0.33299999999999996,0.4642857142857143,0.4758883248730965,0,0,P00858,P00858-2025
2024-25,2025,simone fontecchio,0.6,0.22,0.402,0.335,0.833,0.5,0.5379285193289569,0,0,P00859,P00859-2025
2024-25,2025,skal labissiere,0.3,0.0,0.5,1.0,0.0,0.65,0.65,0,0,P00861,P00861-2025
2024-25,2025,spencer dinwiddie,0.4767441860465116,0.3604651162790698,0.41600000000000004,0.33399999999999996,0.802,0.5000000000000001,0.5519871537535127,5,0,P00864,P00864-2025
2024-25,2025,spencer jones,0.5294117647058824,0.11764705882352941,0.324,0.059000000000000004,1.0,0.38235294117647056,0.3635346756152125,0,0,P00865,P00865-2025
2024-25,2025,stanley umude,0.5833333333333333,0.16666666666666669,0.192,0.2,0.5,0.20833333333333334,0.2717391304347826,0,0,P00867,P00867-2025
2024-25,2025,stephen curry,0.6222222222222222,0.2388888888888889,0.44799999999999995,0.397,0.9329999999999999,0.5722222222222222,0.6158254574703398,9,0,P00868,P00868-2025
2024-25,2025,stephon castle,0.3360655737704918,0.3442622950819672,0.428,0.285,0.7240000000000001,0.4754098360655738,0.5232061503416857,6,0,P00869,P00869-2025
2024-25,2025,steven adams,0.0,0.5517241379310346,0.545,0.0,0.462,0.5517241379310346,0.5410654827968924,3,0,P00871,P00871-2025
2024-25,2025,svi mykhailiuk,0.6708860759493671,0.1139240506329114,0.391,0.345,0.8,0.5063291139240507,0.5303760848601736,0,0,P00872,P00872-2025
2024-25,2025,t j mcconnell,0.07594936708860758,0.12658227848101267,0.519,0.306,0.74,0.5316455696202531,0.5455635491606714,2,0,P00873,P00873-2025
2024-25,2025,taj gibson,0.038461538461538464,0.1923076923076923,0.495,0.5,0.6,0.5,0.5141843971631206,1,0,P00877,P00877-2025
2024-25,2025,talen horton tucker,0.42000000000000004,0.33999999999999997,0.457,0.336,0.735,0.5299999999999999,0.5654140570633264,0,0,P00878,P00878-2025
2024-25,2025,tari eason,0.32653061224489793,0.1836734693877551,0.48700000000000004,0.342,0.76,0.5459183673469388,0.5664652567975831,6,0,P00879,P00879-2025
2024-25,2025,taurean prince,0.65625,0.09375,0.457,0.439,0.813,0.59375,0.6152460984393757,1,0,P00880,P00880-2025
2024-25,2025,taylor hendricks,0.6666666666666666,0.21666666666666667,0.222,0.25,0.75,0.30000000000000004,0.35757760194765675,0,0,P00881,P00881-2025
2024-25,2025,taze moore,0.4,0.2,0.2,0.25,0.5,0.25,0.275735294117647,0,0,P00882,P00882-2025
2024-25,2025,terance mann,0.3870967741935483,0.16129032258064516,0.496,0.368,0.691,0.5725806451612904,0.5798192771084336,0,0,P00883,P00883-2025
2024-25,2025,terrence shannon jr,0.2777777777777778,0.19444444444444442,0.48200000000000004,0.355,0.81,0.5138888888888888,0.5501535312180144,1,0,P00887,P00887-2025
2024-25,2025,terry rozier,0.4848484848484848,0.1717171717171717,0.391,0.295,0.852,0.4646464646464646,0.4977460555972953,0,0,P00888,P00888-2025
2024-25,2025,thomas bryant,0.4489795918367347,0.2040816326530612,0.508,0.324,0.8590000000000001,0.5816326530612244,0.6086142322097378,1,0,P00894,P00894-2025
2024-25,2025,tidjane salaun,0.5862068965517241,0.27586206896551724,0.33,0.28300000000000003,0.713,0.41379310344827586,0.45356703567035667,2,0,P00895,P00895-2025
2024-25,2025,tim hardaway jr,0.6704545454545454,0.21590909090909088,0.406,0.368,0.855,0.5340909090909091,0.5707762557077626,0,0,P00897,P00897-2025
2024-25,2025,tobias harris,0.32727272727272727,0.20909090909090905,0.47700000000000004,0.345,0.861,0.5363636363636364,0.5702630702630702,5,0,P00900,P00900-2025
2024-25,2025,tolu smith,0.0,0.3333333333333333,0.667,0.0,0.667,0.6666666666666666,0.6782945736434108,0,0,P00902,P00902-2025
2024-25,2025,tony bradley,0.0625,0.125,0.644,0.33299999999999996,0.33299999999999996,0.671875,0.6516587677725119,1,0,P00904,P00904-2025
2024-25,2025,torrey craig,0.7142857142857143,0.14285714285714285,0.42200000000000004,0.364,0.667,0.5571428571428572,0.5645161290322581,0,0,P00906,P00906-2025
2024-25,2025,tosan evbuomwan,0.3544303797468354,0.3291139240506329,0.42700000000000005,0.312,0.753,0.48734177215189867,0.5252100840336134,0,0,P00907,P00907-2025
2024-25,2025,toumani camara,0.5,0.17391304347826092,0.45799999999999996,0.375,0.722,0.548913043478261,0.5704765751211632,4,0,P00908,P00908-2025
2024-25,2025,trae young,0.4640883977900552,0.4088397790055248,0.41100000000000003,0.34,0.875,0.4889502762430939,0.5665855029031653,51,0,P00909,P00909-2025
2024-25,2025,trayce jackson davis,0.0,0.32653061224489793,0.5760000000000001,0.0,0.578,0.5714285714285714,0.5888650963597429,4,0,P00910,P00910-2025
2024-25,2025,tre jones,0.1923076923076923,0.28846153846153844,0.5379999999999999,0.396,0.821,0.5769230769230768,0.614334470989761,1,0,P00912,P00912-2025
2024-25,2025,tre mann,0.3709677419354838,0.12903225806451613,0.435,0.4,0.905,0.5080645161290323,0.5380036630036629,0,0,P00913,P00913-2025
2024-25,2025,trendon watford,0.25,0.35,0.469,0.33,0.762,0.5062500000000001,0.5524263431542461,1,0,P00915,P00915-2025
2024-25,2025,trentyn flowers,0.16666666666666663,0.27777777777777773,0.364,0.0,1.0,0.3888888888888888,0.44554455445544555,0,0,P00917,P00917-2025
2024-25,2025,trevelin queen,0.5319148936170213,0.14893617021276592,0.381,0.28600000000000003,0.857,0.4574468085106383,0.4892172523961661,0,0,P00918,P00918-2025
2024-25,2025,trey alexander,0.4117647058823529,0.11764705882352944,0.317,0.17600000000000002,0.75,0.3235294117647059,0.3635346756152126,0,0,P00923,P00923-2025
2024-25,2025,trey jemison iii,0.0,0.4736842105263158,0.5539999999999999,0.0,0.39399999999999996,0.5789473684210527,0.544425087108014,0,0,P00925,P00925-2025
2024-25,2025,trey lyles,0.6296296296296295,0.2222222222222222,0.42,0.34,0.7,0.537037037037037,0.5482456140350876,1,0,P00926,P00926-2025
2024-25,2025,trey murphy iii,0.5253164556962026,0.27215189873417717,0.45399999999999996,0.361,0.887,0.550632911392405,0.5991408546235586,2,0,P00927,P00927-2025
2024-25,2025,tristan thompson,0.05555555555555555,0.4444444444444444,0.43700000000000006,0.0,0.233,0.4444444444444444,0.3949814126394052,0,0,P00929,P00929-2025
2024-25,2025,tristan vukcevic,0.42028985507246375,0.2753623188405797,0.496,0.373,0.7759999999999999,0.572463768115942,0.6075491209927611,1,0,P00930,P00930-2025
2024-25,2025,tristan da silva,0.49230769230769234,0.13846153846153847,0.41200000000000003,0.335,0.873,0.5,0.5220417633410673,1,0,P00931,P00931-2025
2024-25,2025,tristen newton,0.4,0.1,0.125,0.0,1.0,0.1,0.19157088122605365,0,0,P00932,P00932-2025
2024-25,2025,ty jerome,0.4090909090909091,0.23863636363636365,0.516,0.439,0.872,0.6136363636363636,0.6427396133278486,0,0,P00934,P00934-2025
2024-25,2025,tyty washington jr,0.46428571428571436,0.14285714285714288,0.311,0.19,0.5,0.37500000000000006,0.3696236559139785,0,0,P00935,P00935-2025
2024-25,2025,tyler herro,0.4860335195530726,0.23463687150837992,0.47200000000000003,0.375,0.878,0.5670391061452514,0.6051245695766659,9,0,P00939,P00939-2025
2024-25,2025,tyler kolek,0.55,0.20000000000000004,0.32899999999999996,0.298,0.765,0.42500000000000004,0.45955882352941174,0,0,P00941,P00941-2025
2024-25,2025,tyler smith,0.5909090909090909,0.13636363636363635,0.48,0.433,0.75,0.5909090909090908,0.6217838765008576,0,0,P00942,P00942-2025
2024-25,2025,tyrese haliburton,0.5579710144927535,0.21739130434782608,0.473,0.38799999999999996,0.851,0.5797101449275361,0.6150793650793651,31,0,P00944,P00944-2025
2024-25,2025,tyrese martin,0.6025641025641025,0.1282051282051282,0.406,0.35100000000000003,0.7929999999999999,0.5192307692307693,0.5279126213592233,1,0,P00945,P00945-2025
2024-25,2025,tyrese maxey,0.4380952380952381,0.26666666666666666,0.43700000000000006,0.337,0.879,0.5119047619047619,0.5604330037504263,8,1,P00946,P00946-2025
2024-25,2025,tyson etienne,0.8513513513513513,0.18918918918918914,0.327,0.295,0.8,0.45270270270270263,0.49276447105788423,0,0,P00949,P00949-2025
2024-25,2025,tyus jones,0.5952380952380952,0.08333333333333333,0.44799999999999995,0.414,0.895,0.5714285714285715,0.5856683509416628,6,0,P00950,P00950-2025
2024-25,2025,ulrich chomche,0.0,0.42857142857142866,0.4,0.0,0.5,0.42857142857142866,0.42067307692307687,0,0,P00953,P00953-2025
2024-25,2025,vasilije micic,0.44776119402985076,0.1492537313432836,0.348,0.36,0.8290000000000001,0.4253731343283582,0.46218487394957974,1,0,P00956,P00956-2025
2024-25,2025,victor wembanyama,0.4731182795698925,0.22043010752688172,0.47600000000000003,0.35200000000000004,0.836,0.5618279569892474,0.5954714761811409,28,1,P00959,P00959-2025
2024-25,2025,vince williams jr,0.564516129032258,0.14516129032258066,0.401,0.27399999999999997,0.792,0.48387096774193544,0.5003032140691327,1,0,P00960,P00960-2025
2024-25,2025,vit krejci,0.7058823529411765,0.1568627450980392,0.49700000000000005,0.43700000000000006,0.711,0.6470588235294118,0.6603081438004402,1,0,P00961,P00961-2025
2024-25,2025,vlatko cancar,0.6,0.0,0.385,0.267,0.0,0.475,0.45000000000000007,0,0,P00963,P00963-2025
2024-25,2025,walker kessler,0.08333333333333333,0.3611111111111111,0.6629999999999999,0.17600000000000002,0.52,0.6736111111111109,0.6651486097794822,28,0,P00964,P00964-2025
2024-25,2025,wendell carter jr,0.31944444444444436,0.3611111111111111,0.46,0.23399999999999999,0.737,0.49305555555555547,0.5453020134228187,10,0,P00968,P00968-2025
2024-25,2025,wendell moore jr,0.3142857142857143,0.1714285714285714,0.46799999999999997,0.341,0.818,0.5142857142857142,0.5579171094580235,1,0,P00969,P00969-2025
2024-25,2025,xavier tillman,0.625,0.0625,0.245,0.156,0.75,0.3125,0.3041362530413625,0,0,P00981,P00981-2025
2024-25,2025,yongxi cui,0.42857142857142855,0.2857142857142857,0.14300000000000002,0.0,0.5,0.14285714285714285,0.1903553299492386,0,0,P00984,P00984-2025
2024-25,2025,yuki kawamura,0.7142857142857143,0.28571428571428575,0.36700000000000005,0.304,0.778,0.46428571428571436,0.5076142131979696,0,0,P00985,P00985-2025
2024-25,2025,yuri collins,0.0,0.0,0.33299999999999996,0.0,0.0,0.3333333333333333,0.3333333333333333,0,0,P00986,P00986-2025
2024-25,2025,yves missi,0.0,0.41791044776119396,0.547,0.0,0.623,0.5522388059701493,0.5736258194654563,14,0,P00988,P00988-2025
2024-25,2025,zaccharie risacher,0.4423076923076923,0.19230769230769232,0.45799999999999996,0.355,0.711,0.5384615384615384,0.5585106382978723,1,0,P00990,P00990-2025
2024-25,2025,zach collins,0.36170212765957444,0.2553191489361702,0.507,0.302,0.885,0.5638297872340425,0.6120887528691661,4,0,P00991,P00991-2025
2024-25,2025,zach edey,0.12121212121212123,0.2878787878787879,0.58,0.34600000000000003,0.7090000000000001,0.5984848484848485,0.6186121570736955,12,0,P00992,P00992-2025
2024-25,2025,zach lavine,0.4363636363636364,0.23636363636363633,0.511,0.446,0.825,0.6060606060606061,0.6395476504172157,6,0,P00993,P00993-2025
2024-25,2025,zeke nnaji,0.36000000000000004,0.32,0.496,0.327,0.614,0.5399999999999999,0.5610098176718094,0,0,P00995,P00995-2025
2024-25,2025,ziaire williams,0.5783132530120481,0.24096385542168672,0.41200000000000003,0.341,0.821,0.5060240963855421,0.5446623093681916,2,0,P00996,P00996-2025
2024-25,2025,zion williamson,0.02366863905325444,0.4733727810650888,0.5670000000000001,0.231,0.6559999999999999,0.5710059171597633,0.6023506366307543,8,2,P00997,P00997-2025
2025-26,2026,a j lawson,0.5757575757575758,0.2424242424242425,0.436,0.42200000000000004,0.778,0.5454545454545455,0.575027382256298,0,0,P00001,P00001-2026
2025-26,2026,aj green,0.8987341772151898,0.10126582278481013,0.424,0.419,0.855,0.620253164556962,0.6301502666020359,0,0,P00002,P00002-2026
2025-26,2026,aj johnson,0.32432432432432423,0.21621621621621623,0.324,0.21100000000000002,0.85,0.3648648648648648,0.4072063178677195,0,0,P00004,P00004-2026
2025-26,2026,aaron gordon,0.39639639639639646,0.40540540540540543,0.49700000000000005,0.389,0.767,0.5720720720720721,0.6192660550458715,4,0,P00005,P00005-2026
2025-26,2026,aaron holiday,0.6818181818181818,0.1590909090909091,0.41700000000000004,0.39399999999999996,0.8540000000000001,0.5454545454545455,0.5841121495327103,0,0,P00007,P00007-2026
2025-26,2026,aaron nesmith,0.543859649122807,0.21929824561403508,0.414,0.379,0.8290000000000001,0.5131578947368421,0.552,0,0,P00008,P00008-2026
2025-26,2026,aaron wiggins,0.5121951219512195,0.13414634146341464,0.431,0.35600000000000004,0.736,0.5304878048780488,0.5412252418240442,0,0,P00009,P00009-2026
2025-26,2026,ace bailey,0.44354838709677413,0.09677419354838708,0.44299999999999995,0.344,0.75,0.5201612903225806,0.5337252475247525,1,0,P00011,P00011-2026
2025-26,2026,adama bal,0.6470588235294118,0.15294117647058825,0.41200000000000003,0.409,0.9,0.5470588235294118,0.5731922398589065,0,0,P00013,P00013-2026
2025-26,2026,adem bona,0.03225806451612904,0.5161290322580646,0.595,0.33299999999999996,0.708,0.5806451612903226,0.6309148264984227,1,0,P00015,P00015-2026
2025-26,2026,adou thiero,0.08333333333333333,0.75,0.516,0.33299999999999996,0.636,0.5,0.5952380952380952,0,0,P00017,P00017-2026
2025-26,2026,ajay mitchell,0.2980769230769231,0.26923076923076916,0.485,0.34700000000000003,0.87,0.5336538461538461,0.5845942228335624,1,0,P00019,P00019-2026
2025-26,2026,al horford,0.6388888888888888,0.08333333333333333,0.426,0.361,0.846,0.5416666666666666,0.5560021436227225,0,0,P00020,P00020-2026
2025-26,2026,alex antetokounmpo,0.9230769230769229,1.923076923076923,0.375,0.28600000000000003,0.733,0.49999999999999994,0.6666666666666667,0,0,P00024,P00024-2026
2025-26,2026,alex caruso,0.5925925925925926,0.16666666666666663,0.423,0.293,0.804,0.5092592592592591,0.5348516218081435,0,0,P00025,P00025-2026
2025-26,2026,alex morales,0.16666666666666666,0.2777777777777778,0.429,0.0,1.0,0.4444444444444445,0.49504950495049505,0,0,P00029,P00029-2026
2025-26,2026,alex sarr,0.22627737226277378,0.21897810218978106,0.48200000000000004,0.33299999999999996,0.6920000000000001,0.5182481751824818,0.5426098535286287,12,0,P00031,P00031-2026
2025-26,2026,alijah martin,0.40909090909090906,0.36363636363636365,0.32,0.19,0.789,0.3636363636363636,0.43103448275862066,0,0,P00033,P00033-2026
2025-26,2026,alondes williams,0.5384615384615384,0.3076923076923077,0.615,0.35700000000000004,0.875,0.7153846153846154,0.7452574525745258,1,0,P00035,P00035-2026
2025-26,2026,alperen sengun,0.11538461538461538,0.33333333333333337,0.519,0.305,0.691,0.5384615384615384,0.5702146690518782,34,4,P00036,P00036-2026
2025-26,2026,amari williams,0.0,0.6666666666666666,0.5,0.0,0.7140000000000001,0.5555555555555556,0.6013745704467354,0,0,P00038,P00038-2026
2025-26,2026,amen thompson,0.11363636363636365,0.37121212121212127,0.534,0.21600000000000003,0.779,0.5492424242424243,0.5958582964313623,20,0,P00039,P00039-2026
2025-26,2026,amir coffey,0.44,0.24,0.48700000000000004,0.34700000000000003,0.7859999999999999,0.5599999999999999,0.5788712011577425,0,0,P00040,P00040-2026
2025-26,2026,andersson garcia,0.4482758620689655,0.3103448275862069,0.31,0.077,0.778,0.3275862068965517,0.39441747572815533,0,0,P00041,P00041-2026
2025-26,2026,andre drummond,0.2641509433962264,0.24528301886792456,0.47200000000000003,0.35600000000000004,0.631,0.5188679245283019,0.5449591280653951,17,0,P00042,P00042-2026
2025-26,2026,andre jackson jr,0.52,0.27999999999999997,0.32799999999999996,0.25,0.625,0.38000000000000006,0.42735042735042733,0,0,P00044,P00044-2026
2025-26,2026,andrew nembhard,0.393939393939394,0.3106060606060606,0.442,0.361,0.825,0.5113636363636364,0.5631831511596908,13,0,P00045,P00045-2026
2025-26,2026,andrew wiggins,0.4049586776859505,0.19834710743801653,0.475,0.414,0.784,0.5537190082644629,0.5852842809364549,2,0,P00046,P00046-2026
2025-26,2026,anfernee simons,0.5847457627118644,0.11864406779661017,0.44,0.385,0.8959999999999999,0.5550847457627118,0.5758698453608248,0,0,P00047,P00047-2026
2025-26,2026,anthony black,0.38842975206611574,0.2975206611570248,0.447,0.33299999999999996,0.732,0.5123966942148761,0.5480853551593101,2,0,P00048,P00048-2026
2025-26,2026,anthony davis,0.11377245508982035,0.24550898203592814,0.506,0.27,0.728,0.5239520958083832,0.5512321660181583,13,0,P00049,P00049-2026
2025-26,2026,anthony edwards,0.4158415841584158,0.3564356435643564,0.489,0.39899999999999997,0.7959999999999999,0.5742574257425742,0.6162273194111605,2,0,P00050,P00050-2026
2025-26,2026,anthony gill,0.23076923076923078,0.20512820512820512,0.628,0.354,0.7390000000000001,0.6794871794871795,0.6820319849482596,0,0,P00051,P00051-2026
2025-26,2026,antonio reeves,0.65,0.0,0.5,0.5379999999999999,0.0,0.675,0.675,0,0,P00054,P00054-2026
2025-26,2026,ariel hukporti,0.06666666666666667,0.39999999999999997,0.563,0.25,0.7879999999999999,0.5333333333333333,0.6235827664399094,0,0,P00055,P00055-2026
2025-26,2026,asa newell,0.4473684210526316,0.18421052631578946,0.5379999999999999,0.387,0.552,0.6447368421052633,0.6329113924050633,2,0,P00058,P00058-2026
2025-26,2026,ausar thompson,0.03797468354430379,0.3291139240506329,0.525,0.25,0.5710000000000001,0.5379746835443038,0.5473241928350288,3,0,P00060,P00060-2026
2025-26,2026,austin reaves,0.4295302013422819,0.4899328859060403,0.49,0.36,0.871,0.5671140939597316,0.643219964664311,6,0,P00061,P00061-2026
2025-26,2026,ayo dosunmu,0.3796296296296296,0.19444444444444445,0.517,0.439,0.8759999999999999,0.6018518518518519,0.6311838962811327,2,1,P00064,P00064-2026
2025-26,2026,bam adebayo,0.35031847133757965,0.3694267515923567,0.442,0.317,0.778,0.4936305732484077,0.5506245890861277,35,0,P00066,P00066-2026
2025-26,2026,baylor scheierman,0.744186046511628,0.0930232558139535,0.45299999999999996,0.39899999999999997,0.903,0.616279069767442,0.6143878462913316,4,0,P00067,P00067-2026
2025-26,2026,ben saraf,0.28985507246376807,0.28985507246376807,0.396,0.21100000000000002,0.83,0.42028985507246375,0.48200514138817474,0,0,P00069,P00069-2026
2025-26,2026,ben sheppard,0.6,0.13333333333333333,0.434,0.36200000000000004,0.765,0.5416666666666666,0.5588790931989924,0,0,P00070,P00070-2026
2025-26,2026,bennedict mathurin,0.35200000000000004,0.496,0.43,0.315,0.8690000000000001,0.48800000000000004,0.5778828473863935,3,0,P00072,P00072-2026
2025-26,2026,bez mbeng,0.31343283582089554,0.2537313432835821,0.5,0.19399999999999998,0.64,0.5223880597014925,0.5437701396348013,1,1,P00073,P00073-2026
2025-26,2026,bilal coulibaly,0.3711340206185567,0.3298969072164949,0.425,0.319,0.746,0.48453608247422686,0.526647461289161,0,0,P00074,P00074-2026
2025-26,2026,bismack biyombo,0.0,0.5,0.6,0.0,0.7140000000000001,0.6666666666666666,0.6147540983606558,0,0,P00075,P00075-2026
2025-26,2026,blake hinson,0.6829268292682927,0.13414634146341467,0.513,0.46799999999999997,0.75,0.6707317073170733,0.6851681252878858,0,0,P00077,P00077-2026
2025-26,2026,blake wesley,0.3,0.375,0.452,0.278,0.5529999999999999,0.48750000000000004,0.5150214592274677,0,0,P00078,P00078-2026
2025-26,2026,bobby portis,0.3928571428571429,0.08928571428571429,0.488,0.456,0.706,0.5803571428571429,0.5884879725085911,11,0,P00080,P00080-2026
2025-26,2026,bobi klintman,0.47826086956521746,0.13043478260869565,0.33299999999999996,0.308,0.0,0.4130434782608697,0.3700657894736843,0,0,P00081,P00081-2026
2025-26,2026,bogdan bogdanovic,0.6212121212121212,0.16666666666666669,0.38799999999999996,0.34700000000000003,0.8,0.5000000000000001,0.5223037831733485,0,0,P00082,P00082-2026
2025-26,2026,bones hyland,0.6363636363636364,0.18181818181818185,0.45299999999999996,0.38799999999999996,0.78,0.5757575757575758,0.5962401795735129,0,0,P00085,P00085-2026
2025-26,2026,bradley beal,0.4000000000000001,0.1625,0.375,0.368,0.75,0.45,0.4783014465702286,0,0,P00087,P00087-2026
2025-26,2026,branden carlson,0.45454545454545453,0.13636363636363635,0.527,0.36,0.5770000000000001,0.6022727272727272,0.6217838765008576,3,0,P00088,P00088-2026
2025-26,2026,brandin podziemski,0.47169811320754723,0.27358490566037735,0.455,0.371,0.797,0.5424528301886792,0.5810037049511622,5,0,P00089,P00089-2026
2025-26,2026,brandon clarke,0.0,0.4444444444444444,0.33299999999999996,0.0,0.5,0.3333333333333333,0.3717472118959108,0,0,P00091,P00091-2026
2025-26,2026,brandon ingram,0.2754491017964072,0.2754491017964072,0.47700000000000004,0.382,0.82,0.5329341317365269,0.5741294595171973,2,0,P00093,P00093-2026
2025-26,2026,brandon miller,0.5093167701863354,0.2111801242236025,0.435,0.38299999999999995,0.892,0.531055900621118,0.5739940895658104,3,0,P00095,P00095-2026
2025-26,2026,brandon williams,0.2473118279569892,0.4946236559139784,0.47200000000000003,0.23199999999999998,0.7929999999999999,0.5,0.5740021193924408,1,0,P00096,P00096-2026
2025-26,2026,brice sensabaugh,0.5175438596491229,0.23684210526315788,0.46,0.36700000000000005,0.826,0.5614035087719298,0.5918334922148077,0,0,P00098,P00098-2026
2025-26,2026,bronny james,0.5185185185185185,0.07407407407407407,0.409,0.386,0.857,0.5,0.5200860832137733,0,0,P00100,P00100-2026
2025-26,2026,brook lopez,0.5833333333333334,0.1388888888888889,0.428,0.36,0.757,0.5347222222222222,0.556282722513089,1,0,P00101,P00101-2026
2025-26,2026,brooks barnhizer,0.3333333333333333,0.16666666666666666,0.38,0.292,0.7,0.4444444444444444,0.43995859213250516,0,0,P00102,P00102-2026
2025-26,2026,bruce brown,0.28124999999999994,0.23437499999999997,0.475,0.385,0.762,0.5234374999999999,0.5594900849858356,1,0,P00103,P00103-2026
2025-26,2026,bryce mcgowens,0.3928571428571429,0.4107142857142857,0.48100000000000004,0.409,0.779,0.5625000000000001,0.6125226860254083,0,0,P00105,P00105-2026
2025-26,2026,bub carrington,0.5555555555555556,0.15555555555555556,0.424,0.408,0.73,0.5388888888888889,0.5563643926788686,0,0,P00107,P00107-2026
2025-26,2026,buddy boeheim,1.0,0.0,0.33299999999999996,0.33299999999999996,0.0,0.5,0.5,0,0,P00108,P00108-2026
2025-26,2026,buddy hield,0.65625,0.10937499999999997,0.43700000000000006,0.349,0.8109999999999999,0.5546874999999999,0.5664877757901012,0,0,P00109,P00109-2026
2025-26,2026,cj huntley,0.28571428571428575,0.0,0.545,0.0,0.0,0.5357142857142857,0.5357142857142857,0,0,P00111,P00111-2026
2025-26,2026,cj mccollum,0.4407894736842105,0.20394736842105263,0.455,0.375,0.772,0.5361842105263157,0.5644771794252597,0,0,P00112,P00112-2026
2025-26,2026,cade cunningham,0.3064516129032258,0.3225806451612903,0.461,0.342,0.812,0.5161290322580645,0.5626177024482109,38,3,P00113,P00113-2026
2025-26,2026,caleb houstan,0.8571428571428571,0.14285714285714288,0.5379999999999999,0.524,1.0,0.7857142857142858,0.7728494623655914,0,0,P00114,P00114-2026
2025-26,2026,caleb love,0.6,0.1,0.38799999999999996,0.318,0.735,0.48499999999999993,0.4980842911877395,0,0,P00115,P00115-2026
2025-26,2026,caleb martin,0.30303030303030304,0.33333333333333337,0.45,0.35100000000000003,0.607,0.5000000000000001,0.5153276955602537,0,0,P00116,P00116-2026
2025-26,2026,cam christie,0.36,0.36,0.381,0.245,0.76,0.44,0.48342541436464087,0,0,P00117,P00117-2026
2025-26,2026,cam spencer,0.5844155844155844,0.24675324675324672,0.473,0.449,0.94,0.6103896103896105,0.6501874414245548,6,0,P00120,P00120-2026
2025-26,2026,cam thomas,0.36363636363636365,0.36363636363636365,0.41,0.31,0.8109999999999999,0.4636363636363636,0.5289968652037618,0,0,P00121,P00121-2026
2025-26,2026,cam whitmore,0.3375,0.1875,0.456,0.28600000000000003,0.742,0.5125000000000001,0.5311778290993071,0,0,P00122,P00122-2026
2025-26,2026,cameron johnson,0.5340909090909091,0.23863636363636362,0.48,0.43,0.8390000000000001,0.5909090909090908,0.6273138626079802,1,0,P00123,P00123-2026
2025-26,2026,cameron payne,0.6470588235294119,0.14705882352941177,0.376,0.33,0.8640000000000001,0.47794117647058826,0.5110497237569062,1,0,P00125,P00125-2026
2025-26,2026,caris levert,0.46153846153846156,0.2153846153846154,0.41700000000000004,0.33299999999999996,0.679,0.49230769230769234,0.5199550309162451,0,0,P00126,P00126-2026
2025-26,2026,carter bryant,0.5945945945945947,0.16216216216216217,0.408,0.335,0.7140000000000001,0.5,0.5297679112008074,0,0,P00130,P00130-2026
2025-26,2026,cason wallace,0.486842105263158,0.11842105263157895,0.43200000000000005,0.35100000000000003,0.809,0.5197368421052632,0.5377688844422212,1,0,P00131,P00131-2026
2025-26,2026,cedric coward,0.41904761904761906,0.2571428571428572,0.47100000000000003,0.33799999999999997,0.843,0.5380952380952381,0.5817932922655715,7,0,P00135,P00135-2026
2025-26,2026,chaney johnson,0.32727272727272727,0.38181818181818183,0.5429999999999999,0.3,0.8,0.5909090909090909,0.6382316313823162,1,0,P00138,P00138-2026
2025-26,2026,charles bassey,0.0,0.41666666666666663,0.66,0.0,0.7,0.6666666666666666,0.6807511737089201,2,0,P00139,P00139-2026
2025-26,2026,chaz lanier,0.7692307692307692,0.07692307692307693,0.315,0.284,0.833,0.42307692307692313,0.44642857142857134,0,0,P00142,P00142-2026
2025-26,2026,chet holmgren,0.30973451327433627,0.3628318584070796,0.557,0.36200000000000004,0.792,0.6150442477876106,0.6524725274725275,24,0,P00144,P00144-2026
2025-26,2026,chris boucher,0.6071428571428571,0.14285714285714288,0.32,0.133,0.75,0.35714285714285715,0.3864247311827957,0,0,P00147,P00147-2026
2025-26,2026,chris livingston,0.4347826086956522,0.13043478260869565,0.5710000000000001,0.0,1.0,0.5652173913043479,0.6167763157894738,0,0,P00150,P00150-2026
2025-26,2026,chris manon,0.42857142857142855,0.5714285714285715,0.33299999999999996,0.0,0.75,0.28571428571428575,0.45662100456621,0,0,P00151,P00151-2026
2025-26,2026,chris paul,0.5428571428571428,0.028571428571428574,0.321,0.33299999999999996,0.5,0.4,0.4091422121896162,0,0,P00152,P00152-2026
2025-26,2026,chris youngblood,0.8421052631578949,0.15789473684210525,0.349,0.33299999999999996,0.9,0.4473684210526316,0.516732283464567,0,0,P00154,P00154-2026
2025-26,2026,christian braun,0.37499999999999994,0.2613636363636363,0.519,0.301,0.782,0.5795454545454544,0.6114961271911944,0,0,P00155,P00155-2026
2025-26,2026,christian koloko,0.11111111111111109,0.22222222222222218,0.419,0.111,0.667,0.40740740740740744,0.45546558704453444,0,0,P00156,P00156-2026
2025-26,2026,clint capela,0.0,0.3333333333333333,0.52,0.5,0.5770000000000001,0.5333333333333333,0.5523255813953488,1,0,P00159,P00159-2026
2025-26,2026,coby white,0.512,0.384,0.446,0.36200000000000004,0.8170000000000001,0.54,0.5954010402408978,1,0,P00160,P00160-2026
2025-26,2026,cody martin,0.52,0.6,0.2,0.0,0.5,0.2,0.2848101265822785,0,0,P00161,P00161-2026
2025-26,2026,cody williams,0.2631578947368421,0.2368421052631579,0.46799999999999997,0.214,0.706,0.5000000000000001,0.5243088655862727,2,0,P00162,P00162-2026
2025-26,2026,colby jones,0.6666666666666666,0.0,0.33299999999999996,0.0,0.0,0.3333333333333333,0.3333333333333333,0,0,P00164,P00164-2026
2025-26,2026,cole anthony,0.3181818181818182,0.10606060606060606,0.424,0.306,0.615,0.4696969696969697,0.48494499131441804,0,0,P00165,P00165-2026
2025-26,2026,colin castleton,0.0,0.23076923076923075,0.4,0.0,1.0,0.3846153846153846,0.4539106145251397,0,0,P00167,P00167-2026
2025-26,2026,collin gillespie,0.6857142857142857,0.10476190476190476,0.418,0.401,0.8740000000000001,0.5571428571428572,0.5781136198106336,3,0,P00168,P00168-2026
2025-26,2026,collin murray boyles,0.15000000000000002,0.31666666666666665,0.579,0.34,0.657,0.6083333333333334,0.6217086015213575,4,0,P00169,P00169-2026
2025-26,2026,collin sexton,0.3761467889908256,0.34862385321100914,0.485,0.401,0.855,0.5596330275229356,0.6124721603563474,1,0,P00170,P00170-2026
2025-26,2026,cooper flagg,0.2046783625730994,0.28654970760233917,0.46799999999999997,0.295,0.8270000000000001,0.49707602339181284,0.5452845866223515,13,0,P00171,P00171-2026
2025-26,2026,corey kispert,0.6029411764705882,0.25,0.467,0.36700000000000005,0.794,0.5808823529411765,0.6094329623741388,0,0,P00172,P00172-2026
2025-26,2026,cormac ryan,0.5806451612903226,0.2580645161290322,0.52,0.45799999999999996,0.9229999999999999,0.650537634408602,0.6904210119737351,1,0,P00173,P00173-2026
2025-26,2026,craig porter jr,0.375,0.15,0.45,0.355,0.6,0.5125,0.5276735459662288,0,0,P00175,P00175-2026
2025-26,2026,curtis jones,0.6666666666666666,0.07407407407407407,0.40700000000000003,0.33299999999999996,0.5,0.5185185185185185,0.5200860832137734,0,0,P00177,P00177-2026
2025-26,2026,d angelo russell,0.4831460674157303,0.2584269662921348,0.405,0.295,0.7170000000000001,0.4775280898876405,0.5145278450363197,1,0,P00178,P00178-2026
2025-26,2026,daquan jeffries,0.4761904761904762,0.2698412698412698,0.579,0.444,1.0,0.6904761904761906,0.7307037457434734,0,0,P00183,P00183-2026
2025-26,2026,daron holmes ii,0.75,0.25,0.508,0.444,0.7859999999999999,0.6666666666666666,0.6944444444444445,0,0,P00184,P00184-2026
2025-26,2026,daeqwon plowden,0.6666666666666667,0.1724137931034483,0.43,0.33299999999999996,0.857,0.5459770114942529,0.576923076923077,0,0,P00185,P00185-2026
2025-26,2026,dalano banton,0.10000000000000002,0.3499999999999999,0.33299999999999996,0.0,1.0,0.3499999999999999,0.43327556325823224,0,0,P00188,P00188-2026
2025-26,2026,dalen terry,0.4374999999999999,0.18749999999999994,0.439,0.364,0.5329999999999999,0.5156249999999999,0.5340646651270208,0,0,P00189,P00189-2026
2025-26,2026,dalton knecht,0.6,0.1142857142857143,0.455,0.342,0.727,0.5571428571428572,0.5712731229597389,0,0,P00190,P00190-2026
2025-26,2026,daniel gafford,0.0,0.5087719298245614,0.655,0.0,0.6829999999999999,0.6666666666666666,0.6809059633027523,10,0,P00196,P00196-2026
2025-26,2026,daniss jenkins,0.34177215189873417,0.27848101265822783,0.408,0.374,0.8320000000000001,0.4683544303797467,0.5243572395128552,3,0,P00200,P00200-2026
2025-26,2026,danny wolf,0.4805194805194805,0.24675324675324672,0.405,0.322,0.7709999999999999,0.4805194805194805,0.5213214620431115,2,0,P00202,P00202-2026
2025-26,2026,dario saric,0.5,0.3333333333333333,0.16699999999999998,0.33299999999999996,1.0,0.25,0.3633720930232558,0,0,P00205,P00205-2026
2025-26,2026,dariq whitehead,0.6451612903225806,0.07741935483870967,0.39799999999999996,0.317,0.7140000000000001,0.503225806451613,0.508485150985775,0,0,P00206,P00206-2026
2025-26,2026,darius garland,0.4563758389261745,0.18120805369127518,0.46,0.396,0.861,0.5536912751677853,0.5842864246643461,7,0,P00209,P00209-2026
2025-26,2026,david jones garcia,0.2173913043478261,0.2173913043478261,0.52,0.6,0.5,0.5869565217391305,0.5753968253968254,0,0,P00212,P00212-2026
2025-26,2026,david roddy,0.36666666666666664,0.23333333333333334,0.5,0.273,1.0,0.55,0.6045949214026602,1,0,P00214,P00214-2026
2025-26,2026,davion mitchell,0.4342105263157895,0.11842105263157894,0.49,0.395,0.6459999999999999,0.5723684210526315,0.5815407703851926,5,0,P00215,P00215-2026
2025-26,2026,day ron sharpe,0.10526315789473682,0.43859649122807015,0.601,0.231,0.6779999999999999,0.6228070175438596,0.6397058823529411,5,0,P00218,P00218-2026
2025-26,2026,de aaron fox,0.3793103448275862,0.23448275862068965,0.486,0.332,0.76,0.5517241379310345,0.5813953488372093,8,0,P00219,P00219-2026
2025-26,2026,de andre hunter,0.4954954954954955,0.2882882882882883,0.415,0.305,0.867,0.4909909909909909,0.5476495043172369,0,0,P00220,P00220-2026
2025-26,2026,de anthony melton,0.4629629629629629,0.23148148148148145,0.40700000000000003,0.294,0.826,0.47685185185185186,0.5168067226890757,0,0,P00221,P00221-2026
2025-26,2026,deandre jordan,0.0,0.5185185185185184,0.6559999999999999,0.0,0.647,0.6666666666666666,0.6634499396863691,0,0,P00222,P00222-2026
2025-26,2026,dejon jarreau,0.36000000000000004,0.28,0.39799999999999996,0.133,0.7829999999999999,0.4266666666666667,0.4748338081671415,0,0,P00224,P00224-2026
2025-26,2026,demar derozan,0.1450381679389313,0.42748091603053434,0.49700000000000005,0.32,0.868,0.5190839694656489,0.5911076843998972,2,0,P00225,P00225-2026
2025-26,2026,dean wade,0.702127659574468,0.1276595744680851,0.439,0.36200000000000004,0.711,0.574468085106383,0.5842062852538275,1,0,P00227,P00227-2026
2025-26,2026,deandre ayton,0.0,0.24096385542168675,0.6709999999999999,0.0,0.645,0.6746987951807228,0.6808278867102396,22,0,P00228,P00228-2026
2025-26,2026,dejounte murray,0.33846153846153854,0.24615384615384617,0.484,0.306,0.867,0.5384615384615384,0.5795391449194892,1,0,P00230,P00230-2026
2025-26,2026,deni avdija,0.3726708074534161,0.5714285714285713,0.462,0.318,0.802,0.5248447204968943,0.6005558864403415,19,3,P00232,P00232-2026
2025-26,2026,dennis schroder,0.36666666666666664,0.32222222222222224,0.405,0.32899999999999996,0.8340000000000001,0.46111111111111114,0.5254963020630595,3,0,P00233,P00233-2026
2025-26,2026,dereck lively ii,0.0,0.5384615384615384,0.611,0.0,0.8,0.6153846153846154,0.6685323383084576,0,0,P00236,P00236-2026
2025-26,2026,derik queen,0.11956521739130437,0.3695652173913043,0.473,0.261,0.795,0.49456521739130443,0.5469334330590875,14,2,P00238,P00238-2026
2025-26,2026,derrick jones jr,0.40789473684210525,0.25,0.499,0.359,0.763,0.5723684210526315,0.5986249407302039,1,0,P00240,P00240-2026
2025-26,2026,derrick white,0.576388888888889,0.18055555555555558,0.39399999999999996,0.327,0.902,0.48958333333333337,0.5307514153371076,1,0,P00243,P00243-2026
2025-26,2026,desmond bane,0.3537414965986395,0.28571428571428575,0.484,0.391,0.9079999999999999,0.5510204081632654,0.607324147933285,1,0,P00244,P00244-2026
2025-26,2026,devin booker,0.31016042780748665,0.43315508021390375,0.456,0.33,0.873,0.5053475935828877,0.5861480416816386,6,0,P00245,P00245-2026
2025-26,2026,devin carter,0.3896103896103896,0.3246753246753247,0.414,0.263,0.713,0.4675324675324675,0.5056818181818181,0,0,P00247,P00247-2026
2025-26,2026,devin vassell,0.5663716814159292,0.16814159292035397,0.43700000000000006,0.384,0.815,0.5442477876106194,0.5726763348714569,1,0,P00248,P00248-2026
2025-26,2026,dillon brooks,0.3859649122807017,0.21052631578947364,0.435,0.344,0.8420000000000001,0.49999999999999994,0.5405694712053093,0,0,P00255,P00255-2026
2025-26,2026,dillon jones,0.5384615384615384,0.46153846153846156,0.222,0.2,1.0,0.2692307692307693,0.4156010230179028,0,0,P00256,P00256-2026
2025-26,2026,domantas sabonis,0.12068965517241378,0.3534482758620689,0.5429999999999999,0.185,0.727,0.5560344827586207,0.5893763055804238,12,0,P00257,P00257-2026
2025-26,2026,dominick barlow,0.2142857142857143,0.32142857142857145,0.539,0.256,0.718,0.5625000000000001,0.6023153942428036,2,0,P00258,P00258-2026
2025-26,2026,donovan clingan,0.3595505617977528,0.29213483146067415,0.52,0.341,0.68,0.5786516853932584,0.6023496614894464,37,0,P00259,P00259-2026
2025-26,2026,donovan mitchell,0.44,0.305,0.483,0.364,0.865,0.565,0.6149709046023628,5,0,P00260,P00260-2026
2025-26,2026,donte divincenzo,0.7745098039215688,0.12745098039215688,0.406,0.379,0.743,0.5490196078431373,0.5662829558113628,1,0,P00262,P00262-2026
2025-26,2026,dorian finney smith,0.75,0.05555555555555555,0.33299999999999996,0.27,0.889,0.43055555555555547,0.4473969631236442,0,0,P00263,P00263-2026
2025-26,2026,doug mcdermott,0.8750000000000001,0.0625,0.38799999999999996,0.39,0.889,0.5729166666666667,0.5778588807785889,0,0,P00264,P00264-2026
2025-26,2026,drake powell,0.5087719298245613,0.21052631578947364,0.402,0.28,0.8959999999999999,0.47368421052631565,0.5218368657675015,0,0,P00265,P00265-2026
2025-26,2026,draymond green,0.6388888888888887,0.16666666666666666,0.418,0.326,0.7020000000000001,0.5208333333333333,0.5434782608695652,2,0,P00266,P00266-2026
2025-26,2026,drew eubanks,0.05405405405405406,0.37837837837837834,0.596,0.14300000000000002,0.561,0.5945945945945946,0.6024096385542169,1,0,P00267,P00267-2026
2025-26,2026,drew peterson,0.7407407407407406,0.11111111111111108,0.125,0.0,0.5,0.11111111111111108,0.14124293785310732,0,0,P00268,P00268-2026
2025-26,2026,drew timme,0.375,0.125,0.5760000000000001,0.44,0.556,0.6666666666666666,0.6714060031595576,0,0,P00269,P00269-2026
2025-26,2026,dru smith,0.391304347826087,0.32608695652173914,0.415,0.295,0.8290000000000001,0.4673913043478261,0.532319391634981,0,0,P00270,P00270-2026
2025-26,2026,duncan robinson,0.7692307692307693,0.15384615384615385,0.456,0.41,0.755,0.6098901098901099,0.6278303828736106,0,0,P00272,P00272-2026
2025-26,2026,duop reath,0.7391304347826088,0.08695652173913045,0.446,0.418,0.833,0.5869565217391305,0.6072026800670017,0,0,P00273,P00273-2026
2025-26,2026,dwight powell,0.0625,1.125,0.644,0.28600000000000003,0.696,0.6249999999999999,0.6897993311036787,3,0,P00275,P00275-2026
2025-26,2026,dylan cardwell,0.02439024390243903,0.29268292682926833,0.5870000000000001,0.5,0.51,0.5853658536585367,0.5834053586862576,3,0,P00276,P00276-2026
2025-26,2026,dylan harper,0.2736842105263158,0.17894736842105263,0.505,0.34299999999999997,0.7559999999999999,0.5526315789473685,0.5757220921155348,0,0,P00277,P00277-2026
2025-26,2026,dyson daniels,0.14705882352941177,0.15686274509803924,0.517,0.188,0.615,0.5343137254901961,0.5456713132795304,15,2,P00279,P00279-2026
2025-26,2026,e j liddell,0.46511627906976744,0.23255813953488372,0.486,0.34600000000000003,0.8079999999999999,0.5697674418604651,0.6012658227848102,1,0,P00280,P00280-2026
2025-26,2026,egor demin,0.7209302325581396,0.15116279069767444,0.39899999999999997,0.385,0.831,0.5348837209302325,0.5614914958569559,1,0,P00283,P00283-2026
2025-26,2026,elijah harkless,0.5483870967741934,0.4032258064516129,0.335,0.239,0.7659999999999999,0.4032258064516129,0.46575342465753417,1,0,P00285,P00285-2026
2025-26,2026,emanuel miller,0.46153846153846156,0.15384615384615385,0.462,0.33299999999999996,0.5,0.5384615384615384,0.5403458213256483,0,0,P00287,P00287-2026
2025-26,2026,enrique freeman,0.5,0.5,0.5,0.5,0.75,0.625,0.6762295081967213,0,0,P00291,P00291-2026
2025-26,2026,eric gordon,0.6571428571428571,0.0857142857142857,0.5710000000000001,0.5710000000000001,0.5,0.7571428571428571,0.75715859030837,0,0,P00293,P00293-2026
2025-26,2026,ethan thompson,0.5901639344262296,0.24590163934426232,0.37799999999999995,0.32799999999999996,0.787,0.4754098360655738,0.5177514792899408,0,0,P00295,P00295-2026
2025-26,2026,evan mobley,0.24242424242424243,0.3484848484848485,0.546,0.297,0.606,0.5833333333333334,0.5977404098791382,27,0,P00298,P00298-2026
2025-26,2026,franz wagner,0.27516778523489926,0.3892617449664429,0.48100000000000004,0.345,0.823,0.5302013422818792,0.5901902360760944,0,0,P00304,P00304-2026
2025-26,2026,gg jackson,0.3763440860215053,0.29032258064516125,0.496,0.332,0.742,0.5591397849462365,0.5959191456903127,1,0,P00308,P00308-2026
2025-26,2026,gabe vincent,0.8048780487804877,0.09756097560975611,0.35200000000000004,0.341,0.87,0.475609756097561,0.5144995322731526,0,0,P00309,P00309-2026
2025-26,2026,garrett temple,0.7142857142857143,0.5714285714285715,0.267,0.25,0.667,0.35714285714285715,0.45662100456621013,0,0,P00313,P00313-2026
2025-26,2026,garrison mathews,0.8857142857142857,0.42857142857142855,0.40399999999999997,0.37,0.826,0.5571428571428572,0.625,0,0,P00314,P00314-2026
2025-26,2026,gary harris,0.6363636363636362,0.09090909090909091,0.442,0.41200000000000003,0.889,0.5909090909090908,0.5900349650349651,0,0,P00316,P00316-2026
2025-26,2026,gary payton ii,0.2982456140350877,0.08771929824561403,0.583,0.29100000000000004,0.65,0.6228070175438596,0.6334459459459459,2,0,P00317,P00317-2026
2025-26,2026,gary trent jr,0.726027397260274,0.1095890410958904,0.387,0.36,0.769,0.5136986301369864,0.529273392577104,0,0,P00318,P00318-2026
2025-26,2026,giannis antetokounmpo,0.0783132530120482,0.5963855421686748,0.624,0.33299999999999996,0.65,0.6385542168674699,0.6585226188203855,19,0,P00323,P00323-2026
2025-26,2026,goga bitadze,0.05714285714285715,0.42857142857142855,0.6759999999999999,0.182,0.711,0.6857142857142857,0.7091346153846154,3,0,P00324,P00324-2026
2025-26,2026,gradey dick,0.4705882352941177,0.23529411764705885,0.419,0.301,0.875,0.4803921568627451,0.5330490405117272,1,0,P00328,P00328-2026
2025-26,2026,grant nelson,0.0,1.0869565217391306,0.556,0.0,0.7,0.5652173913043479,0.6323529411764706,0,0,P00329,P00329-2026
2025-26,2026,grant williams,0.7254901960784315,0.29411764705882354,0.426,0.38799999999999996,0.815,0.5686274509803922,0.607638888888889,0,0,P00330,P00330-2026
2025-26,2026,grayson allen,0.6793893129770993,0.25190839694656486,0.40299999999999997,0.349,0.857,0.5229007633587787,0.566932380428807,0,0,P00331,P00331-2026
2025-26,2026,guerschon yabusele,0.6170212765957446,0.23404255319148934,0.401,0.35200000000000004,0.75,0.5106382978723404,0.5401234567901234,4,0,P00334,P00334-2026
2025-26,2026,gui santos,0.4852941176470588,0.2647058823529412,0.5,0.35100000000000003,0.725,0.5808823529411765,0.6059009483667017,3,0,P00335,P00335-2026
2025-26,2026,harrison barnes,0.6133333333333333,0.21333333333333335,0.456,0.38799999999999996,0.8290000000000001,0.5733333333333334,0.6033642125792297,0,0,P00337,P00337-2026
2025-26,2026,harrison ingram,0.11111111111111112,0.0,0.833,1.0,0.0,0.8333333333333333,0.888888888888889,0,0,P00338,P00338-2026
2025-26,2026,hayden gray,0.3333333333333333,0.6666666666666666,0.667,0.0,1.0,0.6666666666666666,0.7731958762886598,0,0,P00342,P00342-2026
2025-26,2026,haywood highsmith,0.6060606060606061,0.30303030303030304,0.522,0.5710000000000001,0.857,0.6818181818181819,0.7219251336898397,0,0,P00343,P00343-2026
2025-26,2026,herbert jones,0.5411764705882353,0.12941176470588237,0.38299999999999995,0.309,0.8059999999999999,0.4705882352941176,0.4953250222617988,0,0,P00345,P00345-2026
2025-26,2026,hugo gonzalez,0.4848484848484849,0.12121212121212123,0.47600000000000003,0.36200000000000004,0.5,0.5757575757575758,0.5609896432681243,2,0,P00346,P00346-2026
2025-26,2026,hunter dickinson,0.2857142857142857,0.14285714285714285,0.35700000000000004,0.0,1.0,0.35714285714285715,0.4032258064516129,0,0,P00347,P00347-2026
2025-26,2026,hunter sallis,0.0,0.42857142857142866,0.6,0.0,0.5,0.5714285714285715,0.6009615384615384,0,0,P00348,P00348-2026
2025-26,2026,hunter tyson,0.64,0.24,0.26899999999999996,0.212,0.846,0.33999999999999997,0.39797395079594794,0,0,P00349,P00349-2026
2025-26,2026,immanuel quickley,0.5271317829457365,0.23255813953488372,0.44299999999999995,0.374,0.821,0.5387596899224806,0.5766526019690577,8,0,P00352,P00352-2026
2025-26,2026,isaac jones,0.3,0.6,0.429,0.0,0.75,0.4,0.5142405063291139,0,0,P00354,P00354-2026
2025-26,2026,isaac okoro,0.4794520547945206,0.24657534246575344,0.46,0.33,0.795,0.5342465753424658,0.5746416213544242,0,0,P00355,P00355-2026
2025-26,2026,isaiah collier,0.19540229885057472,0.40229885057471265,0.495,0.27,0.722,0.5229885057471264,0.5712890625,10,0,P00356,P00356-2026
2025-26,2026,isaiah crawford,0.5294117647058824,0.23529411764705885,0.41700000000000004,0.231,0.833,0.4705882352941176,0.533049040511727,0,0,P00357,P00357-2026
2025-26,2026,isaiah hartenstein,0.015873015873015876,0.34920634920634924,0.622,0.0,0.61,0.6190476190476191,0.6329113924050633,11,1,P00358,P00358-2026
2025-26,2026,isaiah jackson,0.023255813953488372,0.4418604651162791,0.637,0.0,0.648,0.627906976744186,0.6522585669781931,7,0,P00359,P00359-2026
2025-26,2026,isaiah joe,0.7894736842105263,0.2236842105263158,0.455,0.423,0.894,0.625,0.6648298993770962,0,0,P00360,P00360-2026
2025-26,2026,isaiah livers,0.6111111111111112,0.16666666666666666,0.344,0.3,0.75,0.41666666666666663,0.46583850931677023,0,0,P00361,P00361-2026
2025-26,2026,isaiah stevens,0.13043478260869565,0.5652173913043479,0.429,0.0,1.0,0.4347826086956522,0.5745125348189415,0,0,P00364,P00364-2026
2025-26,2026,isaiah stewart,0.30434782608695654,0.33333333333333326,0.55,0.33299999999999996,0.7559999999999999,0.6014492753623187,0.6319514661274014,2,0,P00365,P00365-2026
2025-26,2026,ivica zubac,0.0,0.3,0.598,0.0,0.711,0.6,0.622791519434629,24,0,P00371,P00371-2026
2025-26,2026,jd davison,0.4782608695652175,0.30434782608695654,0.375,0.25,0.684,0.4565217391304348,0.4792944785276074,0,0,P00373,P00373-2026
2025-26,2026,ja morant,0.2670807453416149,0.36645962732919257,0.41,0.235,0.897,0.4409937888198758,0.5215019255455712,8,0,P00375,P00375-2026
2025-26,2026,ja kobe walter,0.6607142857142858,0.23214285714285718,0.446,0.409,0.789,0.5803571428571429,0.6075826312378483,0,0,P00376,P00376-2026
2025-26,2026,jabari smith jr,0.4960629921259842,0.2125984251968504,0.449,0.363,0.775,0.5393700787401575,0.568836405529954,14,0,P00380,P00380-2026
2025-26,2026,jabari walker,0.4545454545454546,0.33333333333333337,0.455,0.337,0.735,0.5303030303030303,0.5681818181818182,2,0,P00381,P00381-2026
2025-26,2026,jacob toppin,0.0,0.0,0.667,0.0,0.0,0.6666666666666666,0.6666666666666666,0,0,P00386,P00386-2026
2025-26,2026,jaden hardy,0.6133333333333333,0.17333333333333337,0.424,0.397,0.733,0.5466666666666667,0.5698711595639246,0,0,P00387,P00387-2026
2025-26,2026,jaden ivey,0.5217391304347827,0.18840579710144928,0.445,0.373,0.809,0.5507246376811594,0.5687901498929336,0,0,P00388,P00388-2026
2025-26,2026,jaden mcdaniels,0.3063063063063063,0.2162162162162162,0.515,0.41200000000000003,0.835,0.5765765765765767,0.608752879236591,0,0,P00389,P00389-2026
2025-26,2026,jae sean tate,0.29166666666666663,0.08333333333333334,0.514,0.313,0.636,0.5416666666666666,0.562700964630225,0,0,P00392,P00392-2026
2025-26,2026,jahmai mashack,0.38095238095238093,0.17460317460317462,0.395,0.253,0.5429999999999999,0.4444444444444445,0.4569575471698114,2,1,P00393,P00393-2026
2025-26,2026,jahmir young,0.33333333333333337,0.05555555555555556,0.4,0.33299999999999996,1.0,0.4444444444444444,0.4880694143167028,0,0,P00395,P00395-2026
2025-26,2026,jahmyl telfort,1.0,1.0,0.0,0.0,0.25,0.0,0.06944444444444445,0,0,P00396,P00396-2026
2025-26,2026,jaime jaquez jr,0.19672131147540983,0.23770491803278687,0.507,0.317,0.769,0.5409836065573771,0.5713861680023745,6,0,P00397,P00397-2026
2025-26,2026,jake laravia,0.46874999999999994,0.29687499999999994,0.45899999999999996,0.321,0.763,0.5312499999999999,0.5666113875069098,1,0,P00398,P00398-2026
2025-26,2026,jakob poeltl,0.0,0.31343283582089554,0.7,0.0,0.602,0.7014925373134329,0.7017313746065057,7,0,P00400,P00400-2026
2025-26,2026,jalen brunson,0.35678391959798994,0.2864321608040201,0.467,0.369,0.841,0.5326633165829147,0.5801499464476972,12,0,P00402,P00402-2026
2025-26,2026,jalen duren,0.0,0.5304347826086957,0.65,0.0,0.747,0.6521739130434783,0.687394247038917,41,0,P00403,P00403-2026
2025-26,2026,jalen green,0.44375,0.16875,0.42200000000000004,0.313,0.747,0.49375,0.5178031184547359,0,0,P00404,P00404-2026
2025-26,2026,jalen johnson,0.2748538011695907,0.30994152046783624,0.489,0.35200000000000004,0.7879999999999999,0.5350877192982456,0.5789419514203376,49,13,P00406,P00406-2026
2025-26,2026,jalen pickett,0.5434782608695653,0.08695652173913045,0.42200000000000004,0.386,0.789,0.5434782608695653,0.5443886097152429,0,0,P00408,P00408-2026
2025-26,2026,jalen slawson,0.5254237288135594,0.22033898305084748,0.442,0.375,0.706,0.5423728813559322,0.5639678615574782,0,0,P00409,P00409-2026
2025-26,2026,jalen smith,0.5526315789473686,0.23684210526315794,0.483,0.373,0.742,0.5855263157894738,0.607721639656816,9,0,P00410,P00410-2026
2025-26,2026,jalen suggs,0.5526315789473684,0.18421052631578946,0.435,0.33899999999999997,0.855,0.5219298245614035,0.5598831548198636,4,1,P00411,P00411-2026
2025-26,2026,jalen williams,0.17037037037037034,0.28888888888888886,0.484,0.299,0.8370000000000001,0.5074074074074074,0.5619085173501578,1,0,P00412,P00412-2026
2025-26,2026,jalen wilson,0.5490196078431373,0.35294117647058826,0.396,0.355,0.7190000000000001,0.4901960784313726,0.5431093007467753,0,0,P00413,P00413-2026
2025-26,2026,jamal cain,0.47368421052631576,0.3157894736842105,0.48700000000000004,0.384,0.848,0.5921052631578947,0.6238447319778189,0,0,P00414,P00414-2026
2025-26,2026,jamal murray,0.4143646408839779,0.287292817679558,0.483,0.435,0.887,0.5773480662983426,0.6229154404551698,18,0,P00415,P00415-2026
2025-26,2026,jamal shead,0.5245901639344263,0.22950819672131148,0.36700000000000005,0.321,0.784,0.45901639344262296,0.49136390708755207,2,0,P00416,P00416-2026
2025-26,2026,jamaree bouyea,0.33333333333333337,0.15686274509803924,0.45799999999999996,0.295,0.6859999999999999,0.5,0.5227439471753484,0,0,P00417,P00417-2026
2025-26,2026,james harden,0.5125,0.46875,0.434,0.375,0.884,0.534375,0.6113989637305699,20,2,P00420,P00420-2026
2025-26,2026,james wiseman,0.0,0.2,0.6,0.0,0.5,0.6,0.6066176470588235,0,0,P00422,P00422-2026
2025-26,2026,jamir watkins,0.5423728813559322,0.2711864406779661,0.446,0.297,0.695,0.5169491525423728,0.5602665051483949,0,0,P00423,P00423-2026
2025-26,2026,jamison battle,0.5833333333333333,0.08333333333333334,0.51,0.41200000000000003,0.643,0.625,0.6229903536977491,0,0,P00424,P00424-2026
2025-26,2026,jarace walker,0.4895833333333333,0.25,0.419,0.374,0.7490000000000001,0.5104166666666666,0.5442942942942943,3,0,P00426,P00426-2026
2025-26,2026,jared mccain,0.5277777777777777,0.125,0.425,0.385,0.8640000000000001,0.5208333333333333,0.5463401790416008,0,0,P00429,P00429-2026
2025-26,2026,jaren jackson jr,0.3266666666666667,0.28,0.47600000000000003,0.35700000000000004,0.8029999999999999,0.5333333333333332,0.575735992402659,3,0,P00431,P00431-2026
2025-26,2026,jarred vanderbilt,0.40540540540540543,0.24324324324324326,0.47100000000000003,0.293,0.589,0.5135135135135135,0.537109375,1,0,P00432,P00432-2026
2025-26,2026,jarrett allen,0.021276595744680854,0.5,0.638,0.1,0.7090000000000001,0.6382978723404256,0.6714335542378793,20,0,P00434,P00434-2026
2025-26,2026,jase richardson,0.42857142857142855,0.2571428571428572,0.473,0.354,0.7170000000000001,0.5285714285714286,0.5646817248459959,0,0,P00437,P00437-2026
2025-26,2026,javon small,0.5,0.2857142857142857,0.465,0.423,0.8290000000000001,0.5785714285714285,0.6154822335025381,0,0,P00440,P00440-2026
2025-26,2026,javonte cooke,0.5454545454545454,0.045454545454545456,0.22,0.13,1.0,0.2727272727272727,0.26737967914438504,0,0,P00441,P00441-2026
2025-26,2026,javonte green,0.6,0.3,0.447,0.381,0.84,0.57,0.6095406360424029,1,0,P00442,P00442-2026
2025-26,2026,jaxson hayes,0.0,0.575,0.7559999999999999,1.0,0.653,0.75,0.7482043096568237,1,0,P00444,P00444-2026
2025-26,2026,jay huff,0.6,0.15999999999999998,0.47600000000000003,0.319,0.828,0.5666666666666667,0.5916791230692575,1,0,P00445,P00445-2026
2025-26,2026,jaylen brown,0.2626728110599078,0.3456221198156682,0.47700000000000004,0.34700000000000003,0.795,0.5253456221198156,0.5740000000000001,14,3,P00447,P00447-2026
2025-26,2026,jaylen clark,0.44117647058823534,0.29411764705882354,0.434,0.327,0.657,0.5147058823529412,0.5208333333333334,0,0,P00448,P00448-2026
2025-26,2026,jaylen wells,0.5247524752475248,0.24752475247524752,0.431,0.353,0.784,0.5297029702970297,0.5580357142857143,0,0,P00454,P00454-2026
2025-26,2026,jaylin williams,0.7222222222222222,0.25925925925925924,0.423,0.38299999999999995,0.7929999999999999,0.5648148148148148,0.5984042553191489,6,0,P00455,P00455-2026
2025-26,2026,jaylon tyson,0.44117647058823534,0.15686274509803924,0.493,0.446,0.738,0.5882352941176471,0.6052824651504035,7,0,P00456,P00456-2026
2025-26,2026,jayson kent,0.5714285714285714,0.14285714285714285,0.5710000000000001,0.25,1.0,0.6428571428571429,0.6720430107526881,0,0,P00457,P00457-2026
2025-26,2026,jayson tatum,0.4972067039106146,0.2737430167597766,0.41100000000000003,0.32899999999999996,0.823,0.49441340782122906,0.5434782608695653,10,1,P00458,P00458-2026
2025-26,2026,jeff green,0.6521739130434783,0.08695652173913043,0.368,0.273,1.0,0.43478260869565216,0.46063651591289784,0,0,P00461,P00461-2026
2025-26,2026,jerami grant,0.47656249999999994,0.43749999999999994,0.45299999999999996,0.389,0.8140000000000001,0.5468749999999999,0.6092767295597484,0,0,P00463,P00463-2026
2025-26,2026,jeremiah fears,0.3008130081300813,0.24390243902439024,0.434,0.33,0.789,0.4796747967479674,0.52496328928047,3,0,P00464,P00464-2026
2025-26,2026,jeremiah robinson earl,0.4222222222222222,0.17777777777777778,0.37,0.244,0.9440000000000001,0.4333333333333333,0.47403132728771635,0,0,P00465,P00465-2026
2025-26,2026,jeremy sochan,0.3448275862068966,0.20689655172413793,0.496,0.244,0.731,0.5689655172413793,0.5689001264222503,0,0,P00467,P00467-2026
2025-26,2026,jericho sims,0.0,0.3928571428571429,0.784,0.0,0.62,0.7857142857142858,0.7612667478684532,6,1,P00468,P00468-2026
2025-26,2026,jett howard,0.5652173913043479,0.15217391304347827,0.418,0.37200000000000005,0.9490000000000001,0.5217391304347827,0.5603096984515078,0,0,P00471,P00471-2026
2025-26,2026,jevon carter,0.7068965517241379,0.06896551724137932,0.401,0.363,0.789,0.5258620689655172,0.5354752342704151,0,0,P00472,P00472-2026
2025-26,2026,jimmy butler iii,0.18032786885245905,0.6229508196721312,0.519,0.376,0.8640000000000001,0.5491803278688525,0.6433350488934637,3,0,P00473,P00473-2026
2025-26,2026,joan beringer,0.0,0.36,0.6629999999999999,0.0,0.703,0.64,0.6733425414364641,1,0,P00474,P00474-2026
2025-26,2026,jock landale,0.345679012345679,0.2345679012345679,0.515,0.38299999999999995,0.635,0.574074074074074,0.5931065353625784,9,0,P00475,P00475-2026
2025-26,2026,joe ingles,0.6,0.1,0.593,0.43799999999999994,1.0,0.75,0.7183908045977012,1,0,P00477,P00477-2026
2025-26,2026,joel embiid,0.22950819672131148,0.4808743169398908,0.489,0.33299999999999996,0.8540000000000001,0.5300546448087432,0.6066209633772325,10,1,P00481,P00481-2026
2025-26,2026,john collins,0.33333333333333337,0.22916666666666669,0.552,0.406,0.7659999999999999,0.6197916666666667,0.6434519303557911,3,0,P00483,P00483-2026
2025-26,2026,john konchar,0.5,0.22222222222222224,0.47200000000000003,0.28300000000000003,0.727,0.5416666666666667,0.5566801619433199,3,2,P00484,P00484-2026
2025-26,2026,john poulakidas,0.8428571428571429,0.07142857142857142,0.429,0.40299999999999997,0.857,0.6,0.6094182825484765,0,0,P00485,P00485-2026
2025-26,2026,john tonje,0.7391304347826086,0.3043478260869565,0.28600000000000003,0.3,1.0,0.41304347826086957,0.4792944785276074,0,0,P00486,P00486-2026
2025-26,2026,johni broome,0.22727272727272724,0.22727272727272724,0.16699999999999998,0.0,0.33299999999999996,0.18181818181818182,0.18595041322314046,0,0,P00488,P00488-2026
2025-26,2026,johnny furphy,0.46511627906976744,0.23255813953488372,0.47,0.324,0.486,0.5465116279069767,0.5379746835443038,1,0,P00490,P00490-2026
2025-26,2026,johnny juzang,0.611111111111111,0.2222222222222222,0.42100000000000004,0.25,0.625,0.5277777777777777,0.5060728744939271,0,0,P00491,P00491-2026
2025-26,2026,jonas valanciunas,0.06666666666666667,0.35,0.5820000000000001,0.308,0.772,0.5916666666666667,0.6282495667244368,5,0,P00492,P00492-2026
2025-26,2026,jonathan isaac,0.3333333333333333,0.5238095238095238,0.42200000000000004,0.184,0.603,0.45238095238095244,0.5030959752321982,0,0,P00493,P00493-2026
2025-26,2026,jonathan kuminga,0.3085106382978723,0.3617021276595744,0.46299999999999997,0.33299999999999996,0.7240000000000001,0.5212765957446808,0.5598384728340675,1,0,P00494,P00494-2026
2025-26,2026,jonathan mogbo,0.0,0.36363636363636365,0.591,0.0,0.643,0.6363636363636364,0.5877742946708464,0,0,P00495,P00495-2026
2025-26,2026,jordan clarkson,0.410958904109589,0.17808219178082194,0.451,0.327,0.83,0.5205479452054794,0.5462398373983739,0,0,P00497,P00497-2026
2025-26,2026,jordan goodwin,0.5443037974683544,0.10126582278481013,0.413,0.371,0.696,0.5189873417721519,0.5271449345613185,2,0,P00499,P00499-2026
2025-26,2026,jordan hawkins,0.52,0.1,0.366,0.348,0.852,0.45,0.4885057471264367,0,0,P00501,P00501-2026
2025-26,2026,jordan mclaughlin,0.5,0.11111111111111112,0.418,0.425,0.857,0.5555555555555556,0.5296610169491526,0,0,P00502,P00502-2026
2025-26,2026,jordan miller,0.26865671641791045,0.43283582089552236,0.531,0.345,0.777,0.5671641791044776,0.6268806419257773,1,0,P00503,P00503-2026
2025-26,2026,jordan poole,0.6491228070175439,0.25438596491228066,0.37200000000000005,0.33299999999999996,0.86,0.4780701754385965,0.5285579047017986,0,0,P00505,P00505-2026
2025-26,2026,jordan walsh,0.46153846153846156,0.20512820512820515,0.509,0.384,0.772,0.6025641025641026,0.6349952963311385,2,0,P00507,P00507-2026
2025-26,2026,jose alvarado,0.6461538461538462,0.10769230769230768,0.41600000000000004,0.35200000000000004,0.7609999999999999,0.5307692307692308,0.5434782608695652,1,0,P00508,P00508-2026
2025-26,2026,josh giddey,0.39097744360902253,0.3157894736842105,0.44799999999999995,0.364,0.763,0.5150375939849624,0.5611301822022708,28,13,P00510,P00510-2026
2025-26,2026,josh green,0.7741935483870966,0.16129032258064516,0.45899999999999996,0.42,0.893,0.6129032258064515,0.6475903614457831,0,0,P00511,P00511-2026
2025-26,2026,josh hart,0.41111111111111115,0.2111111111111111,0.508,0.413,0.72,0.5944444444444444,0.6100040666937779,13,2,P00512,P00512-2026
2025-26,2026,josh minott,0.607843137254902,0.23529411764705882,0.5,0.418,0.787,0.6372549019607844,0.6574271499644635,1,0,P00514,P00514-2026
2025-26,2026,josh oduro,0.12280701754385961,0.3508771929824561,0.647,0.0,0.5,0.6491228070175439,0.6306990881458967,1,0,P00515,P00515-2026
2025-26,2026,josh okogie,0.5526315789473685,0.2368421052631579,0.425,0.385,0.594,0.5263157894736843,0.5362249761677789,1,0,P00516,P00516-2026
2025-26,2026,jrue holiday,0.5074626865671641,0.14925373134328357,0.451,0.37799999999999995,0.838,0.544776119402985,0.5707282913165267,9,0,P00519,P00519-2026
2025-26,2026,julian champagnie,0.738095238095238,0.1904761904761905,0.43700000000000006,0.381,0.8440000000000001,0.5833333333333333,0.609622144112478,7,0,P00523,P00523-2026
2025-26,2026,julian phillips,0.5599999999999999,0.2,0.42100000000000004,0.308,0.7829999999999999,0.52,0.5330882352941176,0,0,P00524,P00524-2026
2025-26,2026,julian reese,0.0,0.3695652173913043,0.529,0.0,0.636,0.5217391304347826,0.5516080777860882,5,0,P00525,P00525-2026
2025-26,2026,julian strawther,0.46428571428571436,0.21428571428571427,0.467,0.387,0.8140000000000001,0.5535714285714286,0.587467362924282,0,0,P00526,P00526-2026
2025-26,2026,julius randle,0.28758169934640526,0.4117647058823529,0.48100000000000004,0.315,0.802,0.522875816993464,0.58377600708278,15,3,P00527,P00527-2026
2025-26,2026,justin champagnie,0.3582089552238806,0.22388059701492538,0.502,0.319,0.784,0.5671641791044776,0.5910326086956521,4,0,P00529,P00529-2026
2025-26,2026,justin edwards,0.5599999999999999,0.12,0.447,0.37200000000000005,0.846,0.54,0.5699088145896656,0,0,P00530,P00530-2026
2025-26,2026,jusuf nurkic,0.19540229885057472,0.3218390804597701,0.503,0.35200000000000004,0.5489999999999999,0.5402298850574714,0.5487313733387033,16,3,P00536,P00536-2026
2025-26,2026,kj simpson,0.4,0.18,0.34299999999999997,0.3,0.611,0.4,0.4262416604892513,0,0,P00539,P00539-2026
2025-26,2026,kadary richmond,0.24528301886792458,0.18867924528301888,0.625,0.5,1.0,0.6886792452830189,0.7229965156794426,0,0,P00541,P00541-2026
2025-26,2026,kam jones,0.4347826086956522,0.04347826086956522,0.402,0.293,0.5,0.4565217391304348,0.469283276450512,1,0,P00543,P00543-2026
2025-26,2026,karl anthony towns,0.2971014492753623,0.39855072463768115,0.501,0.368,0.858,0.5543478260869565,0.6196054254007398,56,1,P00544,P00544-2026
2025-26,2026,karlo matkovic,0.39473684210526316,0.18421052631578946,0.604,0.42200000000000004,0.732,0.6842105263157895,0.6937682570593964,1,0,P00545,P00545-2026
2025-26,2026,kasparas jakucionis,0.6444444444444444,0.26666666666666666,0.429,0.423,0.879,0.5555555555555556,0.6165473349244233,0,0,P00546,P00546-2026
2025-26,2026,kawhi leonard,0.35051546391752575,0.32989690721649484,0.505,0.387,0.892,0.5721649484536082,0.6279258192293843,5,0,P00547,P00547-2026
2025-26,2026,keaton wallace,0.5937499999999999,0.09374999999999997,0.39799999999999996,0.373,0.667,0.515625,0.5252100840336134,0,0,P00548,P00548-2026
2025-26,2026,keegan murray,0.3769230769230769,0.16153846153846155,0.42,0.27699999999999997,0.7759999999999999,0.47307692307692306,0.502729100833094,2,0,P00549,P00549-2026
2025-26,2026,kel el ware,0.3571428571428571,0.14285714285714282,0.53,0.395,0.74,0.6071428571428571,0.6216397849462365,24,0,P00553,P00553-2026
2025-26,2026,keldon johnson,0.34020618556701027,0.24742268041237112,0.519,0.363,0.794,0.5773195876288659,0.6136110078095945,5,0,P00555,P00555-2026
2025-26,2026,kelly olynyk,0.47826086956521746,0.39130434782608703,0.49,0.255,0.711,0.5434782608695653,0.5934718100890208,0,0,P00557,P00557-2026
2025-26,2026,kelly oubre jr,0.44036697247706424,0.26605504587155965,0.467,0.36,0.7659999999999999,0.5458715596330275,0.5790078843626807,5,0,P00558,P00558-2026
2025-26,2026,kennedy chandler,0.28,0.312,0.445,0.395,0.6509999999999999,0.496,0.5275745638716939,1,0,P00562,P00562-2026
2025-26,2026,kenrich williams,0.4339622641509433,0.16981132075471697,0.473,0.38799999999999996,0.635,0.5566037735849056,0.5705758426966292,1,0,P00564,P00564-2026
2025-26,2026,kentavious caldwell pope,0.47222222222222227,0.22222222222222227,0.41,0.316,0.9129999999999999,0.47916666666666674,0.5313765182186235,0,0,P00566,P00566-2026
2025-26,2026,keon ellis,0.6603773584905661,0.18867924528301888,0.44,0.363,0.7290000000000001,0.5566037735849058,0.583623693379791,0,0,P00567,P00567-2026
2025-26,2026,keshad johnson,0.42424242424242425,0.27272727272727276,0.49,0.295,0.7240000000000001,0.5454545454545455,0.5817099567099567,1,0,P00569,P00569-2026
2025-26,2026,keshon gilbert,0.26666666666666666,0.6,0.41700000000000004,0.0,1.0,0.43333333333333335,0.5669831223628692,0,0,P00570,P00570-2026
2025-26,2026,kevin durant,0.3295454545454545,0.3409090909090909,0.52,0.413,0.8740000000000001,0.5909090909090908,0.6422924901185769,7,0,P00572,P00572-2026
2025-26,2026,kevin huerter,0.5465116279069768,0.11627906976744186,0.451,0.308,0.775,0.5348837209302325,0.5530973451327433,1,0,P00573,P00573-2026
2025-26,2026,kevin love,0.7037037037037036,0.2222222222222222,0.397,0.373,0.841,0.5185185185185185,0.565114709851552,2,0,P00575,P00575-2026
2025-26,2026,kevin mccullar jr,0.5,0.09090909090909091,0.426,0.33299999999999996,0.4,0.5454545454545454,0.5244755244755245,0,0,P00576,P00576-2026
2025-26,2026,kevin porter jr,0.2814814814814815,0.3037037037037037,0.465,0.322,0.878,0.5111111111111111,0.5684788290642968,10,2,P00578,P00578-2026
2025-26,2026,kevon looney,0.20689655172413793,0.1724137931034483,0.41700000000000004,0.154,0.7,0.4310344827586207,0.44871794871794873,0,0,P00580,P00580-2026
2025-26,2026,keyonte george,0.4110429447852761,0.42944785276073616,0.456,0.371,0.892,0.5306748466257669,0.608875128998968,4,0,P00582,P00582-2026
2025-26,2026,khaman maluach,0.21739130434782608,0.3043478260869565,0.5329999999999999,0.23800000000000002,0.71,0.5434782608695652,0.5751533742331288,1,0,P00583,P00583-2026
2025-26,2026,khris middleton,0.3488372093023256,0.25581395348837216,0.42,0.36,0.875,0.48255813953488386,0.5330267558528428,2,0,P00585,P00585-2026
2025-26,2026,killian hayes,0.45,0.19999999999999998,0.304,0.27,0.929,0.3583333333333333,0.4212622549019608,0,0,P00586,P00586-2026
2025-26,2026,klay thompson,0.7169811320754716,0.0660377358490566,0.39299999999999996,0.38299999999999995,0.7659999999999999,0.5235849056603774,0.5363036303630363,0,0,P00589,P00589-2026
2025-26,2026,kobe brown,0.5227272727272726,0.22727272727272724,0.469,0.374,0.797,0.5795454545454544,0.5991735537190083,0,0,P00590,P00590-2026
2025-26,2026,kobe bufkin,0.5161290322580645,0.25806451612903225,0.3,0.192,0.917,0.33870967741935487,0.4200463499420626,0,0,P00591,P00591-2026
2025-26,2026,kobe sanders,0.5178571428571429,0.1785714285714286,0.466,0.408,0.826,0.5714285714285715,0.6043046357615894,0,0,P00592,P00592-2026
2025-26,2026,koby brea,0.8333333333333334,0.06666666666666668,0.41700000000000004,0.433,1.0,0.6166666666666667,0.6152849740932642,0,0,P00594,P00594-2026
2025-26,2026,kon knueppel,0.5895522388059701,0.20895522388059698,0.475,0.425,0.863,0.6044776119402984,0.6321760524876981,7,0,P00595,P00595-2026
2025-26,2026,kris dunn,0.4482758620689656,0.1724137931034483,0.47600000000000003,0.374,0.765,0.5689655172413794,0.5849358974358975,0,0,P00596,P00596-2026
2025-26,2026,kris murray,0.43750000000000006,0.20833333333333337,0.467,0.27899999999999997,0.684,0.5416666666666667,0.5534351145038169,0,0,P00597,P00597-2026
2025-26,2026,kristaps porzingis,0.4132231404958678,0.40495867768595045,0.446,0.33799999999999997,0.8420000000000001,0.5165289256198348,0.5857182940516273,1,0,P00598,P00598-2026
2025-26,2026,kyle anderson,0.06382978723404256,0.3404255319148936,0.53,0.364,0.706,0.5425531914893618,0.5736491487786826,0,0,P00599,P00599-2026
2025-26,2026,kyle filipowski,0.35294117647058826,0.32941176470588235,0.49200000000000005,0.325,0.75,0.5529411764705883,0.5856966707768188,13,0,P00600,P00600-2026
2025-26,2026,kyle kuzma,0.35,0.27,0.49200000000000005,0.34700000000000003,0.726,0.55,0.5809796210225241,4,0,P00602,P00602-2026
2025-26,2026,kyle lowry,1.0,0.22222222222222224,0.16,0.16,0.833,0.25000000000000006,0.30364372469635625,0,0,P00603,P00603-2026
2025-26,2026,kyshawn george,0.45000000000000007,0.22500000000000003,0.43799999999999994,0.381,0.802,0.5291666666666666,0.5611161662117077,3,0,P00606,P00606-2026
2025-26,2026,lj cryer,0.8,0.16923076923076924,0.402,0.39399999999999996,0.895,0.5615384615384615,0.5870561282932416,0,0,P00607,P00607-2026
2025-26,2026,lamelo ball,0.5953757225433526,0.1445086705202312,0.40700000000000003,0.368,0.899,0.514450867052023,0.546195652173913,10,1,P00609,P00609-2026
2025-26,2026,lachlan olbrich,0.23809523809523808,0.5238095238095238,0.46799999999999997,0.105,0.375,0.5,0.46439628482972134,1,1,P00610,P00610-2026
2025-26,2026,landry shamet,0.7323943661971831,0.21126760563380284,0.43700000000000006,0.392,0.711,0.5774647887323944,0.5992268041237113,0,0,P00613,P00613-2026
2025-26,2026,larry nance jr,0.5142857142857142,0.11428571428571428,0.419,0.33299999999999996,0.462,0.5142857142857142,0.5032644178454843,0,0,P00615,P00615-2026
2025-26,2026,lauri markkanen,0.40104166666666674,0.33333333333333337,0.47700000000000004,0.355,0.8959999999999999,0.5442708333333334,0.606377180232558,5,0,P00616,P00616-2026
2025-26,2026,lawson lovering,0.0,0.5,0.6,0.0,0.4,0.6,0.5737704918032788,1,0,P00617,P00617-2026
2025-26,2026,lebron james,0.2679738562091503,0.3464052287581699,0.515,0.317,0.737,0.5588235294117647,0.5926724137931034,17,3,P00618,P00618-2026
2025-26,2026,leaky black,0.5362318840579711,0.07246376811594203,0.38799999999999996,0.345,0.875,0.4855072463768116,0.49859550561797755,0,0,P00619,P00619-2026
2025-26,2026,leonard miller,0.3859649122807018,0.21052631578947367,0.5529999999999999,0.32299999999999995,0.736,0.6228070175438597,0.626204238921002,3,0,P00621,P00621-2026
2025-26,2026,liam mcneeley,0.6129032258064515,0.41935483870967744,0.4,0.4,0.821,0.5161290322580644,0.5855119825708059,0,0,P00623,P00623-2026
2025-26,2026,lindy waters iii,0.9090909090909091,0.045454545454545456,0.375,0.342,0.667,0.5227272727272727,0.53475935828877,0,0,P00626,P00626-2026
2025-26,2026,lonzo ball,0.84,0.12,0.301,0.272,0.667,0.41,0.4369300911854103,0,0,P00628,P00628-2026
2025-26,2026,lucas williamson,0.7102803738317758,0.10280373831775703,0.33299999999999996,0.28300000000000003,1.0,0.43457943925233644,0.46494992846924177,1,0,P00631,P00631-2026
2025-26,2026,luguentz dort,0.7105263157894738,0.10526315789473685,0.385,0.344,0.759,0.506578947368421,0.5218812877263582,0,0,P00632,P00632-2026
2025-26,2026,luka doncic,0.4736842105263158,0.44298245614035087,0.47600000000000003,0.366,0.78,0.5614035087719298,0.6148142710321539,34,8,P00633,P00633-2026
2025-26,2026,luka garza,0.34615384615384615,0.3269230769230769,0.5770000000000001,0.433,0.769,0.6538461538461539,0.6809011432414256,2,0,P00634,P00634-2026
2025-26,2026,luke kennard,0.543859649122807,0.15789473684210525,0.5329999999999999,0.478,0.9129999999999999,0.6578947368421052,0.6889763779527559,1,1,P00636,P00636-2026
2025-26,2026,luke kornet,0.0,0.425,0.643,0.0,0.825,0.65,0.6844987363100253,3,0,P00637,P00637-2026
2025-26,2026,luke travers,0.43333333333333335,0.2666666666666667,0.25,0.063,1.0,0.2833333333333334,0.3430787589498806,0,0,P00638,P00638-2026
2025-26,2026,mac mcclung,0.5,0.2962962962962963,0.39,0.233,0.778,0.4444444444444444,0.49967234600262117,0,0,P00639,P00639-2026
2025-26,2026,malachi smith,0.4696969696969697,0.07575757575757576,0.485,0.435,1.0,0.5833333333333334,0.6085043988269796,1,0,P00641,P00641-2026
2025-26,2026,malaki branham,0.393939393939394,0.3636363636363637,0.473,0.37799999999999995,0.8240000000000001,0.5303030303030304,0.6008359456635318,0,0,P00642,P00642-2026
2025-26,2026,malevy leons,0.20689655172413793,0.27586206896551724,0.444,0.25,0.789,0.4827586206896552,0.507380073800738,0,0,P00645,P00645-2026
2025-26,2026,malik monk,0.5,0.16666666666666666,0.43799999999999994,0.395,0.878,0.5392156862745098,0.5708805261234929,0,0,P00648,P00648-2026
2025-26,2026,marjon beauchamp,0.6296296296296295,0.2592592592592592,0.434,0.34,0.684,0.5462962962962963,0.5651595744680851,0,0,P00653,P00653-2026
2025-26,2026,marcus sasser,0.5957446808510638,0.10638297872340426,0.39,0.415,0.833,0.5106382978723405,0.5284552845528455,0,0,P00657,P00657-2026
2025-26,2026,marcus smart,0.6103896103896104,0.27272727272727276,0.395,0.331,0.8220000000000001,0.49350649350649345,0.5391929499072355,0,0,P00658,P00658-2026
2025-26,2026,mark sears,0.5789473684210528,0.5789473684210528,0.462,0.5,0.75,0.6315789473684211,0.6501677852348994,0,0,P00659,P00659-2026
2025-26,2026,mark williams,0.0,0.3972602739726027,0.644,1.0,0.7709999999999999,0.6438356164383562,0.6821361940298508,14,0,P00660,P00660-2026
2025-26,2026,markelle fultz,0.0,0.0,0.182,0.0,0.0,0.18181818181818182,0.18181818181818182,0,0,P00661,P00661-2026
2025-26,2026,marvin bagley iii,0.13043478260869565,0.34782608695652173,0.618,0.462,0.66,0.6376811594202898,0.6598793363499246,6,0,P00668,P00668-2026
2025-26,2026,mason plumlee,0.0,1.0,0.7859999999999999,0.0,0.643,0.8571428571428571,0.7936507936507936,0,0,P00670,P00670-2026
2025-26,2026,matas buzelis,0.512,0.24800000000000003,0.46299999999999997,0.349,0.7859999999999999,0.5519999999999999,0.5878534333525679,4,0,P00671,P00671-2026
2025-26,2026,matisse thybulle,0.6888888888888889,0.17777777777777778,0.433,0.39799999999999996,0.84,0.5555555555555556,0.5976916735366858,0,0,P00672,P00672-2026
2025-26,2026,max christie,0.6170212765957446,0.19148936170212763,0.441,0.40399999999999997,0.899,0.5691489361702128,0.6034144427001569,0,0,P00678,P00678-2026
2025-26,2026,max shulga,0.5714285714285715,0.28571428571428575,0.25,0.25,1.0,0.35714285714285715,0.3807106598984772,0,0,P00679,P00679-2026
2025-26,2026,max strus,0.7727272727272726,0.09090909090909091,0.44299999999999995,0.402,0.778,0.6022727272727272,0.6118881118881118,0,0,P00680,P00680-2026
2025-26,2026,maxi kleber,0.35294117647058826,0.35294117647058826,0.452,0.231,0.5379999999999999,0.5,0.5091649694501018,0,0,P00681,P00681-2026
2025-26,2026,maxime raynaud,0.10989010989010989,0.25274725274725274,0.5710000000000001,0.324,0.7859999999999999,0.5879120879120879,0.6180775316455697,18,0,P00682,P00682-2026
2025-26,2026,micah peavy,0.39999999999999997,0.1111111111111111,0.385,0.259,0.759,0.43333333333333335,0.4555084745762712,0,0,P00688,P00688-2026
2025-26,2026,micah potter,0.5806451612903226,0.3387096774193548,0.515,0.423,0.8420000000000001,0.6370967741935484,0.680797304884896,7,0,P00689,P00689-2026
2025-26,2026,michael porter jr,0.5054347826086957,0.23913043478260873,0.46299999999999997,0.363,0.8590000000000001,0.5543478260869565,0.5950039339103068,12,0,P00691,P00691-2026
2025-26,2026,mikal bridges,0.4358974358974359,0.10256410256410256,0.49,0.371,0.8270000000000001,0.576923076923077,0.5888125613346418,1,0,P00692,P00692-2026
2025-26,2026,mike conley,0.775,0.225,0.335,0.337,0.9,0.45,0.5118289353958143,0,0,P00693,P00693-2026
2025-26,2026,miles bridges,0.4296296296296296,0.24444444444444444,0.46,0.33299999999999996,0.8220000000000001,0.5296296296296297,0.5718298555377207,8,0,P00695,P00695-2026
2025-26,2026,miles kelly,0.7741935483870969,0.03225806451612904,0.364,0.303,1.0,0.467741935483871,0.49300254452926207,0,0,P00696,P00696-2026
2025-26,2026,miles mcbride,0.6666666666666665,0.1111111111111111,0.423,0.413,0.787,0.5606060606060606,0.5778120184899845,0,0,P00697,P00697-2026
2025-26,2026,mitchell robinson,0.0,0.5,0.723,0.0,0.408,0.7352941176470589,0.6870781099324976,6,0,P00699,P00699-2026
2025-26,2026,mo bamba,0.0,0.0,0.455,0.0,0.0,0.46428571428571436,0.44642857142857145,0,0,P00701,P00701-2026
2025-26,2026,mohamed diawara,0.6129032258064516,0.0967741935483871,0.423,0.369,0.75,0.532258064516129,0.5569306930693069,0,0,P00702,P00702-2026
2025-26,2026,monte morris,0.39393939393939403,0.21212121212121213,0.35,0.25,0.5,0.4090909090909091,0.41574279379157436,0,0,P00703,P00703-2026
2025-26,2026,moritz wagner,0.3518518518518518,0.37037037037037035,0.426,0.314,0.8190000000000001,0.48148148148148145,0.5493630573248407,0,0,P00705,P00705-2026
2025-26,2026,moses moody,0.6774193548387096,0.20430107526881722,0.44,0.401,0.77,0.5752688172043011,0.5968823993685872,0,0,P00707,P00707-2026
2025-26,2026,mouhamadou gueye,0.45454545454545453,0.36363636363636365,0.545,0.2,0.75,0.5909090909090909,0.6269592476489029,0,0,P00709,P00709-2026
2025-26,2026,mouhamed gueye,0.44736842105263164,0.2105263157894737,0.452,0.308,0.645,0.5131578947368421,0.5298651252408478,3,0,P00710,P00710-2026
2025-26,2026,moussa cisse,0.0,0.7,0.574,0.0,0.469,0.5666666666666667,0.573394495412844,2,0,P00711,P00711-2026
2025-26,2026,moussa diabate,0.0,0.48,0.631,0.5,0.659,0.62,0.6522457067371203,20,0,P00712,P00712-2026
2025-26,2026,myles turner,0.5934065934065934,0.2747252747252747,0.44,0.38299999999999995,0.74,0.554945054945055,0.5833333333333333,4,0,P00715,P00715-2026
2025-26,2026,myron gardner,0.5185185185185184,0.2222222222222222,0.48,0.406,0.731,0.5925925925925926,0.6072874493927124,1,0,P00716,P00716-2026
2025-26,2026,n faly dante,0.0,0.3,0.25,0.0,1.0,0.3,0.3533568904593639,0,0,P00717,P00717-2026
2025-26,2026,nae qwan tomlin,0.36734693877551017,0.2040816326530612,0.478,0.235,0.77,0.5102040816326531,0.543071161048689,0,0,P00718,P00718-2026
2025-26,2026,naji marshall,0.26126126126126126,0.36936936936936937,0.51,0.29100000000000004,0.76,0.5495495495495496,0.5889646621202728,2,0,P00719,P00719-2026
2025-26,2026,nate williams,0.33333333333333337,0.17460317460317462,0.489,0.433,0.867,0.5634920634920634,0.589622641509434,0,0,P00723,P00723-2026
2025-26,2026,naz reid,0.5132743362831858,0.1415929203539823,0.456,0.36200000000000004,0.732,0.5530973451327434,0.5664778407197602,6,0,P00725,P00725-2026
2025-26,2026,neemias queta,0.015151515151515154,0.34848484848484845,0.653,0.125,0.703,0.6515151515151516,0.6699947451392538,17,0,P00726,P00726-2026
2025-26,2026,nic claxton,0.03571428571428571,0.39285714285714285,0.5710000000000001,0.158,0.616,0.5714285714285714,0.5937880633373934,11,2,P00729,P00729-2026
2025-26,2026,nick richards,0.09523809523809525,0.5,0.512,0.278,0.644,0.511904761904762,0.5659640905542543,4,0,P00730,P00730-2026
2025-26,2026,nick smith jr,0.5370370370370371,0.09259259259259259,0.435,0.395,0.733,0.5277777777777778,0.5516014234875445,0,0,P00731,P00731-2026
2025-26,2026,nickeil alexander walker,0.5294117647058822,0.2549019607843137,0.45899999999999996,0.39899999999999997,0.902,0.5620915032679737,0.611189468735308,2,0,P00732,P00732-2026
2025-26,2026,nicolas batum,0.96875,0.03125,0.40299999999999997,0.40399999999999997,0.818,0.59375,0.6165228113440197,0,0,P00733,P00733-2026
2025-26,2026,nigel hayes davis,0.35294117647058826,0.05882352941176471,0.326,0.125,0.5,0.3823529411764706,0.37270642201834864,0,0,P00734,P00734-2026
2025-26,2026,nikola jokic,0.25862068965517243,0.42528735632183906,0.569,0.38,0.831,0.617816091954023,0.6705073586367156,55,34,P00736,P00736-2026
2025-26,2026,nikola jovic,0.5373134328358209,0.3134328358208955,0.366,0.26899999999999996,0.6829999999999999,0.43283582089552236,0.47875131164742907,0,0,P00737,P00737-2026
2025-26,2026,nikola topic,0.29411764705882354,0.09803921568627451,0.431,0.4,0.4,0.49019607843137253,0.48872180451127817,2,0,P00738,P00738-2026
2025-26,2026,nikola vucevic,0.336,0.12,0.493,0.369,0.828,0.56,0.5737082066869301,23,0,P00739,P00739-2026
2025-26,2026,nique clifford,0.3924050632911392,0.16455696202531644,0.418,0.33299999999999996,0.722,0.4810126582278481,0.5075542965061379,0,0,P00740,P00740-2026
2025-26,2026,noah clowney,0.6145833333333334,0.3541666666666667,0.396,0.32899999999999996,0.804,0.4999999999999999,0.554253785147801,1,0,P00741,P00741-2026
2025-26,2026,noah penda,0.4705882352941177,0.23529411764705885,0.40399999999999997,0.32299999999999995,0.688,0.4852941176470588,0.5063965884861407,2,0,P00742,P00742-2026
2025-26,2026,nolan traore,0.39534883720930236,0.19767441860465118,0.38,0.318,0.787,0.4476744186046512,0.4760376551133933,1,0,P00744,P00744-2026
2025-26,2026,norchad omier,0.11764705882352944,0.29411764705882354,0.7,0.0,1.0,0.7058823529411764,0.7291666666666665,0,0,P00745,P00745-2026
2025-26,2026,norman powell,0.46103896103896097,0.35714285714285715,0.47,0.38,0.8270000000000001,0.5616883116883117,0.6088664421997755,1,0,P00746,P00746-2026
2025-26,2026,og anunoby,0.5083333333333333,0.27499999999999997,0.484,0.386,0.828,0.5791666666666666,0.6207255426702348,5,0,P00748,P00748-2026
2025-26,2026,obi toppin,0.5301204819277109,0.22891566265060237,0.503,0.35200000000000004,0.9129999999999999,0.5963855421686747,0.6348511383537653,0,0,P00749,P00749-2026
2025-26,2026,ochai agbaji,0.46666666666666673,0.15555555555555556,0.436,0.266,0.8370000000000001,0.5,0.5303660565723793,0,0,P00750,P00750-2026
2025-26,2026,olivier sarr,0.4444444444444445,0.7222222222222222,0.7140000000000001,0.667,0.4,0.8611111111111112,0.7377740303541316,0,0,P00751,P00751-2026
2025-26,2026,olivier maxence prosper,0.42424242424242425,0.3333333333333334,0.5489999999999999,0.405,0.754,0.6287878787878789,0.6606765327695562,1,0,P00752,P00752-2026
2025-26,2026,omer yurtseven,0.13793103448275865,0.6896551724137931,0.423,0.0,0.667,0.41379310344827586,0.5026455026455027,0,0,P00753,P00753-2026
2025-26,2026,onyeka okongwu,0.4482758620689655,0.2327586206896552,0.48,0.376,0.757,0.5646551724137931,0.59430716296528,16,0,P00755,P00755-2026
2025-26,2026,orlando robinson,0.3846153846153846,0.0,0.6,0.5,0.0,0.7307692307692308,0.6923076923076923,0,0,P00756,P00756-2026
2025-26,2026,oscar tshiebwe,0.0,0.3333333333333333,0.634,0.0,0.551,0.6296296296296295,0.62984496124031,3,0,P00757,P00757-2026
2025-26,2026,oso ighodaro,0.0,0.3111111111111111,0.653,0.0,0.45299999999999996,0.6444444444444444,0.6352619233776388,4,0,P00759,P00759-2026
2025-26,2026,ousmane dieng,0.4571428571428572,0.1142857142857143,0.42200000000000004,0.341,0.711,0.4928571428571428,0.5168661588683351,5,0,P00761,P00761-2026
2025-26,2026,p j washington,0.3559322033898305,0.27966101694915246,0.45,0.325,0.687,0.5084745762711864,0.5357681859341985,8,0,P00763,P00763-2026
2025-26,2026,pj hall,0.09677419354838711,0.4838709677419355,0.508,0.6,0.7929999999999999,0.5483870967741936,0.598404255319149,1,0,P00765,P00765-2026
2025-26,2026,pacome dadiet,0.6470588235294118,0.23529411764705888,0.33299999999999996,0.21899999999999997,0.818,0.4117647058823529,0.453091684434968,0,0,P00766,P00766-2026
2025-26,2026,paolo banchero,0.23749999999999996,0.5125,0.45899999999999996,0.305,0.775,0.4937500000000001,0.56609547123623,26,3,P00767,P00767-2026
2025-26,2026,pascal siakam,0.25268817204301075,0.3279569892473118,0.484,0.358,0.693,0.5295698924731183,0.563803796278895,10,0,P00769,P00769-2026
2025-26,2026,pat connaughton,0.6,0.25,0.447,0.40399999999999997,0.65,0.5750000000000001,0.5855855855855856,0,0,P00770,P00770-2026
2025-26,2026,pat spencer,0.37878787878787884,0.13636363636363638,0.42700000000000005,0.35700000000000004,0.772,0.4924242424242424,0.5145797598627787,1,0,P00771,P00771-2026
2025-26,2026,patrick baldwin jr,0.5333333333333333,0.26666666666666666,0.40700000000000003,0.429,0.7140000000000001,0.5166666666666666,0.5519093078758951,0,0,P00772,P00772-2026
2025-26,2026,patrick williams,0.5757575757575757,0.15151515151515152,0.37200000000000005,0.34700000000000003,0.72,0.4772727272727273,0.49715909090909094,0,0,P00774,P00774-2026
2025-26,2026,paul george,0.4964028776978417,0.21582733812949637,0.439,0.392,0.82,0.5359712230215826,0.5683311432325886,2,0,P00776,P00776-2026
2025-26,2026,paul reed,0.11538461538461539,0.3269230769230769,0.617,0.325,0.664,0.6346153846153846,0.6556825823806322,3,0,P00778,P00778-2026
2025-26,2026,payton pritchard,0.5144927536231884,0.12318840579710143,0.46399999999999997,0.377,0.89,0.5615942028985507,0.584272752268353,5,0,P00780,P00780-2026
2025-26,2026,payton sandfort,0.6615384615384615,0.15384615384615385,0.5,0.41200000000000003,0.5,0.6461538461538462,0.6340057636887608,0,0,P00781,P00781-2026
2025-26,2026,pelle larsson,0.3375,0.4125,0.496,0.32299999999999995,0.797,0.55625,0.6030469741853576,1,0,P00782,P00782-2026
2025-26,2026,pete nance,0.6097560975609756,0.04878048780487805,0.515,0.42,0.364,0.6463414634146343,0.6446991404011462,1,0,P00783,P00783-2026
2025-26,2026,peyton watson,0.3333333333333333,0.32407407407407407,0.491,0.41100000000000003,0.73,0.5601851851851851,0.5915721231766612,2,0,P00785,P00785-2026
2025-26,2026,precious achiuwa,0.1585365853658537,0.23170731707317074,0.528,0.278,0.5539999999999999,0.5487804878048781,0.5588756086764055,12,0,P00787,P00787-2026
2025-26,2026,quentin grimes,0.504950495049505,0.31683168316831684,0.45,0.33399999999999996,0.84,0.5297029702970297,0.5822036843934654,2,0,P00788,P00788-2026
2025-26,2026,quenton jackson,0.3582089552238806,0.3582089552238806,0.47,0.35600000000000004,0.8240000000000001,0.5298507462686568,0.5866425992779783,1,0,P00789,P00789-2026
2025-26,2026,quinten post,0.6212121212121212,0.0909090909090909,0.44,0.336,0.7909999999999999,0.5454545454545454,0.5608974358974359,0,0,P00792,P00792-2026
2025-26,2026,rj barrett,0.34965034965034963,0.34265734265734266,0.491,0.33899999999999997,0.7170000000000001,0.548951048951049,0.5864122508507535,0,0,P00794,P00794-2026
2025-26,2026,rasheer fleming,0.6153846153846154,0.15384615384615385,0.405,0.34600000000000003,0.5589999999999999,0.5128205128205128,0.516330451488953,0,0,P00798,P00798-2026
2025-26,2026,rayj dennis,0.5306122448979591,0.1020408163265306,0.313,0.311,0.889,0.38775510204081626,0.42968750000000006,0,0,P00800,P00800-2026
2025-26,2026,rayan rupert,0.42857142857142855,0.16326530612244897,0.39299999999999996,0.324,0.778,0.4591836734693877,0.495049504950495,3,1,P00801,P00801-2026
2025-26,2026,reed sheppard,0.6086956521739131,0.08695652173913043,0.43,0.39399999999999996,0.802,0.5565217391304348,0.5653266331658291,2,0,P00804,P00804-2026
2025-26,2026,riley minix,0.5,0.11538461538461536,0.609,0.33299999999999996,1.0,0.6923076923076922,0.7137628111273792,0,0,P00811,P00811-2026
2025-26,2026,rob dillingham,0.31746031746031744,0.12698412698412698,0.396,0.316,0.745,0.4444444444444444,0.473541791942273,0,0,P00812,P00812-2026
2025-26,2026,robert williams iii,0.09523809523809523,0.23809523809523808,0.708,0.391,0.596,0.7380952380952381,0.7219827586206897,5,0,P00815,P00815-2026
2025-26,2026,rocco zikarsky,0.0,0.5,0.625,0.0,1.0,0.625,0.7172131147540983,0,0,P00818,P00818-2026
2025-26,2026,ron harper jr,0.7368421052631579,0.026315789473684216,0.418,0.35,0.75,0.5526315789473686,0.5463059313215402,0,0,P00822,P00822-2026
2025-26,2026,ronald holland ii,0.35714285714285715,0.2714285714285714,0.43200000000000005,0.253,0.805,0.47142857142857136,0.523226135783563,2,0,P00823,P00823-2026
2025-26,2026,royce o neale,0.8375,0.0625,0.42100000000000004,0.408,0.711,0.59375,0.5961070559610706,2,0,P00824,P00824-2026
2025-26,2026,rudy gobert,0.015384615384615385,0.6153846153846154,0.682,0.0,0.526,0.676923076923077,0.6598062953995157,33,0,P00826,P00826-2026
2025-26,2026,rui hachimura,0.4431818181818181,0.125,0.514,0.44299999999999995,0.6940000000000001,0.6079545454545454,0.6193451098664368,1,0,P00827,P00827-2026
2025-26,2026,russell westbrook,0.450381679389313,0.22137404580152673,0.42700000000000005,0.33799999999999997,0.6940000000000001,0.5038167938931297,0.528658875904285,16,6,P00828,P00828-2026
2025-26,2026,ryan dunn,0.46153846153846156,0.1346153846153846,0.45299999999999996,0.331,0.489,0.5192307692307693,0.5265068990559186,2,0,P00830,P00830-2026
2025-26,2026,ryan kalkbrenner,0.023809523809523808,0.4047619047619047,0.753,0.0,0.716,0.7619047619047619,0.7679870654810023,3,0,P00831,P00831-2026
2025-26,2026,ryan nembhard,0.35384615384615387,0.07692307692307693,0.415,0.35600000000000004,0.8059999999999999,0.47692307692307695,0.4910714285714286,4,0,P00832,P00832-2026
2025-26,2026,ryan rollins,0.4388489208633093,0.15107913669064746,0.47200000000000003,0.406,0.7959999999999999,0.5647482014388489,0.5835132218024824,6,0,P00833,P00833-2026
2025-26,2026,saddiq bey,0.4253731343283582,0.3059701492537313,0.451,0.36700000000000005,0.841,0.5335820895522387,0.5820836621941593,7,0,P00835,P00835-2026
2025-26,2026,sam hauser,0.8441558441558441,0.03896103896103896,0.419,0.39299999999999996,0.85,0.577922077922078,0.5873340143003063,0,0,P00836,P00836-2026
2025-26,2026,sam merrill,0.7741935483870969,0.13978494623655915,0.461,0.42100000000000004,0.855,0.6236559139784946,0.6482982171799027,1,0,P00837,P00837-2026
2025-26,2026,sandro mamukelashvili,0.46835443037974683,0.25316455696202533,0.523,0.389,0.747,0.6075949367088608,0.6378132118451025,3,0,P00838,P00838-2026
2025-26,2026,santi aldama,0.42342342342342343,0.24324324324324326,0.479,0.35,0.667,0.5495495495495496,0.5696614583333334,5,0,P00839,P00839-2026
2025-26,2026,scoot henderson,0.47368421052631576,0.2894736842105263,0.418,0.35200000000000004,0.84,0.5043859649122807,0.552443199502023,0,0,P00841,P00841-2026
2025-26,2026,scottie barnes,0.2,0.2642857142857143,0.507,0.304,0.815,0.5392857142857143,0.5790888149475301,30,3,P00842,P00842-2026
2025-26,2026,scotty pippen jr,0.3333333333333333,0.23958333333333334,0.44799999999999995,0.313,0.7829999999999999,0.5,0.5371277798718431,0,0,P00845,P00845-2026
2025-26,2026,sean pedulla,0.6666666666666665,0.0,0.33299999999999996,0.3,0.0,0.42857142857142855,0.45238095238095233,0,0,P00846,P00846-2026
2025-26,2026,seth curry,0.5102040816326531,0.24489795918367346,0.49,0.48,0.917,0.6122448979591837,0.6540162122328667,0,0,P00850,P00850-2026
2025-26,2026,shaedon sharpe,0.35057471264367823,0.2241379310344828,0.452,0.337,0.787,0.5086206896551725,0.5440468717304876,0,0,P00852,P00852-2026
2025-26,2026,shai gilgeous alexander,0.22680412371134026,0.46391752577319595,0.5529999999999999,0.386,0.879,0.6005154639175259,0.6656678082191783,8,0,P00853,P00853-2026
2025-26,2026,sharife cooper,0.31666666666666665,0.25,0.514,0.382,0.833,0.5750000000000001,0.608108108108108,0,0,P00857,P00857-2026
2025-26,2026,sidy cissoko,0.5777777777777777,0.26666666666666666,0.39799999999999996,0.298,0.659,0.4888888888888889,0.5071599045346061,0,0,P00858,P00858-2026
2025-26,2026,simone fontecchio,0.7014925373134329,0.22388059701492538,0.41200000000000003,0.375,0.843,0.5522388059701493,0.577445652173913,0,0,P00859,P00859-2026
2025-26,2026,sion james,0.6444444444444444,0.26666666666666666,0.371,0.35200000000000004,0.8370000000000001,0.48888888888888893,0.5369928400954654,0,0,P00860,P00860-2026
2025-26,2026,skal labissiere,0.5151515151515151,0.0,0.6,0.2,0.0,0.6515151515151516,0.6515151515151515,0,0,P00861,P00861-2026
2025-26,2026,spencer jones,0.5609756097560976,0.19512195121951223,0.504,0.396,0.608,0.6219512195121952,0.6176999101527404,1,0,P00865,P00865-2026
2025-26,2026,stanley umude,0.5,0.0,0.5,0.0,0.0,0.5,0.5,0,0,P00867,P00867-2026
2025-26,2026,stephen curry,0.6075268817204301,0.27419354838709675,0.46799999999999997,0.39299999999999996,0.9229999999999999,0.586021505376344,0.6380733064670888,3,0,P00868,P00868-2026
2025-26,2026,stephon castle,0.3,0.4666666666666666,0.47100000000000003,0.332,0.7340000000000001,0.525,0.5772953539823008,18,5,P00869,P00869-2026
2025-26,2026,steven adams,0.0,0.5813953488372093,0.504,0.0,0.58,0.5116279069767442,0.537037037037037,3,0,P00871,P00871-2026
2025-26,2026,svi mykhailiuk,0.6666666666666666,0.08333333333333333,0.478,0.408,0.893,0.625,0.6296891747052519,0,0,P00872,P00872-2026
2025-26,2026,t j mcconnell,0.1125,0.0625,0.5379999999999999,0.32,0.862,0.55625,0.5717761557177615,1,0,P00873,P00873-2026
2025-26,2026,taelon peter,0.7857142857142857,0.09523809523809525,0.38,0.32799999999999996,0.625,0.511904761904762,0.5141681901279708,0,0,P00876,P00876-2026
2025-26,2026,taj gibson,0.23076923076923078,0.3076923076923077,0.462,0.5,0.875,0.5192307692307693,0.575880758807588,0,0,P00877,P00877-2026
2025-26,2026,tari eason,0.44329896907216493,0.1134020618556701,0.41600000000000004,0.358,0.7759999999999999,0.4948453608247423,0.5155145326001571,6,0,P00879,P00879-2026
2025-26,2026,taurean prince,0.7397260273972603,0.027397260273972605,0.45,0.436,1.0,0.6095890410958904,0.6226312939902544,2,0,P00880,P00880-2026
2025-26,2026,taylor hendricks,0.5166666666666667,0.19999999999999998,0.45899999999999996,0.342,0.6809999999999999,0.5583333333333332,0.5667892156862746,2,0,P00881,P00881-2026
2025-26,2026,terance mann,0.41379310344827586,0.2241379310344828,0.457,0.364,0.7879999999999999,0.5431034482758621,0.5649717514124294,0,0,P00883,P00883-2026
2025-26,2026,terrence shannon jr,0.45,0.39999999999999997,0.45,0.408,0.8,0.5375,0.5952380952380952,0,0,P00887,P00887-2026
2025-26,2026,thanasis antetokounmpo,0.11111111111111112,1.0,0.469,0.0,0.5670000000000001,0.4444444444444445,0.5401234567901234,0,0,P00891,P00891-2026
2025-26,2026,thomas bryant,0.4888888888888889,0.24444444444444444,0.506,0.359,0.8029999999999999,0.6,0.6219903691813804,1,0,P00894,P00894-2026
2025-26,2026,tidjane salaun,0.5116279069767442,0.2558139534883721,0.503,0.434,0.65,0.627906976744186,0.6270903010033445,1,0,P00895,P00895-2026
2025-26,2026,tim hardaway jr,0.711340206185567,0.25773195876288657,0.447,0.40700000000000003,0.8109999999999999,0.5979381443298969,0.625,0,0,P00897,P00897-2026
2025-26,2026,tobias harris,0.3333333333333333,0.23809523809523808,0.469,0.368,0.866,0.5285714285714286,0.5732758620689656,3,0,P00900,P00900-2026
2025-26,2026,toby okani,0.44444444444444453,0.11111111111111113,0.35700000000000004,0.29,0.125,0.4230769230769232,0.4074315514993482,0,0,P00901,P00901-2026
2025-26,2026,tolu smith,0.0,0.8333333333333334,0.5,0.0,0.667,0.5,0.5640243902439024,0,0,P00902,P00902-2026
2025-26,2026,tony bradley,0.03448275862068966,0.3448275862068966,0.547,0.5,0.7440000000000001,0.5517241379310346,0.5988023952095809,0,0,P00904,P00904-2026
2025-26,2026,toumani camara,0.6605504587155963,0.15596330275229356,0.44,0.37,0.708,0.5642201834862385,0.5752060439560439,3,0,P00908,P00908-2026
2025-26,2026,trae young,0.4491525423728814,0.5508474576271186,0.45799999999999996,0.33799999999999997,0.825,0.5338983050847458,0.6105047748976807,3,0,P00909,P00909-2026
2025-26,2026,trayce jackson davis,0.0,0.608695652173913,0.573,1.0,0.514,0.5652173913043479,0.5829903978052126,1,0,P00910,P00910-2026
2025-26,2026,tre johnson,0.5,0.1388888888888889,0.419,0.358,0.8740000000000001,0.5046296296296297,0.5322862129144852,0,0,P00911,P00911-2026
2025-26,2026,tre jones,0.21052631578947367,0.3684210526315789,0.5529999999999999,0.315,0.841,0.5789473684210527,0.6385869565217391,5,0,P00912,P00912-2026
2025-26,2026,tre mann,0.5087719298245613,0.08771929824561403,0.36,0.32299999999999995,0.852,0.4473684210526316,0.464527027027027,0,0,P00913,P00913-2026
2025-26,2026,trendon watford,0.17647058823529416,0.2941176470588236,0.515,0.2,0.779,0.5294117647058826,0.5642361111111112,1,1,P00915,P00915-2026
2025-26,2026,trentyn flowers,0.3333333333333333,0.0,0.667,0.0,0.0,0.6666666666666666,0.6666666666666666,0,0,P00917,P00917-2026
2025-26,2026,trevon scott,0.3855421686746988,0.12048192771084336,0.38,0.316,0.667,0.4457831325301205,0.45766590389016015,0,0,P00919,P00919-2026
2025-26,2026,trevor keels,0.7333333333333334,0.0,0.25,0.222,0.0,0.3666666666666667,0.3333333333333333,0,0,P00922,P00922-2026
2025-26,2026,trey alexander,0.3170731707317074,0.14634146341463414,0.514,0.5,0.6,0.5975609756097562,0.5957836846929424,0,0,P00923,P00923-2026
2025-26,2026,trey jemison iii,0.0,0.125,0.6,0.0,1.0,0.625,0.5924170616113743,0,0,P00925,P00925-2026
2025-26,2026,trey murphy iii,0.5408805031446541,0.23270440251572327,0.47,0.379,0.8859999999999999,0.5723270440251572,0.6133044272021907,4,0,P00927,P00927-2026
2025-26,2026,tristan enaruna,0.3548387096774193,0.29032258064516125,0.5,0.3,0.75,0.564516129032258,0.5863844393592677,0,0,P00928,P00928-2026
2025-26,2026,tristan vukcevic,0.4461538461538461,0.3538461538461538,0.48,0.34700000000000003,0.784,0.5538461538461539,0.5990415335463259,1,0,P00930,P00930-2026
2025-26,2026,tristan da silva,0.5185185185185186,0.14814814814814814,0.45,0.374,0.884,0.54320987654321,0.5737134909596664,0,0,P00931,P00931-2026
2025-26,2026,tristen newton,0.5555555555555556,0.3333333333333333,0.444,0.4,0.667,0.5555555555555556,0.5813953488372093,0,0,P00932,P00932-2026
2025-26,2026,ty jerome,0.46853146853146854,0.25874125874125875,0.474,0.42,0.875,0.5734265734265734,0.6184078352586639,0,0,P00934,P00934-2026
2025-26,2026,tyty washington jr,0.4166666666666667,0.0,0.474,0.375,0.0,0.5833333333333334,0.5416666666666667,0,0,P00935,P00935-2026
2025-26,2026,tyler burton,0.5913978494623655,0.24731182795698922,0.375,0.33299999999999996,0.852,0.4731182795698924,0.5236617532971296,0,0,P00936,P00936-2026
2025-26,2026,tyler herro,0.4294871794871795,0.21153846153846154,0.48,0.37799999999999995,0.917,0.5608974358974359,0.6011025099695052,0,0,P00939,P00939-2026
2025-26,2026,tyler kolek,0.45,0.075,0.435,0.386,0.7,0.5125,0.5324298160696999,2,0,P00941,P00941-2026
2025-26,2026,tyler smith,0.6904761904761904,0.11904761904761904,0.42,0.28600000000000003,0.667,0.5238095238095238,0.5316742081447964,0,0,P00942,P00942-2026
2025-26,2026,tyrese martin,0.6,0.09999999999999999,0.39299999999999996,0.321,0.679,0.5,0.5028735632183908,0,0,P00945,P00945-2026
2025-26,2026,tyrese maxey,0.40186915887850466,0.2803738317757009,0.462,0.36700000000000005,0.892,0.5350467289719626,0.5886023294509152,7,0,P00946,P00946-2026
2025-26,2026,tyrese proctor,0.5777777777777777,0.2,0.413,0.35100000000000003,0.889,0.5222222222222223,0.551470588235294,1,0,P00947,P00947-2026
2025-26,2026,tyson etienne,0.75,0.25,0.4,0.39799999999999996,0.833,0.5499999999999999,0.5930930930930931,0,0,P00949,P00949-2026
2025-26,2026,tyus jones,0.6060606060606061,0.030303030303030304,0.349,0.292,0.778,0.42424242424242425,0.4485645933014354,0,0,P00950,P00950-2026
2025-26,2026,vj edgecombe,0.40875912408759124,0.17518248175182483,0.43799999999999994,0.354,0.818,0.5109489051094891,0.5421523448088913,7,0,P00955,P00955-2026
2025-26,2026,victor wembanyama,0.3254437869822486,0.4142011834319527,0.512,0.349,0.8270000000000001,0.5650887573964497,0.6256256256256257,42,1,P00959,P00959-2026
2025-26,2026,vince williams jr,0.6027397260273972,0.1780821917808219,0.353,0.311,0.78,0.4520547945205479,0.4763719512195122,1,0,P00960,P00960-2026
2025-26,2026,vit krejci,0.7575757575757576,0.12121212121212122,0.44799999999999995,0.39,0.745,0.6060606060606061,0.6113348676639816,0,0,P00961,P00961-2026
2025-26,2026,vladislav goldin,0.0,0.25,0.75,0.0,1.0,0.7499999999999999,0.9009009009009009,0,0,P00962,P00962-2026
2025-26,2026,walker kessler,0.21621621621621623,0.5405405405405406,0.703,0.75,0.7,0.7837837837837838,0.7860262008733625,2,0,P00964,P00964-2026
2025-26,2026,walter clayton jr,0.5223880597014925,0.26865671641791045,0.384,0.307,0.9009999999999999,0.4701492537313433,0.5205552589428724,1,0,P00965,P00965-2026
2025-26,2026,wendell carter jr,0.3536585365853659,0.39024390243902446,0.512,0.319,0.792,0.5670731707317075,0.6140716069941716,12,0,P00968,P00968-2026
2025-26,2026,wendell moore jr,0.1666666666666667,0.25,0.5710000000000001,0.0,1.0,0.5833333333333333,0.6381381381381381,0,0,P00969,P00969-2026
2025-26,2026,will richard,0.62,0.16,0.46799999999999997,0.335,0.852,0.5599999999999999,0.5979073243647235,0,0,P00974,P00974-2026
2025-26,2026,will riley,0.39285714285714285,0.2857142857142857,0.439,0.316,0.8,0.5059523809523809,0.5446277495769881,2,0,P00975,P00975-2026
2025-26,2026,xavier tillman,0.4,0.06666666666666667,0.435,0.16699999999999998,0.25,0.5,0.48575129533678757,0,0,P00981,P00981-2026
2025-26,2026,yang hansen,0.4347826086956522,0.34782608695652173,0.31,0.11900000000000001,0.8240000000000001,0.32608695652173914,0.4147812971342384,0,0,P00982,P00982-2026
2025-26,2026,yanic konan niederhauser,0.04166666666666668,0.625,0.64,0.2,0.758,0.6666666666666669,0.7026143790849673,0,0,P00983,P00983-2026
2025-26,2026,yuki kawamura,0.7241379310344829,0.37931034482758624,0.327,0.297,0.895,0.41379310344827586,0.5023640661938534,0,0,P00985,P00985-2026
2025-26,2026,yves missi,0.0,0.3333333333333333,0.544,0.0,0.5589999999999999,0.5333333333333333,0.5523255813953488,5,0,P00988,P00988-2026
2025-26,2026,zaccharie risacher,0.48750000000000004,0.1625,0.455,0.368,0.644,0.5375000000000001,0.5599626691553896,0,0,P00990,P00990-2026
2025-26,2026,zach collins,0.328125,0.3125,0.578,0.429,0.7,0.6484375,0.6662087912087913,1,0,P00991,P00991-2026
2025-26,2026,zach edey,0.056179775280898875,0.32584269662921345,0.633,0.2,0.7809999999999999,0.6348314606741572,0.6682389937106917,5,0,P00992,P00992-2026
2025-26,2026,zach lavine,0.4642857142857143,0.2571428571428572,0.479,0.39,0.88,0.5678571428571428,0.6160164271047228,0,0,P00993,P00993-2026
2025-26,2026,zeke nnaji,0.3448275862068966,0.2758620689655173,0.47,0.259,0.773,0.5344827586206897,0.5688806888068881,2,0,P00995,P00995-2026
2025-26,2026,ziaire williams,0.5844155844155844,0.3246753246753247,0.425,0.34299999999999997,0.85,0.525974025974026,0.5795454545454545,0,0,P00996,P00996-2026
2025-26,2026,zion williamson,0.007692307692307693,0.5769230769230769,0.6,0.25,0.716,0.6,0.6441717791411042,6,0,P00997,P00997-2026
2025-26,2026,zyon pullin,0.23076923076923078,0.3076923076923077,0.6920000000000001,0.33299999999999996,1.0,0.7307692307692307,0.7791327913279132,0,0,P00998,P00998-2026
